{"type":"FeatureCollection","features":[{"type":"Feature","geometry":{"type":"MultiPolygon","coordinates":[[[[151.6403,-33.0582],[151.6391,-33.058],[151.6411,-33.062],[151.643,-33.0616],[151.6402,-33.0598],[151.6403,-33.0582]]],[[[159.1069,-31.54],[159.1071,-31.5419],[159.1092,-31.5391],[159.1069,-31.54]]],[[[159.0727,-31.5017],[159.0723,-31.5027],[159.0739,-31.5018],[159.0727,-31.5017]]],[[[159.0634,-31.5158],[159.0369,-31.5169],[159.0771,-31.5431],[159.0736,-31.5978],[159.1054,-31.5639],[159.0634,-31.5158]]],[[[159.0685,-31.5011],[159.0717,-31.5017],[159.0689,-31.4985],[159.0696,-31.4971],[159.0658,-31.4974],[159.0685,-31.5011]]],[[[151.599,-33.0995],[151.597,-33.0963],[151.593,-33.0954],[151.5904,-33.0909],[151.5911,-33.088],[151.585,-33.0916],[151.5924,-33.0997],[151.5948,-33.1006],[151.599,-33.0995]]],[[[151.2045,-33.5328],[151.2141,-33.5332],[151.2168,-33.5299],[151.2122,-33.5278],[151.2045,-33.5328]]],[[[151.1786,-33.5155],[151.1797,-33.5182],[151.1831,-33.5192],[151.1805,-33.5104],[151.1773,-33.5073],[151.1761,-33.5097],[151.1779,-33.5106],[151.1786,-33.5155]]],[[[151.152,-33.5277],[151.1536,-33.5282],[151.1533,-33.5252],[151.152,-33.5277]]],[[[151.6745,-33.0869],[151.6722,-33.0866],[151.6706,-33.0892],[151.6745,-33.0869]]],[[[152.1982,-32.7464],[152.1997,-32.7482],[152.2034,-32.7485],[152.201,-32.7445],[152.2032,-32.7441],[152.2031,-32.7423],[152.1969,-32.7404],[152.1958,-32.7417],[152.1924,-32.7398],[152.1914,-32.7419],[152.1885,-32.7421],[152.19,-32.744],[152.1849,-32.7497],[152.1905,-32.7512],[152.1921,-32.7492],[152.1937,-32.7499],[152.193,-32.7485],[152.1946,-32.7469],[152.1963,-32.7477],[152.1982,-32.7464]]],[[[152.228,-32.7057],[152.2262,-32.709],[152.2273,-32.7096],[152.2279,-32.708],[152.2301,-32.7104],[152.2314,-32.7098],[152.2301,-32.7061],[152.228,-32.7057]]],[[[151.9978,-32.7006],[151.9996,-32.7036],[152.0034,-32.7057],[152.0016,-32.7016],[151.9978,-32.7006]]],[[[152.0552,-32.7029],[152.0562,-32.7037],[152.0594,-32.7018],[152.0571,-32.6998],[152.0552,-32.7029]]],[[[152.1423,-32.7678],[152.1451,-32.7679],[152.143,-32.7668],[152.1423,-32.7678]]],[[[152.2419,-32.7011],[152.243,-32.7016],[152.2431,-32.7],[152.2419,-32.7011]]],[[[152.3236,-32.6156],[152.3053,-32.6072],[152.312,-32.6268],[152.3236,-32.6156]]],[[[151.98,-32.6734],[151.9815,-32.6697],[151.9793,-32.6672],[151.974,-32.6654],[151.98,-32.6776],[151.98,-32.6734]]],[[[151.9654,-32.6735],[151.9749,-32.6802],[151.9711,-32.6733],[151.9703,-32.6675],[151.9661,-32.67],[151.9654,-32.6735]]],[[[152.2226,-32.6893],[152.2246,-32.6927],[152.2287,-32.6873],[152.2235,-32.6838],[152.2226,-32.6893]]],[[[152.3309,-32.619],[152.3336,-32.6243],[152.3362,-32.6247],[152.3361,-32.6198],[152.3333,-32.6199],[152.3331,-32.6167],[152.3309,-32.619]]],[[[152.0655,-32.6948],[152.0688,-32.6936],[152.0665,-32.6932],[152.0655,-32.6948]]],[[[152.3164,-32.6301],[152.3179,-32.6305],[152.3174,-32.6277],[152.316,-32.6283],[152.3164,-32.6301]]],[[[153.3905,-29.9262],[153.3923,-29.9281],[153.3923,-29.924],[153.3889,-29.923],[153.3882,-29.9247],[153.3905,-29.9262]]],[[[153.2672,-30.2031],[153.2677,-30.2022],[153.266,-30.2026],[153.2653,-30.2046],[153.2674,-30.2077],[153.2694,-30.206],[153.2675,-30.2054],[153.2672,-30.2031]]],[[[153.3926,-29.9317],[153.3947,-29.9329],[153.3928,-29.9274],[153.3926,-29.9317]]],[[[153.2253,-30.1604],[153.2267,-30.1624],[153.2291,-30.1609],[153.2276,-30.1592],[153.2253,-30.1604]]],[[[153.5792,-28.1957],[153.5784,-28.1945],[153.5763,-28.1956],[153.5793,-28.1967],[153.5792,-28.1957]]],[[[153.1824,-30.2408],[153.1809,-30.2393],[153.1792,-30.2403],[153.1824,-30.2408]]],[[[153.2785,-29.9187],[153.2765,-29.9186],[153.2759,-29.9204],[153.2773,-29.9206],[153.2785,-29.9187]]],[[[153.271,-30.0163],[153.2706,-30.0195],[153.2715,-30.0154],[153.271,-30.0163]]],[[[153.0895,-30.911],[153.0915,-30.9114],[153.0906,-30.9102],[153.0895,-30.911]]],[[[153.1433,-30.2955],[153.1442,-30.2962],[153.1444,-30.2951],[153.1433,-30.2955]]],[[[150.702,-35.123],[150.698,-35.0711],[150.6743,-35.0615],[150.6871,-35.0172],[150.7397,-34.9921],[150.7783,-35.0024],[150.7735,-35.0794],[150.804,-35.0946],[150.8338,-35.0743],[150.8497,-35.0147],[150.8139,-35.0139],[150.7877,-34.9907],[150.7858,-34.9304],[150.7487,-34.8785],[150.7677,-34.8088],[150.8064,-34.7746],[150.8251,-34.7826],[150.8369,-34.7548],[150.8647,-34.6719],[150.8559,-34.6146],[150.9045,-34.597],[150.8751,-34.5893],[150.862,-34.5374],[150.7953,-34.5552],[150.8104,-34.5492],[150.7968,-34.5462],[150.8118,-34.5074],[150.8376,-34.5005],[150.8324,-34.4863],[150.8866,-34.4916],[150.8627,-34.5291],[150.8748,-34.5423],[150.8914,-34.5064],[150.9219,-34.4938],[150.9136,-34.4648],[150.8841,-34.4577],[150.9098,-34.4648],[150.9021,-34.4077],[150.9313,-34.3687],[150.928,-34.3166],[150.9887,-34.2318],[151.1279,-34.1379],[151.1718,-34.0865],[151.1332,-34.0735],[151.1242,-34.0922],[151.1322,-34.076],[151.0786,-34.0893],[151.1056,-34.0795],[151.102,-34.0654],[151.0611,-34.0643],[151.0888,-34.0655],[151.077,-34.0539],[151.097,-34.047],[151.1018,-34.059],[151.1052,-34.0421],[151.1116,-34.0724],[151.1339,-34.0555],[151.1403,-34.0738],[151.1489,-34.0546],[151.1534,-34.0731],[151.1655,-34.0407],[151.2303,-34.0264],[151.2219,-34.0012],[151.1596,-34.0232],[151.1786,-34.0128],[151.1621,-34.0],[151.1418,-34.0144],[151.1613,-34.0285],[151.145,-34.0386],[151.127,-34.0099],[151.1104,-34.0237],[151.1158,-34.0071],[151.0949,-33.9978],[151.0777,-34.0126],[151.0918,-34.0014],[151.0695,-33.9959],[151.0428,-34.0291],[151.0663,-33.9923],[151.0154,-33.9832],[151.0225,-33.9642],[151.0412,-33.9732],[151.0447,-33.9477],[151.0365,-33.9909],[151.0618,-33.9752],[151.0717,-33.9942],[151.0902,-33.9825],[151.1152,-34.0014],[151.1299,-33.9836],[151.1284,-34.006],[151.1667,-33.95],[151.1927,-33.9739],[151.1924,-33.9542],[151.2201,-33.9672],[151.2089,-33.9822],[151.226,-33.9767],[151.2492,-34.0018],[151.2519,-33.9647],[151.266,-33.968],[151.2576,-33.9224],[151.2859,-33.8919],[151.2811,-33.8328],[151.267,-33.8706],[151.2318,-33.8747],[151.2081,-33.8535],[151.1893,-33.8758],[151.1735,-33.8712],[151.1965,-33.8597],[151.1855,-33.846],[151.1509,-33.8723],[151.1662,-33.8549],[151.154,-33.8421],[151.127,-33.8442],[151.1191,-33.8647],[151.1211,-33.8418],[151.0997,-33.8442],[151.0924,-33.8236],[151.082,-33.8395],[151.084,-33.8221],[151.0511,-33.8242],[151.1743,-33.8431],[151.1438,-33.8292],[151.1442,-33.803],[151.1459,-33.829],[151.2186,-33.8527],[151.2325,-33.8363],[151.2465,-33.8535],[151.2689,-33.827],[151.2459,-33.8033],[151.2194,-33.819],[151.2309,-33.7957],[151.2147,-33.7899],[151.2325,-33.7875],[151.2044,-33.7725],[151.2308,-33.7727],[151.2352,-33.8034],[151.2612,-33.818],[151.2665,-33.798],[151.3,-33.8239],[151.3076,-33.8078],[151.2879,-33.7919],[151.3025,-33.7682],[151.2914,-33.7467],[151.3177,-33.742],[151.3002,-33.727],[151.3079,-33.7034],[151.2932,-33.7214],[151.2697,-33.715],[151.3153,-33.6964],[151.343,-33.6245],[151.3253,-33.597],[151.3353,-33.5823],[151.3159,-33.6018],[151.3322,-33.6234],[151.3161,-33.6142],[151.3047,-33.6353],[151.312,-33.6667],[151.2848,-33.6442],[151.2698,-33.6562],[151.2827,-33.6366],[151.2704,-33.6315],[151.3029,-33.6205],[151.2925,-33.6053],[151.3108,-33.5796],[151.2931,-33.5719],[151.2501,-33.588],[151.2567,-33.6054],[151.2194,-33.5996],[151.2289,-33.6182],[151.1733,-33.6263],[151.164,-33.6582],[151.1495,-33.6555],[151.1639,-33.6259],[151.2131,-33.6078],[151.1863,-33.5921],[151.2328,-33.594],[151.2469,-33.5783],[151.231,-33.5614],[151.2129,-33.5727],[151.2309,-33.5384],[151.1985,-33.55],[151.1756,-33.514],[151.1701,-33.5386],[151.1489,-33.5368],[151.1696,-33.5585],[151.152,-33.5508],[151.1623,-33.5758],[151.1336,-33.571],[151.1462,-33.5828],[151.1191,-33.5887],[151.1257,-33.6003],[151.1028,-33.5878],[151.1515,-33.5622],[151.1449,-33.5421],[151.117,-33.5462],[151.1434,-33.5298],[151.1115,-33.507],[151.1539,-33.5239],[151.1553,-33.4989],[151.1313,-33.4913],[151.1556,-33.4674],[151.0976,-33.4835],[151.0736,-33.4475],[151.1016,-33.4807],[151.1148,-33.4638],[151.1403,-33.469],[151.1664,-33.4267],[151.1517,-33.4595],[151.1721,-33.4694],[151.1535,-33.4867],[151.1598,-33.511],[151.1819,-33.5008],[151.1995,-33.5361],[151.1919,-33.4888],[151.232,-33.4731],[151.2375,-33.4537],[151.2377,-33.4756],[151.1976,-33.4952],[151.227,-33.5304],[151.2657,-33.4849],[151.2373,-33.5109],[151.2587,-33.5706],[151.2739,-33.5509],[151.3097,-33.5546],[151.3127,-33.5298],[151.3504,-33.5156],[151.3365,-33.4844],[151.2996,-33.4958],[151.318,-33.4862],[151.3071,-33.4679],[151.3242,-33.4768],[151.3228,-33.4278],[151.3419,-33.4506],[151.3695,-33.4387],[151.342,-33.4811],[151.3698,-33.4919],[151.3828,-33.4719],[151.3757,-33.5006],[151.3412,-33.4893],[151.3634,-33.5209],[151.3359,-33.5223],[151.345,-33.547],[151.4172,-33.5233],[151.4469,-33.4865],[151.445,-33.4354],[151.5044,-33.3625],[151.494,-33.3365],[151.4741,-33.3658],[151.4488,-33.3546],[151.4418,-33.3299],[151.4686,-33.3285],[151.4416,-33.307],[151.519,-33.2617],[151.5086,-33.2226],[151.5619,-33.2394],[151.5628,-33.1949],[151.5858,-33.2081],[151.558,-33.2519],[151.5205,-33.2625],[151.5456,-33.2777],[151.5019,-33.3439],[151.579,-33.2822],[151.5642,-33.2489],[151.6251,-33.198],[151.6658,-33.0869],[151.6416,-33.0964],[151.6338,-33.0707],[151.5971,-33.1616],[151.5792,-33.1033],[151.5839,-33.1229],[151.5528,-33.1457],[151.5719,-33.1548],[151.5676,-33.1753],[151.5098,-33.1375],[151.5388,-33.1145],[151.565,-33.1181],[151.5651,-33.1006],[151.5482,-33.0886],[151.5242,-33.1075],[151.51,-33.0931],[151.5534,-33.0609],[151.6138,-33.0821],[151.5808,-33.0684],[151.6,-33.0411],[151.5773,-33.0329],[151.6196,-33.0482],[151.5841,-32.9961],[151.6166,-33.0058],[151.6143,-32.9626],[151.6439,-32.9748],[151.6283,-33.0155],[151.6575,-33.0361],[151.6403,-33.085],[151.6611,-33.0838],[151.6689,-33.0519],[151.7287,-33.0107],[151.7379,-32.963],[151.803,-32.9162],[151.7635,-32.9244],[151.7615,-32.9076],[151.777,-32.9235],[151.768,-32.8949],[151.7338,-32.8776],[151.7773,-32.9022],[151.7748,-32.8571],[151.6965,-32.8329],[151.7282,-32.8787],[151.6861,-32.823],[151.7567,-32.8526],[151.7751,-32.8238],[151.8173,-32.8241],[151.7903,-32.8607],[151.7852,-32.9202],[151.8101,-32.8782],[151.9095,-32.8282],[152.0533,-32.7853],[152.1156,-32.7929],[152.1251,-32.767],[152.1726,-32.7616],[152.1882,-32.7119],[152.0911,-32.7282],[152.0635,-32.6985],[152.0696,-32.736],[152.0586,-32.7161],[151.9433,-32.7393],[151.9433,-32.7181],[151.9789,-32.6966],[151.9445,-32.6755],[151.9699,-32.6538],[152.043,-32.6797],[152.0611,-32.6499],[152.0614,-32.6881],[152.1144,-32.6811],[152.1219,-32.6577],[152.1295,-32.6857],[152.1731,-32.6783],[152.205,-32.7012],[152.1867,-32.6854],[152.1957,-32.6479],[152.285,-32.5948],[152.3356,-32.5271],[152.5398,-32.4436],[152.5163,-32.4085],[152.5517,-32.3346],[152.5237,-32.2944],[152.5709,-32.2156],[152.5129,-32.1776],[152.5053,-32.1513],[152.548,-32.0733],[152.5438,-32.0361],[152.6335,-31.9224],[152.7546,-31.8451],[152.7361,-31.8111],[152.8056,-31.7303],[152.7928,-31.7107],[152.8049,-31.6818],[152.8495,-31.6413],[152.834,-31.629],[152.8453,-31.5729],[152.9378,-31.4761],[152.9147,-31.4118],[152.9764,-31.3141],[152.9617,-31.2269],[152.9898,-31.1459],[153.0557,-31.0786],[153.0664,-31.0474],[153.042,-31.0434],[153.0398,-30.9991],[153.0907,-30.9216],[153.076,-30.8782],[153.0372,-30.8825],[153.0137,-30.8608],[152.9885,-30.7324],[153.0204,-30.6476],[153.0101,-30.6079],[153.0317,-30.499],[153.1135,-30.3406],[153.1529,-30.3095],[153.1401,-30.3099],[153.1546,-30.3051],[153.1398,-30.2997],[153.1402,-30.2559],[153.2069,-30.1564],[153.1971,-30.0406],[153.2728,-29.9169],[153.2677,-29.8652],[153.3039,-29.7745],[153.292,-29.7536],[153.334,-29.6745],[153.3206,-29.6614],[153.3428,-29.6083],[153.3324,-29.5866],[153.3688,-29.484],[153.3767,-29.3656],[153.3437,-29.3426],[153.3461,-29.2913],[153.4567,-29.1402],[153.4328,-29.1008],[153.464,-29.0187],[153.5901,-28.8776],[153.527,-28.8729],[153.5768,-28.8698],[153.5749,-28.8402],[153.592,-28.8756],[153.6089,-28.8432],[153.5958,-28.7752],[153.6386,-28.6335],[153.6112,-28.6401],[153.5806,-28.6108],[153.5521,-28.5092],[153.5863,-28.2582],[153.5564,-28.17],[153.5531,-28.2377],[153.5373,-28.2404],[153.5618,-28.2071],[153.5379,-28.1838],[153.5167,-28.1939],[153.5201,-28.221],[153.493,-28.2165],[153.5522,-28.1644],[153.5347,-28.1776],[153.477,-28.1569],[153.3573,-28.2493],[153.2796,-28.2335],[153.2328,-28.2651],[153.1767,-28.2496],[153.1677,-28.2955],[153.125,-28.3178],[153.1077,-28.3585],[152.9343,-28.3376],[152.8804,-28.3098],[152.751,-28.3639],[152.6675,-28.3117],[152.6398,-28.3122],[152.6142,-28.2695],[152.5795,-28.3392],[152.5259,-28.306],[152.534,-28.2627],[152.5075,-28.249],[152.4635,-28.2592],[152.443,-28.2984],[152.4152,-28.2981],[152.4164,-28.335],[152.388,-28.3675],[152.3094,-28.3628],[152.2172,-28.4491],[152.1601,-28.4333],[152.1212,-28.4626],[152.0697,-28.4685],[152.0167,-28.5252],[151.9888,-28.5256],[151.9826,-28.5033],[151.9554,-28.5192],[151.9573,-28.5647],[151.9859,-28.5821],[152.0105,-28.665],[152.0665,-28.6812],[152.076,-28.7083],[152.0423,-28.7318],[152.0366,-28.8178],[152.0149,-28.8502],[152.0375,-28.8643],[152.0107,-28.9067],[151.9963,-28.8948],[151.9163,-28.9293],[151.8498,-28.9076],[151.8307,-28.9617],[151.8069,-28.9453],[151.7769,-28.959],[151.7424,-28.9185],[151.7339,-28.8714],[151.7064,-28.8717],[151.6352,-28.9296],[151.6098,-28.9234],[151.5448,-28.9533],[151.4978,-29.0209],[151.5028,-29.0699],[151.3941,-29.178],[151.3156,-29.1661],[151.318,-29.138],[151.2805,-29.1021],[151.2906,-29.0511],[151.2717,-29.0304],[151.2742,-28.9379],[151.1033,-28.8366],[151.0444,-28.8439],[151.0099,-28.7409],[150.9384,-28.7312],[150.9074,-28.6885],[150.8741,-28.6944],[150.7513,-28.6342],[150.6322,-28.6771],[150.5539,-28.6533],[150.551,-28.6716],[150.5246,-28.6545],[150.4422,-28.6643],[150.3702,-28.6211],[150.3506,-28.575],[150.2901,-28.5372],[150.2126,-28.5743],[150.1525,-28.5502],[150.0922,-28.564],[150.08,-28.5843],[150.0154,-28.5805],[149.9773,-28.6136],[149.7212,-28.6094],[149.704,-28.6339],[149.6667,-28.6321],[149.6618,-28.6104],[149.611,-28.6011],[149.5872,-28.5734],[149.5033,-28.5744],[149.4525,-28.5948],[149.3875,-28.6962],[149.3586,-28.6841],[149.3184,-28.7139],[149.2968,-28.7097],[149.2693,-28.7432],[149.2454,-28.7389],[149.1886,-28.7751],[149.1792,-28.803],[149.1396,-28.8067],[149.1279,-28.8355],[149.0805,-28.842],[149.0319,-28.9566],[148.9581,-28.9991],[140.9993,-28.9991],[141.0019,-34.0393],[141.0235,-34.0597],[141.0343,-34.0357],[141.0425,-34.0611],[141.0656,-34.05],[141.0892,-34.0767],[141.0942,-34.0506],[141.1203,-34.0649],[141.1531,-34.0545],[141.1537,-34.0821],[141.1747,-34.0733],[141.1862,-34.092],[141.2059,-34.0617],[141.2285,-34.0736],[141.2418,-34.0613],[141.2425,-34.0873],[141.2596,-34.0781],[141.3175,-34.1124],[141.3249,-34.1388],[141.359,-34.1107],[141.3881,-34.1347],[141.4083,-34.1278],[141.4074,-34.1464],[141.4339,-34.1459],[141.4445,-34.168],[141.495,-34.1546],[141.5188,-34.1809],[141.5101,-34.2165],[141.5339,-34.2107],[141.5336,-34.1914],[141.6033,-34.1912],[141.5894,-34.1773],[141.603,-34.1622],[141.5839,-34.152],[141.6185,-34.1563],[141.6118,-34.139],[141.628,-34.1454],[141.6327,-34.1215],[141.6775,-34.1012],[141.7083,-34.0963],[141.719,-34.1149],[141.7315,-34.0909],[141.7618,-34.0975],[141.757,-34.1121],[141.7779,-34.1018],[141.7769,-34.1169],[141.8766,-34.1374],[141.9035,-34.1111],[141.9341,-34.1382],[141.945,-34.1195],[141.9704,-34.1361],[141.9777,-34.1127],[142.0223,-34.1252],[142.0133,-34.1054],[142.0378,-34.0998],[142.0296,-34.1261],[142.0756,-34.1314],[142.0654,-34.1506],[142.0828,-34.1735],[142.1196,-34.1749],[142.1201,-34.1569],[142.1487,-34.1487],[142.1666,-34.1531],[142.1662,-34.1829],[142.228,-34.1895],[142.2442,-34.2115],[142.2324,-34.256],[142.2496,-34.2669],[142.2359,-34.307],[142.2861,-34.2965],[142.2989,-34.3057],[142.2839,-34.3266],[142.3966,-34.3377],[142.3898,-34.3628],[142.3635,-34.3621],[142.3783,-34.3647],[142.3739,-34.3881],[142.351,-34.3966],[142.3679,-34.4354],[142.3533,-34.4696],[142.3842,-34.4781],[142.3596,-34.4988],[142.3947,-34.4935],[142.3749,-34.5153],[142.4,-34.5223],[142.3677,-34.5304],[142.4516,-34.5843],[142.4489,-34.5595],[142.468,-34.5643],[142.4523,-34.6335],[142.4837,-34.6364],[142.4756,-34.6726],[142.5159,-34.6637],[142.4974,-34.6743],[142.5137,-34.6922],[142.4998,-34.7031],[142.519,-34.7029],[142.4996,-34.7391],[142.5242,-34.7594],[142.6393,-34.7803],[142.6464,-34.7633],[142.6205,-34.7571],[142.6183,-34.7287],[142.6614,-34.7217],[142.679,-34.7392],[142.6787,-34.7223],[142.6994,-34.7245],[142.6789,-34.6808],[142.7108,-34.6758],[142.6892,-34.6525],[142.7088,-34.6227],[142.6895,-34.6183],[142.7,-34.5994],[142.7592,-34.6001],[142.7483,-34.5767],[142.7838,-34.5791],[142.7702,-34.5679],[142.7914,-34.5464],[142.8101,-34.5608],[142.7869,-34.5893],[142.8683,-34.6274],[142.8606,-34.6651],[142.8868,-34.6798],[142.9239,-34.6478],[142.9593,-34.665],[142.9727,-34.6952],[142.9893,-34.6626],[143.0395,-34.7026],[143.0404,-34.6859],[143.0548,-34.6988],[143.0708,-34.6784],[143.0928,-34.7013],[143.1123,-34.6809],[143.1071,-34.7015],[143.1276,-34.6927],[143.118,-34.703],[143.1474,-34.7147],[143.1617,-34.6979],[143.1654,-34.7181],[143.2189,-34.7295],[143.2244,-34.7587],[143.274,-34.7527],[143.2521,-34.7728],[143.2767,-34.7922],[143.3089,-34.7799],[143.3479,-34.7916],[143.3526,-34.8582],[143.3213,-34.8887],[143.3427,-34.9329],[143.3172,-34.9533],[143.3186,-34.993],[143.3381,-35.0109],[143.336,-35.0374],[143.3221,-35.0367],[143.3508,-35.0647],[143.3409,-35.0957],[143.3907,-35.1451],[143.3911,-35.1889],[143.4495,-35.1891],[143.4715,-35.2193],[143.5708,-35.2069],[143.581,-35.22],[143.5637,-35.2435],[143.5909,-35.2816],[143.5621,-35.3372],[143.5985,-35.3521],[143.6204,-35.3877],[143.6423,-35.401],[143.6842,-35.3682],[143.7092,-35.3925],[143.751,-35.3878],[143.7688,-35.4018],[143.7629,-35.4231],[143.818,-35.4375],[143.8588,-35.48],[143.9334,-35.5066],[143.9701,-35.5001],[143.9747,-35.5325],[143.9967,-35.5359],[143.9899,-35.5547],[144.0392,-35.5492],[144.105,-35.5908],[144.1315,-35.6407],[144.2135,-35.6867],[144.2645,-35.7514],[144.2961,-35.7371],[144.2953,-35.7544],[144.3491,-35.7671],[144.3623,-35.7958],[144.3769,-35.793],[144.3648,-35.8209],[144.3841,-35.8196],[144.3814,-35.8524],[144.4114,-35.859],[144.4079,-35.904],[144.4244,-35.9002],[144.417,-35.9105],[144.494,-35.9686],[144.5152,-35.9655],[144.5158,-35.9944],[144.5634,-36.0078],[144.5903,-36.0429],[144.6155,-36.0316],[144.6177,-36.0772],[144.6369,-36.0475],[144.655,-36.0753],[144.6887,-36.0613],[144.6839,-36.0951],[144.719,-36.0859],[144.7271,-36.1179],[144.8079,-36.1236],[144.8099,-36.1024],[144.8419,-36.1006],[144.8635,-36.0591],[144.9483,-36.0829],[144.9819,-36.0723],[144.9618,-36.0182],[144.9236,-35.9888],[144.9574,-35.961],[144.9682,-35.8655],[144.9923,-35.8523],[145.1277,-35.8207],[145.1592,-35.8311],[145.1535,-35.843],[145.2462,-35.8303],[145.2584,-35.8506],[145.3554,-35.8671],[145.4721,-35.8092],[145.5217,-35.8186],[145.5354,-35.802],[145.5388,-35.8218],[145.5628,-35.8134],[145.6011,-35.875],[145.6264,-35.8627],[145.6203,-35.8839],[145.6739,-35.9259],[145.6982,-35.921],[145.6973,-35.9365],[145.7263,-35.9423],[145.7168,-35.9506],[145.7782,-35.9602],[145.8114,-35.9917],[145.858,-35.9753],[145.854,-35.9599],[145.9027,-35.9525],[145.9029,-35.9688],[145.928,-35.9739],[145.9537,-35.9615],[145.9457,-35.9838],[145.9721,-36.0157],[146.0315,-35.9947],[146.0922,-36.0213],[146.1348,-36.0025],[146.1312,-36.0193],[146.1731,-36.0193],[146.186,-36.0421],[146.2829,-36.011],[146.283,-36.0415],[146.3291,-36.0431],[146.3389,-36.0264],[146.3687,-36.0508],[146.4217,-35.9658],[146.4433,-35.9762],[146.4546,-35.9622],[146.4997,-35.9909],[146.5026,-35.9582],[146.5496,-35.9924],[146.563,-35.9677],[146.584,-35.9839],[146.6125,-35.9728],[146.6143,-35.9965],[146.6509,-36.0077],[146.656,-36.0262],[146.6802,-36.0224],[146.6858,-36.0406],[146.7317,-36.0237],[146.7499,-36.0613],[146.8039,-36.0552],[146.8255,-36.0888],[146.873,-36.0737],[146.9069,-36.0849],[146.9078,-36.1113],[146.9268,-36.0972],[146.9437,-36.116],[146.9568,-36.078],[146.9813,-36.0949],[147.0074,-36.0837],[147.0341,-36.1152],[147.053,-36.1079],[147.0618,-36.0661],[147.0955,-36.0527],[147.0981,-36.0102],[147.1234,-35.9945],[147.1444,-36.0378],[147.2852,-36.0394],[147.32,-36.061],[147.4046,-35.9435],[147.4507,-35.9608],[147.4941,-35.9435],[147.5519,-36.0041],[147.584,-35.9846],[147.5477,-35.9786],[147.5491,-35.9645],[147.6014,-35.9791],[147.7084,-35.9285],[147.7769,-35.9686],[147.8062,-35.965],[147.8829,-36.0018],[147.9123,-35.9952],[147.924,-36.0425],[147.9997,-36.0462],[147.9803,-36.0865],[147.9992,-36.0986],[147.9907,-36.1213],[148.0053,-36.1406],[148.0377,-36.1408],[148.0218,-36.1764],[148.0406,-36.2069],[148.0261,-36.223],[148.035,-36.3106],[148.0589,-36.32],[148.0376,-36.3902],[148.0803,-36.4221],[148.0876,-36.4519],[148.1247,-36.4647],[148.1334,-36.5669],[148.1505,-36.5583],[148.1607,-36.5798],[148.1901,-36.5766],[148.2176,-36.5982],[148.2028,-36.6119],[148.2196,-36.6195],[148.2112,-36.6505],[148.1702,-36.7128],[148.1307,-36.7347],[148.098,-36.7871],[148.1089,-36.8009],[148.195,-36.7962],[149.9762,-37.5051],[149.9498,-37.3747],[149.9697,-37.3097],[149.944,-37.2777],[149.9869,-37.2399],[150.0519,-37.2623],[150.0109,-37.2118],[150.0235,-37.2126],[150.0049,-37.1413],[149.9538,-37.1009],[149.9114,-37.1118],[149.8725,-37.0832],[149.9149,-37.0761],[149.9234,-37.0463],[149.9447,-37.054],[149.9477,-37.0175],[149.9267,-36.992],[149.9459,-36.9491],[149.9134,-36.9446],[149.9048,-36.9146],[149.9197,-36.8954],[149.9381,-36.9024],[149.9406,-36.8117],[149.9772,-36.7696],[149.9828,-36.7023],[150.0683,-36.5541],[150.0548,-36.4881],[150.0848,-36.4292],[150.0668,-36.3985],[150.1397,-36.3049],[150.1308,-36.2889],[150.1486,-36.267],[150.1243,-36.1419],[150.1345,-36.0659],[150.1646,-36.013],[150.1502,-35.8911],[150.1914,-35.8605],[150.1867,-35.8331],[150.2353,-35.8355],[150.2242,-35.8087],[150.2372,-35.8017],[150.2145,-35.7379],[150.1773,-35.7031],[150.2767,-35.7234],[150.3066,-35.6861],[150.2993,-35.6474],[150.3261,-35.6372],[150.3226,-35.6135],[150.4063,-35.5339],[150.3929,-35.4646],[150.4924,-35.3667],[150.4749,-35.3565],[150.478,-35.2918],[150.5443,-35.2494],[150.5395,-35.2166],[150.5963,-35.1911],[150.594,-35.1438],[150.6338,-35.1489],[150.6614,-35.1178],[150.702,-35.123]],[[149.2318,-35.222],[149.2718,-35.2735],[149.3153,-35.2762],[149.3617,-35.309],[149.3948,-35.3032],[149.398,-35.3252],[149.3515,-35.3512],[149.2476,-35.3307],[149.2072,-35.3453],[149.1472,-35.4142],[149.1385,-35.4285],[149.1551,-35.436],[149.1351,-35.454],[149.1507,-35.5098],[149.1315,-35.5536],[149.1427,-35.5928],[149.0782,-35.5864],[149.1094,-35.6966],[149.0907,-35.7656],[149.096,-35.8442],[149.0496,-35.9199],[148.9616,-35.8967],[148.8867,-35.8101],[148.9033,-35.7579],[148.8867,-35.7192],[148.8575,-35.7614],[148.7963,-35.7093],[148.7985,-35.6666],[148.7675,-35.6474],[148.7834,-35.6285],[148.7684,-35.6033],[148.7888,-35.5883],[148.7667,-35.4672],[148.8087,-35.3824],[148.7936,-35.3391],[148.8101,-35.3074],[149.121,-35.1244],[149.1856,-35.1611],[149.205,-35.2291],[149.2318,-35.222]]],[[[150.2307,-36.2447],[150.2292,-36.2429],[150.228,-36.2439],[150.2257,-36.2429],[150.2232,-36.2456],[150.2259,-36.2482],[150.2233,-36.2513],[150.2228,-36.2562],[150.2273,-36.2596],[150.2293,-36.2586],[150.2293,-36.2511],[150.231,-36.2505],[150.2269,-36.248],[150.2296,-36.2472],[150.2289,-36.2455],[150.2307,-36.2447]]],[[[151.2868,-33.6378],[151.2865,-33.6412],[151.2901,-33.6424],[151.2913,-33.6444],[151.2949,-33.6428],[151.2957,-33.6397],[151.2939,-33.6364],[151.2892,-33.6361],[151.2868,-33.6378]]],[[[150.4185,-35.5312],[150.4211,-35.5316],[150.4206,-35.526],[150.415,-35.5269],[150.4113,-35.5303],[150.413,-35.5324],[150.4149,-35.5308],[150.4185,-35.5312]]],[[[151.2404,-33.5371],[151.2366,-33.537],[151.2354,-33.5416],[151.2379,-33.5424],[151.2393,-33.5402],[151.2429,-33.54],[151.2441,-33.5373],[151.2404,-33.5371]]],[[[150.9291,-34.4919],[150.9311,-34.4909],[150.9346,-34.4939],[150.9357,-34.4929],[150.9278,-34.4884],[150.9267,-34.4923],[150.9295,-34.4928],[150.9291,-34.4919]]],[[[151.1741,-33.8459],[151.1693,-33.8466],[151.1691,-33.8488],[151.1745,-33.849],[151.1741,-33.8459]]],[[[151.315,-33.5558],[151.3171,-33.5583],[151.3207,-33.5578],[151.3205,-33.5566],[151.315,-33.5558]]],[[[150.8768,-34.545],[150.8791,-34.5468],[150.8818,-34.5458],[150.8799,-34.5445],[150.8768,-34.545]]],[[[150.2585,-35.7515],[150.2589,-35.7491],[150.2567,-35.749],[150.2555,-35.752],[150.2575,-35.7532],[150.2585,-35.7515]]],[[[150.2336,-35.8185],[150.2374,-35.8176],[150.234,-35.8168],[150.2325,-35.8182],[150.2336,-35.8185]]],[[[151.1947,-33.8533],[151.1967,-33.8537],[151.1989,-33.8509],[151.1964,-33.8511],[151.1947,-33.8533]]],[[[150.2604,-35.7477],[150.2608,-35.7513],[150.2607,-35.7491],[150.2623,-35.7485],[150.2603,-35.7466],[150.2604,-35.7477]]],[[[150.5146,-35.2728],[150.5168,-35.2736],[150.5176,-35.2725],[150.5144,-35.2707],[150.5146,-35.2728]]],[[[150.3345,-35.6315],[150.3308,-35.6303],[150.3349,-35.6333],[150.3345,-35.6315]]],[[[150.3113,-35.6659],[150.3105,-35.6651],[150.3097,-35.6671],[150.3123,-35.6684],[150.3113,-35.6659]]],[[[150.3886,-35.5532],[150.392,-35.5545],[150.3906,-35.5529],[150.3886,-35.5532]]],[[[150.929,-34.4561],[150.9309,-34.4568],[150.9299,-34.4543],[150.929,-34.4561]]],[[[150.9471,-34.4645],[150.9443,-34.4643],[150.9455,-34.4655],[150.9471,-34.4645]]],[[[150.9366,-34.4945],[150.9383,-34.4951],[150.9388,-34.494],[150.9366,-34.4945]]],[[[151.3289,-33.6607],[151.3305,-33.6609],[151.3277,-33.6599],[151.3289,-33.6607]]]]},"properties":{"iso3":"AUS","shapeId":"82085004B21656044714531","regionId":"AUS.5_1","name":"New South Wales"}},{"type":"Feature","geometry":{"type":"MultiPolygon","coordinates":[[[[146.2929,-39.1578],[146.2949,-39.159],[146.2961,-39.1565],[146.294,-39.1561],[146.2929,-39.1578]]],[[[146.3562,-39.1388],[146.3595,-39.1408],[146.3678,-39.1402],[146.3683,-39.1391],[146.3603,-39.1374],[146.3562,-39.1388]]],[[[146.3105,-39.1572],[146.3131,-39.1587],[146.3154,-39.1566],[146.3089,-39.15],[146.3066,-39.1525],[146.3105,-39.1572]]],[[[149.9058,-37.5643],[149.9184,-37.5685],[149.9049,-37.5483],[149.9058,-37.5643]]],[[[149.8442,-37.5556],[149.8432,-37.557],[149.8466,-37.557],[149.8451,-37.5547],[149.8442,-37.5556]]],[[[144.6858,-38.2457],[144.6877,-38.2454],[144.6842,-38.2446],[144.6858,-38.2457]]],[[[144.6674,-38.2555],[144.702,-38.2431],[144.6788,-38.2506],[144.6787,-38.2376],[144.6674,-38.2555]]],[[[145.2129,-38.3289],[145.2112,-38.3267],[145.2081,-38.328],[145.2087,-38.333],[145.2129,-38.3289]]],[[[144.6665,-38.2586],[144.6663,-38.2571],[144.6619,-38.2589],[144.6645,-38.26],[144.6665,-38.2586]]],[[[145.2766,-38.3876],[145.2704,-38.4091],[145.2871,-38.3956],[145.3526,-38.42],[145.3859,-38.4067],[145.4061,-38.3727],[145.5034,-38.3533],[145.4524,-38.3068],[145.352,-38.3112],[145.2973,-38.282],[145.2766,-38.3876]]],[[[142.0087,-38.4171],[142.0142,-38.4123],[142.0076,-38.4117],[142.0004,-38.4132],[141.9935,-38.4174],[141.9961,-38.418],[141.9978,-38.4218],[141.9962,-38.4236],[141.9985,-38.4234],[141.9988,-38.4255],[142.0077,-38.4196],[142.0087,-38.4171]]],[[[145.3661,-38.4164],[145.3685,-38.4191],[145.3721,-38.4176],[145.3694,-38.4147],[145.3695,-38.4114],[145.3661,-38.4164]]],[[[141.003,-34.0219],[140.9873,-34.0297],[140.9637,-33.9806],[140.9658,-38.056],[141.1501,-38.1268],[141.2953,-38.2206],[141.3921,-38.3197],[141.3977,-38.3385],[141.3655,-38.3653],[141.3743,-38.3867],[141.4132,-38.3963],[141.4071,-38.3691],[141.461,-38.3621],[141.5192,-38.39],[141.5428,-38.433],[141.5731,-38.3897],[141.6264,-38.4063],[141.6503,-38.393],[141.6016,-38.3132],[141.742,-38.2531],[141.9295,-38.2782],[142.1458,-38.3915],[142.2449,-38.3965],[142.2615,-38.3646],[142.3725,-38.3495],[142.4717,-38.4043],[142.4922,-38.3939],[142.5633,-38.422],[142.8576,-38.6053],[142.937,-38.6273],[143.0154,-38.6245],[143.0808,-38.651],[143.233,-38.7664],[143.3566,-38.7539],[143.4287,-38.7833],[143.5109,-38.8576],[143.5539,-38.8557],[143.616,-38.7955],[143.666,-38.7794],[143.6816,-38.7375],[143.8662,-38.6717],[144.0365,-38.4758],[144.1048,-38.4692],[144.1323,-38.4353],[144.254,-38.3955],[144.3323,-38.3232],[144.4286,-38.2816],[144.4999,-38.2905],[144.5387,-38.2716],[144.6139,-38.2922],[144.6202,-38.2759],[144.6723,-38.2653],[144.633,-38.2698],[144.6232,-38.2515],[144.6866,-38.1974],[144.7034,-38.2015],[144.6957,-38.2197],[144.7064,-38.2102],[144.7202,-38.1466],[144.6922,-38.12],[144.6314,-38.1074],[144.558,-38.1548],[144.4781,-38.1645],[144.4256,-38.1238],[144.4166,-38.1553],[144.3652,-38.1448],[144.3616,-38.1051],[144.3979,-38.0738],[144.5069,-38.0915],[144.5157,-38.0456],[144.5587,-38.0375],[144.5916,-38.0044],[144.6516,-38.0016],[144.7356,-37.9431],[144.7992,-37.9232],[144.8144,-37.8751],[144.8686,-37.8587],[144.9043,-37.8725],[144.9155,-37.8655],[144.8972,-37.8425],[144.9269,-37.84],[144.9703,-37.8608],[145.018,-37.9818],[145.0622,-37.9908],[145.0995,-38.0269],[145.1256,-38.0716],[145.1176,-38.1441],[145.0324,-38.2127],[145.0256,-38.2533],[144.9828,-38.2964],[144.9884,-38.3167],[144.9232,-38.3492],[144.8147,-38.3685],[144.7667,-38.3564],[144.7341,-38.3225],[144.6519,-38.3041],[144.8386,-38.4303],[144.8867,-38.4772],[144.8873,-38.4988],[144.9374,-38.4971],[145.0313,-38.4871],[145.0502,-38.43],[145.1298,-38.3905],[145.2345,-38.4097],[145.184,-38.3746],[145.222,-38.3778],[145.1929,-38.2965],[145.223,-38.3064],[145.2257,-38.2724],[145.2617,-38.2424],[145.2548,-38.223],[145.2983,-38.2485],[145.3471,-38.2136],[145.489,-38.2334],[145.5221,-38.2989],[145.5153,-38.3378],[145.5452,-38.3395],[145.5489,-38.3717],[145.5154,-38.4155],[145.4164,-38.407],[145.4345,-38.4936],[145.4192,-38.5132],[145.3634,-38.521],[145.372,-38.5363],[145.4837,-38.556],[145.5606,-38.6514],[145.6067,-38.6788],[145.6569,-38.6769],[145.7139,-38.6455],[145.7656,-38.6667],[145.8695,-38.7761],[145.9212,-38.9096],[146.0063,-38.8779],[145.9979,-38.8464],[146.0336,-38.8132],[146.1335,-38.8374],[146.2339,-38.9187],[146.2695,-38.9729],[146.249,-38.996],[146.2743,-38.9964],[146.3047,-39.0394],[146.3286,-39.0278],[146.3169,-39.0522],[146.3523,-39.0588],[146.3214,-39.0879],[146.3746,-39.1367],[146.4265,-39.13],[146.4416,-39.0897],[146.4253,-39.0835],[146.4311,-39.0655],[146.4834,-39.061],[146.4604,-39.0369],[146.4754,-39.0257],[146.4318,-39.011],[146.451,-38.9478],[146.4893,-38.9105],[146.4679,-38.871],[146.4786,-38.7918],[146.438,-38.7789],[146.4149,-38.8521],[146.2926,-38.9045],[146.2927,-38.8765],[146.2703,-38.8601],[146.2728,-38.806],[146.2331,-38.809],[146.1856,-38.7434],[146.1926,-38.7287],[146.2107,-38.7379],[146.1921,-38.7262],[146.229,-38.7017],[146.2121,-38.6928],[146.3388,-38.6907],[146.3507,-38.6729],[146.381,-38.6856],[146.3871,-38.7207],[146.4372,-38.6944],[146.493,-38.6967],[146.4947,-38.6797],[146.5412,-38.6854],[146.5512,-38.7038],[146.5668,-38.6911],[146.5465,-38.6845],[146.572,-38.6777],[146.5768,-38.6921],[146.5804,-38.6794],[146.5827,-38.6985],[146.5844,-38.6771],[146.641,-38.6689],[146.6531,-38.643],[146.6705,-38.6621],[146.6576,-38.6715],[146.6977,-38.6753],[146.7129,-38.6478],[146.7422,-38.6649],[146.7859,-38.6462],[146.7847,-38.6228],[146.844,-38.6048],[146.8987,-38.6122],[146.9255,-38.5942],[146.8831,-38.6346],[147.4763,-38.1517],[147.7882,-37.9553],[147.952,-37.8941],[148.2896,-37.811],[148.691,-37.8014],[148.7278,-37.8154],[148.8087,-37.7864],[149.1228,-37.7773],[149.2467,-37.7805],[149.2755,-37.8038],[149.3404,-37.7769],[149.485,-37.7754],[149.5255,-37.7373],[149.5958,-37.7266],[149.6166,-37.7006],[149.6773,-37.6851],[149.7388,-37.585],[149.7753,-37.5578],[149.9066,-37.5429],[149.9762,-37.5051],[148.195,-36.7962],[148.1089,-36.8009],[148.098,-36.7871],[148.1307,-36.7347],[148.1702,-36.7128],[148.2112,-36.6505],[148.2196,-36.6195],[148.2028,-36.6119],[148.2176,-36.5982],[148.1901,-36.5766],[148.1607,-36.5798],[148.1505,-36.5583],[148.1334,-36.5669],[148.1247,-36.4647],[148.0876,-36.4519],[148.0803,-36.4221],[148.0376,-36.3902],[148.0589,-36.32],[148.035,-36.3106],[148.0261,-36.223],[148.0406,-36.2069],[148.0218,-36.1764],[148.0377,-36.1408],[148.0053,-36.1406],[147.9907,-36.1213],[147.9992,-36.0986],[147.9803,-36.0865],[147.9997,-36.0462],[147.924,-36.0425],[147.9123,-35.9952],[147.8829,-36.0018],[147.8062,-35.965],[147.7769,-35.9686],[147.7084,-35.9285],[147.6014,-35.9791],[147.5491,-35.9645],[147.5477,-35.9786],[147.584,-35.9846],[147.5519,-36.0041],[147.4941,-35.9435],[147.4507,-35.9608],[147.4046,-35.9435],[147.32,-36.061],[147.2852,-36.0394],[147.1444,-36.0378],[147.1234,-35.9945],[147.0981,-36.0102],[147.0955,-36.0527],[147.0618,-36.0661],[147.053,-36.1079],[147.0341,-36.1152],[147.0074,-36.0837],[146.9813,-36.0949],[146.9568,-36.078],[146.9437,-36.116],[146.9268,-36.0972],[146.9078,-36.1113],[146.9069,-36.0849],[146.873,-36.0737],[146.8255,-36.0888],[146.8039,-36.0552],[146.7499,-36.0613],[146.7317,-36.0237],[146.6858,-36.0406],[146.6802,-36.0224],[146.656,-36.0262],[146.6509,-36.0077],[146.6143,-35.9965],[146.6125,-35.9728],[146.584,-35.9839],[146.563,-35.9677],[146.5496,-35.9924],[146.5026,-35.9582],[146.4997,-35.9909],[146.4546,-35.9622],[146.4433,-35.9762],[146.4217,-35.9658],[146.3687,-36.0508],[146.3389,-36.0264],[146.3291,-36.0431],[146.283,-36.0415],[146.2829,-36.011],[146.186,-36.0421],[146.1731,-36.0193],[146.1312,-36.0193],[146.1348,-36.0025],[146.0922,-36.0213],[146.0315,-35.9947],[145.9721,-36.0157],[145.9457,-35.9838],[145.9537,-35.9615],[145.928,-35.9739],[145.9029,-35.9688],[145.9027,-35.9525],[145.854,-35.9599],[145.858,-35.9753],[145.8114,-35.9917],[145.7782,-35.9602],[145.7168,-35.9506],[145.7263,-35.9423],[145.6973,-35.9365],[145.6982,-35.921],[145.6739,-35.9259],[145.6203,-35.8839],[145.6264,-35.8627],[145.6011,-35.875],[145.5628,-35.8134],[145.5388,-35.8218],[145.5354,-35.802],[145.5217,-35.8186],[145.4721,-35.8092],[145.3554,-35.8671],[145.2584,-35.8506],[145.2462,-35.8303],[145.1535,-35.843],[145.1592,-35.8311],[145.1277,-35.8207],[144.9923,-35.8523],[144.9682,-35.8655],[144.9574,-35.961],[144.9236,-35.9888],[144.9618,-36.0182],[144.9819,-36.0723],[144.9483,-36.0829],[144.8635,-36.0591],[144.8419,-36.1006],[144.8099,-36.1024],[144.8079,-36.1236],[144.7271,-36.1179],[144.719,-36.0859],[144.6839,-36.0951],[144.6887,-36.0613],[144.655,-36.0753],[144.6369,-36.0475],[144.6177,-36.0772],[144.6155,-36.0316],[144.5903,-36.0429],[144.5634,-36.0078],[144.5158,-35.9944],[144.5152,-35.9655],[144.494,-35.9686],[144.417,-35.9105],[144.4244,-35.9002],[144.4079,-35.904],[144.4114,-35.859],[144.3814,-35.8524],[144.3841,-35.8196],[144.3648,-35.8209],[144.3769,-35.793],[144.3623,-35.7958],[144.3491,-35.7671],[144.2953,-35.7544],[144.2961,-35.7371],[144.2645,-35.7514],[144.2135,-35.6867],[144.1315,-35.6407],[144.105,-35.5908],[144.0392,-35.5492],[143.9899,-35.5547],[143.9967,-35.5359],[143.9747,-35.5325],[143.9701,-35.5001],[143.9334,-35.5066],[143.8588,-35.48],[143.818,-35.4375],[143.7629,-35.4231],[143.7688,-35.4018],[143.751,-35.3878],[143.7092,-35.3925],[143.6842,-35.3682],[143.6423,-35.401],[143.6204,-35.3877],[143.5985,-35.3521],[143.5621,-35.3372],[143.5909,-35.2816],[143.5637,-35.2435],[143.581,-35.22],[143.5708,-35.2069],[143.4715,-35.2193],[143.4495,-35.1891],[143.3911,-35.1889],[143.3907,-35.1451],[143.3409,-35.0957],[143.3508,-35.0647],[143.3221,-35.0367],[143.336,-35.0374],[143.3381,-35.0109],[143.3186,-34.993],[143.3172,-34.9533],[143.3427,-34.9329],[143.3213,-34.8887],[143.3526,-34.8582],[143.3479,-34.7916],[143.3089,-34.7799],[143.2767,-34.7922],[143.2521,-34.7728],[143.274,-34.7527],[143.2244,-34.7587],[143.2189,-34.7295],[143.1654,-34.7181],[143.1617,-34.6979],[143.1474,-34.7147],[143.118,-34.703],[143.1276,-34.6927],[143.1071,-34.7015],[143.1123,-34.6809],[143.0928,-34.7013],[143.0708,-34.6784],[143.0548,-34.6988],[143.0404,-34.6859],[143.0395,-34.7026],[142.9893,-34.6626],[142.9727,-34.6952],[142.9593,-34.665],[142.9239,-34.6478],[142.8868,-34.6798],[142.8606,-34.6651],[142.8683,-34.6274],[142.7869,-34.5893],[142.8101,-34.5608],[142.7914,-34.5464],[142.7702,-34.5679],[142.7838,-34.5791],[142.7483,-34.5767],[142.7592,-34.6001],[142.7,-34.5994],[142.6895,-34.6183],[142.7088,-34.6227],[142.6892,-34.6525],[142.7108,-34.6758],[142.6789,-34.6808],[142.6994,-34.7245],[142.6787,-34.7223],[142.679,-34.7392],[142.6614,-34.7217],[142.6183,-34.7287],[142.6205,-34.7571],[142.6464,-34.7633],[142.6393,-34.7803],[142.5242,-34.7594],[142.4996,-34.7391],[142.519,-34.7029],[142.4998,-34.7031],[142.5137,-34.6922],[142.4974,-34.6743],[142.5159,-34.6637],[142.4756,-34.6726],[142.4837,-34.6364],[142.4523,-34.6335],[142.468,-34.5643],[142.4489,-34.5595],[142.4516,-34.5843],[142.3677,-34.5304],[142.4,-34.5223],[142.3749,-34.5153],[142.3947,-34.4935],[142.3596,-34.4988],[142.3842,-34.4781],[142.3533,-34.4696],[142.3679,-34.4354],[142.351,-34.3966],[142.3739,-34.3881],[142.3783,-34.3647],[142.3635,-34.3621],[142.3898,-34.3628],[142.3966,-34.3377],[142.2839,-34.3266],[142.2989,-34.3057],[142.2861,-34.2965],[142.2359,-34.307],[142.2496,-34.2669],[142.2324,-34.256],[142.2442,-34.2115],[142.228,-34.1895],[142.1662,-34.1829],[142.1666,-34.1531],[142.1487,-34.1487],[142.1201,-34.1569],[142.1196,-34.1749],[142.0828,-34.1735],[142.0654,-34.1506],[142.0756,-34.1314],[142.0296,-34.1261],[142.0378,-34.0998],[142.0133,-34.1054],[142.0223,-34.1252],[141.9777,-34.1127],[141.9704,-34.1361],[141.945,-34.1195],[141.9341,-34.1382],[141.9035,-34.1111],[141.8766,-34.1374],[141.7769,-34.1169],[141.7779,-34.1018],[141.757,-34.1121],[141.7618,-34.0975],[141.7315,-34.0909],[141.719,-34.1149],[141.7083,-34.0963],[141.6775,-34.1012],[141.6327,-34.1215],[141.628,-34.1454],[141.6118,-34.139],[141.6185,-34.1563],[141.5839,-34.152],[141.603,-34.1622],[141.5894,-34.1773],[141.6033,-34.1912],[141.5336,-34.1914],[141.5339,-34.2107],[141.5101,-34.2165],[141.5188,-34.1809],[141.495,-34.1546],[141.4445,-34.168],[141.4339,-34.1459],[141.4074,-34.1464],[141.4083,-34.1278],[141.3881,-34.1347],[141.359,-34.1107],[141.3249,-34.1388],[141.3175,-34.1124],[141.2596,-34.0781],[141.2425,-34.0873],[141.2418,-34.0613],[141.2285,-34.0736],[141.2059,-34.0617],[141.1862,-34.092],[141.1747,-34.0733],[141.1537,-34.0821],[141.1531,-34.0545],[141.1203,-34.0649],[141.0942,-34.0506],[141.0892,-34.0767],[141.0656,-34.05],[141.0425,-34.0611],[141.0343,-34.0357],[141.0235,-34.0597],[141.003,-34.0219]]],[[[145.1609,-38.4719],[145.1163,-38.5185],[145.1707,-38.5096],[145.2212,-38.5299],[145.24,-38.5068],[145.2711,-38.5049],[145.3609,-38.5661],[145.3409,-38.535],[145.3629,-38.5121],[145.2978,-38.507],[145.3056,-38.4854],[145.2907,-38.4805],[145.3104,-38.4606],[145.2733,-38.4603],[145.2986,-38.4514],[145.2066,-38.4497],[145.1609,-38.4719]]],[[[146.5678,-38.7423],[146.5009,-38.763],[146.5416,-38.7277],[146.5082,-38.7372],[146.5096,-38.7185],[146.4646,-38.7391],[146.4948,-38.7748],[146.5453,-38.7909],[146.5976,-38.7595],[146.6677,-38.7478],[146.6226,-38.7582],[146.5678,-38.7423]]],[[[146.8521,-38.6343],[146.8798,-38.6152],[146.8191,-38.6132],[146.7911,-38.6329],[146.8199,-38.6506],[146.8521,-38.6343]]],[[[146.627,-38.7237],[146.6776,-38.7083],[146.6184,-38.6975],[146.5857,-38.7132],[146.627,-38.7237]]],[[[146.4629,-38.7137],[146.4388,-38.7279],[146.5019,-38.7162],[146.4629,-38.7137]]],[[[146.843,-38.6633],[146.8285,-38.6795],[146.879,-38.6381],[146.843,-38.6633]]],[[[146.8136,-38.6767],[146.7529,-38.6896],[146.8257,-38.6848],[146.8136,-38.6767]]],[[[146.7241,-38.6773],[146.7395,-38.6729],[146.7278,-38.6612],[146.7099,-38.6766],[146.7241,-38.6773]]],[[[146.6966,-38.6872],[146.6962,-38.6909],[146.6984,-38.6931],[146.7021,-38.691],[146.7129,-38.6891],[146.7157,-38.6871],[146.7149,-38.6858],[146.7118,-38.687],[146.7085,-38.6857],[146.713,-38.6846],[146.71,-38.6833],[146.7098,-38.6819],[146.7118,-38.6815],[146.7102,-38.6772],[146.7082,-38.6767],[146.6976,-38.6836],[146.6966,-38.6872]]],[[[146.2314,-39.0884],[146.2339,-39.0957],[146.2367,-39.0978],[146.2414,-39.0888],[146.2357,-39.0861],[146.234,-39.0836],[146.2311,-39.0852],[146.2277,-39.0802],[146.2264,-39.0726],[146.2232,-39.0709],[146.2211,-39.0727],[146.2247,-39.0803],[146.2249,-39.0852],[146.2262,-39.0865],[146.2311,-39.0867],[146.2314,-39.0884]]],[[[146.6297,-38.7241],[146.6305,-38.7254],[146.6526,-38.7272],[146.668,-38.7208],[146.6693,-38.7183],[146.6635,-38.721],[146.6604,-38.7193],[146.6511,-38.7228],[146.6421,-38.7231],[146.6386,-38.7219],[146.6351,-38.7237],[146.6297,-38.7241]]],[[[146.8154,-38.6591],[146.7985,-38.6574],[146.8008,-38.6559],[146.8089,-38.6562],[146.8038,-38.655],[146.7941,-38.6568],[146.7861,-38.6692],[146.7876,-38.6698],[146.7933,-38.6675],[146.7913,-38.6669],[146.7908,-38.6648],[146.7976,-38.6625],[146.7974,-38.6609],[146.8015,-38.6626],[146.8057,-38.6611],[146.8061,-38.6594],[146.8154,-38.6591]]],[[[146.6688,-38.6826],[146.672,-38.6863],[146.679,-38.6897],[146.6834,-38.6897],[146.6819,-38.6853],[146.6766,-38.6841],[146.6786,-38.6819],[146.6783,-38.679],[146.6854,-38.6778],[146.6758,-38.6768],[146.6688,-38.6826]]],[[[146.7078,-38.71],[146.6798,-38.7276],[146.7322,-38.6963],[146.7078,-38.71]]],[[[146.7633,-38.6591],[146.7703,-38.6613],[146.7744,-38.6598],[146.7714,-38.6586],[146.7719,-38.6564],[146.7612,-38.6532],[146.7566,-38.6539],[146.7568,-38.6583],[146.7633,-38.6591]]],[[[146.3217,-39.1446],[146.3258,-39.1472],[146.3293,-39.1432],[146.3291,-39.1393],[146.3276,-39.1402],[146.3247,-39.1382],[146.3194,-39.1384],[146.3121,-39.1348],[146.3173,-39.1419],[146.3217,-39.1446]]],[[[145.3378,-38.4938],[145.3362,-38.4941],[145.333,-38.4995],[145.3357,-38.5019],[145.3402,-38.5023],[145.3461,-38.5087],[145.3457,-38.5041],[145.3434,-38.5036],[145.3422,-38.4993],[145.3372,-38.4957],[145.3378,-38.4938]]],[[[146.2392,-39.0191],[146.2396,-39.0203],[146.2364,-39.0223],[146.2425,-39.0246],[146.2423,-39.0272],[146.2383,-39.0285],[146.2414,-39.0296],[146.2462,-39.0243],[146.2439,-39.0227],[146.2418,-39.0169],[146.2392,-39.0191]]],[[[146.6219,-38.7502],[146.6279,-38.7483],[146.6347,-38.7493],[146.6408,-38.7466],[146.6426,-38.7472],[146.6405,-38.7442],[146.631,-38.7478],[146.6235,-38.7479],[146.6219,-38.7502]]],[[[146.2239,-38.9697],[146.2242,-38.9722],[146.2338,-38.9678],[146.2306,-38.966],[146.224,-38.9667],[146.2239,-38.9697]]],[[[146.6261,-38.6921],[146.6269,-38.69],[146.6219,-38.6949],[146.6302,-38.6978],[146.634,-38.6972],[146.6283,-38.695],[146.6261,-38.6921]]],[[[146.5444,-38.7438],[146.548,-38.7455],[146.5529,-38.7433],[146.5534,-38.741],[146.5467,-38.7429],[146.5461,-38.7416],[146.549,-38.7398],[146.5459,-38.7397],[146.5444,-38.7438]]],[[[146.514,-38.9102],[146.513,-38.9084],[146.5113,-38.9089],[146.5062,-38.9142],[146.5132,-38.9131],[146.514,-38.9102]]],[[[146.6621,-38.9221],[146.6591,-38.922],[146.6612,-38.927],[146.6656,-38.9254],[146.6621,-38.9221]]],[[[146.6087,-38.6844],[146.6061,-38.6835],[146.5985,-38.6856],[146.607,-38.6863],[146.6087,-38.6844]]],[[[146.2374,-39.1093],[146.2383,-39.11],[146.2414,-39.108],[146.2385,-39.1057],[146.2366,-39.101],[146.2355,-39.1049],[146.2374,-39.1093]]],[[[146.7407,-38.6671],[146.7383,-38.6691],[146.7437,-38.6701],[146.7481,-38.669],[146.7407,-38.6671]]],[[[146.2345,-39.1143],[146.2341,-39.1158],[146.2371,-39.1177],[146.2393,-39.1143],[146.2386,-39.1119],[146.2345,-39.1143]]],[[[146.7316,-38.667],[146.7362,-38.6689],[146.7372,-38.667],[146.7317,-38.6622],[146.729,-38.6617],[146.7316,-38.667]]],[[[146.7776,-38.658],[146.7791,-38.6601],[146.783,-38.6581],[146.7757,-38.6565],[146.7729,-38.658],[146.7776,-38.658]]],[[[146.6763,-38.9418],[146.6781,-38.9432],[146.679,-38.9408],[146.6747,-38.9373],[146.6734,-38.9389],[146.6763,-38.9418]]],[[[146.5518,-38.704],[146.5617,-38.7051],[146.5608,-38.7034],[146.5573,-38.7041],[146.5537,-38.7024],[146.5518,-38.704]]],[[[146.5099,-38.7243],[146.5122,-38.7242],[146.5168,-38.7211],[146.5096,-38.7217],[146.5099,-38.7243]]],[[[146.7456,-38.678],[146.7439,-38.6762],[146.7449,-38.6746],[146.7397,-38.6791],[146.7439,-38.6794],[146.7456,-38.678]]],[[[146.7581,-38.6749],[146.7561,-38.6726],[146.7536,-38.6755],[146.7553,-38.6765],[146.7624,-38.673],[146.7581,-38.6749]]],[[[146.8032,-38.6661],[146.8094,-38.6661],[146.8217,-38.66],[146.8116,-38.6648],[146.8032,-38.6661]]],[[[146.6512,-38.6729],[146.6556,-38.6729],[146.6548,-38.6694],[146.652,-38.6707],[146.6512,-38.6729]]],[[[146.6924,-38.7088],[146.6919,-38.7099],[146.6933,-38.7104],[146.7,-38.7095],[146.6948,-38.707],[146.6926,-38.7077],[146.6958,-38.7096],[146.6929,-38.71],[146.6924,-38.7088]]],[[[146.565,-38.714],[146.5676,-38.7159],[146.5724,-38.715],[146.5666,-38.7132],[146.565,-38.714]]],[[[146.5675,-38.6972],[146.5631,-38.6972],[146.5671,-38.6989],[146.5711,-38.6984],[146.5703,-38.6962],[146.5675,-38.6972]]],[[[146.2403,-39.1157],[146.2435,-39.1175],[146.2423,-39.114],[146.2399,-39.1147],[146.2403,-39.1157]]],[[[146.6798,-38.955],[146.6843,-38.9538],[146.6808,-38.9526],[146.6798,-38.955]]],[[[146.594,-38.6886],[146.5878,-38.6904],[146.5886,-38.6919],[146.594,-38.6886]]],[[[146.3679,-38.8419],[146.3685,-38.8442],[146.3707,-38.8438],[146.3709,-38.8411],[146.3679,-38.8419]]],[[[146.7051,-38.9517],[146.7074,-38.9504],[146.7046,-38.949],[146.7035,-38.9502],[146.7051,-38.9517]]],[[[146.8741,-38.6319],[146.8756,-38.63],[146.8723,-38.6323],[146.8767,-38.6321],[146.8787,-38.6283],[146.8766,-38.6318],[146.8741,-38.6319]]],[[[145.2891,-38.4551],[145.2965,-38.4551],[145.2936,-38.454],[145.2891,-38.4551]]],[[[146.5733,-38.7009],[146.5724,-38.7002],[146.5713,-38.7048],[146.5744,-38.7042],[146.5733,-38.7009]]],[[[146.7249,-38.6845],[146.7239,-38.6836],[146.719,-38.6852],[146.722,-38.6862],[146.7249,-38.6845]]],[[[146.6534,-38.6615],[146.658,-38.6588],[146.6555,-38.6587],[146.6534,-38.6615]]],[[[146.5288,-38.7129],[146.5316,-38.7158],[146.5364,-38.7165],[146.5288,-38.7129]]],[[[146.6422,-38.6863],[146.6428,-38.6874],[146.6449,-38.6878],[146.6428,-38.6868],[146.6437,-38.6847],[146.648,-38.6834],[146.6497,-38.6847],[146.6511,-38.6835],[146.6491,-38.683],[146.646,-38.6835],[146.6434,-38.6845],[146.6422,-38.6863]]],[[[146.7279,-38.6846],[146.7296,-38.6861],[146.7328,-38.6852],[146.7279,-38.6846]]],[[[146.6892,-38.7105],[146.6889,-38.7099],[146.6873,-38.7104],[146.6886,-38.7089],[146.6871,-38.7098],[146.6869,-38.711],[146.6892,-38.712],[146.6892,-38.7105]]],[[[146.2768,-38.7724],[146.2797,-38.7715],[146.2769,-38.771],[146.2768,-38.7724]]],[[[146.4639,-38.7359],[146.4642,-38.7378],[146.466,-38.7368],[146.4645,-38.7351],[146.4639,-38.7359]]],[[[146.7569,-38.6723],[146.7579,-38.6729],[146.761,-38.6701],[146.7589,-38.6701],[146.7569,-38.6723]]],[[[146.7275,-38.6787],[146.73,-38.6785],[146.7294,-38.6768],[146.7275,-38.6787]]],[[[146.7513,-38.6746],[146.7484,-38.6766],[146.7507,-38.6763],[146.7513,-38.6746]]],[[[146.5263,-38.7415],[146.5284,-38.7408],[146.527,-38.7401],[146.5263,-38.7415]]],[[[145.1099,-38.5196],[145.1122,-38.5186],[145.1095,-38.5184],[145.1099,-38.5196]]],[[[146.7482,-38.6636],[146.7468,-38.664],[146.7497,-38.6643],[146.7482,-38.6636]]],[[[146.7014,-38.7027],[146.7044,-38.7022],[146.7027,-38.7015],[146.7014,-38.7027]]],[[[146.69,-38.697],[146.6881,-38.6966],[146.6869,-38.6988],[146.69,-38.697]]],[[[146.6076,-38.6802],[146.6059,-38.6813],[146.6079,-38.6816],[146.6076,-38.6802]]]]},"properties":{"iso3":"AUS","shapeId":"82085004B60194602145168","regionId":"AUS.10_1","name":"Victoria"}},{"type":"Feature","geometry":{"type":"MultiPolygon","coordinates":[[[[142.5314,-10.683],[142.5347,-10.6812],[142.532,-10.6813],[142.5307,-10.6821],[142.5314,-10.683]]],[[[142.7554,-10.6579],[142.7543,-10.6564],[142.751,-10.6567],[142.7554,-10.6579]]],[[[142.6797,-10.6415],[142.6805,-10.6403],[142.6794,-10.6403],[142.6797,-10.6415]]],[[[142.6369,-10.6285],[142.6473,-10.6566],[142.6671,-10.6303],[142.6369,-10.6285]]],[[[142.6534,-10.623],[142.6525,-10.62],[142.6523,-10.6229],[142.6534,-10.623]]],[[[142.6084,-10.6131],[142.6116,-10.6116],[142.6083,-10.611],[142.6084,-10.6131]]],[[[142.6144,-10.6114],[142.6184,-10.6059],[142.6129,-10.6086],[142.6124,-10.6098],[142.6144,-10.6114]]],[[[142.6371,-10.5988],[142.6387,-10.5986],[142.6378,-10.5968],[142.6371,-10.5988]]],[[[142.6157,-10.6007],[142.6169,-10.6013],[142.6206,-10.5983],[142.627,-10.6004],[142.6293,-10.5986],[142.6243,-10.5958],[142.6215,-10.5902],[142.6174,-10.5921],[142.6172,-10.5899],[142.6162,-10.5901],[142.6146,-10.593],[142.612,-10.5908],[142.6099,-10.5943],[142.6101,-10.5971],[142.6126,-10.5989],[142.6128,-10.5973],[142.6154,-10.5977],[142.6157,-10.6007]]],[[[142.4498,-10.496],[142.4516,-10.4963],[142.4502,-10.4948],[142.4498,-10.496]]],[[[142.4466,-10.4635],[142.4486,-10.4653],[142.4503,-10.4628],[142.4466,-10.4602],[142.4451,-10.4616],[142.4466,-10.4635]]],[[[142.4382,-10.4636],[142.4417,-10.4615],[142.4376,-10.4608],[142.4364,-10.4627],[142.4382,-10.4636]]],[[[142.1097,-10.3476],[142.1113,-10.3472],[142.1105,-10.3431],[142.1097,-10.3476]]],[[[142.0922,-10.3177],[142.0929,-10.3154],[142.0913,-10.3169],[142.0922,-10.3177]]],[[[142.1002,-10.2953],[142.1041,-10.2943],[142.1059,-10.2904],[142.1059,-10.2888],[142.103,-10.2866],[142.099,-10.292],[142.099,-10.2946],[142.1002,-10.2953]]],[[[142.1018,-10.2775],[142.1045,-10.2824],[142.1079,-10.2816],[142.1067,-10.2788],[142.1044,-10.2776],[142.1043,-10.2749],[142.0993,-10.2726],[142.0987,-10.2758],[142.1018,-10.2775]]],[[[143.1135,-9.989],[143.1179,-9.9888],[143.1268,-9.9845],[143.1182,-9.9856],[143.1137,-9.9873],[143.1135,-9.989]]],[[[142.2375,-9.9773],[142.2403,-9.9779],[142.2388,-9.9758],[142.2373,-9.976],[142.2375,-9.9773]]],[[[142.2166,-9.9729],[142.2171,-9.972],[142.2155,-9.972],[142.2166,-9.9729]]],[[[142.1628,-9.9339],[142.1643,-9.9353],[142.1644,-9.9338],[142.1628,-9.9339]]],[[[144.0638,-9.9118],[144.0605,-9.9081],[144.0544,-9.907],[144.0414,-9.9132],[144.039,-9.9178],[144.0417,-9.9253],[144.0467,-9.9268],[144.0593,-9.9216],[144.062,-9.918],[144.0638,-9.9118]]],[[[142.782,-9.9015],[142.7834,-9.898],[142.781,-9.8957],[142.7788,-9.8973],[142.7731,-9.8956],[142.7696,-9.8983],[142.7691,-9.8966],[142.7651,-9.8947],[142.7686,-9.9051],[142.7767,-9.9076],[142.7817,-9.906],[142.7814,-9.9048],[142.7834,-9.905],[142.7807,-9.9008],[142.782,-9.9015]]],[[[143.4836,-9.8861],[143.4873,-9.8833],[143.4854,-9.881],[143.4834,-9.8833],[143.4836,-9.8861]]],[[[143.3911,-9.8717],[143.396,-9.8707],[143.3978,-9.8687],[143.394,-9.8678],[143.3911,-9.8696],[143.3911,-9.8717]]],[[[143.1693,-9.8698],[143.1738,-9.8688],[143.1708,-9.8676],[143.1682,-9.8688],[143.1693,-9.8698]]],[[[143.3056,-9.8654],[143.3087,-9.8641],[143.3096,-9.8613],[143.3069,-9.8626],[143.3056,-9.8654]]],[[[142.8994,-9.8582],[142.9485,-9.8539],[142.9173,-9.843],[142.8994,-9.8582]]],[[[142.7093,-9.8346],[142.7121,-9.8348],[142.7142,-9.8377],[142.7172,-9.8365],[142.7166,-9.8346],[142.708,-9.8322],[142.7093,-9.8346]]],[[[141.4192,-9.8254],[141.4259,-9.8229],[141.4305,-9.8233],[141.4265,-9.8216],[141.4196,-9.8236],[141.4192,-9.8254]]],[[[143.4064,-9.8241],[143.4088,-9.8223],[143.4087,-9.819],[143.4065,-9.821],[143.4064,-9.8241]]],[[[142.9753,-9.7973],[142.9755,-9.7951],[142.9726,-9.7984],[142.9717,-9.8033],[142.9722,-9.8069],[142.9743,-9.8078],[142.9774,-9.805],[142.9753,-9.7973]]],[[[142.649,-9.7648],[142.6284,-9.7578],[142.622,-9.7726],[142.649,-9.7648]]],[[[143.2565,-9.7682],[143.2629,-9.7673],[143.2678,-9.7631],[143.2576,-9.765],[143.2547,-9.7676],[143.2565,-9.7682]]],[[[143.3196,-9.764],[143.3217,-9.7623],[143.3199,-9.7619],[143.3188,-9.763],[143.3196,-9.764]]],[[[143.4019,-9.7494],[143.398,-9.7539],[143.3987,-9.7564],[143.4007,-9.7573],[143.4237,-9.7502],[143.4061,-9.7482],[143.4019,-9.7494]]],[[[143.4404,-9.7478],[143.4445,-9.7447],[143.4527,-9.7333],[143.4481,-9.7369],[143.4404,-9.7478]]],[[[143.3585,-9.7156],[143.3622,-9.7156],[143.3665,-9.7126],[143.3622,-9.712],[143.3585,-9.7156]]],[[[143.4286,-9.6882],[143.4278,-9.6893],[143.4325,-9.6862],[143.4286,-9.6882]]],[[[143.5426,-9.5092],[143.5432,-9.5107],[143.5447,-9.5105],[143.549,-9.5087],[143.549,-9.5067],[143.5442,-9.5045],[143.5411,-9.5087],[143.5426,-9.5092]]],[[[148.3614,-19.9851],[148.3697,-19.9843],[148.3673,-19.9816],[148.364,-19.9814],[148.3603,-19.9823],[148.3614,-19.9851]]],[[[142.5282,-10.6856],[142.5298,-10.6825],[142.5278,-10.6803],[142.5263,-10.685],[142.5282,-10.6856]]],[[[141.9097,-10.6053],[141.9114,-10.6055],[141.912,-10.604],[141.9094,-10.6031],[141.9097,-10.6053]]],[[[142.3526,-10.5464],[142.3551,-10.5439],[142.3524,-10.5434],[142.3526,-10.5464]]],[[[143.0998,-10.5187],[143.098,-10.5198],[143.0999,-10.5202],[143.0998,-10.5187]]],[[[142.3625,-10.3682],[142.3637,-10.3693],[142.3647,-10.3676],[142.3622,-10.3654],[142.3625,-10.3682]]],[[[142.0499,-10.3668],[142.0564,-10.3625],[142.0605,-10.3629],[142.0621,-10.3611],[142.0623,-10.3549],[142.0579,-10.3551],[142.0559,-10.3528],[142.0552,-10.3581],[142.0524,-10.355],[142.0505,-10.3558],[142.0505,-10.3604],[142.0486,-10.3625],[142.0499,-10.3668]]],[[[142.2291,-10.3524],[142.2294,-10.3515],[142.2263,-10.351],[142.2291,-10.3524]]],[[[142.0768,-10.26],[142.0728,-10.2625],[142.0689,-10.2624],[142.069,-10.2653],[142.0722,-10.2655],[142.0746,-10.2676],[142.0789,-10.2664],[142.0787,-10.2642],[142.0766,-10.2629],[142.0768,-10.26]]],[[[142.828,-10.2552],[142.8322,-10.2539],[142.8267,-10.2543],[142.828,-10.2552]]],[[[142.0752,-10.2314],[142.0727,-10.2295],[142.077,-10.2355],[142.0791,-10.2413],[142.0814,-10.2375],[142.0793,-10.2363],[142.0777,-10.2322],[142.0752,-10.2314]]],[[[142.8179,-10.2089],[142.8205,-10.2112],[142.825,-10.2107],[142.8302,-10.2057],[142.8272,-10.2036],[142.822,-10.2045],[142.8179,-10.2089]]],[[[142.1172,-10.1891],[142.1169,-10.1923],[142.1186,-10.1938],[142.1186,-10.189],[142.1173,-10.1875],[142.1172,-10.1891]]],[[[142.5131,-10.1953],[142.5162,-10.1947],[142.5175,-10.193],[142.5158,-10.1872],[142.5112,-10.1837],[142.5041,-10.1838],[142.5119,-10.1884],[142.5119,-10.1938],[142.5131,-10.1953]]],[[[142.8224,-10.1453],[142.8157,-10.1465],[142.8201,-10.1469],[142.8227,-10.1464],[142.8224,-10.1453]]],[[[142.0748,-10.1175],[142.0737,-10.1163],[142.0743,-10.1187],[142.0748,-10.1175]]],[[[143.3191,-10.1077],[143.3216,-10.1051],[143.3186,-10.1058],[143.3178,-10.1075],[143.3191,-10.1077]]],[[[143.061,-10.0504],[143.0667,-10.0516],[143.0782,-10.0506],[143.0716,-10.0488],[143.061,-10.0504]]],[[[142.129,-10.0297],[142.1299,-10.0275],[142.1284,-10.0259],[142.129,-10.0297]]],[[[143.0275,-9.9971],[143.0306,-9.9984],[143.0321,-9.9973],[143.0263,-9.9955],[143.0275,-9.9971]]],[[[144.0358,-9.9516],[144.0387,-9.9528],[144.0373,-9.9489],[144.0415,-9.9475],[144.0368,-9.9464],[144.0351,-9.9492],[144.0358,-9.9516]]],[[[143.6622,-9.6129],[143.6633,-9.6124],[143.6612,-9.6118],[143.6622,-9.6129]]],[[[143.7757,-9.5756],[143.7574,-9.5823],[143.7612,-9.5991],[143.7831,-9.5872],[143.7757,-9.5756]]],[[[143.6532,-9.5692],[143.6554,-9.5662],[143.6511,-9.5683],[143.6532,-9.5692]]],[[[141.5746,-9.5154],[141.573,-9.5129],[141.5694,-9.5184],[141.5683,-9.5234],[141.5736,-9.5194],[141.5746,-9.5154]]],[[[142.5276,-9.4218],[142.5324,-9.4363],[142.552,-9.4208],[142.5276,-9.4218]]],[[[143.8759,-9.1437],[143.8775,-9.1429],[143.8742,-9.1425],[143.8759,-9.1437]]],[[[142.1256,-10.3629],[142.1231,-10.3706],[142.1255,-10.3726],[142.1266,-10.3764],[142.1252,-10.3786],[142.1275,-10.3795],[142.1265,-10.3814],[142.1282,-10.382],[142.1264,-10.3848],[142.1304,-10.3859],[142.1297,-10.3881],[142.1309,-10.3889],[142.1317,-10.3878],[142.1356,-10.3886],[142.1396,-10.3833],[142.142,-10.3751],[142.1386,-10.37],[142.138,-10.3625],[142.1352,-10.3616],[142.134,-10.3561],[142.128,-10.3563],[142.1259,-10.3552],[142.1263,-10.3588],[142.1239,-10.3605],[142.1256,-10.3629]]],[[[143.299,-9.6168],[143.3045,-9.6156],[143.3114,-9.6085],[143.307,-9.609],[143.2998,-9.6123],[143.2977,-9.6145],[143.299,-9.6168]]],[[[143.487,-9.5714],[143.4984,-9.5609],[143.4962,-9.5611],[143.487,-9.5714]]],[[[142.3185,-9.5639],[142.2583,-9.5539],[142.3067,-9.5743],[142.3185,-9.5639]]],[[[148.359,-19.7247],[148.3573,-19.725],[148.357,-19.7293],[148.3637,-19.7299],[148.3634,-19.7281],[148.3597,-19.7268],[148.359,-19.7247]]],[[[147.8981,-19.8528],[147.8995,-19.8511],[147.9029,-19.8519],[147.905,-19.8485],[147.9003,-19.8492],[147.8981,-19.8528]]],[[[142.3476,-10.5486],[142.3435,-10.5502],[142.3444,-10.5532],[142.3469,-10.5529],[142.3476,-10.5486]]],[[[142.3086,-10.5138],[142.2842,-10.5271],[142.3003,-10.5423],[142.3201,-10.5377],[142.3086,-10.5138]]],[[[142.0674,-10.2239],[142.0666,-10.2208],[142.066,-10.2224],[142.0674,-10.2239]]],[[[142.8353,-10.0359],[142.8576,-10.0531],[142.8678,-10.0408],[142.8482,-10.0174],[142.8266,-10.0237],[142.8353,-10.0359]]],[[[142.1602,-9.9558],[142.1626,-9.9586],[142.165,-9.9584],[142.1647,-9.9562],[142.1625,-9.9546],[142.1602,-9.9558]]],[[[143.3948,-9.9563],[143.3985,-9.9544],[143.3988,-9.9523],[143.3948,-9.9563]]],[[[144.022,-9.9426],[144.0241,-9.9473],[144.0269,-9.9471],[144.0302,-9.9493],[144.0317,-9.9479],[144.0281,-9.9427],[144.0211,-9.9403],[144.022,-9.9426]]],[[[142.17,-9.9414],[142.1728,-9.9424],[142.174,-9.9397],[142.1704,-9.9392],[142.17,-9.9414]]],[[[148.2777,-20.038],[148.2796,-20.0366],[148.2837,-20.0407],[148.2861,-20.0407],[148.2896,-20.0391],[148.291,-20.0367],[148.294,-20.037],[148.2942,-20.0318],[148.2902,-20.0337],[148.2848,-20.0336],[148.2818,-20.0299],[148.2856,-20.0271],[148.2826,-20.027],[148.279,-20.029],[148.2777,-20.038]]],[[[148.5542,-19.9972],[148.5573,-19.9948],[148.5601,-19.9888],[148.5543,-19.9945],[148.5542,-19.9972]]],[[[148.6253,-20.0162],[148.6266,-20.0196],[148.6267,-20.015],[148.6253,-20.0142],[148.6253,-20.0162]]],[[[142.1538,-10.5708],[142.159,-10.5693],[142.1691,-10.5577],[142.1709,-10.5572],[142.1719,-10.5543],[142.1674,-10.5544],[142.1546,-10.56],[142.1498,-10.5637],[142.147,-10.5634],[142.146,-10.5663],[142.1476,-10.5676],[142.1533,-10.5678],[142.1538,-10.5708]]],[[[142.4875,-10.2494],[142.488,-10.2468],[142.4905,-10.2445],[142.4892,-10.2424],[142.4873,-10.2433],[142.4862,-10.2461],[142.4774,-10.2479],[142.4741,-10.2514],[142.48,-10.2604],[142.4829,-10.2609],[142.4878,-10.2554],[142.4875,-10.2494]]],[[[142.4879,-10.2355],[142.4884,-10.2345],[142.4871,-10.2345],[142.4879,-10.2355]]],[[[142.0833,-10.2451],[142.0863,-10.2461],[142.0872,-10.2412],[142.084,-10.2408],[142.0833,-10.2451]]],[[[142.1495,-10.2042],[142.1464,-10.2004],[142.1448,-10.2047],[142.1418,-10.2051],[142.1422,-10.21],[142.1453,-10.212],[142.148,-10.2113],[142.1495,-10.2042]]],[[[142.167,-10.2001],[142.1694,-10.2021],[142.1708,-10.2002],[142.1674,-10.1982],[142.167,-10.2001]]],[[[142.5058,-10.1592],[142.5083,-10.1633],[142.5128,-10.1627],[142.5148,-10.1609],[142.513,-10.1554],[142.5091,-10.1573],[142.5023,-10.1567],[142.5058,-10.1592]]],[[[142.6747,-10.1684],[142.6795,-10.1724],[142.6806,-10.1718],[142.6769,-10.1675],[142.6734,-10.1664],[142.6747,-10.1684]]],[[[142.2103,-9.9576],[142.2119,-9.9574],[142.2096,-9.9545],[142.2105,-9.9534],[142.2086,-9.9523],[142.2103,-9.9576]]],[[[148.4786,-20.0018],[148.4452,-19.9739],[148.4445,-20.0444],[148.4747,-20.0497],[148.4786,-20.0018]]],[[[148.2974,-20.0827],[148.2997,-20.0807],[148.2985,-20.0802],[148.2974,-20.0827]]],[[[142.2162,-10.5222],[142.1804,-10.5609],[142.1952,-10.575],[142.2313,-10.5369],[142.2162,-10.5222]]],[[[142.2201,-10.571],[142.2094,-10.5886],[142.2333,-10.5757],[142.2201,-10.571]]],[[[142.165,-10.2259],[142.1689,-10.2282],[142.1727,-10.2257],[142.1728,-10.2241],[142.1686,-10.2198],[142.1693,-10.2153],[142.1724,-10.211],[142.1727,-10.2073],[142.168,-10.2089],[142.1663,-10.2133],[142.164,-10.2144],[142.1637,-10.222],[142.165,-10.2259]]],[[[142.155,-10.2273],[142.157,-10.2275],[142.1564,-10.2245],[142.1539,-10.2198],[142.1503,-10.2178],[142.1486,-10.2202],[142.1519,-10.2207],[142.1513,-10.2246],[142.155,-10.2273]]],[[[142.3263,-10.0799],[142.3248,-10.0809],[142.3301,-10.0845],[142.3263,-10.0799]]],[[[142.3573,-10.1161],[142.3605,-10.1183],[142.3597,-10.1151],[142.3575,-10.115],[142.3573,-10.1161]]],[[[142.0891,-10.0919],[142.091,-10.0901],[142.0891,-10.0901],[142.0891,-10.0919]]],[[[142.3442,-10.1055],[142.3459,-10.1053],[142.3446,-10.1044],[142.3442,-10.1055]]],[[[142.2103,-9.9616],[142.2111,-9.9596],[142.2096,-9.9608],[142.2103,-9.9616]]],[[[142.1334,-9.2692],[142.2723,-9.2898],[142.2949,-9.2627],[142.2426,-9.2589],[142.2219,-9.2293],[142.1334,-9.2692]]],[[[142.1578,-9.2437],[142.1882,-9.2316],[142.1644,-9.2239],[142.1578,-9.2437]]],[[[142.2347,-9.2254],[142.2403,-9.2336],[142.2424,-9.2347],[142.2487,-9.2358],[142.2516,-9.233],[142.2509,-9.2291],[142.2438,-9.2227],[142.2348,-9.2202],[142.2331,-9.2225],[142.2347,-9.2254]]],[[[142.1466,-9.2315],[142.1501,-9.2294],[142.1516,-9.2262],[142.1447,-9.2266],[142.145,-9.2313],[142.1466,-9.2315]]],[[[142.1476,-9.2258],[142.153,-9.2236],[142.1523,-9.2223],[142.1458,-9.2232],[142.1449,-9.2251],[142.1476,-9.2258]]],[[[142.1553,-9.2363],[142.1602,-9.2308],[142.1583,-9.2276],[142.1578,-9.2328],[142.1536,-9.2373],[142.1553,-9.2381],[142.1553,-9.2363]]],[[[142.1539,-9.2353],[142.1571,-9.2325],[142.1573,-9.2288],[142.1539,-9.2353]]],[[[142.1552,-9.2289],[142.1578,-9.226],[142.1548,-9.2261],[142.1552,-9.2289]]],[[[142.1604,-9.2291],[142.1609,-9.2267],[142.159,-9.226],[142.1604,-9.2291]]],[[[142.1522,-9.2314],[142.1536,-9.2289],[142.1526,-9.2278],[142.1522,-9.2314]]],[[[148.8837,-20.0601],[148.8981,-20.0504],[148.881,-20.037],[148.8837,-20.0601]]],[[[148.6008,-20.1479],[148.6006,-20.1528],[148.6051,-20.148],[148.6115,-20.1481],[148.6138,-20.1515],[148.6141,-20.1488],[148.6118,-20.1453],[148.6128,-20.1384],[148.6114,-20.137],[148.6066,-20.138],[148.6008,-20.1479]]],[[[148.6524,-20.1064],[148.6545,-20.0924],[148.652,-20.0928],[148.6455,-20.1003],[148.6481,-20.1028],[148.6478,-20.1053],[148.6524,-20.1064]]],[[[148.5457,-20.0595],[148.5451,-20.0577],[148.5418,-20.0565],[148.5371,-20.0601],[148.5358,-20.0654],[148.5451,-20.0633],[148.5422,-20.06],[148.5457,-20.0595]]],[[[148.5744,-20.1044],[148.5761,-20.1015],[148.5727,-20.0955],[148.5708,-20.0969],[148.5696,-20.1037],[148.5744,-20.1044]]],[[[148.6044,-20.0992],[148.6079,-20.0973],[148.6101,-20.099],[148.6126,-20.0942],[148.6072,-20.0937],[148.6029,-20.0973],[148.6044,-20.0992]]],[[[148.7162,-20.104],[148.7203,-20.1026],[148.7242,-20.1032],[148.7246,-20.102],[148.7162,-20.0999],[148.7162,-20.104]]],[[[148.3105,-20.1045],[148.3121,-20.1036],[148.3149,-20.1045],[148.3177,-20.1027],[148.3146,-20.1004],[148.3105,-20.1045]]],[[[148.7091,-20.1108],[148.7099,-20.1049],[148.7079,-20.1071],[148.7091,-20.1108]]],[[[148.8731,-20.0805],[148.8745,-20.0804],[148.8741,-20.079],[148.8713,-20.0792],[148.8731,-20.0805]]],[[[148.8731,-20.0606],[148.8745,-20.0596],[148.8736,-20.0585],[148.8731,-20.0606]]],[[[148.44,-20.0628],[148.4418,-20.0634],[148.4403,-20.0617],[148.44,-20.0628]]],[[[143.286,-9.9542],[143.2841,-9.9565],[143.285,-9.958],[143.294,-9.9518],[143.2941,-9.947],[143.286,-9.9542]]],[[[142.2649,-10.0753],[142.2657,-10.0739],[142.2642,-10.071],[142.2637,-10.075],[142.2649,-10.0753]]],[[[142.6895,-9.3765],[142.6446,-9.3652],[142.6005,-9.3858],[142.5978,-9.4076],[142.7073,-9.4283],[142.8009,-9.382],[142.7572,-9.3669],[142.6895,-9.3765]]],[[[142.6697,-9.3732],[142.7255,-9.3683],[142.6889,-9.3582],[142.6697,-9.3732]]],[[[142.6638,-9.3647],[142.6649,-9.3665],[142.6666,-9.3665],[142.6698,-9.3627],[142.664,-9.3615],[142.6623,-9.3629],[142.6638,-9.3647]]],[[[146.5798,-18.7653],[146.6096,-18.758],[146.6477,-18.7767],[146.6948,-18.7593],[146.6839,-18.7372],[146.6421,-18.7496],[146.6171,-18.7045],[146.5739,-18.6765],[146.5891,-18.712],[146.5666,-18.75],[146.5798,-18.7653]]],[[[146.8345,-19.1799],[146.8728,-19.1531],[146.883,-19.1115],[146.8325,-19.1048],[146.7813,-19.1238],[146.8345,-19.1799]]],[[[146.4854,-18.6167],[146.5001,-18.6336],[146.4913,-18.6674],[146.5081,-18.6228],[146.4843,-18.5674],[146.4854,-18.6167]]],[[[146.5164,-18.6815],[146.5198,-18.7151],[146.5269,-18.6724],[146.5062,-18.6589],[146.5164,-18.6815]]],[[[146.553,-18.6765],[146.5586,-18.6873],[146.5675,-18.6705],[146.545,-18.652],[146.553,-18.6765]]],[[[146.5039,-18.5464],[146.4913,-18.5381],[146.4882,-18.558],[146.5039,-18.5464]]],[[[146.543,-18.8371],[146.5311,-18.835],[146.5498,-18.8489],[146.543,-18.8371]]],[[[146.6015,-19.0371],[146.6091,-19.0348],[146.6165,-19.037],[146.6214,-19.0324],[146.6206,-19.0286],[146.6171,-19.0289],[146.6148,-19.0252],[146.6138,-19.0286],[146.6088,-19.0312],[146.6051,-19.0315],[146.6031,-19.0296],[146.6008,-19.0298],[146.598,-19.0352],[146.6007,-19.0354],[146.6015,-19.0371]]],[[[146.6325,-19.0241],[146.6336,-19.0267],[146.6304,-19.0296],[146.6292,-19.0332],[146.6318,-19.032],[146.6429,-19.0323],[146.6426,-19.0309],[146.6391,-19.0309],[146.6355,-19.0288],[146.6365,-19.0249],[146.6347,-19.0225],[146.6324,-19.0229],[146.6325,-19.0241]]],[[[146.5356,-18.7782],[146.5419,-18.7882],[146.5484,-18.789],[146.5418,-18.783],[146.5401,-18.7795],[146.5366,-18.7774],[146.5356,-18.7782]]],[[[146.5155,-18.7686],[146.5161,-18.7707],[146.5206,-18.774],[146.5224,-18.7705],[146.5205,-18.7667],[146.5163,-18.765],[146.5155,-18.7686]]],[[[146.5285,-18.7649],[146.5312,-18.7695],[146.5372,-18.7732],[146.5334,-18.7668],[146.5294,-18.7642],[146.5285,-18.7649]]],[[[146.6353,-18.9651],[146.6413,-18.9645],[146.6432,-18.9621],[146.6414,-18.9607],[146.6318,-18.9635],[146.6353,-18.9651]]],[[[146.5537,-18.7702],[146.5481,-18.7684],[146.5542,-18.7736],[146.5537,-18.7702]]],[[[147.3688,-19.3508],[147.3711,-19.3491],[147.3736,-19.3395],[147.3688,-19.3508]]],[[[146.6682,-18.7753],[146.6646,-18.7763],[146.6647,-18.7778],[146.6676,-18.7777],[146.6682,-18.7753]]],[[[146.5246,-18.8275],[146.5282,-18.8285],[146.527,-18.8266],[146.5246,-18.8275]]],[[[147.0642,-19.2466],[147.0617,-19.2458],[147.0626,-19.2477],[147.0642,-19.2466]]],[[[142.241,-10.5978],[142.266,-10.6421],[142.3265,-10.6129],[142.3063,-10.5706],[142.241,-10.5978]]],[[[142.1778,-10.5919],[142.145,-10.5962],[142.169,-10.6059],[142.1778,-10.5919]]],[[[142.1752,-9.9693],[142.1998,-9.9464],[142.1655,-9.95],[142.1752,-9.9693]]],[[[142.1592,-9.9463],[142.1654,-9.9473],[142.1598,-9.9411],[142.1563,-9.9414],[142.1562,-9.9447],[142.1592,-9.9463]]],[[[142.2112,-9.9515],[142.2126,-9.9509],[142.2118,-9.9465],[142.2117,-9.9485],[142.2087,-9.9508],[142.2112,-9.9515]]],[[[142.1747,-9.9459],[142.1754,-9.9447],[142.1737,-9.9435],[142.1729,-9.9449],[142.1747,-9.9459]]],[[[146.247,-18.2959],[146.1271,-18.2346],[146.0708,-18.2467],[146.1913,-18.3667],[146.2218,-18.4768],[146.3052,-18.4937],[146.3284,-18.4835],[146.3288,-18.4472],[146.3584,-18.4183],[146.3242,-18.4002],[146.3314,-18.3623],[146.2756,-18.3175],[146.3056,-18.2403],[146.2505,-18.2371],[146.2235,-18.1942],[146.2165,-18.2273],[146.247,-18.2959]]],[[[139.4847,-17.1184],[139.5187,-17.1231],[139.5227,-17.1027],[139.578,-17.0935],[139.5544,-17.0697],[139.5564,-17.0343],[139.4945,-16.9796],[139.5005,-17.0023],[139.4738,-17.0304],[139.4901,-17.0446],[139.4616,-17.0252],[139.4234,-17.0786],[139.3941,-17.083],[139.4346,-17.1394],[139.4299,-17.1043],[139.4808,-17.0846],[139.4847,-17.1184]]],[[[139.1371,-16.8046],[139.0939,-16.8134],[139.0947,-16.8431],[139.1505,-16.8242],[139.1371,-16.8046]]],[[[139.6047,-17.1382],[139.6398,-17.0776],[139.6294,-17.0624],[139.6146,-17.106],[139.5957,-17.112],[139.6047,-17.1382]]],[[[139.2321,-17.0241],[139.2074,-17.0033],[139.2147,-17.0364],[139.2657,-17.0583],[139.2321,-17.0241]]],[[[146.1724,-18.3683],[146.145,-18.3581],[146.1787,-18.4097],[146.1724,-18.3683]]],[[[146.1573,-18.1768],[146.1922,-18.1666],[146.1605,-18.1522],[146.1573,-18.1768]]],[[[146.1722,-17.9649],[146.1515,-17.9276],[146.1342,-17.9354],[146.1722,-17.9649]]],[[[146.1835,-18.4141],[146.1926,-18.4294],[146.1789,-18.373],[146.1835,-18.4141]]],[[[146.0046,-16.9253],[146.0049,-16.9239],[146.0002,-16.9223],[145.9908,-16.9253],[145.9888,-16.9312],[145.983,-16.9348],[145.9828,-16.9376],[145.9855,-16.9422],[145.988,-16.9435],[145.9924,-16.9426],[146.0003,-16.9367],[146.0046,-16.9253]]],[[[146.2088,-18.4607],[146.205,-18.4571],[146.1996,-18.4575],[146.1988,-18.4599],[146.1972,-18.4582],[146.1928,-18.4597],[146.1894,-18.467],[146.19,-18.4708],[146.1967,-18.473],[146.2061,-18.4718],[146.2083,-18.4681],[146.2088,-18.4607]]],[[[139.0614,-16.8893],[139.0462,-16.8853],[139.0768,-16.9051],[139.0614,-16.8893]]],[[[139.266,-16.9985],[139.2778,-16.9899],[139.2638,-16.9847],[139.266,-16.9985]]],[[[146.1786,-18.4109],[146.1715,-18.4071],[146.1684,-18.4074],[146.1676,-18.4144],[146.171,-18.4196],[146.1741,-18.4201],[146.1822,-18.4141],[146.1813,-18.4109],[146.1786,-18.4109]]],[[[146.1893,-18.4381],[146.1884,-18.4352],[146.1813,-18.4374],[146.1769,-18.4371],[146.1709,-18.4455],[146.1725,-18.4465],[146.186,-18.4432],[146.1893,-18.4381]]],[[[146.2268,-18.2776],[146.2256,-18.2774],[146.229,-18.2829],[146.2298,-18.2876],[146.2368,-18.2925],[146.2411,-18.2928],[146.2379,-18.2823],[146.2268,-18.2776]]],[[[146.1764,-18.4324],[146.1811,-18.4239],[146.1808,-18.4197],[146.1789,-18.4187],[146.1706,-18.4235],[146.1712,-18.4284],[146.1764,-18.4324]]],[[[139.0665,-16.8685],[139.0676,-16.865],[139.0664,-16.8621],[139.0632,-16.8606],[139.0656,-16.8639],[139.0634,-16.8639],[139.0579,-16.8697],[139.0589,-16.8768],[139.0645,-16.8738],[139.0668,-16.8708],[139.0665,-16.8685]]],[[[139.5495,-17.1292],[139.5538,-17.1291],[139.5537,-17.1247],[139.5607,-17.116],[139.5599,-17.1138],[139.556,-17.1159],[139.5536,-17.1137],[139.5522,-17.1145],[139.5527,-17.119],[139.5489,-17.1241],[139.5495,-17.1292]]],[[[146.1497,-18.0093],[146.151,-18.0098],[146.1527,-18.008],[146.1549,-18.0093],[146.1549,-18.0071],[146.1511,-18.0058],[146.1504,-18.0011],[146.1528,-17.9994],[146.1517,-17.9973],[146.1487,-17.9989],[146.1469,-17.9979],[146.1468,-17.9999],[146.1426,-18.0015],[146.1415,-18.0038],[146.1497,-18.0093]]],[[[139.3861,-17.0719],[139.3834,-17.0724],[139.3749,-17.0692],[139.3651,-17.0697],[139.3683,-17.0721],[139.3827,-17.075],[139.3918,-17.073],[139.3911,-17.0721],[139.3868,-17.0734],[139.3861,-17.0719]]],[[[146.0166,-17.156],[146.0103,-17.152],[146.0055,-17.1526],[146.0049,-17.1544],[146.0105,-17.1609],[146.0118,-17.165],[146.0129,-17.1645],[146.0125,-17.1606],[146.0166,-17.156]]],[[[146.1786,-18.4356],[146.1871,-18.4331],[146.187,-18.4304],[146.1844,-18.4273],[146.1823,-18.4263],[146.1799,-18.428],[146.1775,-18.4335],[146.1786,-18.4356]]],[[[139.15,-16.7567],[139.1456,-16.7569],[139.1422,-16.7554],[139.1398,-16.7593],[139.1399,-16.7623],[139.1444,-16.7633],[139.1485,-16.762],[139.1471,-16.7596],[139.1486,-16.7595],[139.15,-16.7567]]],[[[146.2782,-18.1402],[146.2825,-18.1423],[146.284,-18.1456],[146.2874,-18.1432],[146.2821,-18.1351],[146.2771,-18.1387],[146.2782,-18.1402]]],[[[146.1728,-18.0388],[146.1775,-18.0418],[146.1824,-18.0412],[146.1815,-18.0375],[146.1773,-18.0363],[146.1737,-18.0369],[146.1728,-18.0388]]],[[[139.2891,-16.7487],[139.2915,-16.7492],[139.2934,-16.7527],[139.2956,-16.7524],[139.2956,-16.7497],[139.2906,-16.7465],[139.289,-16.7432],[139.2891,-16.7487]]],[[[146.2023,-18.052],[146.2044,-18.0526],[146.2055,-18.0513],[146.2019,-18.0467],[146.1991,-18.0456],[146.1996,-18.05],[146.2023,-18.052]]],[[[146.1669,-18.029],[146.17,-18.0283],[146.1693,-18.0244],[146.1665,-18.023],[146.1636,-18.0268],[146.1669,-18.029]]],[[[145.6795,-16.7285],[145.6826,-16.7263],[145.6868,-16.7254],[145.6877,-16.7267],[145.6884,-16.7255],[145.686,-16.7224],[145.6833,-16.7249],[145.6794,-16.7252],[145.6795,-16.7285]]],[[[139.1897,-16.9905],[139.2032,-16.9955],[139.2002,-16.9926],[139.1897,-16.9905]]],[[[139.3704,-17.0005],[139.371,-17.0044],[139.3747,-17.0076],[139.3757,-17.007],[139.3704,-17.0005]]],[[[146.1567,-17.739],[146.1633,-17.7396],[146.1639,-17.7381],[146.1628,-17.7368],[146.1577,-17.7368],[146.1567,-17.739]]],[[[146.1333,-17.9822],[146.136,-17.9831],[146.1385,-17.9812],[146.1333,-17.9796],[146.1333,-17.9822]]],[[[146.093,-17.2287],[146.0931,-17.23],[146.0952,-17.2303],[146.0962,-17.2269],[146.0936,-17.2266],[146.0931,-17.2239],[146.0917,-17.2235],[146.093,-17.2287]]],[[[146.1777,-17.677],[146.1815,-17.6776],[146.1816,-17.6754],[146.1803,-17.6742],[146.1765,-17.675],[146.1777,-17.677]]],[[[139.1639,-16.7448],[139.1669,-16.7481],[139.1668,-16.7456],[139.1629,-16.7406],[139.1639,-16.7448]]],[[[139.1513,-16.7844],[139.1555,-16.7738],[139.1528,-16.7757],[139.1513,-16.7844]]],[[[146.1452,-18.1817],[146.1421,-18.1848],[146.1442,-18.1867],[146.1458,-18.1855],[146.1452,-18.1817]]],[[[146.3282,-18.3566],[146.3313,-18.356],[146.3284,-18.3532],[146.3267,-18.3552],[146.3282,-18.3566]]],[[[145.9731,-16.7603],[145.9774,-16.7598],[145.9715,-16.759],[145.9731,-16.7603]]],[[[139.362,-16.9557],[139.3648,-16.9569],[139.3636,-16.9527],[139.3619,-16.9533],[139.362,-16.9557]]],[[[146.3044,-18.1586],[146.3063,-18.1588],[146.3066,-18.157],[146.3047,-18.1555],[146.3025,-18.156],[146.3044,-18.1586]]],[[[146.1984,-18.0373],[146.2018,-18.0387],[146.2032,-18.0373],[146.2013,-18.0362],[146.1984,-18.0373]]],[[[146.1581,-17.6549],[146.1602,-17.6573],[146.1555,-17.6507],[146.1581,-17.6549]]],[[[146.1967,-18.0419],[146.1992,-18.0436],[146.1987,-18.0405],[146.1964,-18.0405],[146.1967,-18.0419]]],[[[146.2887,-18.1483],[146.2892,-18.1501],[146.2937,-18.1507],[146.2887,-18.1483]]],[[[139.3788,-17.0304],[139.3812,-17.0299],[139.3829,-17.0247],[139.3788,-17.0304]]],[[[146.1708,-17.6752],[146.1704,-17.6736],[146.1675,-17.6722],[146.1677,-17.6745],[146.1708,-17.6752]]],[[[146.0769,-17.2072],[146.0784,-17.2052],[146.0777,-17.204],[146.0749,-17.205],[146.0769,-17.2072]]],[[[146.0437,-17.527],[146.0461,-17.5276],[146.0475,-17.5255],[146.0437,-17.527]]],[[[145.8958,-16.8853],[145.8937,-16.8825],[145.8957,-16.8874],[145.8958,-16.8853]]],[[[146.1393,-17.956],[146.1419,-17.9559],[146.1422,-17.9532],[146.1393,-17.956]]],[[[146.0062,-16.9218],[146.0064,-16.9235],[146.0076,-16.9216],[146.0062,-16.9218]]],[[[139.1207,-16.8594],[139.1194,-16.8594],[139.1211,-16.8616],[139.1207,-16.8594]]],[[[146.0939,-17.2233],[146.095,-17.2225],[146.0939,-17.2212],[146.0939,-17.2233]]],[[[146.1595,-17.7463],[146.1605,-17.7453],[146.1596,-17.7445],[146.1595,-17.7463]]],[[[139.1397,-16.79],[139.1402,-16.7889],[139.1385,-16.7889],[139.1397,-16.79]]],[[[146.326,-18.2357],[146.3263,-18.2347],[146.325,-18.235],[146.326,-18.2357]]],[[[139.195,-16.6619],[139.1998,-16.7076],[139.2293,-16.7327],[139.3131,-16.7302],[139.3739,-16.6863],[139.3759,-16.642],[139.402,-16.6404],[139.4174,-16.6724],[139.4513,-16.6662],[139.4391,-16.6307],[139.4653,-16.6291],[139.4712,-16.5881],[139.4553,-16.5803],[139.4731,-16.5831],[139.4531,-16.5695],[139.4837,-16.556],[139.5063,-16.5778],[139.5143,-16.5451],[139.475,-16.5262],[139.5303,-16.5176],[139.5608,-16.4803],[139.5466,-16.4605],[139.5941,-16.5553],[139.6572,-16.5194],[139.7115,-16.5322],[139.7016,-16.4863],[139.6053,-16.4035],[139.5509,-16.3908],[139.4654,-16.4461],[139.3071,-16.4621],[139.2412,-16.5053],[139.2114,-16.5693],[139.1605,-16.6098],[139.1615,-16.6652],[139.195,-16.6619]]],[[[139.1827,-16.6984],[139.1796,-16.6718],[139.146,-16.6919],[139.1414,-16.7541],[139.1848,-16.7336],[139.1827,-16.6984]]],[[[144.2516,-14.1688],[144.2311,-14.1844],[144.283,-14.1964],[144.2733,-14.1589],[144.2516,-14.1688]]],[[[139.7258,-16.4947],[139.731,-16.455],[139.7177,-16.4501],[139.7012,-16.4753],[139.7258,-16.4947]]],[[[139.4561,-16.6735],[139.4458,-16.7064],[139.4777,-16.6794],[139.4561,-16.6735]]],[[[145.4457,-14.6679],[145.4716,-14.6868],[145.4575,-14.6471],[145.4457,-14.6679]]],[[[144.236,-14.1361],[144.2094,-14.1851],[144.2676,-14.1499],[144.236,-14.1361]]],[[[144.9567,-14.5071],[144.9578,-14.5071],[144.9569,-14.5039],[144.958,-14.5036],[144.9711,-14.5102],[144.9723,-14.5086],[144.9795,-14.5129],[144.9899,-14.5098],[144.9901,-14.5077],[144.9883,-14.5074],[144.988,-14.5054],[144.9896,-14.5048],[144.9888,-14.503],[144.9901,-14.5034],[144.9875,-14.499],[144.9803,-14.4936],[144.9771,-14.493],[144.9721,-14.4963],[144.9581,-14.4983],[144.9582,-14.4996],[144.9541,-14.4982],[144.9503,-14.4989],[144.9503,-14.5005],[144.9545,-14.5021],[144.9567,-14.5071]]],[[[139.8699,-16.6549],[139.8482,-16.6627],[139.8553,-16.6771],[139.8876,-16.6535],[139.8699,-16.6549]]],[[[144.2642,-14.2347],[144.2776,-14.2174],[144.2452,-14.2205],[144.2642,-14.2347]]],[[[144.3283,-14.0973],[144.3259,-14.0963],[144.3247,-14.0986],[144.328,-14.1037],[144.3305,-14.1048],[144.3371,-14.1012],[144.3406,-14.0939],[144.3406,-14.0895],[144.339,-14.0868],[144.3346,-14.0852],[144.331,-14.0863],[144.3303,-14.0893],[144.3323,-14.0866],[144.3356,-14.086],[144.3294,-14.0916],[144.3313,-14.0929],[144.3291,-14.0937],[144.3284,-14.0925],[144.3271,-14.0958],[144.3283,-14.0973]]],[[[144.2024,-14.2313],[144.2143,-14.2201],[144.2248,-14.2186],[144.2306,-14.2145],[144.2316,-14.211],[144.2288,-14.2061],[144.2262,-14.2052],[144.2223,-14.2061],[144.2177,-14.2165],[144.2093,-14.222],[144.2018,-14.2303],[144.2024,-14.2313]]],[[[143.3646,-12.8837],[143.3639,-12.8857],[143.3595,-12.8865],[143.3591,-12.8881],[143.3672,-12.8905],[143.3717,-12.8954],[143.3752,-12.8956],[143.3776,-12.8892],[143.3775,-12.8843],[143.3707,-12.8819],[143.3646,-12.8837]]],[[[144.8041,-14.434],[144.8087,-14.4383],[144.8138,-14.4381],[144.8152,-14.4366],[144.8136,-14.4345],[144.8159,-14.4358],[144.818,-14.4321],[144.8163,-14.4259],[144.8078,-14.4286],[144.8036,-14.4329],[144.8041,-14.434]]],[[[143.7194,-13.8714],[143.7231,-13.8675],[143.7225,-13.8627],[143.719,-13.8589],[143.716,-13.8592],[143.7135,-13.8632],[143.7137,-13.8669],[143.7169,-13.8706],[143.7186,-13.8701],[143.7194,-13.8714]]],[[[143.3955,-12.8839],[143.3964,-12.8896],[143.3934,-12.8951],[143.3956,-12.8968],[143.4007,-12.8969],[143.397,-12.8874],[143.4,-12.8794],[143.399,-12.8767],[143.3938,-12.8773],[143.3955,-12.8839]]],[[[143.5787,-13.1831],[143.5799,-13.1775],[143.5782,-13.1727],[143.575,-13.1767],[143.5742,-13.192],[143.5784,-13.1883],[143.5772,-13.1872],[143.5792,-13.1849],[143.5787,-13.1831]]],[[[143.3806,-12.8812],[143.3841,-12.8837],[143.391,-12.8821],[143.3915,-12.8809],[143.3886,-12.8774],[143.3842,-12.8768],[143.3796,-12.8771],[143.3806,-12.8812]]],[[[144.5282,-14.1209],[144.5316,-14.125],[144.5326,-14.1191],[144.5299,-14.1149],[144.5264,-14.1138],[144.5255,-14.112],[144.5237,-14.1199],[144.5277,-14.1208],[144.5293,-14.1188],[144.531,-14.1199],[144.5282,-14.1209]]],[[[145.4947,-16.2943],[145.4953,-16.2964],[145.5014,-16.2989],[145.5033,-16.3026],[145.5071,-16.304],[145.5063,-16.3007],[145.5026,-16.2989],[145.4995,-16.2929],[145.4925,-16.291],[145.4947,-16.2943]]],[[[139.2794,-16.269],[139.277,-16.2633],[139.2752,-16.2637],[139.2766,-16.2674],[139.2742,-16.2684],[139.2717,-16.2648],[139.2712,-16.2691],[139.2734,-16.2728],[139.2725,-16.2758],[139.2739,-16.276],[139.2778,-16.2692],[139.2803,-16.2694],[139.2825,-16.2645],[139.28,-16.2625],[139.279,-16.2636],[139.2815,-16.2649],[139.2794,-16.269]]],[[[144.9254,-14.6066],[144.9316,-14.6123],[144.9341,-14.6133],[144.9353,-14.6121],[144.9316,-14.6059],[144.9256,-14.6017],[144.9242,-14.603],[144.9254,-14.6066]]],[[[139.8288,-16.7034],[139.8394,-16.7006],[139.8402,-16.6986],[139.8317,-16.6971],[139.83,-16.7004],[139.8263,-16.7028],[139.8288,-16.7034]]],[[[145.2499,-14.6592],[145.2497,-14.6576],[145.2533,-14.6589],[145.2577,-14.656],[145.2575,-14.6526],[145.2551,-14.6499],[145.2504,-14.6504],[145.2492,-14.6518],[145.2495,-14.6568],[145.2506,-14.6551],[145.2551,-14.6537],[145.2565,-14.6548],[145.2535,-14.6575],[145.2494,-14.6571],[145.2484,-14.6582],[145.2499,-14.6592]]],[[[139.8069,-16.4968],[139.8136,-16.4913],[139.8028,-16.4868],[139.8026,-16.49],[139.8065,-16.4936],[139.8069,-16.4968]]],[[[145.5204,-14.8282],[145.5253,-14.8319],[145.5302,-14.8305],[145.529,-14.8271],[145.5213,-14.8249],[145.5183,-14.8273],[145.5204,-14.8282]]],[[[145.442,-14.6929],[145.4455,-14.6961],[145.4501,-14.6951],[145.4509,-14.6922],[145.4479,-14.6892],[145.4421,-14.6911],[145.442,-14.6929]]],[[[143.7504,-13.9387],[143.7533,-13.9409],[143.7556,-13.9382],[143.7577,-13.938],[143.7582,-13.9393],[143.7599,-13.9379],[143.7594,-13.9343],[143.7564,-13.9317],[143.7504,-13.9387]]],[[[145.3737,-15.0906],[145.3756,-15.0942],[145.3796,-15.0967],[145.3836,-15.096],[145.3853,-15.0941],[145.3839,-15.0922],[145.3737,-15.0906]]],[[[145.5075,-14.7447],[145.5076,-14.7466],[145.5149,-14.7493],[145.5159,-14.7454],[145.5147,-14.7436],[145.5099,-14.742],[145.5079,-14.7427],[145.5075,-14.7447]]],[[[144.9158,-14.5095],[144.9187,-14.5083],[144.9194,-14.5054],[144.9153,-14.5034],[144.9101,-14.5031],[144.9122,-14.5084],[144.9158,-14.5095]]],[[[144.9655,-14.5241],[144.9717,-14.5271],[144.9767,-14.5267],[144.981,-14.5234],[144.9655,-14.5241]]],[[[144.2672,-14.0574],[144.2685,-14.0538],[144.2678,-14.0512],[144.2619,-14.0505],[144.261,-14.0523],[144.2622,-14.0551],[144.2672,-14.0574]]],[[[144.9965,-14.5401],[144.9929,-14.5391],[144.9862,-14.5412],[144.9924,-14.5425],[144.9962,-14.5413],[144.9975,-14.5386],[144.9961,-14.5364],[144.9934,-14.5386],[144.9965,-14.5401]]],[[[143.7719,-14.2206],[143.7742,-14.2206],[143.7759,-14.223],[143.7792,-14.224],[143.7748,-14.2137],[143.7736,-14.2139],[143.7719,-14.2206]]],[[[143.6422,-13.7722],[143.6435,-13.7707],[143.6416,-13.7681],[143.636,-13.7743],[143.6405,-13.7752],[143.64,-13.7743],[143.6424,-13.7739],[143.6422,-13.7722]]],[[[143.6945,-13.6678],[143.693,-13.6661],[143.6881,-13.669],[143.6894,-13.6751],[143.6935,-13.6716],[143.6945,-13.6678]]],[[[144.7681,-14.508],[144.7677,-14.502],[144.7648,-14.501],[144.7624,-14.5044],[144.7642,-14.5068],[144.7665,-14.5064],[144.7686,-14.5088],[144.7681,-14.508]]],[[[144.8843,-14.5606],[144.8884,-14.5644],[144.8909,-14.5623],[144.8859,-14.558],[144.8838,-14.5583],[144.8843,-14.5606]]],[[[145.4574,-14.7024],[145.4556,-14.6995],[145.4515,-14.7007],[145.453,-14.7044],[145.4536,-14.7034],[145.4582,-14.7044],[145.4574,-14.7024]]],[[[145.1966,-14.7342],[145.1993,-14.7369],[145.2056,-14.7368],[145.2015,-14.7334],[145.1987,-14.7344],[145.1959,-14.7332],[145.1966,-14.7342]]],[[[144.7079,-14.5575],[144.7124,-14.5595],[144.714,-14.5577],[144.713,-14.556],[144.7067,-14.5545],[144.7059,-14.5556],[144.7079,-14.5575]]],[[[145.443,-15.7492],[145.4431,-15.7503],[145.4441,-15.7495],[145.4445,-15.7535],[145.4458,-15.7536],[145.4459,-15.7476],[145.4432,-15.7445],[145.4421,-15.7457],[145.443,-15.7492]]],[[[145.4244,-15.112],[145.4265,-15.1187],[145.4278,-15.1143],[145.4244,-15.112]]],[[[143.3679,-12.8787],[143.3698,-12.8808],[143.3751,-12.8815],[143.3686,-12.8767],[143.3679,-12.8787]]],[[[141.5903,-14.165],[141.5896,-14.1633],[141.5881,-14.1633],[141.5898,-14.1716],[141.5919,-14.1741],[141.5935,-14.1735],[141.59,-14.1695],[141.5903,-14.165]]],[[[139.4721,-16.5622],[139.4713,-16.5645],[139.4694,-16.5648],[139.4729,-16.5674],[139.4753,-16.5637],[139.4721,-16.5622]]],[[[145.5701,-16.39],[145.5717,-16.3872],[145.5687,-16.3843],[145.5676,-16.3871],[145.5701,-16.39]]],[[[139.4756,-16.6048],[139.4699,-16.6048],[139.4777,-16.608],[139.4783,-16.6046],[139.4756,-16.6048]]],[[[139.4561,-16.6669],[139.457,-16.6679],[139.4586,-16.6658],[139.4548,-16.6624],[139.4538,-16.6648],[139.4561,-16.6669]]],[[[145.4174,-15.1107],[145.4206,-15.1138],[145.4234,-15.1125],[145.4187,-15.1101],[145.4174,-15.1107]]],[[[145.4357,-15.0196],[145.4375,-15.021],[145.4423,-15.0202],[145.4378,-15.0184],[145.4357,-15.0196]]],[[[145.1889,-14.7357],[145.1897,-14.7351],[145.1871,-14.7328],[145.1838,-14.7328],[145.1854,-14.7355],[145.1889,-14.7357]]],[[[145.4751,-14.8581],[145.4789,-14.8609],[145.4806,-14.8602],[145.4774,-14.8563],[145.4751,-14.8581]]],[[[145.5584,-16.3835],[145.559,-16.3846],[145.5621,-16.3841],[145.5628,-16.3817],[145.5584,-16.3835]]],[[[144.2538,-14.0719],[144.2558,-14.0739],[144.2581,-14.0735],[144.2563,-14.0709],[144.2539,-14.0708],[144.2538,-14.0719]]],[[[144.2496,-14.2111],[144.2524,-14.2119],[144.2529,-14.2105],[144.2515,-14.2089],[144.2491,-14.2091],[144.2479,-14.2101],[144.2496,-14.2111]]],[[[144.8787,-14.4183],[144.8808,-14.4185],[144.882,-14.4157],[144.8785,-14.4163],[144.8787,-14.4183]]],[[[144.8909,-14.4637],[144.895,-14.4662],[144.8925,-14.4623],[144.8909,-14.4637]]],[[[145.2034,-14.7055],[145.206,-14.7044],[145.2018,-14.7031],[145.2034,-14.7055]]],[[[144.3556,-14.2523],[144.3519,-14.2535],[144.3518,-14.2558],[144.3556,-14.2523]]],[[[143.7918,-14.2264],[143.7957,-14.2261],[143.7955,-14.2239],[143.7911,-14.2256],[143.7918,-14.2264]]],[[[145.3766,-14.6987],[145.3809,-14.6951],[145.3755,-14.6969],[145.3766,-14.6987]]],[[[143.7177,-13.6547],[143.7194,-13.6555],[143.7217,-13.6534],[143.7177,-13.6533],[143.7177,-13.6547]]],[[[143.7214,-13.4954],[143.7245,-13.4916],[143.7217,-13.4933],[143.7214,-13.4954]]],[[[144.648,-14.3447],[144.6503,-14.3451],[144.6465,-14.3422],[144.648,-14.3447]]],[[[145.4477,-15.0257],[145.4484,-15.023],[145.4468,-15.0218],[145.4477,-15.0257]]],[[[143.8334,-13.9089],[143.8361,-13.9118],[143.8352,-13.9084],[143.8334,-13.9089]]],[[[144.2563,-14.0752],[144.2541,-14.0753],[144.2538,-14.0766],[144.2565,-14.0782],[144.2563,-14.0752]]],[[[143.5458,-12.8875],[143.5484,-12.8848],[143.5465,-12.8845],[143.5458,-12.8875]]],[[[144.0058,-14.1261],[144.0076,-14.125],[144.0069,-14.1233],[144.005,-14.1244],[144.0058,-14.1261]]],[[[144.8675,-14.5464],[144.8676,-14.5484],[144.8705,-14.5477],[144.8675,-14.5464]]],[[[144.3572,-14.2737],[144.3586,-14.2721],[144.357,-14.2705],[144.3572,-14.2737]]],[[[143.5979,-13.2745],[143.5962,-13.2747],[143.5977,-13.2771],[143.5979,-13.2745]]],[[[139.2548,-16.2304],[139.2539,-16.2292],[139.2526,-16.23],[139.2541,-16.2326],[139.2548,-16.2304]]],[[[145.3344,-15.6074],[145.3369,-15.6063],[145.3352,-15.6057],[145.3344,-15.6074]]],[[[144.6969,-14.4748],[144.6987,-14.4732],[144.6958,-14.473],[144.6969,-14.4748]]],[[[143.603,-12.8857],[143.6049,-12.8875],[143.6038,-12.8845],[143.603,-12.8857]]],[[[144.6531,-14.347],[144.6523,-14.3446],[144.6511,-14.3448],[144.6531,-14.347]]],[[[143.6941,-13.3691],[143.6954,-13.3687],[143.6947,-13.3672],[143.6934,-13.368],[143.6941,-13.3691]]],[[[144.8814,-14.1987],[144.8848,-14.198],[144.8818,-14.1976],[144.8814,-14.1987]]],[[[145.1924,-14.7146],[145.1946,-14.7141],[145.1944,-14.713],[145.1931,-14.7128],[145.1924,-14.7146]]],[[[143.5971,-12.8856],[143.5983,-12.8833],[143.5962,-12.8845],[143.5971,-12.8856]]],[[[144.5765,-14.2333],[144.578,-14.2314],[144.5763,-14.2319],[144.5765,-14.2333]]],[[[144.9059,-14.5531],[144.9079,-14.5555],[144.9078,-14.5536],[144.9059,-14.5531]]],[[[144.85,-14.3195],[144.8521,-14.3188],[144.8489,-14.3188],[144.85,-14.3195]]],[[[143.6129,-12.9856],[143.6132,-12.9842],[143.611,-12.9853],[143.6129,-12.9856]]],[[[143.6169,-12.9851],[143.6158,-12.9848],[143.617,-12.9875],[143.6169,-12.9851]]],[[[143.8358,-13.957],[143.8369,-13.956],[143.8353,-13.956],[143.8358,-13.957]]],[[[145.3048,-15.1329],[145.3058,-15.1328],[145.3036,-15.132],[145.3048,-15.1329]]],[[[142.3149,-10.2171],[142.3441,-10.169],[142.3255,-10.1351],[142.2679,-10.1159],[142.2198,-10.1288],[142.2108,-10.1708],[142.186,-10.1904],[142.216,-10.2379],[142.2768,-10.2597],[142.3149,-10.2171]]],[[[142.1194,-10.1493],[142.1343,-10.1788],[142.1637,-10.1815],[142.1872,-10.1517],[142.1819,-10.0593],[142.1136,-10.0689],[142.0851,-10.1134],[142.1194,-10.1493]]],[[[142.1964,-10.5942],[142.1102,-10.6627],[142.1142,-10.7221],[142.1501,-10.7649],[142.1779,-10.7709],[142.2069,-10.7264],[142.2274,-10.7207],[142.2302,-10.7394],[142.2429,-10.7111],[142.2648,-10.7272],[142.2774,-10.7065],[142.1964,-10.5942]]],[[[142.7014,-10.9427],[142.6902,-10.9201],[142.6519,-10.9148],[142.6923,-10.9586],[142.7014,-10.9427]]],[[[142.6038,-10.7361],[142.6224,-10.7461],[142.615,-10.7209],[142.5844,-10.7144],[142.6038,-10.7361]]],[[[142.2857,-10.7243],[142.305,-10.7242],[142.2951,-10.7017],[142.2857,-10.7243]]],[[[142.385,-10.7475],[142.3861,-10.7503],[142.399,-10.7355],[142.4066,-10.7217],[142.4083,-10.7144],[142.4107,-10.7126],[142.4075,-10.7089],[142.4058,-10.7082],[142.3985,-10.7108],[142.3966,-10.7092],[142.3897,-10.718],[142.3932,-10.7224],[142.3934,-10.7304],[142.3907,-10.7365],[142.3861,-10.7398],[142.3833,-10.7445],[142.385,-10.7475]]],[[[142.638,-10.9162],[142.634,-10.9142],[142.6249,-10.9146],[142.621,-10.9181],[142.6209,-10.9222],[142.6227,-10.9245],[142.6286,-10.9247],[142.6353,-10.927],[142.6391,-10.9217],[142.6371,-10.9186],[142.638,-10.9162]]],[[[142.1006,-10.9878],[142.1161,-10.9951],[142.1004,-10.9854],[142.1116,-10.9678],[142.1006,-10.9878]]],[[[143.389,-12.8723],[143.3926,-12.8762],[143.3967,-12.8759],[143.4001,-12.8729],[143.4009,-12.8693],[143.3977,-12.8651],[143.3893,-12.8654],[143.389,-12.8723]]],[[[143.2664,-11.9879],[143.2678,-11.9901],[143.2704,-11.9905],[143.2743,-11.989],[143.2758,-11.9867],[143.2681,-11.976],[143.263,-11.9749],[143.2621,-11.976],[143.2645,-11.9792],[143.2646,-11.9843],[143.2664,-11.9879]]],[[[143.3848,-12.8652],[143.3771,-12.8696],[143.3783,-12.8738],[143.383,-12.8749],[143.3881,-12.8736],[143.3877,-12.8662],[143.3848,-12.8652]]],[[[143.0836,-11.7659],[143.0812,-11.7668],[143.0841,-11.7674],[143.0895,-11.7726],[143.0952,-11.7747],[143.0962,-11.7709],[143.0935,-11.7672],[143.0908,-11.7658],[143.0836,-11.7659]]],[[[143.4094,-12.2865],[143.4067,-12.2877],[143.4036,-12.2867],[143.4073,-12.2925],[143.4104,-12.2909],[143.4127,-12.2926],[143.4159,-12.2908],[143.4137,-12.2833],[143.41,-12.2829],[143.4094,-12.2865]]],[[[143.4853,-11.9202],[143.483,-11.9136],[143.477,-11.9151],[143.476,-11.9199],[143.4782,-11.9217],[143.4856,-11.9218],[143.4853,-11.9202]]],[[[143.4025,-12.76],[143.4014,-12.756],[143.3976,-12.7539],[143.3973,-12.7602],[143.4009,-12.7678],[143.4031,-12.7661],[143.4019,-12.7637],[143.4025,-12.76]]],[[[143.4979,-12.5277],[143.5019,-12.5269],[143.4882,-12.5256],[143.4752,-12.5205],[143.4565,-12.5068],[143.4548,-12.5036],[143.4544,-12.5044],[143.4553,-12.5071],[143.4616,-12.5127],[143.4734,-12.5205],[143.4901,-12.5266],[143.4979,-12.5277]]],[[[143.4642,-11.9044],[143.4712,-11.9066],[143.471,-11.9036],[143.4726,-11.9027],[143.4707,-11.898],[143.4665,-11.9007],[143.4642,-11.9044]]],[[[143.2441,-11.9894],[143.2475,-11.9908],[143.2475,-11.9949],[143.252,-11.9962],[143.251,-11.9899],[143.2473,-11.9851],[143.2447,-11.9858],[143.2441,-11.9894]]],[[[142.2256,-10.7399],[142.2239,-10.7371],[142.2202,-10.7393],[142.2205,-10.7438],[142.2241,-10.7476],[142.2266,-10.745],[142.2256,-10.7399]]],[[[142.3704,-10.7672],[142.3767,-10.7596],[142.3761,-10.7564],[142.3697,-10.7614],[142.3704,-10.7672]]],[[[143.3033,-12.0393],[143.303,-12.0367],[143.2989,-12.0361],[143.2955,-12.0418],[143.3002,-12.043],[143.3025,-12.0418],[143.3033,-12.0393]]],[[[143.4449,-12.6241],[143.4502,-12.6208],[143.4485,-12.6143],[143.4436,-12.6177],[143.445,-12.6192],[143.4449,-12.6241]]],[[[142.3489,-10.7087],[142.3537,-10.7048],[142.3577,-10.6978],[142.3493,-10.7031],[142.3476,-10.7066],[142.3489,-10.7087]]],[[[142.3539,-10.847],[142.3574,-10.8448],[142.36,-10.8462],[142.3643,-10.8445],[142.3647,-10.8424],[142.359,-10.8436],[142.3551,-10.8423],[142.3535,-10.8446],[142.3539,-10.847]]],[[[143.0155,-11.1714],[143.0156,-11.1731],[143.0183,-11.1731],[143.0198,-11.1709],[143.0118,-11.1663],[143.0112,-11.168],[143.0155,-11.1714]]],[[[142.4147,-10.7229],[142.4127,-10.7231],[142.4112,-10.726],[142.4127,-10.7286],[142.4157,-10.7274],[142.4162,-10.7248],[142.4147,-10.7229]]],[[[143.4498,-12.4981],[143.4345,-12.4825],[143.4339,-12.4842],[143.4416,-12.4905],[143.445,-12.4952],[143.4498,-12.4981]]],[[[144.0318,-11.5908],[144.0386,-11.5926],[144.0348,-11.5882],[144.0326,-11.5886],[144.0318,-11.5908]]],[[[143.2871,-11.9745],[143.2904,-11.9716],[143.2867,-11.9685],[143.2848,-11.97],[143.2871,-11.9745]]],[[[143.0196,-11.4879],[143.024,-11.4869],[143.0295,-11.4882],[143.0222,-11.4843],[143.0191,-11.4866],[143.0196,-11.4879]]],[[[142.6227,-10.7221],[142.6252,-10.7239],[142.626,-10.7199],[142.6217,-10.7182],[142.6227,-10.7221]]],[[[143.4039,-12.2949],[143.4007,-12.2972],[143.4015,-12.2996],[143.4051,-12.2978],[143.4049,-12.294],[143.4039,-12.2949]]],[[[142.0327,-10.8855],[142.037,-10.8819],[142.0346,-10.8798],[142.0327,-10.8807],[142.0327,-10.8855]]],[[[143.2093,-11.9283],[143.2077,-11.9287],[143.208,-11.9307],[143.2118,-11.9312],[143.2113,-11.9276],[143.2093,-11.9283]]],[[[142.5562,-10.7098],[142.5598,-10.7109],[142.5601,-10.7097],[142.5564,-10.7077],[142.5532,-10.7084],[142.5562,-10.7098]]],[[[142.9193,-11.2402],[142.9202,-11.2431],[142.9274,-11.2425],[142.9329,-11.248],[142.9273,-11.242],[142.9233,-11.2428],[142.9225,-11.2403],[142.9193,-11.2402]]],[[[142.38,-10.7049],[142.3845,-10.7018],[142.3839,-10.7003],[142.381,-10.7013],[142.38,-10.7049]]],[[[143.4161,-12.2942],[143.4196,-12.2967],[143.4182,-12.2927],[143.4167,-12.2924],[143.4161,-12.2942]]],[[[143.1792,-11.7013],[143.181,-11.7049],[143.1821,-11.7024],[143.1806,-11.699],[143.1792,-11.7013]]],[[[142.3435,-10.7173],[142.3449,-10.7166],[142.3441,-10.7132],[142.342,-10.7145],[142.3435,-10.7173]]],[[[143.2402,-11.9959],[143.2443,-11.997],[143.2412,-11.9941],[143.2402,-11.9959]]],[[[142.4078,-10.7437],[142.4116,-10.7394],[142.411,-10.7378],[142.4078,-10.7437]]],[[[142.3182,-10.8393],[142.3163,-10.8405],[142.3165,-10.8423],[142.3195,-10.8388],[142.319,-10.8357],[142.3182,-10.8393]]],[[[142.3856,-10.7684],[142.3874,-10.7686],[142.387,-10.7659],[142.3846,-10.7668],[142.3856,-10.7684]]],[[[143.3144,-11.8379],[143.317,-11.8374],[143.3162,-11.8356],[143.3143,-11.8364],[143.3144,-11.8379]]],[[[143.0284,-11.3793],[143.0302,-11.3793],[143.0275,-11.3768],[143.0284,-11.3793]]],[[[142.9376,-11.5925],[142.9424,-11.5913],[142.9463,-11.5928],[142.9428,-11.5908],[142.9376,-11.5925]]],[[[143.0187,-11.1114],[143.0226,-11.1093],[143.0172,-11.1091],[143.0187,-11.1114]]],[[[142.025,-10.8482],[142.0237,-10.8512],[142.0258,-10.8503],[142.025,-10.8482]]],[[[142.9309,-11.5923],[142.9327,-11.5924],[142.9348,-11.5903],[142.9313,-11.5908],[142.9309,-11.5923]]],[[[143.2808,-11.8598],[143.2832,-11.8562],[143.281,-11.8564],[143.2808,-11.8598]]],[[[142.9916,-11.0079],[142.992,-11.0093],[142.9947,-11.0082],[142.9915,-11.0067],[142.9916,-11.0079]]],[[[142.5968,-10.71],[142.5966,-10.7066],[142.5956,-10.7092],[142.5968,-10.71]]],[[[143.0339,-11.4501],[143.0348,-11.4463],[143.0332,-11.4486],[143.0339,-11.4501]]],[[[143.2521,-11.9701],[143.2553,-11.9702],[143.2525,-11.9685],[143.2521,-11.9701]]],[[[143.4166,-12.591],[143.4179,-12.5889],[143.4165,-12.5885],[143.4154,-12.5901],[143.4166,-12.591]]],[[[143.0384,-11.1937],[143.0393,-11.1963],[143.0427,-11.1959],[143.0384,-11.1937]]],[[[142.6948,-10.8894],[142.6956,-10.8876],[142.6943,-10.8864],[142.692,-10.8871],[142.6939,-10.8871],[142.6948,-10.8894]]],[[[143.0575,-11.3731],[143.0607,-11.3767],[143.0587,-11.3724],[143.0571,-11.372],[143.0575,-11.3731]]],[[[143.3953,-12.7503],[143.3968,-12.7493],[143.3959,-12.7481],[143.3947,-12.7487],[143.3953,-12.7503]]],[[[143.2255,-12.2439],[143.2279,-12.2449],[143.2278,-12.2435],[143.2255,-12.2439]]],[[[142.9921,-11.2383],[142.9929,-11.2361],[142.9906,-11.2368],[142.9921,-11.2383]]],[[[142.9652,-11.3809],[142.9678,-11.382],[142.9679,-11.3841],[142.9677,-11.3806],[142.9652,-11.3809]]],[[[143.107,-11.8915],[143.1086,-11.8896],[143.1076,-11.888],[143.107,-11.8915]]],[[[143.4052,-12.7596],[143.4055,-12.7569],[143.404,-12.7586],[143.4052,-12.7596]]],[[[142.9883,-11.7261],[142.9911,-11.7301],[142.9876,-11.7249],[142.9883,-11.7261]]],[[[143.267,-11.9515],[143.2687,-11.9503],[143.2666,-11.9498],[143.267,-11.9515]]],[[[143.3023,-11.8468],[143.3009,-11.8468],[143.3008,-11.8485],[143.3023,-11.8468]]],[[[143.2179,-11.9852],[143.2192,-11.9844],[143.2166,-11.9835],[143.2179,-11.9852]]],[[[142.2553,-10.7371],[142.2554,-10.7348],[142.2541,-10.736],[142.2553,-10.7371]]],[[[142.8978,-11.588],[142.9002,-11.5881],[142.9004,-11.5903],[142.9014,-11.59],[142.9005,-11.5878],[142.8978,-11.588]]],[[[143.0306,-11.4811],[143.0311,-11.4793],[143.0297,-11.4793],[143.0306,-11.4811]]],[[[142.7596,-10.9975],[142.7601,-10.9967],[142.7582,-10.9982],[142.7596,-10.9993],[142.7596,-10.9975]]],[[[141.8936,-11.9998],[141.8947,-11.9987],[141.8931,-11.9986],[141.8936,-11.9998]]],[[[143.3043,-11.8504],[143.3056,-11.8498],[143.3051,-11.8487],[143.3043,-11.8504]]],[[[142.4923,-10.6961],[142.4927,-10.6943],[142.4917,-10.6942],[142.4923,-10.6961]]],[[[142.9925,-11.7375],[142.9932,-11.7386],[142.9927,-11.7362],[142.9925,-11.7375]]],[[[142.7556,-11.0253],[142.7565,-11.0246],[142.7545,-11.0242],[142.7556,-11.0253]]],[[[143.4887,-12.4045],[143.4895,-12.4056],[143.4896,-12.4033],[143.4887,-12.4045]]],[[[151.2776,-23.6769],[151.2256,-23.6095],[151.2352,-23.4836],[151.1834,-23.5413],[151.2024,-23.5121],[151.0727,-23.4883],[151.0809,-23.4666],[151.057,-23.4477],[151.0171,-23.4523],[151.0121,-23.4753],[150.9777,-23.4883],[151.0477,-23.6229],[151.1298,-23.6692],[151.2155,-23.797],[151.2452,-23.7941],[151.2621,-23.7491],[151.2846,-23.7973],[151.2903,-23.7617],[151.3149,-23.7606],[151.2776,-23.6769]]],[[[148.9532,-20.2506],[148.9127,-20.2909],[148.929,-20.2862],[148.9376,-20.3071],[148.9749,-20.2688],[148.9499,-20.303],[148.9632,-20.3287],[148.9866,-20.3225],[148.9903,-20.3007],[149.0221,-20.3214],[149.0631,-20.2942],[149.0253,-20.2554],[149.015,-20.2697],[149.0259,-20.2349],[148.9916,-20.2504],[148.9969,-20.2053],[148.9762,-20.2052],[148.9789,-20.1635],[148.9641,-20.1558],[148.938,-20.2372],[148.9585,-20.2276],[148.9532,-20.2506]]],[[[149.8618,-22.1697],[149.8791,-22.2037],[149.8662,-22.222],[149.898,-22.2343],[149.93,-22.1337],[149.9077,-22.0528],[149.8816,-22.0679],[149.8618,-22.1697]]],[[[150.4721,-22.2859],[150.4629,-22.3008],[150.5,-22.3031],[150.4785,-22.3206],[150.4856,-22.35],[150.5608,-22.295],[150.5349,-22.2754],[150.5197,-22.225],[150.4894,-22.2066],[150.4702,-22.2216],[150.4958,-22.2352],[150.4783,-22.2554],[150.5005,-22.2696],[150.4755,-22.2611],[150.4721,-22.2859]]],[[[148.9486,-20.0835],[148.9682,-20.0702],[148.9594,-20.0598],[148.9264,-20.0817],[148.9227,-20.0621],[148.9068,-20.0713],[148.9116,-20.1004],[148.8843,-20.1227],[148.8876,-20.1691],[148.9156,-20.1234],[148.9022,-20.1661],[148.9151,-20.1742],[148.93,-20.1327],[148.9316,-20.1782],[148.9513,-20.1565],[148.9366,-20.1071],[148.9454,-20.0937],[148.9573,-20.1062],[148.9486,-20.0835]]],[[[151.3642,-23.8587],[151.3739,-23.881],[151.3942,-23.8646],[151.3325,-23.754],[151.328,-23.798],[151.3382,-23.8261],[151.3607,-23.824],[151.3642,-23.8587]]],[[[150.0139,-22.1056],[149.9366,-22.1451],[149.9444,-22.1719],[150.0207,-22.1269],[150.0135,-22.1099],[150.0403,-22.112],[150.0139,-22.1056]]],[[[150.2478,-21.6764],[150.302,-21.6649],[150.2475,-21.6189],[150.2478,-21.6764]]],[[[149.0669,-20.526],[149.082,-20.4843],[149.1047,-20.4812],[149.0833,-20.435],[149.0654,-20.5021],[149.0365,-20.5037],[149.0669,-20.526]]],[[[150.9397,-23.1978],[150.9881,-23.1923],[150.9755,-23.1488],[150.9328,-23.1677],[150.9397,-23.1978]]],[[[150.3585,-21.7335],[150.3621,-21.7177],[150.3398,-21.7413],[150.2995,-21.7455],[150.332,-21.7717],[150.3585,-21.7335]]],[[[150.4215,-22.2945],[150.4634,-22.2592],[150.464,-22.2252],[150.4398,-22.2326],[150.4215,-22.2945]]],[[[149.6237,-20.857],[149.6035,-20.8465],[149.6057,-20.865],[149.5783,-20.8704],[149.6166,-20.8845],[149.6237,-20.857]]],[[[149.4343,-20.9304],[149.4265,-20.9455],[149.4552,-20.9288],[149.4526,-20.9058],[149.4245,-20.9077],[149.4343,-20.9304]]],[[[148.8507,-20.3442],[148.8541,-20.316],[148.8517,-20.3816],[148.8742,-20.3947],[148.8507,-20.3442]]],[[[149.0943,-20.2709],[149.0756,-20.2702],[149.0752,-20.3012],[149.0941,-20.2997],[149.1033,-20.2505],[149.0943,-20.2709]]],[[[148.961,-20.3481],[148.947,-20.3322],[148.9531,-20.3768],[148.9822,-20.3482],[148.961,-20.3481]]],[[[149.0292,-20.4514],[149.0646,-20.453],[149.0335,-20.4299],[149.0292,-20.4514]]],[[[149.3953,-20.9196],[149.4231,-20.9251],[149.4142,-20.8968],[149.3859,-20.9041],[149.3953,-20.9196]]],[[[150.1854,-21.9788],[150.1516,-21.9714],[150.1688,-22.0041],[150.1854,-21.9788]]],[[[149.2757,-20.7913],[149.3014,-20.7979],[149.2849,-20.7717],[149.2757,-20.7913]]],[[[150.9066,-23.0852],[150.8921,-23.0545],[150.8846,-23.0774],[150.9066,-23.0852]]],[[[149.6839,-21.3281],[149.6942,-21.3131],[149.6679,-21.3016],[149.6839,-21.3281]]],[[[149.8012,-21.5938],[149.7811,-21.6131],[149.8188,-21.6068],[149.8012,-21.5938]]],[[[148.897,-20.8516],[148.9153,-20.8536],[148.9024,-20.8268],[148.897,-20.8516]]],[[[149.2819,-20.8028],[149.2493,-20.8059],[149.2659,-20.8234],[149.2883,-20.8182],[149.2819,-20.8028]]],[[[148.8467,-20.2706],[148.8302,-20.2558],[148.8268,-20.2852],[148.8467,-20.2706]]],[[[149.9139,-22.2297],[149.9129,-22.2272],[149.9098,-22.2288],[149.8981,-22.2464],[149.8962,-22.2506],[149.8963,-22.2544],[149.8986,-22.2602],[149.901,-22.2585],[149.9078,-22.2578],[149.9113,-22.2535],[149.9156,-22.2378],[149.9139,-22.2297]]],[[[149.1476,-20.6857],[149.1385,-20.6947],[149.1565,-20.6744],[149.1667,-20.6833],[149.1627,-20.6641],[149.1476,-20.6857]]],[[[149.4796,-21.8334],[149.4975,-21.8214],[149.4696,-21.821],[149.4796,-21.8334]]],[[[148.9364,-20.3635],[148.9278,-20.3373],[148.9404,-20.3808],[148.9364,-20.3635]]],[[[149.8461,-22.0077],[149.8501,-22.0119],[149.8561,-22.0113],[149.8618,-22.013],[149.8634,-22.0123],[149.8628,-22.0071],[149.8663,-22.0042],[149.8696,-22.0048],[149.8786,-22.001],[149.8787,-21.996],[149.881,-21.9943],[149.8782,-21.9911],[149.8764,-21.9925],[149.8685,-21.9926],[149.8662,-21.9952],[149.8653,-22.0004],[149.8627,-22.0015],[149.8536,-22.0015],[149.8513,-21.9995],[149.8491,-21.9999],[149.8439,-22.0028],[149.8461,-22.0077]]],[[[149.8793,-22.2523],[149.8929,-22.2515],[149.8806,-22.2343],[149.8793,-22.2523]]],[[[149.0729,-20.6423],[149.0562,-20.6178],[149.0889,-20.661],[149.0729,-20.6423]]],[[[150.8537,-23.534],[150.8653,-23.5278],[150.8379,-23.5211],[150.8537,-23.534]]],[[[150.2973,-22.2424],[150.2984,-22.2451],[150.302,-22.247],[150.3036,-22.2497],[150.3051,-22.2467],[150.3207,-22.2442],[150.3234,-22.2357],[150.3142,-22.2331],[150.3096,-22.2366],[150.2975,-22.2387],[150.2973,-22.2424]]],[[[149.0363,-20.1594],[149.0207,-20.1628],[149.0387,-20.1829],[149.0363,-20.1594]]],[[[148.9082,-20.2725],[148.9088,-20.2743],[148.9107,-20.2732],[148.913,-20.2748],[148.9161,-20.2708],[148.9186,-20.2721],[148.92,-20.2696],[148.9213,-20.2712],[148.9209,-20.2678],[148.9229,-20.2648],[148.9243,-20.2564],[148.9222,-20.2525],[148.9157,-20.2521],[148.91,-20.2575],[148.9131,-20.2623],[148.9101,-20.2667],[148.9063,-20.268],[148.9082,-20.2725]]],[[[148.8295,-20.2413],[148.8299,-20.2358],[148.8253,-20.2245],[148.8126,-20.2147],[148.8101,-20.2141],[148.8104,-20.2182],[148.8191,-20.2308],[148.8196,-20.2339],[148.8259,-20.2412],[148.8295,-20.2413]]],[[[150.3389,-21.6696],[150.3391,-21.6684],[150.3434,-21.6679],[150.3476,-21.6698],[150.3505,-21.667],[150.347,-21.6624],[150.3398,-21.6605],[150.3385,-21.656],[150.3308,-21.6573],[150.3302,-21.6589],[150.3259,-21.6586],[150.3273,-21.6605],[150.3271,-21.6647],[150.3289,-21.6647],[150.3289,-21.6666],[150.3359,-21.6679],[150.3367,-21.6726],[150.3401,-21.6744],[150.3398,-21.6722],[150.3421,-21.6714],[150.3389,-21.6696]]],[[[152.8881,-25.5819],[152.8914,-25.5944],[152.8986,-25.5979],[152.9,-25.5974],[152.901,-25.5925],[152.899,-25.5784],[152.8923,-25.5769],[152.8885,-25.5796],[152.8881,-25.5819]]],[[[149.1858,-20.6873],[149.1883,-20.6892],[149.19,-20.6879],[149.1902,-20.6848],[149.1856,-20.681],[149.1868,-20.6756],[149.1904,-20.6736],[149.1927,-20.6746],[149.1939,-20.6716],[149.1816,-20.6662],[149.1726,-20.6722],[149.174,-20.6743],[149.178,-20.6745],[149.177,-20.6769],[149.183,-20.6796],[149.1823,-20.6835],[149.1858,-20.6873]]],[[[149.8952,-21.0172],[149.9113,-21.0186],[149.9038,-21.0028],[149.8952,-21.0172]]],[[[149.9197,-22.2005],[149.9222,-22.2002],[149.9317,-22.1873],[149.9311,-22.1818],[149.9266,-22.1748],[149.9246,-22.1765],[149.9223,-22.188],[149.9187,-22.1958],[149.9197,-22.2005]]],[[[149.1016,-20.5496],[149.1049,-20.5492],[149.1077,-20.5516],[149.1101,-20.5488],[149.1125,-20.5526],[149.115,-20.5529],[149.1178,-20.5478],[149.117,-20.5446],[149.1184,-20.5422],[149.1201,-20.5423],[149.1222,-20.5458],[149.1244,-20.544],[149.116,-20.5378],[149.1126,-20.5378],[149.1105,-20.5433],[149.1065,-20.5456],[149.103,-20.5429],[149.1016,-20.5457],[149.097,-20.5453],[149.0966,-20.5481],[149.1001,-20.5501],[149.1016,-20.5496]]],[[[150.6842,-21.9603],[150.678,-21.9618],[150.6774,-21.9654],[150.6794,-21.9639],[150.6904,-21.9672],[150.6915,-21.9639],[150.6893,-21.9612],[150.6893,-21.9576],[150.6908,-21.957],[150.6914,-21.9535],[150.6982,-21.9543],[150.6966,-21.9514],[150.6915,-21.9507],[150.6901,-21.9468],[150.6869,-21.9457],[150.6847,-21.9477],[150.684,-21.9533],[150.682,-21.9543],[150.6853,-21.9564],[150.6842,-21.9603]]],[[[151.434,-24.0519],[151.4373,-24.0538],[151.44,-24.0475],[151.4374,-24.038],[151.4347,-24.0362],[151.4295,-24.0381],[151.4268,-24.0439],[151.4284,-24.0476],[151.434,-24.0519]]],[[[150.8519,-23.5132],[150.8645,-23.517],[150.8703,-23.5122],[150.8712,-23.5081],[150.8701,-23.5069],[150.8718,-23.5059],[150.8701,-23.5052],[150.8519,-23.5096],[150.8506,-23.5117],[150.8519,-23.5132]]],[[[149.4058,-20.7688],[149.4062,-20.7675],[149.3989,-20.7664],[149.3913,-20.7682],[149.3901,-20.7693],[149.3903,-20.7738],[149.3946,-20.7745],[149.3989,-20.7793],[149.4007,-20.7787],[149.3996,-20.7768],[149.4025,-20.7749],[149.4089,-20.7736],[149.4116,-20.7745],[149.4123,-20.7729],[149.4058,-20.7688]]],[[[152.5636,-25.1781],[152.5655,-25.1798],[152.5822,-25.1836],[152.5873,-25.1805],[152.5743,-25.1728],[152.5662,-25.1738],[152.5627,-25.1761],[152.5636,-25.1781]]],[[[149.4733,-20.7476],[149.4797,-20.7466],[149.4813,-20.7452],[149.4808,-20.743],[149.4831,-20.7432],[149.4837,-20.741],[149.4789,-20.7394],[149.4737,-20.7335],[149.4682,-20.7311],[149.4663,-20.7267],[149.4657,-20.735],[149.4726,-20.7418],[149.4723,-20.7472],[149.4733,-20.7476]]],[[[150.2516,-22.3648],[150.2594,-22.3636],[150.2619,-22.3711],[150.2647,-22.3698],[150.2724,-22.3523],[150.2752,-22.3519],[150.2776,-22.3496],[150.2816,-22.3525],[150.2827,-22.3518],[150.2812,-22.3489],[150.2785,-22.3471],[150.2731,-22.3472],[150.2737,-22.3494],[150.2704,-22.3513],[150.2697,-22.3546],[150.2664,-22.358],[150.2639,-22.3589],[150.2614,-22.358],[150.2603,-22.3599],[150.2537,-22.3619],[150.2516,-22.3648]]],[[[152.8893,-25.5694],[152.8916,-25.5739],[152.8989,-25.5743],[152.9038,-25.5717],[152.9029,-25.5699],[152.9017,-25.5717],[152.9031,-25.5666],[152.8985,-25.5601],[152.8952,-25.5621],[152.8956,-25.5636],[152.8943,-25.563],[152.8921,-25.5676],[152.8913,-25.5668],[152.8893,-25.5694]]],[[[152.9254,-25.5898],[152.9277,-25.5821],[152.9236,-25.5756],[152.921,-25.5742],[152.9183,-25.5779],[152.9198,-25.5843],[152.9186,-25.5824],[152.9185,-25.5851],[152.9242,-25.5981],[152.9254,-25.5898]]],[[[150.1253,-21.9943],[150.1255,-22.0014],[150.1304,-22.0023],[150.1396,-21.9984],[150.1358,-21.9954],[150.1373,-21.993],[150.1297,-21.9875],[150.1278,-21.988],[150.1275,-21.9924],[150.1253,-21.9943]]],[[[149.6157,-20.7792],[149.6185,-20.778],[149.6197,-20.7739],[149.6264,-20.7734],[149.6255,-20.7681],[149.6226,-20.7677],[149.6227,-20.7608],[149.6181,-20.7674],[149.6124,-20.7717],[149.6129,-20.7781],[149.6157,-20.7792]]],[[[150.2538,-21.5231],[150.2575,-21.5285],[150.2592,-21.5235],[150.262,-21.524],[150.2664,-21.5184],[150.272,-21.5194],[150.2759,-21.5181],[150.2765,-21.5166],[150.2716,-21.5127],[150.2694,-21.513],[150.2591,-21.5219],[150.2563,-21.5212],[150.2544,-21.5187],[150.2454,-21.5167],[150.2497,-21.5195],[150.2505,-21.5224],[150.2538,-21.5231]]],[[[149.7109,-21.4545],[149.7139,-21.4557],[149.7153,-21.4582],[149.7185,-21.4586],[149.7172,-21.4538],[149.7195,-21.4523],[149.7167,-21.4517],[149.7156,-21.4491],[149.7184,-21.4464],[149.7151,-21.4434],[149.7134,-21.4387],[149.7102,-21.4393],[149.7107,-21.4414],[149.7077,-21.4471],[149.7111,-21.4523],[149.7109,-21.4545]]],[[[151.7067,-23.3011],[151.7135,-23.3006],[151.7171,-23.2948],[151.7128,-23.2922],[151.7048,-23.2931],[151.7007,-23.2952],[151.7008,-23.2988],[151.7067,-23.3011]]],[[[149.88,-22.2592],[149.8847,-22.2632],[149.8909,-22.2615],[149.8932,-22.2623],[149.8945,-22.2614],[149.8949,-22.2563],[149.8936,-22.2541],[149.8841,-22.2557],[149.8781,-22.2542],[149.88,-22.2592]]],[[[149.561,-21.9882],[149.5662,-21.992],[149.5756,-21.978],[149.5786,-21.9752],[149.5825,-21.9744],[149.578,-21.9686],[149.5761,-21.9684],[149.5767,-21.9745],[149.5697,-21.9806],[149.5585,-21.987],[149.561,-21.9882]]],[[[149.123,-20.3576],[149.1261,-20.3534],[149.1269,-20.348],[149.1199,-20.343],[149.1171,-20.3465],[149.1163,-20.3533],[149.1178,-20.3557],[149.123,-20.3576]]],[[[150.111,-21.9321],[150.1137,-21.9341],[150.116,-21.9314],[150.1183,-21.9313],[150.1175,-21.9282],[150.1154,-21.9279],[150.1149,-21.9249],[150.1172,-21.9201],[150.1204,-21.9189],[150.1186,-21.9152],[150.1142,-21.921],[150.1083,-21.9222],[150.108,-21.9316],[150.111,-21.9321]]],[[[149.0341,-20.4038],[149.0358,-20.4023],[149.0363,-20.397],[149.0317,-20.394],[149.0264,-20.3928],[149.0231,-20.3974],[149.0243,-20.4013],[149.0341,-20.4038]]],[[[152.8797,-25.5632],[152.8763,-25.5669],[152.8742,-25.568],[152.874,-25.5701],[152.8787,-25.5749],[152.8835,-25.5753],[152.8839,-25.5622],[152.8797,-25.5632]]],[[[150.2714,-21.4895],[150.273,-21.4906],[150.2757,-21.484],[150.2795,-21.4871],[150.2806,-21.4834],[150.2765,-21.48],[150.2702,-21.4826],[150.2686,-21.4814],[150.2683,-21.4775],[150.2665,-21.4768],[150.2631,-21.4843],[150.2681,-21.4842],[150.2684,-21.4878],[150.2714,-21.4895]]],[[[149.9076,-22.4779],[149.9098,-22.4762],[149.9085,-22.4695],[149.8984,-22.4625],[149.8992,-22.4701],[149.9076,-22.4779]]],[[[149.8348,-21.6622],[149.8377,-21.6607],[149.8388,-21.6631],[149.8413,-21.6622],[149.8425,-21.6598],[149.8404,-21.6593],[149.8402,-21.657],[149.8376,-21.6548],[149.8371,-21.6502],[149.8343,-21.6466],[149.8315,-21.6474],[149.8302,-21.6496],[149.8329,-21.6555],[149.8327,-21.6597],[149.8348,-21.6622]]],[[[149.133,-20.4678],[149.1207,-20.4694],[149.1323,-20.482],[149.133,-20.4678]]],[[[150.1414,-21.9793],[150.1435,-21.9804],[150.1474,-21.9792],[150.1444,-21.9723],[150.1463,-21.9675],[150.1429,-21.9646],[150.1452,-21.9632],[150.1431,-21.9626],[150.1427,-21.9608],[150.1447,-21.9597],[150.1489,-21.9619],[150.1499,-21.9611],[150.1414,-21.9575],[150.1399,-21.9584],[150.1394,-21.966],[150.1427,-21.9711],[150.1425,-21.9772],[150.1396,-21.9774],[150.1414,-21.9793]]],[[[152.9085,-25.5485],[152.9021,-25.5567],[152.9027,-25.5599],[152.9056,-25.5618],[152.905,-25.5589],[152.9067,-25.5637],[152.9092,-25.5566],[152.9077,-25.5567],[152.9097,-25.5555],[152.9122,-25.5498],[152.9105,-25.5472],[152.9085,-25.5485]]],[[[149.6578,-21.9784],[149.6645,-21.9813],[149.6637,-21.9712],[149.66,-21.9663],[149.6558,-21.9658],[149.6544,-21.9672],[149.6585,-21.9738],[149.6578,-21.9784]]],[[[149.7926,-21.8378],[149.794,-21.8401],[149.7958,-21.8386],[149.7978,-21.8395],[149.7989,-21.8362],[149.8042,-21.8334],[149.8039,-21.8309],[149.8001,-21.8273],[149.7977,-21.83],[149.7927,-21.831],[149.7926,-21.8378]]],[[[150.3617,-22.0176],[150.3692,-22.0242],[150.3739,-22.0234],[150.3739,-22.0208],[150.3696,-22.0171],[150.3669,-22.0114],[150.3644,-22.0144],[150.36,-22.013],[150.3617,-22.0176]]],[[[149.965,-22.4771],[149.9649,-22.4805],[149.9685,-22.4872],[149.9716,-22.4916],[149.9741,-22.4915],[149.9716,-22.4804],[149.9664,-22.4735],[149.9647,-22.4738],[149.965,-22.4771]]],[[[151.5371,-24.0832],[151.5411,-24.0851],[151.5464,-24.0829],[151.5477,-24.0784],[151.5466,-24.0767],[151.5417,-24.0746],[151.536,-24.0807],[151.5371,-24.0832]]],[[[149.7564,-22.413],[149.7592,-22.4117],[149.7634,-22.4057],[149.7567,-22.4003],[149.7546,-22.4023],[149.7535,-22.4082],[149.7535,-22.4118],[149.7564,-22.413]]],[[[149.5735,-22.1256],[149.5782,-22.1268],[149.5849,-22.1375],[149.5885,-22.1392],[149.5782,-22.1196],[149.5772,-22.1192],[149.5762,-22.122],[149.5726,-22.1241],[149.5735,-22.1256]]],[[[152.8852,-25.5553],[152.8837,-25.5573],[152.8862,-25.559],[152.8918,-25.5569],[152.8918,-25.5581],[152.8944,-25.558],[152.8979,-25.5539],[152.8979,-25.5503],[152.8908,-25.5517],[152.8852,-25.5553]]],[[[149.2013,-20.6858],[149.1982,-20.6874],[149.1975,-20.6916],[149.1994,-20.6963],[149.2052,-20.6985],[149.2045,-20.695],[149.208,-20.6949],[149.2091,-20.6906],[149.2043,-20.6909],[149.2013,-20.6858]]],[[[149.4881,-21.6],[149.4892,-21.6032],[149.4933,-21.605],[149.4963,-21.6036],[149.4986,-21.5978],[149.4912,-21.5967],[149.49,-21.5949],[149.4856,-21.5961],[149.486,-21.5986],[149.4881,-21.6]]],[[[151.0784,-23.1541],[151.0699,-23.1584],[151.069,-23.161],[151.0794,-23.1634],[151.0817,-23.1582],[151.0784,-23.1541]]],[[[149.8048,-21.9866],[149.8163,-21.9949],[149.8195,-21.9957],[149.814,-21.99],[149.8138,-21.9874],[149.8094,-21.9822],[149.8049,-21.9817],[149.8033,-21.9838],[149.8048,-21.9866]]],[[[149.0826,-20.4327],[149.0882,-20.4258],[149.0912,-20.4258],[149.0922,-20.4181],[149.0893,-20.4177],[149.0854,-20.4206],[149.0815,-20.4281],[149.0826,-20.4327]]],[[[149.9165,-21.4968],[149.9153,-21.4951],[149.9113,-21.4956],[149.9093,-21.4925],[149.9064,-21.4965],[149.909,-21.499],[149.9072,-21.5001],[149.91,-21.5033],[149.9137,-21.5024],[149.9149,-21.5058],[149.9171,-21.5066],[149.9151,-21.5015],[149.9165,-21.4968]]],[[[149.1098,-20.2864],[149.1117,-20.2873],[149.1117,-20.2744],[149.107,-20.2653],[149.1032,-20.2685],[149.1046,-20.2706],[149.1041,-20.2763],[149.109,-20.2756],[149.1103,-20.2767],[149.1098,-20.2864]]],[[[151.6522,-24.0469],[151.6606,-24.0527],[151.6641,-24.0482],[151.6605,-24.0429],[151.6565,-24.0453],[151.6511,-24.0436],[151.6489,-24.0445],[151.6522,-24.0469]]],[[[149.824,-21.3744],[149.8327,-21.3785],[149.8336,-21.3831],[149.8365,-21.3843],[149.839,-21.3821],[149.837,-21.3773],[149.8308,-21.3742],[149.8279,-21.3709],[149.8264,-21.3721],[149.8226,-21.3716],[149.824,-21.3744]]],[[[148.8935,-20.3814],[148.893,-20.3766],[148.8892,-20.3697],[148.8828,-20.3689],[148.8824,-20.371],[148.8876,-20.3731],[148.8878,-20.3766],[148.8914,-20.3805],[148.8907,-20.3829],[148.8933,-20.3835],[148.8942,-20.3855],[148.8959,-20.3853],[148.8965,-20.3824],[148.8935,-20.3814]]],[[[152.9236,-25.612],[152.9212,-25.6142],[152.9218,-25.6169],[152.9261,-25.6234],[152.9283,-25.6244],[152.9301,-25.6178],[152.9236,-25.612]]],[[[151.1551,-23.4054],[151.1627,-23.4004],[151.163,-23.3966],[151.1582,-23.3963],[151.1567,-23.3994],[151.1543,-23.4002],[151.1451,-23.3984],[151.1551,-23.4054]]],[[[149.8915,-22.2428],[149.8931,-22.2443],[149.8962,-22.2434],[149.9007,-22.236],[149.8889,-22.2367],[149.8915,-22.2428]]],[[[149.7579,-22.3986],[149.7626,-22.3976],[149.7669,-22.3935],[149.7673,-22.3911],[149.7576,-22.3918],[149.756,-22.3969],[149.7579,-22.3986]]],[[[149.8407,-21.4449],[149.8463,-21.448],[149.8553,-21.4477],[149.8478,-21.4411],[149.8461,-21.4408],[149.8431,-21.4435],[149.8405,-21.4426],[149.8407,-21.4449]]],[[[149.7896,-20.9892],[149.7916,-20.9886],[149.7883,-20.9859],[149.783,-20.9855],[149.7802,-20.9834],[149.7717,-20.9855],[149.7755,-20.9886],[149.7896,-20.9892]]],[[[152.713,-24.1179],[152.7182,-24.1165],[152.7192,-24.1109],[152.7173,-24.1089],[152.7119,-24.1109],[152.7109,-24.1165],[152.713,-24.1179]]],[[[149.6539,-21.9298],[149.6513,-21.9254],[149.6474,-21.9295],[149.6426,-21.9319],[149.6448,-21.9343],[149.6489,-21.9342],[149.6513,-21.9365],[149.651,-21.9335],[149.6539,-21.9298]]],[[[150.4963,-22.553],[150.4981,-22.5545],[150.5003,-22.5503],[150.5004,-22.5464],[150.497,-22.5405],[150.4943,-22.5491],[150.4963,-22.553]]],[[[149.0629,-20.6511],[149.062,-20.6463],[149.0538,-20.6374],[149.0539,-20.6434],[149.0569,-20.6479],[149.0629,-20.6511]]],[[[152.8714,-25.4457],[152.8703,-25.4492],[152.8727,-25.451],[152.881,-25.4472],[152.8761,-25.4432],[152.8714,-25.4457]]],[[[150.8281,-23.5242],[150.8374,-23.5276],[150.8344,-23.5215],[150.8311,-23.5197],[150.8244,-23.5205],[150.8281,-23.5242]]],[[[149.8887,-21.5003],[149.8939,-21.4982],[149.8965,-21.4988],[149.8949,-21.4913],[149.8911,-21.4853],[149.8897,-21.4936],[149.8912,-21.4968],[149.8884,-21.4988],[149.8887,-21.5003]]],[[[152.8567,-25.4872],[152.8622,-25.4799],[152.8631,-25.4706],[152.8579,-25.4768],[152.8567,-25.4872]]],[[[148.8732,-20.6169],[148.8758,-20.6134],[148.8643,-20.6071],[148.8699,-20.612],[148.8681,-20.6159],[148.8653,-20.6164],[148.8654,-20.6186],[148.8689,-20.6199],[148.8689,-20.6175],[148.8723,-20.6184],[148.8732,-20.6169]]],[[[151.6559,-24.0432],[151.6563,-24.0401],[151.6528,-24.0362],[151.6442,-24.0367],[151.6455,-24.0385],[151.65,-24.0396],[151.652,-24.0426],[151.6559,-24.0432]]],[[[151.4697,-24.0451],[151.4752,-24.0537],[151.4758,-24.0487],[151.4692,-24.0404],[151.4644,-24.0372],[151.4655,-24.0409],[151.4697,-24.0451]]],[[[150.2721,-22.2262],[150.2688,-22.2248],[150.2609,-22.2273],[150.2715,-22.2314],[150.2752,-22.2295],[150.2721,-22.2262]]],[[[151.2561,-23.7872],[151.2615,-23.7931],[151.2624,-23.7922],[151.2605,-23.7867],[151.2615,-23.7854],[151.2587,-23.7804],[151.2549,-23.7814],[151.2561,-23.7872]]],[[[150.5184,-22.3734],[150.5229,-22.373],[150.5263,-22.3767],[150.5287,-22.374],[150.5253,-22.3727],[150.5246,-22.37],[150.5219,-22.3697],[150.5209,-22.3665],[150.5174,-22.3667],[150.518,-22.3686],[150.5155,-22.3715],[150.5168,-22.3753],[150.5184,-22.3734]]],[[[151.4573,-24.05],[151.4587,-24.056],[151.4607,-24.0565],[151.462,-24.0436],[151.4598,-24.0394],[151.4573,-24.05]]],[[[148.8797,-20.6015],[148.8813,-20.6058],[148.8828,-20.6013],[148.8807,-20.5961],[148.8825,-20.5934],[148.8787,-20.5906],[148.8769,-20.5924],[148.8777,-20.596],[148.876,-20.5992],[148.8796,-20.6003],[148.8797,-20.6015]]],[[[148.9207,-20.856],[148.9268,-20.8544],[148.9277,-20.8521],[148.9223,-20.8503],[148.9189,-20.847],[148.9178,-20.8473],[148.9191,-20.8527],[148.9179,-20.8547],[148.9207,-20.856]]],[[[150.6697,-22.0939],[150.6739,-22.0946],[150.6769,-22.0909],[150.676,-22.0879],[150.6702,-22.0827],[150.6722,-22.0879],[150.6697,-22.0939]]],[[[149.067,-20.3047],[149.0701,-20.3094],[149.0747,-20.3055],[149.0737,-20.3013],[149.0694,-20.3025],[149.0683,-20.2997],[149.0665,-20.3012],[149.0659,-20.3038],[149.067,-20.3047]]],[[[152.9208,-25.5664],[152.9207,-25.568],[152.9217,-25.5594],[152.9209,-25.5576],[152.9184,-25.5571],[152.9158,-25.5588],[152.915,-25.5629],[152.9202,-25.5673],[152.9206,-25.5634],[152.9208,-25.5664]]],[[[150.9703,-23.2168],[150.9721,-23.2176],[150.9756,-23.216],[150.9734,-23.2091],[150.9711,-23.2099],[150.97,-23.213],[150.9649,-23.2148],[150.9658,-23.2165],[150.9703,-23.2168]]],[[[149.6673,-21.7268],[149.6687,-21.7261],[149.6709,-21.7287],[149.6744,-21.7283],[149.6721,-21.724],[149.6662,-21.7224],[149.6652,-21.7189],[149.6629,-21.7184],[149.664,-21.7234],[149.6673,-21.7268]]],[[[148.9329,-20.8541],[148.9376,-20.8518],[148.9359,-20.8481],[148.9339,-20.8473],[148.9332,-20.8437],[148.932,-20.8436],[148.9285,-20.8472],[148.9316,-20.8487],[148.9315,-20.8534],[148.9329,-20.8541]]],[[[149.0808,-20.5256],[149.085,-20.5224],[149.0876,-20.5256],[149.0902,-20.5244],[149.0897,-20.5221],[149.0884,-20.5229],[149.0835,-20.5201],[149.0809,-20.515],[149.0792,-20.5158],[149.0808,-20.5256]]],[[[149.9301,-22.1605],[149.931,-22.1646],[149.9354,-22.1662],[149.9355,-22.1617],[149.9311,-22.1558],[149.9295,-22.1572],[149.9301,-22.1605]]],[[[149.1719,-20.2504],[149.178,-20.2504],[149.1782,-20.2476],[149.1763,-20.2479],[149.1743,-20.2462],[149.1736,-20.2411],[149.1702,-20.2463],[149.1719,-20.2504]]],[[[149.8193,-21.8241],[149.8181,-21.8249],[149.819,-21.8305],[149.8228,-21.8369],[149.825,-21.8347],[149.8193,-21.8241]]],[[[150.2935,-22.0274],[150.3028,-22.0256],[150.303,-22.0241],[150.2957,-22.0217],[150.2929,-22.0236],[150.2904,-22.0233],[150.2896,-22.0241],[150.2935,-22.0274]]],[[[151.2845,-23.8054],[151.286,-23.8188],[151.2885,-23.8042],[151.2843,-23.8013],[151.2821,-23.8012],[151.284,-23.8027],[151.2845,-23.8054]]],[[[149.862,-21.6028],[149.8627,-21.6054],[149.8656,-21.6069],[149.8701,-21.6063],[149.8693,-21.6029],[149.8656,-21.6025],[149.8628,-21.5997],[149.8614,-21.6009],[149.862,-21.6028]]],[[[149.4649,-20.9306],[149.4669,-20.9373],[149.4691,-20.9356],[149.4696,-20.9282],[149.4642,-20.9259],[149.4649,-20.9306]]],[[[150.4499,-22.3196],[150.4502,-22.3146],[150.443,-22.3118],[150.4425,-22.3136],[150.4465,-22.3173],[150.447,-22.3204],[150.4496,-22.321],[150.4499,-22.3196]]],[[[152.8353,-25.4901],[152.845,-25.4909],[152.8475,-25.4874],[152.8374,-25.4874],[152.8353,-25.4901]]],[[[148.9269,-20.3189],[148.9259,-20.3229],[148.9277,-20.3256],[148.929,-20.3248],[148.9288,-20.3144],[148.9239,-20.3112],[148.9269,-20.3189]]],[[[150.0149,-22.6255],[150.016,-22.6288],[150.0181,-22.6271],[150.0193,-22.6227],[150.019,-22.6209],[150.0141,-22.6176],[150.0127,-22.6194],[150.0153,-22.6219],[150.0142,-22.6229],[150.0149,-22.6255]]],[[[149.0351,-20.4267],[149.037,-20.4257],[149.0366,-20.4234],[149.0295,-20.4233],[149.0266,-20.4212],[149.0258,-20.4242],[149.0276,-20.4259],[149.0351,-20.4267]]],[[[150.9247,-23.1695],[150.9261,-23.1683],[150.9208,-23.164],[150.9144,-23.1615],[150.9195,-23.1686],[150.9247,-23.1695]]],[[[152.8865,-25.5664],[152.8879,-25.5676],[152.8932,-25.5602],[152.8889,-25.5596],[152.8866,-25.5609],[152.8865,-25.5664]]],[[[150.6606,-22.3395],[150.6626,-22.3347],[150.6609,-22.3318],[150.6595,-22.3321],[150.6596,-22.3299],[150.6574,-22.3296],[150.6562,-22.332],[150.6606,-22.3395]]],[[[149.9387,-22.2244],[149.9401,-22.222],[149.9406,-22.2128],[149.9367,-22.2175],[149.9387,-22.2244]]],[[[151.1858,-23.4965],[151.1739,-23.4985],[151.207,-23.5046],[151.1858,-23.4965]]],[[[148.996,-20.353],[148.9907,-20.3496],[148.9891,-20.3565],[148.9953,-20.3558],[148.996,-20.353]]],[[[152.8469,-25.4913],[152.8547,-25.4883],[152.8561,-25.4827],[152.853,-25.486],[152.8485,-25.4879],[152.8469,-25.4913]]],[[[149.9371,-22.1416],[149.943,-22.1377],[149.942,-22.1344],[149.9385,-22.1358],[149.9362,-22.1398],[149.9371,-22.1416]]],[[[149.7767,-21.6709],[149.7756,-21.6715],[149.7762,-21.675],[149.7778,-21.6773],[149.7816,-21.679],[149.7829,-21.6774],[149.7818,-21.6748],[149.7767,-21.6709]]],[[[150.1496,-21.5202],[150.1482,-21.5198],[150.1477,-21.5211],[150.1484,-21.524],[150.1529,-21.5293],[150.1556,-21.5262],[150.1532,-21.5233],[150.1503,-21.5231],[150.1496,-21.5202]]],[[[151.7258,-23.5373],[151.7213,-23.5369],[151.7203,-23.5385],[151.7231,-23.5403],[151.7318,-23.5394],[151.7258,-23.5373]]],[[[150.202,-22.323],[150.2043,-22.324],[150.2066,-22.3216],[150.2066,-22.3178],[150.2018,-22.3175],[150.202,-22.323]]],[[[149.1549,-20.2432],[149.1572,-20.2372],[149.153,-20.2361],[149.1506,-20.2389],[149.1549,-20.2432]]],[[[150.6461,-22.0038],[150.6449,-22.0018],[150.6418,-22.0069],[150.6418,-22.0083],[150.646,-22.0101],[150.6478,-22.0092],[150.6457,-22.0076],[150.6461,-22.0038]]],[[[149.1125,-20.5919],[149.1121,-20.5828],[149.1095,-20.5819],[149.1094,-20.5893],[149.1125,-20.5919]]],[[[149.1235,-20.2725],[149.125,-20.2721],[149.1234,-20.2649],[149.1201,-20.2677],[149.1192,-20.2715],[149.1235,-20.2725]]],[[[149.9136,-22.3054],[149.9161,-22.3088],[149.9196,-22.3072],[149.9163,-22.3028],[149.9136,-22.3054]]],[[[150.1246,-21.942],[150.1281,-21.9405],[150.1276,-21.9364],[150.1258,-21.9363],[150.1252,-21.9391],[150.12,-21.9389],[150.1246,-21.942]]],[[[150.4493,-22.0397],[150.452,-22.0366],[150.4521,-22.0326],[150.4508,-22.0316],[150.4484,-22.0353],[150.4493,-22.0397]]],[[[150.8843,-23.2779],[150.8918,-23.2814],[150.8935,-23.2809],[150.886,-23.2752],[150.8833,-23.2763],[150.8843,-23.2779]]],[[[149.8729,-22.2079],[149.876,-22.2079],[149.8773,-22.2041],[149.8709,-22.2042],[149.8729,-22.2079]]],[[[150.3791,-21.9997],[150.3755,-21.9993],[150.3793,-22.0031],[150.3836,-22.0039],[150.3843,-22.0024],[150.3828,-22.0007],[150.3791,-21.9997]]],[[[149.8792,-21.4676],[149.8885,-21.4686],[149.8865,-21.4662],[149.8832,-21.4667],[149.881,-21.4639],[149.8781,-21.4637],[149.8792,-21.4676]]],[[[149.0324,-20.4742],[149.0359,-20.472],[149.0371,-20.4662],[149.034,-20.4666],[149.0329,-20.4685],[149.0324,-20.4742]]],[[[152.3897,-23.9091],[152.3938,-23.9092],[152.3953,-23.905],[152.3916,-23.9055],[152.3897,-23.9091]]],[[[150.3834,-22.0127],[150.3847,-22.0154],[150.388,-22.0156],[150.3859,-22.0109],[150.383,-22.0093],[150.3834,-22.0127]]],[[[149.7971,-21.85],[149.7996,-21.8517],[149.8004,-21.8453],[149.7987,-21.8422],[149.7971,-21.85]]],[[[150.9382,-23.347],[150.9395,-23.3425],[150.9369,-23.3408],[150.9335,-23.3408],[150.9382,-23.347]]],[[[150.9944,-22.7317],[150.9959,-22.7341],[150.9988,-22.7344],[150.9978,-22.7305],[150.9925,-22.7264],[150.9944,-22.7317]]],[[[150.5147,-22.3788],[150.5145,-22.3773],[150.5099,-22.3811],[150.5062,-22.3802],[150.5095,-22.3823],[150.5164,-22.3827],[150.5147,-22.3788]]],[[[148.8022,-20.2967],[148.8027,-20.2944],[148.8001,-20.2908],[148.7987,-20.293],[148.8028,-20.3004],[148.8022,-20.2967]]],[[[150.2199,-21.6538],[150.217,-21.6571],[150.2214,-21.6557],[150.2232,-21.6573],[150.2253,-21.6534],[150.2209,-21.6518],[150.2199,-21.6538]]],[[[149.8884,-22.2681],[149.8914,-22.2675],[149.8919,-22.2635],[149.887,-22.2648],[149.8884,-22.2681]]],[[[149.4605,-21.4534],[149.4602,-21.4521],[149.4575,-21.4534],[149.4567,-21.4563],[149.4615,-21.4574],[149.4605,-21.4534]]],[[[149.1483,-20.9835],[149.1506,-20.982],[149.152,-20.9775],[149.1486,-20.9763],[149.1472,-20.9807],[149.1483,-20.9835]]],[[[149.9079,-21.4812],[149.911,-21.4867],[149.9132,-21.4864],[149.9133,-21.4845],[149.9075,-21.4781],[149.9079,-21.4812]]],[[[149.105,-20.4658],[149.1089,-20.4636],[149.1094,-20.461],[149.1075,-20.4602],[149.1037,-20.4624],[149.1033,-20.4642],[149.105,-20.4658]]],[[[149.9883,-22.0586],[149.9898,-22.0587],[149.991,-22.0561],[149.9894,-22.0525],[149.9864,-22.0564],[149.9883,-22.0586]]],[[[149.2684,-21.1746],[149.2661,-21.1701],[149.2629,-21.1742],[149.266,-21.1764],[149.2684,-21.1746]]],[[[149.8685,-22.1482],[149.8696,-22.1476],[149.8692,-22.1438],[149.8674,-22.1438],[149.8663,-22.1457],[149.8625,-22.1453],[149.8685,-22.1482]]],[[[150.3372,-21.6526],[150.338,-21.6544],[150.3409,-21.6532],[150.3425,-21.6515],[150.3418,-21.6489],[150.341,-21.6501],[150.3361,-21.6504],[150.3372,-21.6526]]],[[[149.2467,-21.163],[149.2469,-21.1574],[149.2423,-21.1626],[149.2401,-21.1614],[149.2424,-21.1637],[149.2467,-21.163]]],[[[151.3364,-23.8304],[151.3378,-23.8319],[151.3377,-23.836],[151.3379,-23.8312],[151.3413,-23.8296],[151.3419,-23.826],[151.3388,-23.8268],[151.3364,-23.8304]]],[[[151.871,-24.1684],[151.8763,-24.1679],[151.8753,-24.1652],[151.8799,-24.1627],[151.8746,-24.1644],[151.871,-24.1684]]],[[[150.9061,-23.1547],[150.9076,-23.154],[150.9078,-23.1512],[150.9051,-23.1502],[150.9005,-23.151],[150.9061,-23.1547]]],[[[149.8712,-21.4579],[149.8754,-21.4608],[149.8744,-21.4566],[149.8704,-21.4541],[149.8699,-21.4564],[149.8712,-21.4579]]],[[[151.9156,-23.4414],[151.9127,-23.4408],[151.9103,-23.4421],[151.9168,-23.4439],[151.9193,-23.4429],[151.9156,-23.4414]]],[[[149.1618,-20.7546],[149.1632,-20.7501],[149.1586,-20.7494],[149.1586,-20.7513],[149.1618,-20.7546]]],[[[152.8744,-25.5592],[152.8789,-25.5601],[152.8819,-25.5558],[152.8773,-25.5585],[152.8742,-25.5581],[152.8744,-25.5592]]],[[[152.9171,-25.4889],[152.9227,-25.4857],[152.9244,-25.4819],[152.9171,-25.4889]]],[[[149.1419,-20.7031],[149.146,-20.7017],[149.1434,-20.7011],[149.1422,-20.6985],[149.1394,-20.7024],[149.1419,-20.7031]]],[[[148.8129,-20.2558],[148.8131,-20.2597],[148.8146,-20.2608],[148.8144,-20.2538],[148.8163,-20.2524],[148.8145,-20.2511],[148.8127,-20.2531],[148.8129,-20.2558]]],[[[152.9113,-25.6019],[152.9131,-25.6028],[152.9138,-25.5959],[152.9113,-25.6019]]],[[[148.9312,-20.8627],[148.9313,-20.8603],[148.9298,-20.8592],[148.924,-20.86],[148.9312,-20.8627]]],[[[150.7382,-22.6114],[150.7347,-22.6072],[150.7376,-22.6171],[150.7382,-22.6114]]],[[[150.9003,-23.0946],[150.9039,-23.093],[150.9028,-23.0913],[150.907,-23.0895],[150.9016,-23.0899],[150.8999,-23.0912],[150.9003,-23.0946]]],[[[151.2549,-23.8094],[151.2572,-23.8067],[151.2555,-23.8027],[151.2533,-23.806],[151.2549,-23.8094]]],[[[152.373,-23.8572],[152.3807,-23.8526],[152.379,-23.8518],[152.3736,-23.8552],[152.373,-23.8572]]],[[[150.7462,-22.4119],[150.7471,-22.4143],[150.7492,-22.4132],[150.7478,-22.4095],[150.7447,-22.4088],[150.7443,-22.4105],[150.7462,-22.4119]]],[[[151.7751,-23.249],[151.7826,-23.2457],[151.7803,-23.2449],[151.7751,-23.249]]],[[[151.2163,-23.8186],[151.2186,-23.8205],[151.2228,-23.8176],[151.2197,-23.8169],[151.2163,-23.8186]]],[[[149.9207,-21.4939],[149.9212,-21.4889],[149.9201,-21.4878],[149.9173,-21.4884],[149.9184,-21.4924],[149.9207,-21.4939]]],[[[151.6343,-24.025],[151.6348,-24.0228],[151.6241,-24.0221],[151.6247,-24.0238],[151.633,-24.0234],[151.6343,-24.025]]],[[[148.7659,-20.6923],[148.7659,-20.6894],[148.7601,-20.6887],[148.7635,-20.692],[148.7659,-20.6923]]],[[[148.8626,-20.5831],[148.8661,-20.5816],[148.8618,-20.5785],[148.8588,-20.5803],[148.8626,-20.5831]]],[[[150.8792,-23.2434],[150.8751,-23.2402],[150.8708,-23.2411],[150.8792,-23.2434]]],[[[149.9715,-22.0377],[149.9741,-22.0366],[149.9746,-22.034],[149.9693,-22.0362],[149.9715,-22.0377]]],[[[150.4436,-22.5153],[150.4456,-22.5169],[150.4493,-22.517],[150.4433,-22.5129],[150.4436,-22.5153]]],[[[152.8776,-25.5816],[152.8795,-25.5836],[152.8795,-25.5764],[152.8776,-25.5816]]],[[[150.8882,-23.0504],[150.8897,-23.0484],[150.886,-23.0475],[150.885,-23.0498],[150.8882,-23.0504]]],[[[150.4347,-21.772],[150.4387,-21.7723],[150.4354,-21.77],[150.4317,-21.7714],[150.4347,-21.772]]],[[[150.8449,-22.6836],[150.8405,-22.6862],[150.8482,-22.6852],[150.848,-22.684],[150.8449,-22.6836]]],[[[149.096,-20.3074],[149.0973,-20.3042],[149.095,-20.3025],[149.0938,-20.306],[149.096,-20.3074]]],[[[149.6616,-21.4734],[149.6645,-21.4739],[149.665,-21.4711],[149.6623,-21.4704],[149.6616,-21.4734]]],[[[150.4371,-21.7642],[150.4394,-21.7655],[150.4414,-21.7634],[150.4389,-21.762],[150.4365,-21.7627],[150.4371,-21.7642]]],[[[149.0061,-20.1752],[149.0074,-20.1763],[149.0106,-20.1719],[149.0052,-20.1737],[149.0061,-20.1752]]],[[[149.8743,-22.2319],[149.8758,-22.2307],[149.8688,-22.2298],[149.8743,-22.2319]]],[[[149.9324,-21.104],[149.9351,-21.1042],[149.9364,-21.1022],[149.9326,-21.1014],[149.9316,-21.1022],[149.9324,-21.104]]],[[[152.8805,-25.5818],[152.8822,-25.58],[152.8824,-25.576],[152.8801,-25.5763],[152.8805,-25.5818]]],[[[149.0739,-20.1615],[149.0739,-20.1572],[149.0726,-20.156],[149.0708,-20.1574],[149.0739,-20.1615]]],[[[148.8313,-20.2484],[148.8296,-20.2454],[148.8294,-20.2485],[148.8318,-20.2521],[148.8313,-20.2484]]],[[[149.9327,-22.2058],[149.9341,-22.2053],[149.9334,-22.2007],[149.9316,-22.2023],[149.9327,-22.2058]]],[[[149.0396,-20.2342],[149.0448,-20.2311],[149.04,-20.2311],[149.0396,-20.2342]]],[[[149.1393,-20.677],[149.1414,-20.6733],[149.1404,-20.6725],[149.1385,-20.6735],[149.1393,-20.677]]],[[[149.1148,-20.2767],[149.1155,-20.2794],[149.1164,-20.273],[149.1132,-20.2746],[149.1148,-20.2767]]],[[[152.2874,-23.8071],[152.2887,-23.8086],[152.2926,-23.8053],[152.2874,-23.8071]]],[[[152.8827,-25.5592],[152.879,-25.561],[152.8794,-25.562],[152.8837,-25.5613],[152.8827,-25.5592]]],[[[150.3761,-22.0093],[150.3796,-22.0076],[150.3789,-22.0056],[150.375,-22.0079],[150.3761,-22.0093]]],[[[150.2568,-21.488],[150.2587,-21.4872],[150.2583,-21.4852],[150.2543,-21.4872],[150.2568,-21.488]]],[[[151.2631,-23.7982],[151.265,-23.8017],[151.2659,-23.7986],[151.2641,-23.796],[151.2631,-23.7982]]],[[[149.9402,-22.2298],[149.9421,-22.2282],[149.9412,-22.2254],[149.9394,-22.2272],[149.9402,-22.2298]]],[[[148.7937,-20.2992],[148.7961,-20.3004],[148.7975,-20.2974],[148.7937,-20.2982],[148.7937,-20.2992]]],[[[152.8861,-25.5866],[152.8864,-25.5897],[152.8852,-25.5884],[152.8844,-25.5906],[152.8853,-25.5931],[152.887,-25.5918],[152.8861,-25.5866]]],[[[148.8177,-20.5045],[148.8208,-20.5057],[148.8218,-20.5041],[148.8179,-20.5029],[148.8177,-20.5045]]],[[[148.8516,-20.2671],[148.8528,-20.2702],[148.8537,-20.2645],[148.8514,-20.2646],[148.8516,-20.2671]]],[[[149.1381,-20.7148],[149.1406,-20.7093],[149.1371,-20.7122],[149.1381,-20.7148]]],[[[150.8165,-23.5195],[150.822,-23.5219],[150.8157,-23.5179],[150.8165,-23.5195]]],[[[149.7862,-21.8164],[149.7898,-21.8176],[149.7851,-21.8141],[149.7862,-21.8164]]],[[[149.1531,-20.6533],[149.1545,-20.652],[149.1529,-20.6495],[149.1511,-20.6519],[149.1531,-20.6533]]],[[[149.8492,-22.1492],[149.8528,-22.1462],[149.8495,-22.1465],[149.8492,-22.1492]]],[[[150.797,-22.562],[150.7969,-22.5645],[150.7997,-22.5646],[150.7988,-22.562],[150.797,-22.562]]],[[[149.7182,-21.5103],[149.7198,-21.5129],[149.7204,-21.5104],[149.7189,-21.5075],[149.7182,-21.5103]]],[[[150.5355,-22.4225],[150.5335,-22.4229],[150.537,-22.4278],[150.5379,-22.4269],[150.5358,-22.4254],[150.5355,-22.4225]]],[[[150.9629,-22.6548],[150.9599,-22.6555],[150.9586,-22.6579],[150.9614,-22.6571],[150.9629,-22.6548]]],[[[149.614,-22.0548],[149.6158,-22.0551],[149.6158,-22.0539],[149.6125,-22.0513],[149.614,-22.0548]]],[[[150.4557,-22.3112],[150.4545,-22.3078],[150.45,-22.3057],[150.4557,-22.3112]]],[[[152.9127,-25.6036],[152.9101,-25.6018],[152.9113,-25.6064],[152.9127,-25.6036]]],[[[149.1122,-20.4926],[149.1102,-20.486],[149.1102,-20.4915],[149.1122,-20.4926]]],[[[149.0047,-20.4248],[149.0066,-20.4245],[149.0082,-20.4267],[149.0075,-20.4221],[149.0047,-20.4248]]],[[[151.4685,-24.0628],[151.4697,-24.0642],[151.4712,-24.063],[151.4705,-24.0609],[151.4682,-24.0615],[151.4685,-24.0628]]],[[[150.465,-22.3354],[150.4644,-22.3342],[150.4629,-22.3399],[150.465,-22.3389],[150.465,-22.3354]]],[[[152.4944,-24.9279],[152.4921,-24.925],[152.491,-24.9264],[152.4956,-24.9316],[152.4944,-24.9279]]],[[[152.8814,-25.5893],[152.8831,-25.5915],[152.8821,-25.5846],[152.8814,-25.5893]]],[[[149.0867,-20.5349],[149.088,-20.5337],[149.0878,-20.5296],[149.0863,-20.5317],[149.0867,-20.5349]]],[[[151.4611,-24.0582],[151.4587,-24.0567],[151.458,-24.0585],[151.4611,-24.0596],[151.4611,-24.0582]]],[[[150.6682,-21.9914],[150.6711,-21.9926],[150.6681,-21.9884],[150.667,-21.9891],[150.6682,-21.9914]]],[[[151.6628,-24.0521],[151.6659,-24.052],[151.6661,-24.0507],[151.665,-24.0497],[151.6628,-24.0521]]],[[[150.7346,-22.4404],[150.7364,-22.4377],[150.7358,-22.4357],[150.7337,-22.4395],[150.7346,-22.4404]]],[[[149.4756,-20.9305],[149.4748,-20.9267],[149.4737,-20.9298],[149.4756,-20.9305]]],[[[152.9158,-25.5704],[152.9175,-25.5698],[152.9147,-25.5677],[152.9134,-25.569],[152.9158,-25.5704]]],[[[148.9972,-20.3579],[148.9963,-20.3598],[148.9984,-20.3587],[148.9996,-20.3545],[148.9979,-20.3545],[148.9972,-20.3579]]],[[[149.9294,-22.2603],[149.9299,-22.2562],[149.9283,-22.2592],[149.9294,-22.2603]]],[[[150.7748,-22.4817],[150.7757,-22.4806],[150.7727,-22.4771],[150.7748,-22.4817]]],[[[150.9701,-23.1975],[150.9722,-23.2016],[150.9721,-23.1971],[150.9701,-23.1975]]],[[[152.0906,-23.5082],[152.0925,-23.5079],[152.0918,-23.5055],[152.0897,-23.5063],[152.0906,-23.5082]]],[[[148.8512,-20.2829],[148.8487,-20.2813],[148.8511,-20.2854],[148.8512,-20.2829]]],[[[150.0099,-22.6168],[150.0118,-22.6161],[150.0118,-22.6143],[150.0091,-22.6145],[150.0099,-22.6168]]],[[[152.9014,-25.5494],[152.8978,-25.5497],[152.8988,-25.5517],[152.9014,-25.5494]]],[[[149.6574,-21.3727],[149.6602,-21.3705],[149.6567,-21.3707],[149.6561,-21.3721],[149.6574,-21.3727]]],[[[149.101,-20.4359],[149.1025,-20.4381],[149.1022,-20.4318],[149.101,-20.4359]]],[[[149.5454,-21.0305],[149.5484,-21.0313],[149.5457,-21.0281],[149.5454,-21.0305]]],[[[151.9557,-23.3335],[151.9584,-23.3332],[151.9599,-23.3313],[151.9557,-23.3335]]],[[[151.2274,-23.802],[151.2287,-23.8029],[151.2305,-23.8018],[151.2293,-23.799],[151.2274,-23.802]]],[[[149.6368,-21.6766],[149.6388,-21.6727],[149.637,-21.6731],[149.6368,-21.6766]]],[[[149.8308,-22.0257],[149.8314,-22.0242],[149.8277,-22.0243],[149.8308,-22.0257]]],[[[151.0985,-23.4832],[151.1031,-23.4816],[151.1,-23.4812],[151.0985,-23.4832]]],[[[149.0618,-20.9211],[149.0588,-20.9205],[149.0589,-20.923],[149.0614,-20.9231],[149.0618,-20.9211]]],[[[148.8461,-20.4234],[148.8444,-20.4223],[148.8423,-20.4231],[148.8473,-20.4245],[148.8467,-20.4226],[148.8461,-20.4234]]],[[[149.8264,-21.6061],[149.8276,-21.6056],[149.8274,-21.6034],[149.8253,-21.6028],[149.8264,-21.6061]]],[[[150.0125,-22.6265],[150.0144,-22.6285],[150.0126,-22.6232],[150.0125,-22.6265]]],[[[151.0499,-23.4314],[151.0504,-23.4256],[151.0488,-23.427],[151.0499,-23.4314]]],[[[150.8495,-23.3174],[150.8507,-23.3161],[150.8479,-23.3147],[150.8473,-23.3158],[150.8495,-23.3174]]],[[[150.8986,-23.1001],[150.9012,-23.0982],[150.8973,-23.098],[150.8986,-23.1001]]],[[[152.8841,-25.5732],[152.8846,-25.5742],[152.8858,-25.5725],[152.8851,-25.5696],[152.8841,-25.5732]]],[[[151.2454,-23.8128],[151.2472,-23.8115],[151.2451,-23.8079],[151.2454,-23.8128]]],[[[151.7277,-24.0453],[151.7254,-24.0455],[151.724,-24.0493],[151.7277,-24.0453]]],[[[149.6695,-21.7184],[149.6717,-21.7173],[149.6714,-21.7158],[149.6693,-21.7167],[149.6695,-21.7184]]],[[[150.6807,-22.5709],[150.6828,-22.5717],[150.6788,-22.5659],[150.6807,-22.5709]]],[[[149.0627,-20.613],[149.0658,-20.6144],[149.0629,-20.6115],[149.0627,-20.613]]],[[[150.9247,-23.3021],[150.9233,-23.3034],[150.9243,-23.3055],[150.9255,-23.3043],[150.9247,-23.3021]]],[[[152.9022,-25.5739],[152.903,-25.5727],[152.8995,-25.5748],[152.9034,-25.5747],[152.904,-25.5733],[152.9022,-25.5739]]],[[[152.8923,-25.5976],[152.894,-25.597],[152.8914,-25.5951],[152.8923,-25.5976]]],[[[151.1044,-23.4805],[151.0995,-23.4766],[151.101,-23.4791],[151.1044,-23.4805]]],[[[148.9582,-20.8723],[148.9608,-20.8708],[148.9607,-20.8688],[148.9582,-20.8723]]],[[[149.8405,-22.0347],[149.8436,-22.0344],[149.8443,-22.0326],[149.8403,-22.0338],[149.8405,-22.0347]]],[[[152.9081,-25.5779],[152.907,-25.5761],[152.9058,-25.5793],[152.9081,-25.5779]]],[[[149.5021,-21.6043],[149.5038,-21.6036],[149.5031,-21.602],[149.5015,-21.6025],[149.5021,-21.6043]]],[[[150.5861,-21.9835],[150.5877,-21.9822],[150.5872,-21.9805],[150.5857,-21.981],[150.5861,-21.9835]]],[[[150.1271,-21.9517],[150.1273,-21.9492],[150.1253,-21.951],[150.1271,-21.9517]]],[[[150.7412,-22.4034],[150.74,-22.4044],[150.7432,-22.4063],[150.7412,-22.4034]]],[[[150.2283,-22.3087],[150.2299,-22.3081],[150.2291,-22.3058],[150.228,-22.3062],[150.2283,-22.3087]]],[[[148.8766,-20.7967],[148.8803,-20.7983],[148.8785,-20.7958],[148.8766,-20.7967]]],[[[149.3995,-21.4909],[149.4021,-21.4898],[149.4012,-21.4884],[149.3995,-21.4909]]],[[[149.7698,-21.6009],[149.7728,-21.6002],[149.7699,-21.5994],[149.7698,-21.6009]]],[[[150.9538,-23.0652],[150.9553,-23.0643],[150.9544,-23.0627],[150.9525,-23.0634],[150.9538,-23.0652]]],[[[148.8429,-20.2798],[148.8446,-20.2801],[148.8449,-20.2784],[148.8431,-20.2783],[148.8429,-20.2798]]],[[[152.9105,-25.422],[152.9073,-25.4211],[152.9084,-25.4227],[152.9105,-25.422]]],[[[150.3817,-21.9733],[150.383,-21.9717],[150.3803,-21.9709],[150.3817,-21.9733]]],[[[150.8145,-23.356],[150.8128,-23.3561],[150.8124,-23.3584],[150.8134,-23.3589],[150.8142,-23.3572],[150.8176,-23.3575],[150.8145,-23.356]]],[[[149.9127,-22.0597],[149.9146,-22.059],[149.914,-22.0572],[149.9127,-22.0597]]],[[[148.7916,-20.2962],[148.7921,-20.2946],[148.79,-20.2942],[148.7901,-20.2969],[148.7916,-20.2962]]],[[[148.85,-20.7881],[148.8515,-20.786],[148.8482,-20.7865],[148.85,-20.7881]]],[[[150.4376,-22.5122],[150.4387,-22.5104],[150.4373,-22.5085],[150.4376,-22.5122]]],[[[150.7613,-22.4697],[150.7623,-22.4682],[150.7596,-22.468],[150.7613,-22.4697]]],[[[152.9165,-25.5556],[152.9163,-25.5572],[152.9195,-25.5562],[152.9191,-25.5547],[152.9178,-25.5562],[152.9182,-25.5547],[152.9165,-25.5556]]],[[[150.1344,-21.9571],[150.1334,-21.9536],[150.1324,-21.9545],[150.1344,-21.9571]]],[[[150.7291,-22.4328],[150.7305,-22.4302],[150.7276,-22.4323],[150.7291,-22.4328]]],[[[150.426,-21.7577],[150.4269,-21.756],[150.4251,-21.7557],[150.4245,-21.7571],[150.426,-21.7577]]],[[[151.9147,-23.3057],[151.9171,-23.3042],[151.9148,-23.3041],[151.9147,-23.3057]]],[[[150.7572,-22.479],[150.7582,-22.4783],[150.7562,-22.4762],[150.7572,-22.479]]],[[[148.9595,-20.331],[148.9595,-20.3322],[148.9619,-20.3311],[148.961,-20.3296],[148.9595,-20.331]]],[[[150.1205,-21.9495],[150.1196,-21.9473],[150.1179,-21.9471],[150.1205,-21.9495]]],[[[150.2299,-22.2874],[150.2284,-22.2848],[150.2285,-22.2869],[150.2299,-22.2874]]],[[[150.9234,-23.3019],[150.9243,-23.3008],[150.9202,-23.3005],[150.9234,-23.3019]]],[[[149.5954,-22.1434],[149.5966,-22.1423],[149.5944,-22.1417],[149.5954,-22.1434]]],[[[149.826,-21.3692],[149.8263,-21.3664],[149.825,-21.3678],[149.826,-21.3692]]],[[[149.775,-22.3601],[149.7779,-22.3584],[149.7753,-22.3581],[149.775,-22.3601]]],[[[150.448,-22.5214],[150.4487,-22.5201],[150.4468,-22.5186],[150.448,-22.5214]]],[[[149.659,-21.9848],[149.6574,-21.9846],[149.6596,-21.9879],[149.659,-21.9848]]],[[[149.8778,-21.9815],[149.8794,-21.9807],[149.8783,-21.9793],[149.8778,-21.9815]]],[[[148.8547,-20.7948],[148.8587,-20.7951],[148.855,-20.7939],[148.8547,-20.7948]]],[[[152.9041,-25.5615],[152.9046,-25.5639],[152.9057,-25.5637],[152.9041,-25.5615]]],[[[150.1555,-21.9709],[150.1566,-21.9705],[150.1557,-21.9685],[150.1545,-21.9692],[150.1555,-21.9709]]],[[[151.277,-23.5337],[151.2779,-23.5317],[151.2756,-23.5328],[151.277,-23.5337]]],[[[150.7027,-21.9528],[150.7016,-21.9506],[150.7007,-21.9521],[150.7027,-21.9528]]],[[[152.3002,-23.8015],[152.3018,-23.8008],[152.2998,-23.7997],[152.3002,-23.8015]]],[[[152.9066,-25.5803],[152.9051,-25.5804],[152.9052,-25.5826],[152.9069,-25.5818],[152.9066,-25.5803]]],[[[150.309,-21.47],[150.3104,-21.4689],[150.3097,-21.4672],[150.309,-21.47]]],[[[150.3588,-22.1901],[150.36,-22.1898],[150.3586,-22.1869],[150.3588,-22.1901]]],[[[150.2892,-21.7489],[150.2902,-21.7478],[150.2881,-21.7471],[150.2892,-21.7489]]],[[[150.4397,-22.2065],[150.4397,-22.205],[150.4377,-22.2055],[150.4397,-22.2065]]],[[[150.4301,-21.7611],[150.4285,-21.7605],[150.4299,-21.7625],[150.4301,-21.7611]]],[[[150.5393,-22.2668],[150.5422,-22.2663],[150.5392,-22.2653],[150.5393,-22.2668]]],[[[150.2958,-21.6733],[150.2969,-21.6714],[150.295,-21.672],[150.2958,-21.6733]]],[[[150.5374,-22.4312],[150.5376,-22.4288],[150.5363,-22.4296],[150.5374,-22.4312]]],[[[150.359,-22.1946],[150.3618,-22.1943],[150.3588,-22.1932],[150.359,-22.1946]]],[[[152.9087,-25.606],[152.908,-25.6079],[152.9094,-25.609],[152.9087,-25.606]]],[[[150.7181,-22.3402],[150.7192,-22.3382],[150.7175,-22.3391],[150.7181,-22.3402]]],[[[150.1549,-21.985],[150.1543,-21.9826],[150.1532,-21.9841],[150.1549,-21.985]]],[[[148.7956,-20.2873],[148.7947,-20.2879],[148.7962,-20.2889],[148.7956,-20.2873]]],[[[151.2717,-23.5371],[151.272,-23.5348],[151.2704,-23.535],[151.2717,-23.5371]]],[[[149.8053,-21.8401],[149.8065,-21.8385],[149.8051,-21.8383],[149.8053,-21.8401]]],[[[151.4696,-24.0663],[151.4679,-24.0652],[151.4684,-24.0672],[151.4696,-24.0663]]],[[[150.4285,-21.7567],[150.4291,-21.7548],[150.4279,-21.755],[150.4285,-21.7567]]],[[[151.2417,-23.8039],[151.243,-23.8039],[151.2412,-23.8021],[151.2417,-23.8039]]],[[[149.894,-21.9714],[149.8953,-21.9709],[149.8932,-21.9696],[149.894,-21.9714]]],[[[149.2078,-20.7008],[149.2089,-20.7001],[149.2074,-20.6989],[149.2078,-20.7008]]],[[[151.7711,-23.5028],[151.7727,-23.5021],[151.7704,-23.5018],[151.7711,-23.5028]]],[[[149.5988,-21.9586],[149.5995,-21.9575],[149.5979,-21.9568],[149.5988,-21.9586]]],[[[150.3132,-22.3286],[150.3143,-22.3282],[150.3129,-22.3269],[150.3132,-22.3286]]],[[[150.3322,-22.2281],[150.3323,-22.2258],[150.3308,-22.227],[150.3322,-22.2281]]],[[[150.3732,-22.2073],[150.3742,-22.2072],[150.373,-22.2049],[150.3732,-22.2073]]],[[[149.2318,-20.7325],[149.2328,-20.7316],[149.2317,-20.7305],[149.2318,-20.7325]]],[[[149.8937,-21.9966],[149.8941,-21.995],[149.8924,-21.996],[149.8937,-21.9966]]],[[[150.6485,-22.0284],[150.6495,-22.0274],[150.6482,-22.0265],[150.6485,-22.0284]]],[[[151.7277,-24.0618],[151.7291,-24.0612],[151.7274,-24.0603],[151.7277,-24.0618]]],[[[149.5775,-21.9577],[149.5787,-21.9572],[149.5778,-21.9561],[149.5775,-21.9577]]],[[[149.1612,-20.2362],[149.1606,-20.2337],[149.16,-20.2356],[149.1612,-20.2362]]],[[[150.8773,-23.0376],[150.8786,-23.0373],[150.8781,-23.0355],[150.8773,-23.0376]]],[[[151.3359,-23.8387],[151.3385,-23.84],[151.3372,-23.8381],[151.3359,-23.8387]]],[[[149.6604,-21.9512],[149.6617,-21.9496],[149.6599,-21.9503],[149.6604,-21.9512]]],[[[151.0864,-23.1537],[151.0846,-23.155],[151.086,-23.1552],[151.0864,-23.1537]]],[[[151.7369,-24.0337],[151.7367,-24.0321],[151.7356,-24.0331],[151.7369,-24.0337]]],[[[151.4612,-24.0618],[151.4613,-24.0604],[151.4598,-24.0601],[151.4612,-24.0618]]],[[[151.3166,-23.7648],[151.3193,-23.7651],[151.3177,-23.764],[151.3166,-23.7648]]],[[[152.9026,-25.4237],[152.9048,-25.4234],[152.9036,-25.4224],[152.9026,-25.4237]]],[[[152.9103,-25.606],[152.9094,-25.605],[152.9113,-25.6075],[152.9103,-25.606]]],[[[150.1989,-21.9654],[150.1976,-21.9659],[150.1992,-21.9669],[150.1989,-21.9654]]],[[[150.7108,-22.6262],[150.7118,-22.6259],[150.7109,-22.6248],[150.7108,-22.6262]]],[[[150.77,-22.5181],[150.7721,-22.5176],[150.7706,-22.517],[150.77,-22.5181]]],[[[150.7311,-22.4272],[150.7319,-22.4258],[150.7305,-22.4263],[150.7311,-22.4272]]],[[[150.8808,-23.0474],[150.8812,-23.0464],[150.8789,-23.0463],[150.8808,-23.0474]]],[[[149.0889,-20.5067],[149.0896,-20.5056],[149.0883,-20.5058],[149.0889,-20.5067]]],[[[150.805,-23.1733],[150.8053,-23.1721],[150.804,-23.1728],[150.805,-23.1733]]],[[[150.3433,-21.6757],[150.3441,-21.6749],[150.3428,-21.6747],[150.3433,-21.6757]]],[[[149.1154,-20.1973],[149.1158,-20.196],[149.1146,-20.1964],[149.1154,-20.1973]]],[[[152.9844,-25.3106],[152.943,-25.2728],[152.9935,-25.3359],[152.9844,-25.3106]]],[[[153.0167,-25.3147],[153.0239,-25.3237],[153.0246,-25.3224],[153.0163,-25.3132],[153.0167,-25.3147]]],[[[152.9393,-25.3769],[152.9417,-25.3769],[152.9403,-25.3756],[152.9393,-25.3769]]],[[[153.5522,-28.1644],[153.5143,-28.161],[153.4504,-28.0836],[153.4337,-27.9352],[153.4152,-27.9996],[153.4006,-27.8723],[153.3432,-27.9101],[153.3511,-27.89],[153.3808,-27.8891],[153.3664,-27.8513],[153.3846,-27.874],[153.4019,-27.8637],[153.3687,-27.8017],[153.3499,-27.8002],[153.4266,-27.7785],[153.4393,-27.7357],[153.4123,-27.7409],[153.3925,-27.7078],[153.3565,-27.7117],[153.3483,-27.6951],[153.3074,-27.7144],[153.2932,-27.7016],[153.323,-27.7003],[153.3015,-27.6007],[153.3182,-27.582],[153.2811,-27.5495],[153.2907,-27.511],[153.2616,-27.5162],[153.2413,-27.4652],[153.2283,-27.4831],[153.192,-27.4763],[153.1654,-27.3983],[153.2022,-27.3529],[153.1888,-27.3454],[153.164,-27.4017],[153.1143,-27.4407],[153.0535,-27.4423],[153.0532,-27.4748],[153.0046,-27.4767],[152.9965,-27.4889],[153.0229,-27.4999],[153.0017,-27.509],[153.0096,-27.523],[152.9725,-27.5059],[152.9742,-27.5446],[152.9406,-27.5281],[152.9043,-27.5449],[152.9066,-27.6014],[152.8885,-27.5908],[152.906,-27.6012],[152.9042,-27.5445],[152.9386,-27.5253],[152.9736,-27.5426],[152.9706,-27.5045],[153.0084,-27.521],[153.0005,-27.5069],[153.0206,-27.5006],[152.9946,-27.4899],[153.0041,-27.4744],[153.0528,-27.4717],[153.0498,-27.4402],[153.108,-27.4416],[153.1605,-27.3774],[153.0943,-27.343],[153.065,-27.3014],[153.0786,-27.2645],[153.0539,-27.2302],[153.0757,-27.228],[153.0775,-27.2626],[153.1079,-27.2617],[153.1148,-27.1913],[153.0874,-27.206],[153.0377,-27.1968],[153.0295,-27.1789],[153.0667,-27.111],[153.1442,-27.0755],[153.0989,-27.0639],[153.1126,-27.0541],[153.1027,-27.035],[153.0428,-26.9694],[153.0659,-26.975],[153.0431,-26.9462],[153.062,-26.9283],[153.0611,-26.8929],[153.0709,-26.909],[153.1089,-26.8868],[153.1246,-26.8066],[153.1514,-26.8016],[153.1394,-26.6792],[153.109,-26.6707],[153.0987,-26.6426],[153.0919,-26.5176],[153.12,-26.3792],[153.0804,-26.3813],[153.0614,-26.3132],[153.1132,-26.1035],[153.1923,-25.9329],[153.162,-25.9498],[153.1199,-25.9336],[153.0859,-25.8887],[153.0723,-25.8118],[153.0455,-25.8082],[153.0708,-25.8196],[153.0465,-25.8494],[153.0661,-25.8856],[153.0583,-25.9144],[153.0514,-25.8981],[153.0246,-25.9077],[153.0568,-25.9295],[153.0323,-25.9461],[153.0391,-25.9696],[153.024,-25.959],[153.0165,-25.9973],[152.9991,-25.969],[153.0313,-25.934],[153.0034,-25.935],[153.0164,-25.9038],[153.001,-25.9066],[153.0307,-25.8761],[152.9936,-25.8811],[153.0259,-25.8521],[153.0205,-25.8295],[152.9872,-25.8034],[152.9833,-25.8245],[152.9783,-25.8095],[152.9367,-25.815],[152.9396,-25.7959],[152.972,-25.7941],[152.9733,-25.7623],[152.9369,-25.7681],[152.9363,-25.7436],[152.9072,-25.728],[152.9203,-25.7063],[152.8783,-25.6837],[152.9115,-25.6748],[152.8619,-25.5534],[152.9026,-25.5416],[152.8966,-25.4989],[152.9564,-25.4336],[152.9342,-25.4319],[152.8485,-25.4983],[152.8237,-25.494],[152.9081,-25.4295],[152.8965,-25.4189],[152.9244,-25.4308],[152.9015,-25.314],[152.9145,-25.2933],[152.8344,-25.2763],[152.8139,-25.2435],[152.8062,-25.2644],[152.7225,-25.2696],[152.6442,-25.2339],[152.615,-25.1833],[152.557,-25.1821],[152.547,-25.205],[152.5555,-25.1717],[152.6177,-25.1733],[152.633,-25.1518],[152.5771,-25.119],[152.5462,-25.0738],[152.5337,-25.0896],[152.5233,-25.0695],[152.5075,-25.0775],[152.5507,-25.0737],[152.4861,-24.9705],[152.4946,-24.9163],[152.4682,-24.8161],[152.4128,-24.7577],[152.384,-24.7633],[152.3814,-24.7966],[152.3776,-24.7683],[152.3967,-24.7506],[152.3789,-24.732],[152.3337,-24.7436],[152.3478,-24.7381],[152.2743,-24.7119],[152.1483,-24.6265],[152.06,-24.5182],[152.044,-24.525],[152.0576,-24.512],[152.0059,-24.4337],[151.9434,-24.2401],[151.9062,-24.2078],[151.8863,-24.1494],[151.879,-24.1937],[151.8491,-24.2185],[151.8758,-24.1715],[151.8359,-24.1769],[151.7931,-24.1262],[151.7715,-24.1295],[151.7867,-24.1176],[151.7654,-24.016],[151.7384,-24.0032],[151.7449,-24.032],[151.7159,-24.0872],[151.7046,-24.0398],[151.7303,-24.0225],[151.6443,-23.9774],[151.6106,-23.9792],[151.6044,-24.0088],[151.6302,-24.0131],[151.6382,-23.9969],[151.6376,-24.0329],[151.6775,-24.0496],[151.6857,-24.0673],[151.6647,-24.0605],[151.6825,-24.1041],[151.6347,-24.0558],[151.5737,-24.0357],[151.5553,-24.07],[151.5801,-24.0871],[151.5605,-24.0736],[151.5636,-24.1114],[151.5528,-24.0817],[151.5454,-24.1133],[151.5477,-24.0893],[151.5247,-24.0889],[151.5268,-24.0603],[151.5011,-24.045],[151.5439,-24.0293],[151.4405,-23.992],[151.4416,-24.0158],[151.4938,-24.067],[151.4658,-24.0719],[151.4435,-24.026],[151.4404,-24.0773],[151.427,-23.9876],[151.3548,-23.9358],[151.3232,-23.8547],[151.2807,-23.8556],[151.233,-23.8155],[151.173,-23.8159],[151.1645,-23.7956],[151.1842,-23.7931],[151.1653,-23.7634],[151.1442,-23.77],[151.1511,-23.7284],[151.1096,-23.7041],[151.1346,-23.6984],[151.1218,-23.6714],[151.0458,-23.6278],[151.0266,-23.572],[150.9754,-23.5554],[150.968,-23.6051],[150.9253,-23.6228],[150.9586,-23.6004],[150.957,-23.5503],[150.9346,-23.5439],[150.8685,-23.5767],[150.8794,-23.5422],[150.7906,-23.506],[150.85,-23.5069],[150.8714,-23.4809],[150.8102,-23.4068],[150.7923,-23.3219],[150.7593,-23.3004],[150.7899,-23.3096],[150.8298,-23.2551],[150.8193,-23.2215],[150.7987,-23.2278],[150.7891,-23.2085],[150.7942,-23.1625],[150.7748,-23.1652],[150.7497,-23.1288],[150.7774,-22.9619],[150.8,-22.9331],[150.7897,-22.8657],[150.8352,-22.6842],[150.7784,-22.641],[150.7841,-22.5293],[150.7545,-22.5236],[150.7742,-22.5524],[150.7441,-22.5849],[150.7516,-22.6216],[150.7384,-22.6231],[150.7589,-22.6267],[150.7073,-22.6362],[150.6941,-22.6064],[150.7146,-22.6334],[150.7322,-22.6234],[150.7248,-22.5631],[150.6917,-22.5536],[150.6796,-22.5734],[150.6738,-22.501],[150.6443,-22.4743],[150.6743,-22.4947],[150.6783,-22.4732],[150.7239,-22.5186],[150.731,-22.485],[150.7585,-22.4684],[150.7533,-22.4463],[150.6932,-22.4306],[150.6671,-22.3465],[150.6505,-22.369],[150.6723,-22.4025],[150.6663,-22.4541],[150.6553,-22.4221],[150.6273,-22.4417],[150.6463,-22.424],[150.628,-22.421],[150.6578,-22.4142],[150.6439,-22.3912],[150.6109,-22.3889],[150.6425,-22.3796],[150.6173,-22.3498],[150.6407,-22.3634],[150.6458,-22.3455],[150.5624,-22.3164],[150.53,-22.4024],[150.5564,-22.4306],[150.5399,-22.4269],[150.5386,-22.4424],[150.59,-22.464],[150.5331,-22.45],[150.5563,-22.477],[150.593,-22.4758],[150.6078,-22.5008],[150.5525,-22.484],[150.5976,-22.5594],[150.5918,-22.5748],[150.5515,-22.5665],[150.5466,-22.6162],[150.5298,-22.6023],[150.5441,-22.5735],[150.5304,-22.5813],[150.5148,-22.5574],[150.5448,-22.5614],[150.4918,-22.5214],[150.4977,-22.5602],[150.4839,-22.5343],[150.4487,-22.5347],[150.3839,-22.4654],[150.301,-22.4213],[150.3005,-22.3977],[150.2171,-22.3939],[150.1774,-22.3605],[150.1922,-22.3252],[150.1574,-22.305],[150.1522,-22.2608],[150.1102,-22.233],[150.0816,-22.1519],[150.0442,-22.1255],[149.9559,-22.1853],[149.918,-22.2744],[149.9149,-22.3212],[149.9291,-22.3235],[149.913,-22.3458],[150.0468,-22.6611],[149.9628,-22.5394],[149.8883,-22.4927],[149.8499,-22.4162],[149.8111,-22.3821],[149.7843,-22.3803],[149.7521,-22.4364],[149.7469,-22.387],[149.7667,-22.3713],[149.7311,-22.3478],[149.7105,-22.3697],[149.6842,-22.3451],[149.6583,-22.3549],[149.6294,-22.2972],[149.5973,-22.2815],[149.5171,-22.0753],[149.5234,-22.0271],[149.4654,-21.9257],[149.4717,-21.8385],[149.4584,-21.8175],[149.4343,-21.8181],[149.4308,-21.7459],[149.4217,-21.7723],[149.4252,-21.7434],[149.4565,-21.7299],[149.4358,-21.7219],[149.4797,-21.7429],[149.4706,-21.7084],[149.4493,-21.7132],[149.4387,-21.6409],[149.4862,-21.5706],[149.4846,-21.5317],[149.4434,-21.5933],[149.4497,-21.5782],[149.422,-21.5751],[149.4442,-21.5776],[149.4378,-21.5538],[149.4004,-21.5604],[149.399,-21.5406],[149.3736,-21.5351],[149.3958,-21.4931],[149.3501,-21.5094],[149.3396,-21.4745],[149.3092,-21.4967],[149.3269,-21.5051],[149.2972,-21.5113],[149.2743,-21.4785],[149.2985,-21.4708],[149.2983,-21.4264],[149.3382,-21.4269],[149.3313,-21.4102],[149.2764,-21.4007],[149.3173,-21.3927],[149.2912,-21.318],[149.2987,-21.2733],[149.274,-21.2776],[149.2559,-21.2447],[149.1981,-21.2964],[149.2017,-21.2777],[149.1793,-21.2847],[149.2141,-21.2415],[149.1742,-21.1983],[149.196,-21.211],[149.2152,-21.1453],[149.1528,-21.143],[149.2001,-21.1373],[149.1969,-21.1256],[149.2228,-21.1477],[149.227,-21.0628],[149.2056,-21.0768],[149.1581,-21.0003],[149.1155,-21.0024],[149.0888,-20.9757],[149.0174,-20.9934],[149.0316,-20.9582],[149.0142,-20.9358],[149.0607,-20.9282],[149.0461,-20.903],[149.0054,-20.9123],[148.9512,-20.8756],[148.9151,-20.892],[148.8902,-20.8779],[148.8848,-20.8488],[148.8775,-20.8752],[148.8448,-20.8758],[148.8389,-20.8245],[148.7951,-20.8125],[148.8408,-20.7911],[148.7808,-20.7625],[148.7779,-20.7321],[148.7308,-20.7166],[148.7326,-20.6885],[148.7063,-20.6707],[148.7272,-20.633],[148.6999,-20.6397],[148.6903,-20.5991],[148.6621,-20.5858],[148.7151,-20.4948],[148.6802,-20.4412],[148.7365,-20.482],[148.7636,-20.4797],[148.7844,-20.4518],[148.7561,-20.4189],[148.7939,-20.4536],[148.7909,-20.4152],[148.8205,-20.4435],[148.824,-20.4261],[148.8215,-20.4967],[148.8569,-20.5279],[148.8848,-20.5232],[148.899,-20.5452],[148.9302,-20.5338],[148.8841,-20.4881],[148.9112,-20.4794],[148.9028,-20.467],[148.8802,-20.4723],[148.8387,-20.4309],[148.8396,-20.3916],[148.8164,-20.3849],[148.8407,-20.3519],[148.8257,-20.3377],[148.8184,-20.3545],[148.8164,-20.3214],[148.7691,-20.2997],[148.7664,-20.2869],[148.8019,-20.278],[148.7777,-20.2741],[148.7693,-20.2359],[148.7523,-20.2357],[148.7527,-20.2621],[148.7337,-20.2538],[148.7386,-20.2817],[148.7155,-20.2627],[148.6732,-20.2823],[148.6851,-20.2414],[148.6628,-20.2475],[148.6607,-20.2167],[148.6779,-20.1787],[148.653,-20.2161],[148.6394,-20.1709],[148.6301,-20.2195],[148.6012,-20.2109],[148.6199,-20.1767],[148.5827,-20.1976],[148.598,-20.1663],[148.5703,-20.1703],[148.5799,-20.1344],[148.5548,-20.1139],[148.5629,-20.0667],[148.5133,-20.0933],[148.452,-20.0593],[148.4436,-20.111],[148.479,-20.1175],[148.4349,-20.1684],[148.342,-20.153],[148.2777,-20.0995],[148.2835,-20.0775],[148.2306,-20.0453],[148.2403,-20.0226],[148.2675,-20.0236],[148.2598,-19.9754],[148.2392,-19.9843],[148.1862,-19.9441],[148.1645,-19.9579],[148.1132,-19.9414],[148.0801,-19.8819],[148.0262,-19.894],[147.9922,-19.9276],[147.9178,-19.9083],[147.8648,-19.851],[147.8514,-19.7392],[147.8236,-19.7096],[147.7523,-19.7066],[147.7449,-19.769],[147.7689,-19.7919],[147.7646,-19.8371],[147.6714,-19.8283],[147.6014,-19.7574],[147.5868,-19.7251],[147.6154,-19.6731],[147.5741,-19.6293],[147.5593,-19.5505],[147.487,-19.4655],[147.4572,-19.3743],[147.4143,-19.3126],[147.3846,-19.3025],[147.4213,-19.3217],[147.4461,-19.3652],[147.441,-19.4211],[147.3042,-19.4076],[147.2469,-19.4325],[147.1615,-19.4054],[147.1261,-19.4225],[147.0407,-19.2956],[147.0606,-19.2563],[147.0163,-19.1823],[147.0218,-19.2158],[146.958,-19.3087],[146.9425,-19.2954],[146.8826,-19.3036],[146.836,-19.2707],[146.8388,-19.2429],[146.7896,-19.239],[146.7675,-19.1845],[146.6766,-19.1899],[146.4542,-19.0737],[146.2898,-18.8919],[146.2764,-18.8132],[146.3385,-18.6303],[146.3193,-18.6457],[146.3389,-18.6068],[146.3379,-18.5266],[146.1894,-18.4738],[146.2005,-18.4523],[146.1675,-18.4453],[146.1411,-18.3641],[146.1028,-18.3485],[146.0162,-18.245],[146.008,-18.1205],[146.0739,-17.9899],[146.1014,-17.9768],[146.098,-17.8968],[146.1196,-17.8558],[146.0913,-17.7992],[146.1126,-17.7708],[146.1134,-17.6929],[146.1491,-17.6485],[146.0682,-17.5104],[146.0332,-17.5253],[146.0278,-17.5503],[146.0327,-17.5122],[146.0564,-17.5209],[146.0516,-17.5054],[146.077,-17.5045],[146.0732,-17.3947],[146.0208,-17.3467],[145.9721,-17.242],[145.9492,-17.1307],[145.8894,-17.0576],[145.9007,-16.9817],[145.9577,-16.8966],[145.9192,-16.8643],[145.9065,-16.8972],[145.8698,-16.9066],[145.8489,-16.8712],[145.7792,-16.9404],[145.7834,-16.917],[145.7624,-16.8979],[145.7749,-16.87],[145.7249,-16.8039],[145.6827,-16.7756],[145.671,-16.7373],[145.5819,-16.6872],[145.4701,-16.5144],[145.4686,-16.4799],[145.4095,-16.4568],[145.4182,-16.3383],[145.4493,-16.2909],[145.4889,-16.2767],[145.4693,-16.2109],[145.4423,-16.1863],[145.4769,-16.0761],[145.4138,-15.951],[145.3573,-15.9105],[145.3774,-15.8406],[145.3519,-15.8075],[145.3613,-15.7196],[145.3128,-15.6468],[145.3296,-15.5941],[145.307,-15.5524],[145.2873,-15.5591],[145.272,-15.5413],[145.2837,-15.4972],[145.2628,-15.4611],[145.2286,-15.462],[145.2882,-15.3759],[145.2864,-15.3164],[145.3571,-15.2772],[145.3396,-15.2266],[145.3159,-15.2594],[145.267,-15.2558],[145.2338,-15.1407],[145.289,-15.0435],[145.3553,-14.9874],[145.352,-14.953],[145.2809,-14.9549],[145.2193,-14.8809],[145.2297,-14.8317],[145.1735,-14.8427],[145.0905,-14.8031],[145.0235,-14.7953],[145.0078,-14.7558],[144.9538,-14.7372],[144.9504,-14.6775],[144.9239,-14.6635],[144.9097,-14.6137],[144.7827,-14.5936],[144.7751,-14.5461],[144.6844,-14.5528],[144.6651,-14.511],[144.6194,-14.4764],[144.6511,-14.3587],[144.5875,-14.3614],[144.5958,-14.2603],[144.5162,-14.1666],[144.4915,-14.166],[144.4355,-14.2597],[144.3383,-14.307],[144.2803,-14.3015],[144.2164,-14.2541],[144.1954,-14.2614],[144.1985,-14.3228],[144.1683,-14.3814],[144.0324,-14.4829],[143.9492,-14.4957],[143.8814,-14.4824],[143.7836,-14.4057],[143.7032,-14.2086],[143.6796,-14.0145],[143.6233,-13.9647],[143.5914,-13.8591],[143.5313,-13.755],[143.5513,-13.6174],[143.5861,-13.544],[143.5975,-13.4228],[143.5818,-13.3757],[143.5269,-13.3274],[143.5218,-13.1788],[143.5022,-13.1243],[143.5146,-13.0081],[143.4977,-12.9491],[143.5443,-12.8433],[143.4745,-12.8654],[143.4494,-12.8489],[143.4051,-12.8678],[143.4014,-12.9005],[143.3902,-12.8851],[143.3535,-12.8961],[143.3577,-12.7996],[143.4189,-12.6816],[143.4025,-12.6623],[143.4385,-12.6118],[143.3055,-12.5507],[143.2711,-12.4964],[143.2739,-12.4071],[143.2474,-12.3791],[143.1803,-12.3431],[143.0846,-12.3482],[143.0773,-12.3311],[143.0971,-12.2183],[143.0787,-12.1592],[143.1856,-11.9908],[143.2157,-11.9746],[143.2281,-11.9891],[143.2441,-11.9687],[143.2119,-11.9544],[143.1675,-11.9733],[143.1475,-11.9194],[143.0979,-11.8928],[143.0661,-11.9282],[142.9746,-11.9329],[142.8564,-11.8455],[142.8595,-11.6359],[142.8268,-11.4765],[142.8687,-11.3816],[142.8404,-11.3194],[142.7936,-11.2785],[142.7861,-11.0742],[142.7163,-10.9611],[142.6981,-10.9779],[142.6679,-10.9446],[142.6148,-10.9419],[142.6166,-10.8922],[142.5892,-10.8681],[142.5953,-10.8911],[142.5834,-10.9013],[142.5946,-10.8893],[142.5576,-10.8741],[142.5427,-10.9022],[142.5558,-10.9134],[142.5433,-10.9079],[142.4821,-10.9784],[142.5161,-10.9094],[142.5172,-10.8437],[142.5493,-10.8318],[142.6093,-10.749],[142.5568,-10.7264],[142.5309,-10.6875],[142.4982,-10.7168],[142.4391,-10.7081],[142.3917,-10.8258],[142.315,-10.9151],[142.3132,-10.9011],[142.2847,-10.9179],[142.1936,-10.915],[142.1328,-10.9484],[142.1573,-11.1218],[142.1377,-11.2069],[142.1162,-11.2247],[142.12,-11.3685],[142.0019,-11.7533],[141.962,-11.8208],[141.9422,-11.9455],[141.9434,-11.9777],[141.9717,-11.9801],[142.0122,-12.0391],[141.9942,-12.0596],[141.958,-12.0423],[141.9324,-12.0709],[141.949,-12.1499],[141.9245,-12.1681],[141.9451,-12.1464],[141.8865,-11.985],[141.909,-11.9554],[141.88,-11.9544],[141.8504,-11.9844],[141.7148,-12.2347],[141.5919,-12.5589],[141.6432,-12.5776],[141.6948,-12.557],[141.7094,-12.5189],[141.7601,-12.5391],[141.7684,-12.5656],[141.8199,-12.6014],[141.8938,-12.5935],[141.8861,-12.6173],[141.8273,-12.6485],[141.8395,-12.6683],[141.8777,-12.6713],[141.8631,-12.6934],[141.8038,-12.6795],[141.7399,-12.8535],[141.6528,-12.9167],[141.636,-12.9087],[141.5832,-12.9967],[141.6178,-13.0399],[141.6295,-13.1594],[141.6799,-13.2175],[141.6954,-13.2701],[141.5233,-13.5721],[141.4672,-13.8642],[141.4763,-13.9459],[141.5725,-14.0573],[141.599,-14.1166],[141.5984,-14.2584],[141.5256,-14.4871],[141.5903,-14.8573],[141.6644,-15.0058],[141.6527,-14.9737],[141.661,-14.9862],[141.6658,-15.0304],[141.6297,-15.1053],[141.6355,-15.1497],[141.5756,-15.2054],[141.5696,-15.2922],[141.4347,-15.6576],[141.4093,-15.8713],[141.3976,-15.9096],[141.3734,-15.9169],[141.4328,-16.0747],[141.3511,-16.2189],[141.2861,-16.4082],[141.3049,-16.4571],[141.2965,-16.4962],[141.2707,-16.5577],[141.2514,-16.5577],[141.233,-16.588],[141.2045,-16.692],[141.1288,-16.7797],[141.0823,-16.8031],[141.0649,-16.8702],[140.958,-16.9981],[140.9469,-17.0406],[140.9622,-17.0928],[140.9126,-17.2331],[140.9008,-17.3486],[140.8284,-17.4653],[140.7098,-17.5099],[140.5936,-17.5978],[140.3846,-17.6779],[140.0934,-17.7225],[140.0044,-17.7146],[139.9488,-17.6738],[139.9377,-17.631],[139.8472,-17.596],[139.8339,-17.6054],[139.8218,-17.5706],[139.7573,-17.577],[139.7216,-17.5484],[139.6467,-17.5381],[139.4769,-17.4009],[139.4525,-17.3955],[139.4364,-17.4225],[139.4505,-17.3938],[139.4174,-17.3746],[139.3058,-17.3648],[139.2377,-17.3198],[139.1551,-17.1639],[139.1406,-17.0787],[139.1579,-17.0292],[139.0867,-16.9985],[139.0432,-16.9502],[139.0387,-16.9124],[138.916,-16.876],[138.8838,-16.8848],[138.629,-16.7679],[138.4795,-16.7836],[138.3621,-16.7403],[138.3291,-16.7363],[138.3236,-16.7504],[138.1757,-16.6862],[137.9947,-16.5383],[137.9991,-25.9968],[140.9994,-25.9964],[140.9993,-28.9991],[148.9581,-28.9991],[149.0319,-28.9566],[149.0805,-28.842],[149.1279,-28.8355],[149.1396,-28.8067],[149.1792,-28.803],[149.1886,-28.7751],[149.2454,-28.7389],[149.2693,-28.7432],[149.2968,-28.7097],[149.3184,-28.7139],[149.3586,-28.6841],[149.3875,-28.6962],[149.4525,-28.5948],[149.5033,-28.5744],[149.5872,-28.5734],[149.611,-28.6011],[149.6618,-28.6104],[149.6667,-28.6321],[149.704,-28.6339],[149.7212,-28.6094],[149.9773,-28.6136],[150.0154,-28.5805],[150.08,-28.5843],[150.0922,-28.564],[150.1525,-28.5502],[150.2126,-28.5743],[150.2901,-28.5372],[150.3506,-28.575],[150.3702,-28.6211],[150.4422,-28.6643],[150.5246,-28.6545],[150.551,-28.6716],[150.5539,-28.6533],[150.6322,-28.6771],[150.7513,-28.6342],[150.8741,-28.6944],[150.9074,-28.6885],[150.9384,-28.7312],[151.0099,-28.7409],[151.0444,-28.8439],[151.1033,-28.8366],[151.2742,-28.9379],[151.2717,-29.0304],[151.2906,-29.0511],[151.2805,-29.1021],[151.318,-29.138],[151.3156,-29.1661],[151.3941,-29.178],[151.5028,-29.0699],[151.4978,-29.0209],[151.5448,-28.9533],[151.6098,-28.9234],[151.6352,-28.9296],[151.7064,-28.8717],[151.7339,-28.8714],[151.7424,-28.9185],[151.7769,-28.959],[151.8069,-28.9453],[151.8307,-28.9617],[151.8498,-28.9076],[151.9163,-28.9293],[151.9963,-28.8948],[152.0107,-28.9067],[152.0375,-28.8643],[152.0149,-28.8502],[152.0366,-28.8178],[152.0423,-28.7318],[152.076,-28.7083],[152.0665,-28.6812],[152.0105,-28.665],[151.9859,-28.5821],[151.9573,-28.5647],[151.9554,-28.5192],[151.9826,-28.5033],[151.9888,-28.5256],[152.0167,-28.5252],[152.0697,-28.4685],[152.1212,-28.4626],[152.1601,-28.4333],[152.2172,-28.4491],[152.3094,-28.3628],[152.388,-28.3675],[152.4164,-28.335],[152.4152,-28.2981],[152.443,-28.2984],[152.4635,-28.2592],[152.5075,-28.249],[152.534,-28.2627],[152.5259,-28.306],[152.5795,-28.3392],[152.6142,-28.2695],[152.6398,-28.3122],[152.6675,-28.3117],[152.751,-28.3639],[152.8804,-28.3098],[152.9343,-28.3376],[153.1077,-28.3585],[153.125,-28.3178],[153.1677,-28.2955],[153.1767,-28.2496],[153.2328,-28.2651],[153.2796,-28.2335],[153.3573,-28.2493],[153.477,-28.1569],[153.5347,-28.1776],[153.5522,-28.1644]]],[[[153.3117,-24.9557],[153.2653,-24.8772],[153.2669,-24.7043],[153.2507,-24.6973],[153.1771,-24.7432],[153.1189,-24.815],[153.1691,-24.832],[153.2262,-24.912],[153.2223,-24.9956],[153.1626,-25.0813],[153.0295,-25.1763],[152.9916,-25.2245],[153.0387,-25.2231],[153.0515,-25.2446],[153.0514,-25.3453],[152.9868,-25.4483],[152.9887,-25.5121],[152.9425,-25.5858],[152.9642,-25.5767],[152.9553,-25.5955],[152.9956,-25.7318],[153.0483,-25.7959],[153.0769,-25.7933],[153.0893,-25.7581],[153.0777,-25.6732],[153.1155,-25.54],[153.3603,-25.0066],[153.3504,-24.963],[153.3117,-24.9557]]],[[[153.4006,-27.5004],[153.4217,-27.642],[153.3988,-27.6626],[153.3929,-27.7071],[153.4228,-27.7408],[153.4399,-27.7155],[153.4384,-27.7332],[153.454,-27.7287],[153.4738,-27.604],[153.5435,-27.4255],[153.4401,-27.3928],[153.4006,-27.5004]]],[[[153.3642,-27.1276],[153.3655,-27.2012],[153.4283,-27.3636],[153.4197,-27.2036],[153.4682,-27.0278],[153.3887,-27.0503],[153.4024,-27.0353],[153.3618,-27.0603],[153.3642,-27.1276]]],[[[153.134,-26.889],[153.1312,-26.8095],[153.13,-26.8739],[153.0777,-26.9069],[153.0909,-26.945],[153.0771,-26.9794],[153.1653,-27.0991],[153.1963,-27.097],[153.2063,-27.0727],[153.134,-26.889]]],[[[153.4317,-27.7928],[153.4064,-27.835],[153.428,-27.934],[153.4398,-27.7511],[153.4317,-27.7928]]],[[[153.4012,-27.6447],[153.365,-27.6527],[153.3755,-27.7072],[153.3975,-27.6969],[153.3883,-27.6574],[153.4159,-27.6416],[153.4012,-27.6447]]],[[[152.9145,-25.526],[152.9451,-25.5141],[152.9514,-25.4817],[152.9093,-25.4998],[152.9145,-25.526]]],[[[153.3861,-27.786],[153.384,-27.8204],[153.4116,-27.7909],[153.3861,-27.786]]],[[[153.2355,-27.3375],[153.2529,-27.3506],[153.271,-27.338],[153.2476,-27.3207],[153.2355,-27.3375]]],[[[153.3665,-27.6166],[153.3608,-27.5803],[153.3467,-27.6222],[153.3666,-27.6313],[153.3665,-27.6166]]],[[[153.3441,-27.5131],[153.3723,-27.4907],[153.3386,-27.4958],[153.3441,-27.5131]]],[[[153.2224,-27.3901],[153.2385,-27.4024],[153.2394,-27.3741],[153.2224,-27.3901]]],[[[153.3273,-27.6423],[153.3292,-27.6705],[153.3414,-27.6486],[153.3273,-27.6423]]],[[[153.3194,-27.6815],[153.3223,-27.6918],[153.3262,-27.6928],[153.3275,-27.6948],[153.3393,-27.6951],[153.339,-27.6877],[153.3334,-27.6819],[153.3254,-27.6771],[153.3199,-27.6798],[153.3194,-27.6815]]],[[[152.9462,-25.5816],[152.9495,-25.5752],[152.9486,-25.5696],[152.9497,-25.5583],[152.9485,-25.5569],[152.9461,-25.5605],[152.9413,-25.5596],[152.9401,-25.562],[152.938,-25.5628],[152.9396,-25.5807],[152.9419,-25.5833],[152.9435,-25.5828],[152.9435,-25.578],[152.9454,-25.5768],[152.9438,-25.5779],[152.9444,-25.5818],[152.9462,-25.5816]]],[[[153.3554,-27.6606],[153.356,-27.6518],[153.3539,-27.6492],[153.3514,-27.6574],[153.3534,-27.6672],[153.3496,-27.681],[153.3507,-27.6847],[153.3559,-27.6872],[153.3605,-27.6863],[153.3618,-27.6839],[153.3557,-27.6668],[153.3554,-27.6606]]],[[[152.9551,-25.6329],[152.9582,-25.6375],[152.9615,-25.6293],[152.9611,-25.6243],[152.9624,-25.6242],[152.9642,-25.6201],[152.9606,-25.6161],[152.9528,-25.6162],[152.9551,-25.6329]]],[[[153.3972,-27.3437],[153.3975,-27.3458],[153.4022,-27.3483],[153.4054,-27.3483],[153.4076,-27.3462],[153.4046,-27.3371],[153.4047,-27.3267],[153.3965,-27.3351],[153.3945,-27.3419],[153.3965,-27.3417],[153.3972,-27.3437]]],[[[153.3233,-27.5746],[153.3354,-27.5748],[153.3381,-27.5715],[153.3382,-27.5644],[153.3341,-27.5645],[153.332,-27.5627],[153.327,-27.5649],[153.3265,-27.5703],[153.3224,-27.5697],[153.3188,-27.5714],[153.3187,-27.5735],[153.3233,-27.5746]]],[[[152.9612,-25.4914],[152.9661,-25.4901],[152.97,-25.4815],[152.9693,-25.4773],[152.9657,-25.4736],[152.9604,-25.4773],[152.9586,-25.4839],[152.9612,-25.4914]]],[[[152.9369,-25.6021],[152.9377,-25.5942],[152.9345,-25.5921],[152.9327,-25.5869],[152.9312,-25.5863],[152.9289,-25.599],[152.9346,-25.6097],[152.938,-25.6113],[152.9369,-25.6021]]],[[[153.3352,-27.6241],[153.3379,-27.6298],[153.3471,-27.6385],[153.349,-27.6384],[153.3525,-27.6322],[153.3423,-27.6271],[153.3394,-27.6205],[153.3377,-27.6214],[153.3353,-27.621],[153.3352,-27.6241]]],[[[153.3728,-27.6297],[153.3726,-27.6309],[153.3757,-27.6302],[153.3783,-27.6319],[153.3834,-27.6278],[153.3862,-27.628],[153.3856,-27.6236],[153.3904,-27.6199],[153.3888,-27.6206],[153.3845,-27.6163],[153.3834,-27.6175],[153.383,-27.6158],[153.3829,-27.621],[153.374,-27.622],[153.3728,-27.6297]]],[[[153.403,-27.8747],[153.4,-27.881],[153.4042,-27.8822],[153.4096,-27.8749],[153.4107,-27.8704],[153.4096,-27.868],[153.4056,-27.8672],[153.4001,-27.8686],[153.4035,-27.8723],[153.403,-27.8747]]],[[[152.9532,-25.6053],[152.9536,-25.6101],[152.9555,-25.6131],[152.9606,-25.6108],[152.9627,-25.6042],[152.9596,-25.6003],[152.9559,-25.5988],[152.9532,-25.6053]]],[[[153.3883,-27.8212],[153.3822,-27.8226],[153.3859,-27.8246],[153.3865,-27.8282],[153.3901,-27.8299],[153.3932,-27.828],[153.395,-27.8296],[153.3967,-27.829],[153.3973,-27.8225],[153.3927,-27.8198],[153.3896,-27.8199],[153.3883,-27.8212]]],[[[153.3664,-27.6394],[153.3786,-27.6427],[153.3865,-27.6395],[153.3798,-27.639],[153.3747,-27.6364],[153.3692,-27.6356],[153.3705,-27.6353],[153.3605,-27.6359],[153.3619,-27.638],[153.3664,-27.6394]]],[[[153.3955,-27.833],[153.3958,-27.8318],[153.3944,-27.8318],[153.3927,-27.8354],[153.3902,-27.8361],[153.3834,-27.8319],[153.3817,-27.8346],[153.3825,-27.8381],[153.3832,-27.8386],[153.3837,-27.838],[153.3842,-27.8381],[153.3857,-27.8405],[153.3926,-27.8388],[153.3956,-27.84],[153.3955,-27.833]]],[[[153.3361,-27.6202],[153.3373,-27.6209],[153.3409,-27.617],[153.341,-27.6098],[153.3384,-27.611],[153.3376,-27.6097],[153.3412,-27.6086],[153.3413,-27.6042],[153.3369,-27.6061],[153.336,-27.6123],[153.3334,-27.6143],[153.3361,-27.6202]]],[[[152.9559,-25.5065],[152.9565,-25.5081],[152.9582,-25.5065],[152.9529,-25.5133],[152.959,-25.5127],[152.9618,-25.5079],[152.962,-25.5032],[152.9626,-25.5023],[152.9636,-25.5041],[152.9663,-25.5008],[152.9644,-25.4992],[152.9593,-25.5012],[152.9559,-25.5065]]],[[[153.0486,-25.8354],[153.0517,-25.8274],[153.0501,-25.8249],[153.0486,-25.8255],[153.0463,-25.8309],[153.0451,-25.8362],[153.0461,-25.8378],[153.0437,-25.8395],[153.0448,-25.8427],[153.0507,-25.8373],[153.0486,-25.8354]]],[[[152.9412,-25.5555],[152.9414,-25.5572],[152.94,-25.5608],[152.9408,-25.5595],[152.9419,-25.5591],[152.9456,-25.5603],[152.9496,-25.5483],[152.9443,-25.5505],[152.9412,-25.5555]]],[[[153.3949,-27.6622],[153.3958,-27.6635],[153.4008,-27.6564],[153.4055,-27.6568],[153.4087,-27.655],[153.4107,-27.6501],[153.4021,-27.6521],[153.396,-27.6589],[153.3949,-27.6622]]],[[[153.0855,-27.0073],[153.081,-27.0015],[153.0788,-27.0017],[153.0776,-27.0098],[153.0827,-27.011],[153.0855,-27.0073]]],[[[153.2321,-27.4209],[153.2264,-27.4202],[153.2346,-27.4305],[153.2368,-27.4282],[153.2364,-27.4226],[153.2321,-27.4209]]],[[[153.1885,-27.401],[153.1837,-27.3934],[153.181,-27.3938],[153.1781,-27.3966],[153.1876,-27.4032],[153.1885,-27.401]]],[[[153.4163,-27.7918],[153.416,-27.7952],[153.4247,-27.7866],[153.4245,-27.7836],[153.4228,-27.7829],[153.4161,-27.7884],[153.4163,-27.7918]]],[[[153.4142,-27.8099],[153.4209,-27.7982],[153.4221,-27.7982],[153.4219,-27.794],[153.4137,-27.8038],[153.4142,-27.8099]]],[[[152.981,-25.8006],[152.9778,-25.8011],[152.9768,-25.8034],[152.9818,-25.8039],[152.9842,-25.8014],[152.9858,-25.8036],[152.9874,-25.8017],[152.9859,-25.7991],[152.9827,-25.7974],[152.9784,-25.8006],[152.9825,-25.798],[152.9852,-25.7996],[152.9823,-25.7989],[152.981,-25.8006]]],[[[153.3994,-27.8193],[153.4004,-27.8217],[153.4018,-27.8216],[153.4074,-27.813],[153.4077,-27.8095],[153.3995,-27.8174],[153.3994,-27.8193]]],[[[153.4404,-27.7405],[153.4434,-27.7425],[153.4459,-27.7421],[153.4488,-27.7383],[153.4476,-27.7357],[153.4454,-27.7344],[153.4404,-27.7405]]],[[[153.3734,-27.8021],[153.3739,-27.803],[153.3704,-27.8015],[153.3732,-27.8073],[153.3784,-27.803],[153.381,-27.8032],[153.3813,-27.8017],[153.3776,-27.7994],[153.3754,-27.8027],[153.371,-27.7995],[153.3704,-27.801],[153.3734,-27.8021]]],[[[153.417,-27.8798],[153.4179,-27.8815],[153.4217,-27.879],[153.4183,-27.8704],[153.4158,-27.869],[153.4178,-27.8777],[153.417,-27.8798]]],[[[153.0775,-26.9525],[153.0726,-26.9548],[153.0754,-26.9591],[153.0783,-26.9567],[153.0799,-26.9519],[153.0774,-26.9505],[153.0775,-26.9525]]],[[[153.4179,-27.9353],[153.4191,-27.9316],[153.4116,-27.9314],[153.414,-27.9324],[153.4162,-27.9401],[153.4188,-27.94],[153.4179,-27.9353]]],[[[153.0597,-26.9119],[153.0622,-26.9123],[153.0659,-26.9088],[153.0661,-26.9071],[153.0633,-26.9043],[153.0621,-26.9043],[153.0629,-26.9067],[153.0598,-26.9094],[153.0597,-26.9119]]],[[[153.1182,-26.8604],[153.1197,-26.8659],[153.123,-26.865],[153.123,-26.8623],[153.1198,-26.8586],[153.1182,-26.8604]]],[[[152.9566,-25.5386],[152.9451,-25.5437],[152.9418,-25.5468],[152.9546,-25.5401],[152.9559,-25.541],[152.9566,-25.5386]]],[[[153.0728,-26.9297],[153.0723,-26.9351],[153.074,-26.9373],[153.0756,-26.9308],[153.0741,-26.9268],[153.0728,-26.9297]]],[[[153.0521,-25.8854],[153.0502,-25.8818],[153.0463,-25.8803],[153.0457,-25.8824],[153.0473,-25.8842],[153.0504,-25.8865],[153.0521,-25.8854]]],[[[153.3835,-27.8307],[153.3898,-27.8338],[153.3921,-27.832],[153.3868,-27.8288],[153.3835,-27.8307]]],[[[153.4132,-27.9048],[153.4098,-27.8987],[153.4104,-27.9045],[153.4127,-27.9076],[153.4132,-27.9048]]],[[[153.4133,-27.813],[153.4149,-27.8135],[153.415,-27.8121],[153.419,-27.8106],[153.4173,-27.8072],[153.4159,-27.8098],[153.4138,-27.8105],[153.4133,-27.813]]],[[[153.401,-27.8879],[153.4025,-27.8888],[153.4037,-27.8868],[153.4032,-27.8843],[153.4008,-27.8835],[153.3991,-27.8856],[153.401,-27.8879]]],[[[153.0694,-26.9773],[153.0698,-26.9742],[153.0686,-26.9737],[153.0664,-26.9772],[153.068,-26.9789],[153.0694,-26.9773]]],[[[152.9379,-25.5609],[152.9378,-25.5619],[152.9409,-25.5573],[152.9403,-25.5551],[152.9381,-25.5577],[152.9379,-25.5609]]],[[[153.3562,-27.7988],[153.3572,-27.8001],[153.3613,-27.8001],[153.3632,-27.7983],[153.3615,-27.7992],[153.3566,-27.7978],[153.3562,-27.7988]]],[[[153.3055,-27.714],[153.3096,-27.7129],[153.302,-27.7122],[153.3055,-27.714]]],[[[153.3842,-27.7996],[153.3864,-27.8001],[153.387,-27.7987],[153.3867,-27.797],[153.3842,-27.796],[153.3842,-27.7996]]],[[[153.2906,-27.5302],[153.2953,-27.5315],[153.2908,-27.5269],[153.2906,-27.5302]]],[[[153.1216,-26.8727],[153.1243,-26.87],[153.1215,-26.87],[153.1216,-26.8727]]],[[[152.9522,-25.601],[152.9548,-25.5993],[152.9541,-25.5976],[152.9518,-25.5982],[152.9522,-25.601]]],[[[153.438,-27.7694],[153.4362,-27.7688],[153.4339,-27.7712],[153.4374,-27.771],[153.438,-27.7694]]],[[[152.9499,-25.5605],[152.9541,-25.559],[152.953,-25.559],[152.95,-25.5556],[152.9499,-25.5605]]],[[[153.1047,-27.0365],[153.1054,-27.0383],[153.1083,-27.0389],[153.107,-27.0365],[153.1047,-27.0365]]],[[[153.0368,-25.8355],[153.0384,-25.8368],[153.0394,-25.8347],[153.0373,-25.8333],[153.0368,-25.8355]]],[[[153.3235,-27.6099],[153.325,-27.6097],[153.3254,-27.6058],[153.3235,-27.6099]]],[[[152.9996,-25.9692],[153.0016,-25.9697],[153.0037,-25.9679],[152.9998,-25.9677],[152.9994,-25.9683],[152.9996,-25.9692]]],[[[153.4001,-27.8581],[153.4032,-27.863],[153.4022,-27.8591],[153.4001,-27.8581]]],[[[153.4209,-27.8083],[153.4221,-27.8042],[153.4205,-27.8058],[153.4209,-27.8083]]],[[[153.4017,-27.8276],[153.404,-27.8267],[153.402,-27.8249],[153.4017,-27.8276]]],[[[153.1113,-26.8785],[153.1121,-26.8813],[153.1133,-26.8786],[153.1113,-26.8785]]],[[[153.0469,-25.872],[153.0499,-25.8732],[153.0487,-25.8704],[153.047,-25.8706],[153.0469,-25.872]]],[[[153.0631,-26.9159],[153.0646,-26.9121],[153.0624,-26.9133],[153.0631,-26.9159]]],[[[153.0837,-26.8988],[153.0873,-26.8969],[153.0852,-26.8969],[153.0837,-26.8988]]],[[[152.9378,-25.5545],[152.9377,-25.5568],[152.9397,-25.5531],[152.9375,-25.5531],[152.9378,-25.5545]]],[[[153.3933,-27.8285],[153.3916,-27.83],[153.3928,-27.8311],[153.3945,-27.8295],[153.3933,-27.8285]]],[[[153.4288,-27.7805],[153.4297,-27.7822],[153.4312,-27.7807],[153.4299,-27.7795],[153.4288,-27.7805]]],[[[153.042,-25.844],[153.0426,-25.845],[153.0436,-25.8439],[153.0422,-25.8414],[153.042,-25.844]]],[[[153.4007,-27.8293],[153.3991,-27.8269],[153.3986,-27.8283],[153.4007,-27.8293]]],[[[153.0661,-26.9208],[153.0642,-26.9234],[153.0651,-26.9241],[153.067,-26.9195],[153.0661,-26.9208]]],[[[153.4098,-27.8497],[153.4084,-27.8482],[153.4092,-27.8514],[153.4098,-27.8497]]],[[[153.0613,-25.8839],[153.0634,-25.8858],[153.0635,-25.8839],[153.0613,-25.8839]]],[[[153.1195,-26.8769],[153.1212,-26.8757],[153.1202,-26.8734],[153.1195,-26.8769]]],[[[153.4152,-27.7971],[153.4161,-27.798],[153.4171,-27.7966],[153.4152,-27.7971]]],[[[153.121,-26.8438],[153.1229,-26.8431],[153.1224,-26.8419],[153.121,-26.8438]]],[[[153.4148,-27.8005],[153.4164,-27.7984],[153.415,-27.7984],[153.4148,-27.8005]]],[[[153.0743,-27.0008],[153.0751,-27.0017],[153.076,-27.0005],[153.0747,-26.9996],[153.0743,-27.0008]]],[[[153.0973,-26.894],[153.0962,-26.8945],[153.1002,-26.8935],[153.0973,-26.894]]],[[[153.035,-25.9049],[153.0369,-25.9035],[153.035,-25.9034],[153.035,-25.9049]]],[[[153.3841,-27.5158],[153.3838,-27.5175],[153.3849,-27.5148],[153.3841,-27.5158]]],[[[153.0568,-26.9767],[153.0584,-26.9774],[153.0577,-26.9759],[153.0568,-26.9767]]],[[[153.0679,-26.9728],[153.0695,-26.9732],[153.0685,-26.972],[153.0679,-26.9728]]],[[[153.1117,-26.8847],[153.1126,-26.8838],[153.1113,-26.8837],[153.1117,-26.8847]]]]},"properties":{"iso3":"AUS","shapeId":"82085004B13995298844162","regionId":"AUS.7_1","name":"Queensland"}},{"type":"Feature","geometry":{"type":"MultiPolygon","coordinates":[[[[133.5444,-32.294],[133.5713,-32.3191],[133.6003,-32.3079],[133.6284,-32.2713],[133.6144,-32.2568],[133.674,-32.2325],[133.5817,-32.2684],[133.5936,-32.251],[133.5509,-32.2637],[133.5444,-32.294]]],[[[133.5035,-32.3153],[133.5014,-32.3183],[133.5067,-32.3192],[133.5082,-32.3176],[133.5157,-32.3159],[133.5222,-32.313],[133.5244,-32.3099],[133.5248,-32.3108],[133.5279,-32.3091],[133.5307,-32.3046],[133.5285,-32.3027],[133.5219,-32.3034],[133.5204,-32.3008],[133.515,-32.3013],[133.5115,-32.3044],[133.5049,-32.307],[133.5025,-32.3126],[133.5035,-32.3153]]],[[[133.2324,-32.2683],[133.2297,-32.2648],[133.2272,-32.2699],[133.2249,-32.2709],[133.2289,-32.2732],[133.2318,-32.2727],[133.2324,-32.2683]]],[[[133.5977,-32.2491],[133.604,-32.2428],[133.6087,-32.241],[133.6064,-32.2406],[133.602,-32.2432],[133.5977,-32.2491]]],[[[133.2446,-32.2613],[133.2479,-32.257],[133.247,-32.2551],[133.2435,-32.2604],[133.2446,-32.2613]]],[[[133.3696,-32.2718],[133.3683,-32.2715],[133.3659,-32.2749],[133.3679,-32.2746],[133.3696,-32.2718]]],[[[133.2721,-32.268],[133.2743,-32.2678],[133.2724,-32.2654],[133.2721,-32.268]]],[[[133.24,-32.264],[133.2421,-32.2636],[133.2398,-32.2624],[133.24,-32.264]]],[[[133.254,-32.2594],[133.2556,-32.2586],[133.2541,-32.2575],[133.254,-32.2594]]],[[[133.2261,-32.279],[133.2261,-32.2771],[133.2245,-32.2784],[133.2261,-32.279]]],[[[133.7885,-32.3594],[133.8575,-32.3876],[133.8145,-32.3554],[133.7885,-32.3594]]],[[[133.4759,-32.3791],[133.4756,-32.3809],[133.4777,-32.3824],[133.4821,-32.3837],[133.4839,-32.3826],[133.4852,-32.3805],[133.4847,-32.3732],[133.4871,-32.3712],[133.485,-32.3688],[133.4862,-32.3676],[133.4825,-32.3676],[133.4769,-32.3707],[133.4783,-32.3731],[133.4754,-32.3764],[133.4759,-32.3791]]],[[[133.3684,-32.3962],[133.3692,-32.3987],[133.3669,-32.3981],[133.3659,-32.3992],[133.3667,-32.4029],[133.3744,-32.4032],[133.3769,-32.4016],[133.3777,-32.3973],[133.3819,-32.3947],[133.379,-32.3924],[133.3758,-32.3938],[133.3694,-32.393],[133.3675,-32.3937],[133.3684,-32.3962]]],[[[133.8313,-32.3584],[133.8354,-32.36],[133.8271,-32.3557],[133.8289,-32.3541],[133.8315,-32.3564],[133.8322,-32.3554],[133.8324,-32.3569],[133.8344,-32.3565],[133.8335,-32.3541],[133.83,-32.3523],[133.8246,-32.3518],[133.8162,-32.3547],[133.82,-32.3553],[133.8244,-32.359],[133.8253,-32.3581],[133.8227,-32.3555],[133.8268,-32.3582],[133.8313,-32.3584]]],[[[133.768,-32.3625],[133.7596,-32.3647],[133.7649,-32.3649],[133.7749,-32.3619],[133.768,-32.3625]]],[[[133.6905,-32.4376],[133.6952,-32.4339],[133.6944,-32.4326],[133.6921,-32.4335],[133.6905,-32.4376]]],[[[133.8413,-32.3632],[133.8455,-32.3662],[133.8439,-32.3636],[133.8389,-32.3612],[133.8413,-32.3632]]],[[[133.3484,-32.3667],[133.3522,-32.3663],[133.35,-32.3656],[133.3484,-32.3667]]],[[[133.7602,-32.3616],[133.7578,-32.3588],[133.7582,-32.3613],[133.7602,-32.3616]]],[[[133.8493,-32.3778],[133.8468,-32.3789],[133.85,-32.3795],[133.8493,-32.3778]]],[[[134.4511,-33.7626],[134.5177,-33.7179],[134.547,-33.7245],[134.5276,-33.6777],[134.47,-33.6923],[134.4511,-33.7626]]],[[[137.3502,-34.4815],[137.3373,-34.4993],[137.352,-34.5341],[137.3818,-34.4973],[137.3635,-34.4624],[137.3502,-34.4815]]],[[[133.287,-32.5233],[133.3101,-32.4993],[133.271,-32.496],[133.287,-32.5233]]],[[[136.2857,-34.5234],[136.3034,-34.5025],[136.2799,-34.5039],[136.2756,-34.5496],[136.2857,-34.5234]]],[[[134.8088,-33.607],[134.8096,-33.5908],[134.7761,-33.595],[134.8088,-33.607]]],[[[133.6484,-32.4525],[133.6415,-32.4539],[133.6376,-32.4499],[133.6341,-32.45],[133.6273,-32.4521],[133.6255,-32.4571],[133.628,-32.459],[133.6309,-32.4572],[133.6344,-32.462],[133.6397,-32.4632],[133.6418,-32.4611],[133.6486,-32.4607],[133.6533,-32.4554],[133.655,-32.4511],[133.6508,-32.45],[133.6484,-32.4525]]],[[[134.2688,-33.9653],[134.2726,-33.9665],[134.2741,-33.9651],[134.2655,-33.9597],[134.2643,-33.9574],[134.2683,-33.9535],[134.2772,-33.9499],[134.2756,-33.9468],[134.2769,-33.9442],[134.2737,-33.9406],[134.2666,-33.9417],[134.2663,-33.9381],[134.2645,-33.937],[134.2617,-33.938],[134.2591,-33.9417],[134.262,-33.9483],[134.2665,-33.9521],[134.2651,-33.9542],[134.26,-33.9564],[134.2642,-33.9596],[134.2599,-33.9625],[134.2656,-33.9622],[134.2688,-33.9653]]],[[[133.67,-32.4386],[133.6585,-32.4556],[133.6835,-32.4406],[133.67,-32.4386]]],[[[133.2803,-32.5675],[133.2839,-32.5686],[133.2917,-32.5675],[133.2901,-32.5644],[133.2948,-32.5628],[133.2987,-32.5563],[133.2907,-32.5582],[133.2872,-32.5563],[133.2868,-32.5534],[133.2837,-32.5541],[133.282,-32.5573],[133.2826,-32.5595],[133.286,-32.5603],[133.286,-32.5641],[133.2758,-32.5625],[133.2754,-32.5655],[133.2803,-32.5675]]],[[[134.6663,-33.214],[134.6684,-33.2168],[134.6768,-33.217],[134.6793,-33.2134],[134.6765,-33.215],[134.6796,-33.2128],[134.6818,-33.208],[134.6803,-33.2095],[134.6783,-33.204],[134.6708,-33.2024],[134.6731,-33.2085],[134.6715,-33.2097],[134.6697,-33.2086],[134.6683,-33.2094],[134.6673,-33.2103],[134.6662,-33.2127],[134.6663,-33.2097],[134.666,-33.2119],[134.6663,-33.214]]],[[[134.2759,-32.6753],[134.2745,-32.6742],[134.2699,-32.6764],[134.2665,-32.6746],[134.2612,-32.6743],[134.2597,-32.6786],[134.2685,-32.6801],[134.2705,-32.6824],[134.277,-32.6818],[134.2796,-32.68],[134.2753,-32.6772],[134.2759,-32.6753]]],[[[133.2856,-32.58],[133.2855,-32.5788],[133.2838,-32.5789],[133.2785,-32.5813],[133.2763,-32.5848],[133.2777,-32.5873],[133.2811,-32.5888],[133.2894,-32.5865],[133.2892,-32.5834],[133.2874,-32.5833],[133.2856,-32.58]]],[[[134.2416,-34.0092],[134.251,-34.006],[134.2467,-34.0039],[134.2474,-34.0016],[134.2495,-34.0015],[134.2459,-33.9995],[134.2447,-33.9967],[134.24,-33.9979],[134.241,-34.0025],[134.2438,-34.0034],[134.2416,-34.0092]]],[[[136.2513,-34.5266],[136.2582,-34.5259],[136.261,-34.5234],[136.2556,-34.519],[136.2508,-34.5222],[136.2513,-34.5266]]],[[[136.2883,-34.5807],[136.2967,-34.5838],[136.3025,-34.5818],[136.3016,-34.5805],[136.2944,-34.5802],[136.2909,-34.5777],[136.2873,-34.5793],[136.2883,-34.5807]]],[[[137.8793,-33.3346],[137.8774,-33.3339],[137.8761,-33.3352],[137.8756,-33.3408],[137.877,-33.3431],[137.882,-33.3451],[137.8778,-33.3385],[137.8793,-33.3346]]],[[[136.2091,-34.5516],[136.2142,-34.553],[136.2167,-34.5505],[136.2167,-34.5474],[136.2108,-34.5482],[136.2091,-34.5516]]],[[[133.3339,-32.4933],[133.3371,-32.4899],[133.3349,-32.4875],[133.3364,-32.4835],[133.3305,-32.4842],[133.3322,-32.4896],[133.3342,-32.4902],[133.3339,-32.4933]]],[[[134.7616,-33.5965],[134.7666,-33.5953],[134.7571,-33.5924],[134.752,-33.5933],[134.7616,-33.5965]]],[[[133.3145,-32.4757],[133.3132,-32.4773],[133.3166,-32.4765],[133.32,-32.4734],[133.3192,-32.4695],[133.316,-32.4715],[133.3145,-32.4757]]],[[[136.2794,-34.4881],[136.2817,-34.4906],[136.2859,-34.492],[136.2864,-34.4885],[136.2812,-34.4868],[136.2794,-34.4881]]],[[[133.2496,-32.5105],[133.2523,-32.5134],[133.2556,-32.5085],[133.2537,-32.5069],[133.2517,-32.5087],[133.2497,-32.507],[133.2496,-32.5105]]],[[[134.2825,-33.7393],[134.2843,-33.7446],[134.2883,-33.7446],[134.2838,-33.7388],[134.2825,-33.7393]]],[[[134.6114,-33.7165],[134.6169,-33.7163],[134.6106,-33.712],[134.6095,-33.7135],[134.6114,-33.7165]]],[[[134.6004,-33.169],[134.5996,-33.17],[134.6028,-33.171],[134.6094,-33.1704],[134.6053,-33.1684],[134.6004,-33.169]]],[[[134.2648,-33.979],[134.2675,-33.9768],[134.2646,-33.9729],[134.2632,-33.9769],[134.2648,-33.979]]],[[[134.2817,-33.0819],[134.2856,-33.0834],[134.2867,-33.079],[134.2825,-33.0797],[134.2817,-33.0819]]],[[[133.9657,-32.7227],[133.9695,-32.7232],[133.9709,-32.7203],[133.9698,-32.7189],[133.967,-32.72],[133.9657,-32.7227]]],[[[136.2575,-34.5445],[136.2606,-34.5442],[136.2616,-34.5405],[136.2579,-34.5416],[136.2575,-34.5445]]],[[[137.5082,-34.0092],[137.5134,-34.0092],[137.5219,-34.006],[137.5141,-34.0079],[137.5109,-34.0075],[137.5082,-34.0092]]],[[[137.5331,-33.9832],[137.5429,-33.984],[137.5321,-33.9805],[137.5331,-33.9832]]],[[[134.6236,-33.1811],[134.6242,-33.1827],[134.6283,-33.1826],[134.6257,-33.1792],[134.6229,-33.1793],[134.6236,-33.1811]]],[[[134.2583,-33.9836],[134.2664,-33.9851],[134.263,-33.982],[134.2583,-33.9836]]],[[[134.3642,-33.1875],[134.3677,-33.1855],[134.3671,-33.1823],[134.3642,-33.1875]]],[[[133.1313,-32.6482],[133.133,-32.6477],[133.1343,-32.6434],[133.1313,-32.6439],[133.1313,-32.6482]]],[[[133.3077,-32.4871],[133.3109,-32.4861],[133.3118,-32.4838],[133.3086,-32.4839],[133.3077,-32.4871]]],[[[133.3473,-32.4792],[133.3432,-32.4808],[133.3439,-32.4822],[133.3467,-32.4823],[133.3473,-32.4792]]],[[[136.2499,-34.5131],[136.2524,-34.5139],[136.2508,-34.5099],[136.2491,-34.5114],[136.2499,-34.5131]]],[[[134.2765,-32.6962],[134.2806,-32.6952],[134.2781,-32.694],[134.2765,-32.6962]]],[[[135.2585,-34.2586],[135.2608,-34.2606],[135.2597,-34.2563],[135.2585,-34.2586]]],[[[137.8222,-32.5699],[137.8202,-32.5732],[137.8222,-32.5755],[137.8207,-32.5737],[137.8225,-32.5704],[137.8223,-32.5661],[137.8222,-32.5699]]],[[[135.2096,-34.5626],[135.2131,-34.5633],[135.2106,-34.5613],[135.2096,-34.5626]]],[[[137.5388,-34.0104],[137.5373,-34.0106],[137.5372,-34.0122],[137.5391,-34.0142],[137.5388,-34.0104]]],[[[134.6125,-33.183],[134.6159,-33.1795],[134.6131,-33.1799],[134.6125,-33.183]]],[[[137.3631,-34.4571],[137.3658,-34.4573],[137.3657,-34.4552],[137.3626,-34.4559],[137.3631,-34.4571]]],[[[136.2356,-34.564],[136.2389,-34.562],[136.2366,-34.5622],[136.2356,-34.564]]],[[[136.2913,-34.5689],[136.2934,-34.567],[136.2904,-34.5676],[136.2913,-34.5689]]],[[[133.2627,-32.5053],[133.2613,-32.5082],[133.2642,-32.5044],[133.2627,-32.5053]]],[[[134.6973,-33.2151],[134.697,-33.2163],[134.6998,-33.2153],[134.6973,-33.2151]]],[[[133.3078,-32.5223],[133.3068,-32.5218],[133.3064,-32.5235],[133.3078,-32.5223]]],[[[137.8741,-33.3318],[137.8769,-33.3334],[137.8746,-33.3309],[137.8741,-33.3318]]],[[[134.6239,-33.7244],[134.6242,-33.7253],[134.6256,-33.724],[134.6239,-33.7244]]],[[[137.4124,-34.4432],[137.4144,-34.4439],[137.4131,-34.4422],[137.4124,-34.4432]]],[[[140.9993,-28.9991],[140.9994,-25.9964],[129.0018,-25.9986],[129.0019,-31.687],[129.5278,-31.6227],[130.1522,-31.5765],[130.8061,-31.6056],[131.0264,-31.5376],[131.1486,-31.4636],[131.4422,-31.5718],[131.7586,-31.7202],[132.073,-31.9177],[132.1512,-32.003],[132.2006,-32.0273],[132.3352,-32.0291],[132.4155,-31.9988],[132.4732,-32.0301],[132.4379,-32.001],[132.4464,-31.9707],[132.5285,-31.9353],[132.6606,-31.9572],[132.7466,-31.9493],[132.9636,-32.0652],[132.9796,-32.1065],[133.0066,-32.0834],[133.0884,-32.127],[133.1381,-32.1749],[133.1258,-32.2088],[133.1647,-32.17],[133.2532,-32.2109],[133.2782,-32.1835],[133.3228,-32.1799],[133.3898,-32.2002],[133.4462,-32.1785],[133.4877,-32.2061],[133.4643,-32.1721],[133.4118,-32.1777],[133.3951,-32.1416],[133.4381,-32.123],[133.4515,-32.136],[133.4511,-32.1126],[133.4728,-32.1001],[133.5029,-32.1311],[133.4968,-32.1506],[133.5253,-32.1274],[133.5221,-32.1553],[133.5535,-32.1696],[133.5847,-32.141],[133.5725,-32.1174],[133.5923,-32.0872],[133.6675,-32.1044],[133.6705,-32.135],[133.6427,-32.1446],[133.6929,-32.1552],[133.6791,-32.2026],[133.7567,-32.2058],[133.7697,-32.2638],[133.8214,-32.234],[133.9511,-32.3885],[133.9193,-32.4283],[133.8875,-32.4231],[133.9056,-32.4134],[133.889,-32.4115],[133.8972,-32.3996],[133.8668,-32.3992],[133.849,-32.5417],[133.8937,-32.5412],[133.9227,-32.4948],[133.9916,-32.5053],[133.9951,-32.4844],[134.037,-32.4598],[134.0862,-32.4708],[134.0571,-32.4407],[134.0824,-32.4656],[134.1028,-32.4501],[134.0922,-32.4579],[134.1631,-32.469],[134.2664,-32.5738],[134.2904,-32.6929],[134.2219,-32.7898],[134.1967,-32.7953],[134.2001,-32.7467],[134.1528,-32.724],[134.2049,-32.7252],[134.0806,-32.7096],[134.0603,-32.7225],[134.1189,-32.7834],[134.1385,-32.8397],[134.0605,-32.9079],[134.0809,-32.9265],[134.1192,-32.9146],[134.1412,-32.9443],[134.1674,-32.9268],[134.2019,-32.9638],[134.1935,-33.0135],[134.1385,-33.0181],[134.1679,-33.0557],[134.192,-33.0352],[134.2303,-33.0433],[134.2618,-33.0982],[134.2602,-33.1526],[134.3284,-33.1995],[134.3513,-33.1903],[134.3585,-33.1483],[134.2788,-33.1074],[134.261,-33.0731],[134.2817,-33.0504],[134.264,-33.0321],[134.2755,-33.0248],[134.2997,-33.0492],[134.2926,-33.0759],[134.3585,-33.1253],[134.3689,-33.1759],[134.4509,-33.1446],[134.5958,-33.2034],[134.6308,-33.2451],[134.6638,-33.2231],[134.6312,-33.2137],[134.6232,-33.1979],[134.6475,-33.1954],[134.6408,-33.1827],[134.5982,-33.1965],[134.5584,-33.1613],[134.5952,-33.1388],[134.7022,-33.1747],[134.7191,-33.23],[134.6583,-33.2336],[134.8021,-33.3288],[134.8451,-33.4365],[134.8634,-33.5466],[134.8303,-33.6263],[134.8791,-33.6361],[134.8789,-33.6539],[135.0403,-33.755],[135.1618,-33.8775],[135.1822,-33.8778],[135.194,-33.9198],[135.2522,-33.9813],[135.2795,-34.1197],[135.2412,-34.1501],[135.3035,-34.1841],[135.3462,-34.2675],[135.3589,-34.4187],[135.3887,-34.4429],[135.3954,-34.4952],[135.3769,-34.516],[135.3983,-34.5557],[135.3892,-34.5951],[135.4222,-34.6018],[135.3963,-34.5931],[135.4136,-34.5878],[135.4064,-34.555],[135.4222,-34.5488],[135.3915,-34.534],[135.4051,-34.5072],[135.4104,-34.5388],[135.4458,-34.5372],[135.4317,-34.6034],[135.473,-34.6166],[135.4431,-34.6005],[135.4581,-34.5864],[135.508,-34.595],[135.5168,-34.613],[135.3658,-34.6421],[135.4022,-34.6334],[135.3616,-34.6207],[135.3547,-34.5801],[135.2976,-34.5523],[135.3163,-34.5206],[135.3539,-34.522],[135.2214,-34.4986],[135.2063,-34.4293],[135.139,-34.5033],[135.1092,-34.5882],[135.1435,-34.5918],[135.1737,-34.555],[135.2524,-34.5519],[135.3417,-34.6291],[135.3473,-34.666],[135.325,-34.6864],[135.3797,-34.6871],[135.4743,-34.7441],[135.6045,-34.8787],[135.6241,-34.9063],[135.6188,-34.9445],[135.6859,-34.9448],[135.6792,-34.9137],[135.7057,-34.9057],[135.7127,-34.8651],[135.7921,-34.8609],[135.8538,-34.8866],[135.8561,-34.9273],[135.9289,-34.9483],[135.9545,-35.0063],[136.0045,-34.9803],[135.96,-34.8486],[136.0158,-34.7942],[136.0019,-34.7872],[136.0065,-34.7359],[135.9793,-34.7305],[135.9806,-34.7846],[135.9609,-34.7838],[135.9564,-34.7571],[135.8935,-34.8056],[135.7857,-34.8093],[135.8464,-34.7529],[135.8647,-34.7697],[135.8914,-34.7514],[135.8701,-34.7444],[135.8849,-34.7249],[135.8539,-34.7155],[135.854,-34.6654],[135.8618,-34.6336],[135.8912,-34.6157],[135.9374,-34.649],[135.9334,-34.6098],[135.9021,-34.5926],[135.9323,-34.5285],[135.9741,-34.5047],[136.0218,-34.5162],[136.025,-34.484],[136.0563,-34.479],[136.0829,-34.4953],[136.0922,-34.5427],[136.1218,-34.4674],[136.1167,-34.4257],[136.0918,-34.4296],[136.1302,-34.4071],[136.1038,-34.3825],[136.1123,-34.3594],[136.1878,-34.3348],[136.2336,-34.2961],[136.3244,-34.1816],[136.3631,-34.0693],[136.4348,-34.0116],[136.5748,-33.9434],[136.5927,-33.8995],[136.6684,-33.8787],[136.7305,-33.835],[136.7785,-33.831],[136.7996,-33.8033],[136.8572,-33.7984],[136.9917,-33.7248],[137.1685,-33.6903],[137.2133,-33.6611],[137.2788,-33.565],[137.3146,-33.4715],[137.3605,-33.4392],[137.3856,-33.3722],[137.3744,-33.2927],[137.3937,-33.2899],[137.4341,-33.2301],[137.452,-33.1307],[137.536,-33.0948],[137.553,-33.058],[137.597,-33.0361],[137.5952,-32.9985],[137.6414,-32.9553],[137.7865,-32.9999],[137.7501,-32.9222],[137.7587,-32.9079],[137.79,-32.9157],[137.7992,-32.8936],[137.8104,-32.7487],[137.7822,-32.7135],[137.7503,-32.7101],[137.7607,-32.433],[137.7664,-32.524],[137.7839,-32.5296],[137.7845,-32.5548],[137.8345,-32.5751],[137.8037,-32.6077],[137.8677,-32.6639],[137.8376,-32.6958],[137.9445,-32.7576],[137.9009,-32.7776],[137.9521,-33.006],[138.0188,-33.0356],[138.0459,-33.0867],[138.0246,-33.1058],[138.0544,-33.1151],[138.0209,-33.149],[138.0141,-33.1781],[138.0363,-33.1695],[138.0242,-33.1819],[138.0008,-33.1316],[137.9544,-33.1547],[137.9583,-33.1678],[137.94,-33.1581],[137.838,-33.2072],[137.8113,-33.2654],[137.8518,-33.3262],[137.8813,-33.3231],[137.891,-33.3668],[137.8755,-33.3624],[137.8705,-33.3965],[137.9491,-33.5124],[137.9394,-33.5479],[137.9711,-33.5394],[137.9775,-33.5588],[137.9518,-33.5733],[137.9354,-33.5527],[137.9176,-33.625],[137.8932,-33.6256],[137.9197,-33.5873],[137.8774,-33.5981],[137.7552,-33.7142],[137.7255,-33.7699],[137.6004,-33.8768],[137.6306,-33.9218],[137.5271,-34.0044],[137.5674,-34.0436],[137.5223,-34.1292],[137.4499,-34.1355],[137.4999,-34.2265],[137.5003,-34.312],[137.4761,-34.3924],[137.4467,-34.398],[137.4152,-34.4596],[137.427,-34.4726],[137.4632,-34.4267],[137.4832,-34.4393],[137.4738,-34.5113],[137.5094,-34.6179],[137.4488,-34.9103],[137.375,-34.9537],[137.2765,-34.8939],[137.0934,-34.9199],[137.0136,-34.893],[137.0126,-34.9205],[136.9764,-34.9412],[136.9682,-35.0004],[136.9303,-35.029],[136.9611,-35.0823],[136.9411,-35.1291],[136.8976,-35.1567],[136.8883,-35.1852],[136.8457,-35.1901],[136.8464,-35.2288],[136.8219,-35.2453],[136.8827,-35.3003],[136.944,-35.2821],[137.0014,-35.2232],[137.174,-35.2373],[137.2377,-35.1645],[137.3349,-35.1678],[137.3523,-35.1339],[137.4244,-35.0979],[137.5548,-35.1174],[137.6375,-35.1682],[137.6779,-35.1677],[137.7587,-35.1147],[137.7247,-35.0537],[137.764,-35.0406],[137.7573,-34.9966],[137.805,-34.9122],[137.8001,-34.8775],[137.865,-34.7779],[137.8768,-34.6684],[137.9077,-34.6159],[137.8758,-34.5977],[137.8876,-34.5073],[137.9175,-34.4281],[138.0071,-34.349],[138.0217,-34.2851],[138.0016,-34.257],[138.0437,-34.1743],[138.0774,-34.1335],[138.1023,-34.1389],[138.1657,-34.2213],[138.1462,-34.2656],[138.1924,-34.2722],[138.223,-34.3112],[138.2656,-34.4768],[138.3444,-34.5312],[138.3643,-34.5781],[138.4084,-34.6002],[138.4458,-34.6534],[138.4304,-34.668],[138.527,-34.739],[138.5662,-34.8254],[138.5162,-34.8108],[138.4971,-34.8505],[138.5158,-34.7716],[138.4963,-34.7646],[138.478,-34.7829],[138.4899,-34.8149],[138.4761,-34.8568],[138.5176,-35.0321],[138.4691,-35.1094],[138.4699,-35.2391],[138.4432,-35.2721],[138.4411,-35.35],[138.3413,-35.3929],[138.2943,-35.4682],[138.2445,-35.5008],[138.1655,-35.5194],[138.0939,-35.6034],[138.0962,-35.6252],[138.1914,-35.6651],[138.276,-35.6394],[138.4311,-35.6293],[138.5224,-35.643],[138.6038,-35.5943],[138.5982,-35.5795],[138.6314,-35.5439],[138.6844,-35.5381],[138.7103,-35.5136],[138.7679,-35.5218],[138.9511,-35.5914],[139.1172,-35.689],[139.4135,-35.9272],[139.6509,-36.215],[139.7829,-36.4588],[139.8458,-36.6293],[139.8635,-36.7185],[139.8429,-36.8396],[139.7875,-36.8946],[139.6701,-36.9582],[139.7405,-37.0213],[139.7439,-37.0742],[139.7911,-37.1115],[139.7885,-37.1578],[139.7431,-37.1558],[139.74,-37.1819],[139.8408,-37.3222],[139.9929,-37.4857],[140.0498,-37.4786],[140.1188,-37.5286],[140.1313,-37.5562],[140.1078,-37.5652],[140.1127,-37.5784],[140.2479,-37.6861],[140.3962,-37.9198],[140.454,-37.9358],[140.5794,-38.0297],[140.6624,-38.0615],[140.8378,-38.041],[140.9658,-38.056],[140.9637,-33.9806],[140.9873,-34.0297],[141.003,-34.0219],[140.9993,-28.9991]]],[[[137.5649,-35.572],[137.5188,-35.5955],[137.491,-35.5798],[137.4469,-35.5962],[137.3135,-35.5792],[137.2035,-35.6247],[137.1412,-35.6297],[137.0697,-35.6691],[136.7837,-35.7002],[136.6973,-35.7395],[136.5874,-35.7488],[136.5639,-35.8495],[136.5344,-35.8865],[136.5508,-35.886],[136.5389,-35.8993],[136.5953,-35.9609],[136.6248,-35.9544],[136.6656,-35.9757],[136.7084,-36.0369],[136.7052,-36.0641],[136.8541,-36.0166],[136.9155,-36.0436],[136.9973,-36.0173],[137.1026,-36.0182],[137.131,-36.034],[137.2095,-35.974],[137.371,-35.9984],[137.4607,-36.075],[137.536,-36.0259],[137.6027,-36.0093],[137.6205,-35.9786],[137.5993,-35.9513],[137.612,-35.9131],[137.6603,-35.8849],[137.7261,-35.8767],[137.7411,-35.8531],[137.8743,-35.8706],[137.9111,-35.8598],[138.0408,-35.9043],[138.1343,-35.8436],[138.1257,-35.8023],[138.077,-35.7959],[138.046,-35.7428],[137.9408,-35.7162],[137.9006,-35.7197],[137.8925,-35.7579],[137.8522,-35.7949],[137.7774,-35.7844],[137.7584,-35.806],[137.8148,-35.822],[137.7724,-35.8228],[137.7544,-35.843],[137.7442,-35.8056],[137.8028,-35.759],[137.7924,-35.7375],[137.7692,-35.7229],[137.6963,-35.7398],[137.5815,-35.7298],[137.5801,-35.7076],[137.6442,-35.6542],[137.6412,-35.6389],[137.5832,-35.6424],[137.5682,-35.6232],[137.6063,-35.5912],[137.6267,-35.5971],[137.6335,-35.5645],[137.5649,-35.572]]],[[[136.1455,-34.9981],[136.1558,-35.0472],[136.2033,-35.0641],[136.1897,-35.0044],[136.15,-34.9879],[136.1071,-34.9324],[136.0828,-34.9454],[136.084,-34.9667],[136.1455,-34.9981]]],[[[136.4522,-35.1458],[136.4444,-35.1603],[136.4915,-35.1756],[136.493,-35.1598],[136.4522,-35.1458]]],[[[135.9212,-34.7129],[135.9295,-34.7332],[135.9528,-34.7246],[135.9179,-34.6729],[135.9212,-34.7129]]],[[[138.5223,-34.7688],[138.5182,-34.805],[138.5452,-34.802],[138.5154,-34.7565],[138.5223,-34.7688]]],[[[136.3388,-34.6509],[136.3295,-34.6626],[136.3474,-34.6829],[136.3591,-34.6637],[136.3388,-34.6509]]],[[[136.0015,-34.8786],[136.0129,-34.8899],[136.0118,-34.8661],[136.0015,-34.8786]]],[[[135.9525,-34.5913],[135.9525,-34.5936],[135.9545,-34.5934],[135.9594,-34.5881],[135.9585,-34.5857],[135.9604,-34.5831],[135.9572,-34.5799],[135.9589,-34.5749],[135.9537,-34.5681],[135.9462,-34.5683],[135.9461,-34.5747],[135.9538,-34.5837],[135.9519,-34.5875],[135.9525,-34.5913]]],[[[136.0555,-35.2353],[136.0601,-35.2379],[136.0632,-35.2373],[136.0675,-35.2388],[136.0723,-35.2375],[136.072,-35.233],[136.0683,-35.2293],[136.073,-35.2278],[136.0725,-35.2264],[136.0704,-35.2264],[136.068,-35.2227],[136.0637,-35.2229],[136.0614,-35.2247],[136.0637,-35.2272],[136.0615,-35.2269],[136.0581,-35.2294],[136.0555,-35.2353]]],[[[135.9758,-35.025],[135.9756,-35.0269],[135.9735,-35.0278],[135.9703,-35.0236],[135.9675,-35.0216],[135.9656,-35.022],[135.9675,-35.0321],[135.975,-35.0375],[135.9749,-35.0361],[135.9776,-35.0346],[135.9831,-35.0336],[135.9816,-35.0245],[135.9786,-35.0198],[135.9791,-35.0215],[135.9758,-35.025]]],[[[136.0514,-34.9703],[136.0626,-34.9676],[136.0655,-34.9683],[136.0664,-34.9654],[136.07,-34.9632],[136.0676,-34.9592],[136.0599,-34.9574],[136.0506,-34.9681],[136.0514,-34.9703]]],[[[135.6177,-34.9933],[135.6189,-34.9976],[135.617,-34.9971],[135.6158,-34.9988],[135.6179,-34.9989],[135.6182,-35.0019],[135.6252,-34.9892],[135.6264,-34.9821],[135.6241,-34.9795],[135.6174,-34.9802],[135.619,-34.9845],[135.6175,-34.9861],[135.6177,-34.9933]]],[[[138.5247,-34.8103],[138.5373,-34.8119],[138.5416,-34.8097],[138.5441,-34.806],[138.5403,-34.8052],[138.5377,-34.8014],[138.5305,-34.8038],[138.5247,-34.8103]]],[[[136.3066,-34.5939],[136.3123,-34.5935],[136.3217,-34.5964],[136.3256,-34.5918],[136.3219,-34.5893],[136.3143,-34.5889],[136.3098,-34.5894],[136.3066,-34.5939]]],[[[136.8586,-35.3743],[136.8563,-35.3772],[136.8612,-35.3779],[136.8619,-35.3736],[136.8635,-35.3751],[136.867,-35.3724],[136.8669,-35.3694],[136.8624,-35.3691],[136.8609,-35.3656],[136.8547,-35.3689],[136.8544,-35.3715],[136.8569,-35.3727],[136.8586,-35.3719],[136.8586,-35.3743]]],[[[136.0315,-34.9087],[136.0301,-34.9115],[136.0276,-34.9115],[136.0272,-34.9131],[136.028,-34.917],[136.0324,-34.9181],[136.0382,-34.9073],[136.0337,-34.9051],[136.0315,-34.9087]]],[[[136.4639,-35.1186],[136.4677,-35.1223],[136.4723,-35.1235],[136.4788,-35.121],[136.4752,-35.1168],[136.4705,-35.1156],[136.4681,-35.1174],[136.4643,-35.1168],[136.4639,-35.1186]]],[[[136.2787,-34.6811],[136.2798,-34.6816],[136.2749,-34.6759],[136.2695,-34.6756],[136.2669,-34.6731],[136.2657,-34.6803],[136.2692,-34.6833],[136.2728,-34.6835],[136.2726,-34.679],[136.2787,-34.6811]]],[[[135.1586,-34.7293],[135.1657,-34.7229],[135.1676,-34.7205],[135.1666,-34.7194],[135.1625,-34.7195],[135.1647,-34.7224],[135.1533,-34.7265],[135.1548,-34.7283],[135.1505,-34.7324],[135.1521,-34.7337],[135.1544,-34.7333],[135.1578,-34.7318],[135.1586,-34.7293]]],[[[136.1127,-35.3224],[136.1097,-35.3257],[136.1124,-35.3297],[136.1152,-35.3296],[136.1144,-35.325],[136.1179,-35.3234],[136.1191,-35.321],[136.1183,-35.3169],[136.1142,-35.3186],[136.1127,-35.3224]]],[[[136.115,-35.3379],[136.1194,-35.3402],[136.1264,-35.3401],[136.1228,-35.3352],[136.1212,-35.3359],[136.1183,-35.3338],[136.1148,-35.3345],[136.1128,-35.3324],[136.1111,-35.3328],[136.1114,-35.3351],[136.1144,-35.3349],[136.115,-35.3379]]],[[[135.8685,-34.7792],[135.8734,-34.7787],[135.8769,-34.7764],[135.8794,-34.7731],[135.8784,-34.7695],[135.8734,-34.7718],[135.8729,-34.7746],[135.8685,-34.7792]]],[[[135.2835,-34.7093],[135.2868,-34.7103],[135.2897,-34.7085],[135.2919,-34.7064],[135.2914,-34.7035],[135.286,-34.7031],[135.2868,-34.7054],[135.2828,-34.708],[135.2835,-34.7093]]],[[[136.1839,-34.6495],[136.1858,-34.6485],[136.1832,-34.6428],[136.1845,-34.6417],[136.1813,-34.6404],[136.1799,-34.6471],[136.1839,-34.6495]]],[[[135.0467,-34.7538],[135.0446,-34.7525],[135.0382,-34.7591],[135.0451,-34.7576],[135.0467,-34.7538]]],[[[138.626,-35.5651],[138.6307,-35.5669],[138.6355,-35.5638],[138.6293,-35.5621],[138.6261,-35.5633],[138.626,-35.5651]]],[[[135.873,-34.9423],[135.868,-34.9453],[135.8691,-34.9493],[135.8753,-34.9429],[135.8747,-34.9405],[135.873,-34.9423]]],[[[136.8353,-35.216],[136.8323,-35.2128],[136.8276,-35.2121],[136.8284,-35.2157],[136.8324,-35.2176],[136.8353,-35.216]]],[[[135.0298,-34.7695],[135.028,-34.7751],[135.031,-34.7772],[135.0323,-34.7714],[135.0308,-34.7668],[135.0298,-34.7695]]],[[[136.2486,-34.5969],[136.2544,-34.5972],[136.2596,-34.593],[136.2557,-34.5942],[136.2508,-34.5936],[136.2486,-34.5969]]],[[[135.3255,-34.7041],[135.3301,-34.702],[135.332,-34.7028],[135.3361,-34.7005],[135.3366,-34.6983],[135.3294,-34.6997],[135.3298,-34.701],[135.3272,-34.7013],[135.3255,-34.7041]]],[[[136.0275,-34.9815],[136.0272,-34.9864],[136.0298,-34.9869],[136.0308,-34.9828],[136.0287,-34.9791],[136.0275,-34.9815]]],[[[135.0304,-34.7844],[135.034,-34.7852],[135.037,-34.7824],[135.0325,-34.781],[135.0304,-34.7844]]],[[[135.8712,-34.9388],[135.8734,-34.9403],[135.8748,-34.9395],[135.8747,-34.9334],[135.8731,-34.9335],[135.8712,-34.9388]]],[[[136.0775,-35.2266],[136.0766,-35.2283],[136.0851,-35.2269],[136.0811,-35.2247],[136.0775,-35.2266]]],[[[137.7699,-35.8202],[137.7749,-35.8237],[137.7763,-35.8225],[137.771,-35.8182],[137.7699,-35.8202]]],[[[135.9865,-34.6048],[135.9839,-34.6047],[135.982,-34.6094],[135.9851,-34.609],[135.9865,-34.6048]]],[[[138.593,-35.6069],[138.5893,-35.6087],[138.5903,-35.6114],[138.5937,-35.6095],[138.593,-35.6069]]],[[[136.3658,-34.6482],[136.3698,-34.6483],[136.3691,-34.6453],[136.366,-34.6454],[136.3658,-34.6482]]],[[[137.8011,-35.8201],[137.804,-35.8213],[137.8075,-35.818],[137.8039,-35.8181],[137.8011,-35.8201]]],[[[136.0313,-34.9575],[136.0331,-34.9557],[136.0306,-34.9535],[136.0313,-34.9575]]],[[[137.639,-35.6233],[137.6437,-35.6255],[137.641,-35.622],[137.639,-35.6233]]],[[[137.7521,-35.8037],[137.747,-35.8089],[137.7526,-35.8081],[137.7521,-35.8037]]],[[[138.5094,-34.7575],[138.512,-34.7577],[138.5157,-34.7556],[138.5118,-34.7555],[138.5094,-34.7575]]],[[[136.7003,-36.066],[136.704,-36.0688],[136.7049,-36.0667],[136.7003,-36.066]]],[[[136.6927,-36.0855],[136.697,-36.0864],[136.6914,-36.0834],[136.6927,-36.0855]]],[[[136.5345,-35.9017],[136.536,-35.9022],[136.5385,-35.8994],[136.5349,-35.9002],[136.5345,-35.9017]]],[[[136.8289,-35.2304],[136.8314,-35.2319],[136.8333,-35.2296],[136.8289,-35.2304]]],[[[135.9563,-34.7416],[135.9526,-34.7413],[135.9561,-34.7435],[135.9563,-34.7416]]],[[[139.7215,-37.0914],[139.7239,-37.092],[139.7243,-37.0894],[139.7226,-37.089],[139.7215,-37.0914]]],[[[137.7829,-35.8236],[137.7872,-35.8255],[137.7839,-35.8225],[137.7829,-35.8236]]],[[[135.8554,-34.9003],[135.8547,-34.8982],[135.8525,-34.898],[135.8545,-34.9015],[135.8554,-34.9003]]],[[[136.318,-34.6558],[136.3215,-34.6545],[136.3187,-34.6537],[136.318,-34.6558]]],[[[136.8404,-35.196],[136.8395,-35.1943],[136.8369,-35.1948],[136.8404,-35.196]]],[[[136.9056,-35.3212],[136.9085,-35.3243],[136.9082,-35.3218],[136.9054,-35.3203],[136.9056,-35.3212]]],[[[136.0076,-34.8584],[136.0094,-34.8604],[136.0085,-34.8564],[136.0076,-34.8584]]],[[[135.8647,-34.9536],[135.8669,-34.9558],[135.8657,-34.952],[135.8647,-34.9536]]],[[[136.9189,-35.3393],[136.9214,-35.3394],[136.9224,-35.3378],[136.9182,-35.3381],[136.9189,-35.3393]]],[[[138.2909,-35.7787],[138.2929,-35.7756],[138.2909,-35.7763],[138.2909,-35.7787]]],[[[138.2996,-35.7591],[138.3012,-35.76],[138.3036,-35.7591],[138.2998,-35.7581],[138.2996,-35.7591]]],[[[135.0812,-34.7538],[135.0804,-34.7529],[135.0789,-34.7547],[135.0818,-34.755],[135.0812,-34.7538]]],[[[136.4813,-35.1854],[136.4832,-35.1847],[136.4825,-35.1829],[136.4813,-35.1854]]],[[[140.0119,-37.4942],[140.0096,-37.4947],[140.0102,-37.4961],[140.0118,-37.4961],[140.0119,-37.4942]]],[[[136.4924,-35.1821],[136.4932,-35.1804],[136.4913,-35.1793],[136.4924,-35.1821]]],[[[135.9557,-34.7496],[135.9566,-34.749],[135.955,-34.7477],[135.9538,-34.7494],[135.9557,-34.7496]]],[[[136.8481,-35.369],[136.8458,-35.3705],[136.8473,-35.3711],[136.8491,-35.3686],[136.8481,-35.369]]],[[[137.7783,-35.8164],[137.7771,-35.8147],[137.7771,-35.8182],[137.7783,-35.8164]]],[[[135.4337,-34.6206],[135.431,-34.6193],[135.4328,-34.6213],[135.4337,-34.6206]]],[[[138.6922,-35.5374],[138.6899,-35.5384],[138.6933,-35.5385],[138.6922,-35.5374]]],[[[137.2885,-35.9934],[137.2867,-35.9949],[137.2891,-35.9946],[137.2885,-35.9934]]],[[[136.0096,-34.8948],[136.0114,-34.8944],[136.0115,-34.8923],[136.0096,-34.8948]]],[[[136.1971,-34.638],[136.1951,-34.6369],[136.1953,-34.6385],[136.1971,-34.638]]],[[[135.8472,-34.8891],[135.8486,-34.8892],[135.8478,-34.8875],[135.8472,-34.8891]]],[[[135.685,-34.9474],[135.6868,-34.9476],[135.6869,-34.9465],[135.685,-34.9474]]],[[[139.7234,-37.0869],[139.7245,-37.0857],[139.7232,-37.0852],[139.7234,-37.0869]]],[[[138.6075,-35.5841],[138.6078,-35.5821],[138.6063,-35.5829],[138.6075,-35.5841]]],[[[140.0131,-37.4987],[140.0148,-37.4997],[140.0139,-37.4977],[140.0131,-37.4987]]],[[[136.8275,-36.0342],[136.8293,-36.0336],[136.8269,-36.0334],[136.8275,-36.0342]]],[[[136.0258,-34.9503],[136.0264,-34.9494],[136.0244,-34.9491],[136.0258,-34.9503]]]]},"properties":{"iso3":"AUS","shapeId":"82085004B14973555098025","regionId":"AUS.8_1","name":"South Australia"}},{"type":"Feature","geometry":{"type":"MultiPolygon","coordinates":[[[[117.8695,-35.1911],[117.8722,-35.1916],[117.8698,-35.1888],[117.8702,-35.1854],[117.8671,-35.1843],[117.8692,-35.1862],[117.8678,-35.1886],[117.8695,-35.1911]]],[[[117.8939,-35.1853],[117.896,-35.1885],[117.8947,-35.1852],[117.8997,-35.1815],[117.8941,-35.1786],[117.8837,-35.1774],[117.876,-35.1787],[117.8727,-35.1825],[117.8749,-35.1842],[117.8833,-35.1858],[117.8939,-35.1853]]],[[[113.103,-25.1718],[113.1282,-25.06],[113.1184,-24.9921],[113.0877,-25.0698],[113.0761,-25.2732],[113.103,-25.1718]]],[[[114.1696,-22.4551],[114.1507,-22.4796],[114.147,-22.4875],[114.1476,-22.4894],[114.1519,-22.4826],[114.1589,-22.4759],[114.1616,-22.4762],[114.1666,-22.4738],[114.1691,-22.462],[114.1709,-22.4609],[114.1723,-22.4567],[114.1713,-22.4525],[114.1729,-22.4472],[114.1687,-22.4455],[114.1696,-22.4551]]],[[[114.136,-22.4488],[114.1367,-22.4504],[114.1386,-22.4482],[114.1379,-22.4453],[114.1401,-22.4442],[114.1418,-22.4372],[114.138,-22.4403],[114.136,-22.4488]]],[[[114.1849,-22.425],[114.1888,-22.4224],[114.1869,-22.4138],[114.1816,-22.4106],[114.1806,-22.4135],[114.1833,-22.4166],[114.1819,-22.4237],[114.1849,-22.425]]],[[[114.3869,-22.4022],[114.3872,-22.3995],[114.3843,-22.3988],[114.3823,-22.3953],[114.3772,-22.3991],[114.3869,-22.4022]]],[[[113.1261,-24.8927],[113.119,-24.9868],[113.1498,-24.935],[113.1378,-24.8711],[113.1651,-24.8045],[113.1583,-24.7542],[113.1261,-24.8927]]],[[[113.6412,-24.8971],[113.6438,-24.8711],[113.6199,-24.8717],[113.6412,-24.8971]]],[[[113.6418,-24.8887],[113.6444,-24.8911],[113.647,-24.8888],[113.6475,-24.8906],[113.6518,-24.8892],[113.6534,-24.8863],[113.6497,-24.885],[113.645,-24.8809],[113.6405,-24.8853],[113.6418,-24.8887]]],[[[113.6207,-24.8645],[113.6176,-24.8643],[113.6175,-24.8675],[113.6161,-24.8683],[113.6201,-24.869],[113.6192,-24.8666],[113.6227,-24.8676],[113.6287,-24.8643],[113.6254,-24.8626],[113.6207,-24.8645]]],[[[113.8846,-25.3338],[113.8839,-25.3307],[113.8799,-25.3288],[113.8768,-25.3236],[113.8792,-25.3315],[113.8846,-25.3338]]],[[[113.4082,-24.4905],[113.4094,-24.488],[113.4077,-24.4889],[113.4082,-24.4905]]],[[[113.8869,-25.335],[113.8884,-25.3345],[113.8858,-25.3319],[113.8869,-25.335]]],[[[113.6199,-24.863],[113.6205,-24.8621],[113.618,-24.8609],[113.6199,-24.863]]],[[[113.1604,-24.7509],[113.1607,-24.7485],[113.1595,-24.7494],[113.1604,-24.7509]]],[[[114.5036,-22.0159],[114.5368,-22.0615],[114.5408,-22.0074],[114.5104,-21.9937],[114.5036,-22.0159]]],[[[114.5707,-22.001],[114.5757,-21.9997],[114.5825,-21.9929],[114.5792,-21.9839],[114.5701,-21.9831],[114.5661,-21.9867],[114.5688,-21.9909],[114.5694,-22.0001],[114.5707,-22.001]]],[[[114.5407,-22.0601],[114.5481,-22.0592],[114.5456,-22.0485],[114.5397,-22.0527],[114.5407,-22.0601]]],[[[114.4608,-22.2463],[114.4637,-22.245],[114.4614,-22.2424],[114.4519,-22.2378],[114.4533,-22.2453],[114.4608,-22.2463]]],[[[114.4914,-22.1186],[114.4886,-22.119],[114.4846,-22.1273],[114.4843,-22.1353],[114.4868,-22.1337],[114.4902,-22.1354],[114.4873,-22.1275],[114.4914,-22.1186]]],[[[114.5153,-22.0937],[114.5084,-22.1016],[114.5067,-22.1061],[114.5115,-22.1072],[114.5126,-22.1061],[114.5116,-22.1029],[114.5138,-22.1014],[114.5153,-22.0937]]],[[[114.4891,-22.1531],[114.4902,-22.1458],[114.486,-22.1458],[114.4827,-22.1503],[114.4891,-22.1531]]],[[[114.4975,-22.1518],[114.4963,-22.1494],[114.4943,-22.1495],[114.4938,-22.1532],[114.4969,-22.1588],[114.4988,-22.1587],[114.4995,-22.1565],[114.4975,-22.1518]]],[[[114.4229,-21.9517],[114.4175,-21.9503],[114.4178,-21.9555],[114.4209,-21.9564],[114.4249,-21.9514],[114.4229,-21.9517]]],[[[114.4462,-22.298],[114.45,-22.2969],[114.4503,-22.295],[114.4415,-22.2936],[114.4422,-22.296],[114.4462,-22.298]]],[[[114.4318,-22.2938],[114.4336,-22.2933],[114.4324,-22.2887],[114.4295,-22.2872],[114.4278,-22.2903],[114.4318,-22.2938]]],[[[114.5645,-21.8894],[114.5645,-21.8874],[114.5581,-21.8828],[114.5574,-21.8848],[114.5645,-21.8894]]],[[[114.4322,-21.9246],[114.4345,-21.9219],[114.4329,-21.9199],[114.4293,-21.9215],[114.4322,-21.9246]]],[[[114.5515,-21.9999],[114.5533,-22.0013],[114.5541,-21.9987],[114.553,-21.9957],[114.5497,-21.9979],[114.5515,-21.9999]]],[[[114.4895,-21.9623],[114.4924,-21.9612],[114.4927,-21.9594],[114.4906,-21.959],[114.4889,-21.9607],[114.4895,-21.9623]]],[[[114.4179,-22.3154],[114.4158,-22.3118],[114.414,-22.3151],[114.4179,-22.3154]]],[[[114.1988,-22.354],[114.2027,-22.3494],[114.1976,-22.3532],[114.1988,-22.354]]],[[[114.5211,-21.9577],[114.5233,-21.9563],[114.5211,-21.9558],[114.5211,-21.9577]]],[[[114.5161,-22.1189],[114.5148,-22.1157],[114.5143,-22.1171],[114.5161,-22.1189]]],[[[114.4713,-22.1832],[114.4724,-22.1826],[114.4708,-22.1811],[114.4701,-22.1827],[114.4713,-22.1832]]],[[[114.4539,-22.2942],[114.4547,-22.2927],[114.4528,-22.2935],[114.4539,-22.2942]]],[[[114.3786,-22.1952],[114.3806,-22.1948],[114.3788,-22.194],[114.3786,-22.1952]]],[[[114.5236,-21.9292],[114.5228,-21.9277],[114.5216,-21.9284],[114.5236,-21.9292]]],[[[115.4258,-21.5257],[115.4307,-21.525],[115.431,-21.5268],[115.4374,-21.5281],[115.4461,-21.5181],[115.4462,-21.516],[115.445,-21.516],[115.4412,-21.5184],[115.4459,-21.5136],[115.4495,-21.5064],[115.4599,-21.5038],[115.4653,-21.4934],[115.4519,-21.496],[115.4475,-21.4994],[115.441,-21.4998],[115.4371,-21.5039],[115.4351,-21.5032],[115.4301,-21.5118],[115.42,-21.5184],[115.4201,-21.5201],[115.4258,-21.5257]]],[[[114.9754,-21.4617],[115.0099,-21.4635],[115.0168,-21.4652],[115.0238,-21.4609],[115.025,-21.4583],[115.0232,-21.4562],[115.0119,-21.4523],[115.0043,-21.4508],[114.9903,-21.4509],[114.9762,-21.4547],[114.9715,-21.4594],[114.9722,-21.4611],[114.9754,-21.4617]]],[[[114.306,-21.7116],[114.3182,-21.6995],[114.3192,-21.6963],[114.3228,-21.6939],[114.3261,-21.6867],[114.3343,-21.6779],[114.3345,-21.6752],[114.3366,-21.6735],[114.3452,-21.6718],[114.3516,-21.6666],[114.3496,-21.6638],[114.3502,-21.6602],[114.3491,-21.6595],[114.3434,-21.6619],[114.3325,-21.6738],[114.3176,-21.6856],[114.3098,-21.6985],[114.3046,-21.7038],[114.304,-21.7076],[114.306,-21.7116]]],[[[114.359,-21.6509],[114.3611,-21.6496],[114.3698,-21.6518],[114.3757,-21.6447],[114.392,-21.6329],[114.3915,-21.6261],[114.3875,-21.6244],[114.3836,-21.6269],[114.3753,-21.628],[114.3692,-21.6362],[114.3638,-21.6404],[114.3593,-21.6468],[114.358,-21.6503],[114.359,-21.6509]]],[[[115.4767,-21.5174],[115.4917,-21.535],[115.4962,-21.5109],[115.4767,-21.5174]]],[[[115.2124,-21.5981],[115.2126,-21.6007],[115.2202,-21.5988],[115.2327,-21.5842],[115.2357,-21.5769],[115.248,-21.5707],[115.2483,-21.569],[115.245,-21.5649],[115.2343,-21.5658],[115.2322,-21.5683],[115.2289,-21.5693],[115.2278,-21.5737],[115.2252,-21.575],[115.2246,-21.5788],[115.2216,-21.5817],[115.2219,-21.5863],[115.2124,-21.5981]]],[[[114.6834,-21.6308],[114.6974,-21.6259],[114.665,-21.5912],[114.6834,-21.6308]]],[[[115.376,-21.4453],[115.3763,-21.4441],[115.3746,-21.4441],[115.3704,-21.4522],[115.3655,-21.4536],[115.3619,-21.4605],[115.3626,-21.4634],[115.3661,-21.4643],[115.3732,-21.4591],[115.3775,-21.449],[115.376,-21.4453]]],[[[115.3556,-21.4871],[115.3615,-21.4851],[115.3558,-21.4733],[115.356,-21.4683],[115.3515,-21.4762],[115.3511,-21.4823],[115.3528,-21.4862],[115.3556,-21.4871]]],[[[115.4127,-21.5152],[115.4233,-21.5098],[115.4277,-21.5053],[115.4283,-21.5028],[115.4245,-21.5029],[115.4174,-21.5077],[115.414,-21.5075],[115.4117,-21.5101],[115.4127,-21.5152]]],[[[114.7581,-21.5284],[114.7667,-21.5302],[114.7658,-21.521],[114.7639,-21.5206],[114.7581,-21.5284]]],[[[115.5422,-21.3869],[115.5419,-21.3937],[115.5432,-21.394],[115.5437,-21.3898],[115.5471,-21.3871],[115.5451,-21.3809],[115.5421,-21.3819],[115.5422,-21.3869]]],[[[114.9355,-21.595],[114.9391,-21.5937],[114.9368,-21.5892],[114.9326,-21.5916],[114.9332,-21.594],[114.9355,-21.595]]],[[[114.5504,-21.809],[114.5555,-21.8072],[114.5508,-21.8037],[114.5482,-21.8052],[114.5504,-21.809]]],[[[114.7666,-21.7193],[114.7702,-21.7156],[114.7689,-21.7128],[114.7654,-21.714],[114.7652,-21.7183],[114.7666,-21.7193]]],[[[115.1639,-21.3248],[115.172,-21.3245],[115.1702,-21.3219],[115.1656,-21.3209],[115.1632,-21.3224],[115.1639,-21.3248]]],[[[114.6218,-21.6063],[114.6253,-21.604],[114.6202,-21.5997],[114.6189,-21.6009],[114.6218,-21.6063]]],[[[115.352,-21.5129],[115.3578,-21.5067],[115.3564,-21.504],[115.351,-21.51],[115.352,-21.5129]]],[[[115.5038,-21.2979],[115.506,-21.297],[115.5044,-21.2928],[115.502,-21.2924],[115.4999,-21.2948],[115.5038,-21.2979]]],[[[115.1319,-21.5362],[115.1336,-21.5347],[115.1325,-21.532],[115.1277,-21.5329],[115.1319,-21.5362]]],[[[115.5135,-21.4443],[115.5181,-21.4363],[115.5176,-21.435],[115.5137,-21.4409],[115.5135,-21.4443]]],[[[114.5421,-21.742],[114.5442,-21.7397],[114.5415,-21.7382],[114.5395,-21.7403],[114.5421,-21.742]]],[[[115.4457,-21.3126],[115.4504,-21.3106],[115.4513,-21.3067],[115.4457,-21.3126]]],[[[114.9843,-21.6759],[114.9861,-21.6767],[114.9856,-21.6738],[114.9817,-21.6726],[114.9843,-21.6759]]],[[[114.4204,-21.7019],[114.4181,-21.7035],[114.4202,-21.7054],[114.4216,-21.7038],[114.4204,-21.7019]]],[[[114.51,-21.6032],[114.5111,-21.6024],[114.5083,-21.5986],[114.5076,-21.5997],[114.51,-21.6032]]],[[[115.4036,-21.411],[115.4116,-21.408],[115.4046,-21.4087],[115.4036,-21.411]]],[[[115.6612,-21.3103],[115.6625,-21.3069],[115.6615,-21.3056],[115.6597,-21.308],[115.6612,-21.3103]]],[[[115.2171,-21.5112],[115.2194,-21.5106],[115.2178,-21.5088],[115.2157,-21.5095],[115.2171,-21.5112]]],[[[115.3903,-21.5528],[115.3917,-21.5516],[115.3879,-21.55],[115.3903,-21.5528]]],[[[115.4357,-21.4208],[115.44,-21.4177],[115.4351,-21.4193],[115.4357,-21.4208]]],[[[114.8614,-21.5819],[114.8623,-21.5802],[114.8604,-21.5794],[114.8614,-21.5819]]],[[[115.5211,-21.4282],[115.5214,-21.4263],[115.5192,-21.4273],[115.5211,-21.4282]]],[[[115.5982,-21.2761],[115.599,-21.2731],[115.5975,-21.2739],[115.5982,-21.2761]]],[[[115.4313,-21.4145],[115.4318,-21.4121],[115.4303,-21.413],[115.4313,-21.4145]]],[[[115.2028,-21.5216],[115.2055,-21.5206],[115.2024,-21.5205],[115.2028,-21.5216]]],[[[114.9911,-21.6797],[114.9908,-21.6776],[114.9886,-21.6761],[114.9911,-21.6797]]],[[[115.4414,-21.3578],[115.4429,-21.3572],[115.4419,-21.3555],[115.4414,-21.3578]]],[[[115.5109,-21.4547],[115.5126,-21.4532],[115.5097,-21.4542],[115.5109,-21.4547]]],[[[114.7202,-21.6131],[114.7205,-21.6119],[114.7178,-21.6117],[114.7202,-21.6131]]],[[[115.5041,-21.4801],[115.504,-21.4788],[115.502,-21.4798],[115.5041,-21.4801]]],[[[114.654,-21.6468],[114.655,-21.6449],[114.653,-21.6456],[114.654,-21.6468]]],[[[115.4432,-21.5413],[115.4458,-21.5398],[115.4443,-21.5396],[115.4432,-21.5413]]],[[[114.5486,-21.8742],[114.5493,-21.8732],[114.5473,-21.8729],[114.5486,-21.8742]]],[[[115.432,-21.4178],[115.4326,-21.4169],[115.4313,-21.4188],[115.432,-21.4178]]],[[[113.0125,-25.5167],[113.0217,-25.4978],[112.9707,-25.4804],[112.9282,-25.5285],[112.9225,-25.6094],[112.9796,-25.7495],[112.9664,-25.7803],[113.0486,-25.9311],[113.136,-26.0223],[113.2163,-26.1625],[113.2379,-26.1063],[113.2198,-26.0367],[113.167,-25.9798],[113.1681,-25.9433],[113.1507,-25.9413],[113.1576,-25.9689],[113.1367,-25.9774],[113.1265,-25.9224],[113.156,-25.8878],[113.1097,-25.868],[113.1148,-25.8386],[113.0094,-25.5612],[113.0125,-25.5167]]],[[[113.9172,-25.8592],[113.9094,-25.8174],[113.8807,-25.8008],[113.8518,-25.8161],[113.8736,-25.871],[113.8584,-25.8682],[113.8801,-25.8869],[113.9196,-25.8974],[113.9185,-25.8463],[113.9172,-25.8592]]],[[[113.6862,-28.4826],[113.7083,-28.4647],[113.7006,-28.4403],[113.6821,-28.454],[113.6862,-28.4826]]],[[[113.7197,-28.4455],[113.7447,-28.4263],[113.7181,-28.43],[113.7197,-28.4455]]],[[[113.5891,-28.3022],[113.5903,-28.3047],[113.5983,-28.308],[113.6031,-28.3007],[113.6029,-28.2972],[113.5997,-28.2961],[113.5952,-28.2893],[113.5888,-28.2961],[113.5891,-28.3022]]],[[[113.7626,-26.544],[113.7681,-26.5467],[113.7699,-26.549],[113.7758,-26.5454],[113.7715,-26.5389],[113.7708,-26.535],[113.7728,-26.5317],[113.7667,-26.532],[113.7594,-26.5352],[113.7626,-26.544]]],[[[113.8792,-26.0409],[113.8795,-26.043],[113.8827,-26.0363],[113.8828,-26.0322],[113.88,-26.0284],[113.8724,-26.0229],[113.8689,-26.0168],[113.8655,-26.0177],[113.8631,-26.0146],[113.8612,-26.0161],[113.8587,-26.0148],[113.8527,-26.0091],[113.8542,-26.0072],[113.8573,-26.0069],[113.8565,-26.0064],[113.8468,-26.0076],[113.8436,-26.0027],[113.8458,-26.0012],[113.8447,-26.0005],[113.8373,-26.0021],[113.8804,-26.0302],[113.8817,-26.0351],[113.8792,-26.0409]]],[[[113.8777,-26.0557],[113.8778,-26.0484],[113.8765,-26.0501],[113.8756,-26.0594],[113.8704,-26.0643],[113.8708,-26.0712],[113.8667,-26.0781],[113.8657,-26.0828],[113.8697,-26.0807],[113.8696,-26.0775],[113.8726,-26.0756],[113.8727,-26.0721],[113.8777,-26.0681],[113.8764,-26.0646],[113.8727,-26.067],[113.8719,-26.0643],[113.876,-26.0611],[113.8777,-26.0557]]],[[[113.8621,-26.3685],[113.8684,-26.3841],[113.8653,-26.3487],[113.8621,-26.3685]]],[[[113.3383,-26.3158],[113.3393,-26.3124],[113.3369,-26.3097],[113.332,-26.3168],[113.3395,-26.3235],[113.34,-26.3192],[113.3383,-26.3158]]],[[[113.7058,-26.0944],[113.707,-26.0851],[113.7116,-26.0772],[113.7172,-26.072],[113.7211,-26.0633],[113.717,-26.0577],[113.7192,-26.0623],[113.7174,-26.0697],[113.71,-26.0772],[113.7064,-26.0837],[113.7045,-26.0894],[113.7058,-26.0944]]],[[[113.7042,-26.1201],[113.705,-26.1235],[113.7062,-26.1124],[113.7053,-26.1111],[113.7045,-26.1147],[113.7054,-26.1001],[113.7034,-26.0949],[113.7022,-26.1078],[113.7042,-26.1201]]],[[[114.0311,-25.6512],[114.0314,-25.6471],[114.0276,-25.6421],[114.0257,-25.6436],[114.024,-25.6381],[114.0231,-25.6436],[114.0311,-25.6512]]],[[[113.8594,-28.6916],[113.8635,-28.691],[113.8696,-28.686],[113.8651,-28.6887],[113.8603,-28.6893],[113.8598,-28.6861],[113.8586,-28.688],[113.8594,-28.6916]]],[[[113.7071,-26.1398],[113.7071,-26.1422],[113.7093,-26.1402],[113.7063,-26.1344],[113.7045,-26.1254],[113.7045,-26.1331],[113.7071,-26.1398]]],[[[113.5081,-26.4],[113.5133,-26.3958],[113.5121,-26.3938],[113.5074,-26.3946],[113.5081,-26.4]]],[[[114.0639,-25.6855],[114.0637,-25.6838],[114.0602,-25.6827],[114.0594,-25.6805],[114.0567,-25.6802],[114.055,-25.6768],[114.0539,-25.677],[114.0543,-25.68],[114.0617,-25.6854],[114.0639,-25.6855]]],[[[113.8958,-25.9547],[113.9016,-25.9574],[113.8941,-25.9523],[113.8872,-25.9519],[113.8958,-25.9547]]],[[[113.6476,-26.5185],[113.652,-26.5184],[113.6512,-26.5128],[113.6483,-26.5127],[113.6494,-26.5158],[113.6476,-26.5185]]],[[[114.0258,-25.6619],[114.0286,-25.6607],[114.0234,-25.656],[114.0224,-25.6577],[114.0258,-25.6619]]],[[[113.773,-28.4787],[113.7744,-28.4782],[113.7746,-28.4754],[113.773,-28.4638],[113.773,-28.4787]]],[[[113.7152,-26.0406],[113.718,-26.0385],[113.7184,-26.0299],[113.7173,-26.0363],[113.716,-26.0389],[113.7144,-26.0392],[113.7152,-26.0406]]],[[[113.8569,-25.8672],[113.8561,-25.8638],[113.8528,-25.8611],[113.8526,-25.8644],[113.8569,-25.8672]]],[[[113.8813,-26.4529],[113.8833,-26.4518],[113.8808,-26.4507],[113.8805,-26.4445],[113.8795,-26.4498],[113.8813,-26.4529]]],[[[113.706,-26.0813],[113.7091,-26.0766],[113.7072,-26.0737],[113.706,-26.0813]]],[[[113.8805,-26.4564],[113.877,-26.4478],[113.8774,-26.4538],[113.8805,-26.4564]]],[[[113.5048,-26.4142],[113.5064,-26.4127],[113.5049,-26.41],[113.503,-26.4099],[113.5048,-26.4142]]],[[[113.8321,-28.6869],[113.8348,-28.684],[113.8332,-28.6823],[113.8336,-28.6794],[113.8314,-28.6796],[113.8335,-28.685],[113.8321,-28.6869]]],[[[114.2308,-26.1609],[114.2342,-26.1576],[114.2298,-26.1589],[114.2308,-26.1609]]],[[[113.8307,-28.676],[113.8324,-28.6738],[113.8294,-28.6703],[113.8295,-28.6752],[113.8307,-28.676]]],[[[113.7154,-28.459],[113.7182,-28.4529],[113.7143,-28.4574],[113.7154,-28.459]]],[[[113.8767,-26.4465],[113.8795,-26.4419],[113.8767,-26.4437],[113.8767,-26.4465]]],[[[113.9157,-25.8462],[113.918,-25.8447],[113.9169,-25.842],[113.9148,-25.8449],[113.9157,-25.8462]]],[[[113.6478,-26.556],[113.6486,-26.5524],[113.645,-26.554],[113.6478,-26.556]]],[[[114.0696,-25.6872],[114.07,-25.6861],[114.0663,-25.6836],[114.0668,-25.6857],[114.0696,-25.6872]]],[[[113.8765,-28.6733],[113.8782,-28.6724],[113.8767,-28.6694],[113.8765,-28.6733]]],[[[113.3786,-26.2043],[113.3784,-26.2019],[113.3768,-26.2012],[113.3758,-26.2028],[113.3786,-26.2043]]],[[[114.0715,-25.6904],[114.0716,-25.6893],[114.0675,-25.688],[114.0684,-25.6899],[114.0715,-25.6904]]],[[[113.7241,-26.2005],[113.7249,-26.1968],[113.7238,-26.1959],[113.7241,-26.2005]]],[[[113.7134,-28.4636],[113.7152,-28.4608],[113.713,-28.4621],[113.7134,-28.4636]]],[[[113.7153,-26.0565],[113.7143,-26.0541],[113.7123,-26.0538],[113.7153,-26.0565]]],[[[113.5086,-26.2307],[113.5098,-26.23],[113.5076,-26.2276],[113.5068,-26.2284],[113.5086,-26.2307]]],[[[113.8756,-28.6664],[113.877,-28.6659],[113.8773,-28.6621],[113.8756,-28.6664]]],[[[113.8675,-25.8045],[113.8705,-25.8031],[113.8683,-25.8027],[113.8675,-25.8045]]],[[[113.7675,-28.4976],[113.7672,-28.4947],[113.7659,-28.4965],[113.7675,-28.4976]]],[[[113.6927,-26.534],[113.6904,-26.5321],[113.6895,-26.5336],[113.6927,-26.534]]],[[[113.8528,-28.6756],[113.8539,-28.6732],[113.8512,-28.6742],[113.8528,-28.6756]]],[[[113.869,-25.9858],[113.8678,-25.9869],[113.8686,-25.989],[113.869,-25.9858]]],[[[113.8293,-28.6686],[113.8271,-28.6666],[113.8275,-28.6684],[113.8293,-28.6686]]],[[[113.8836,-28.6308],[113.8842,-28.6296],[113.8822,-28.6298],[113.8836,-28.6308]]],[[[113.8616,-28.6697],[113.8635,-28.6689],[113.8628,-28.668],[113.8616,-28.6697]]],[[[113.6664,-26.6139],[113.6674,-26.6129],[113.6656,-26.6125],[113.6664,-26.6139]]],[[[113.5899,-26.49],[113.5904,-26.4885],[113.5891,-26.489],[113.5899,-26.49]]],[[[113.6325,-26.5754],[113.634,-26.5749],[113.6312,-26.5746],[113.6325,-26.5754]]],[[[113.4147,-26.0916],[113.4156,-26.0908],[113.4139,-26.0899],[113.4147,-26.0916]]],[[[113.7316,-28.4781],[113.7304,-28.4779],[113.7309,-28.4793],[113.7316,-28.4781]]],[[[114.0331,-25.6551],[114.0343,-25.6544],[114.0333,-25.6534],[114.0331,-25.6551]]],[[[113.9067,-25.9588],[113.9066,-25.9575],[113.9048,-25.9574],[113.9067,-25.9588]]],[[[113.7075,-28.4687],[113.7083,-28.4679],[113.7069,-28.4679],[113.7075,-28.4687]]],[[[113.3953,-26.0579],[113.3966,-26.057],[113.3951,-26.0569],[113.3953,-26.0579]]],[[[115.3216,-20.8083],[115.3068,-20.8604],[115.321,-20.8916],[115.3338,-20.8761],[115.3217,-20.8737],[115.3477,-20.8648],[115.3743,-20.8948],[115.3949,-20.8864],[115.4759,-20.7661],[115.4687,-20.6802],[115.4311,-20.6684],[115.3216,-20.8083]]],[[[116.8241,-20.4979],[116.8222,-20.52],[116.8737,-20.5109],[116.8864,-20.4805],[116.86,-20.4907],[116.8618,-20.461],[116.8857,-20.4236],[116.8241,-20.4979]]],[[[116.5499,-20.6047],[116.5861,-20.5755],[116.5555,-20.5854],[116.5523,-20.5684],[116.5238,-20.6011],[116.5129,-20.5826],[116.4859,-20.5851],[116.4632,-20.6096],[116.5489,-20.6217],[116.5499,-20.6047]]],[[[116.5967,-20.6889],[116.5783,-20.693],[116.5908,-20.7172],[116.5778,-20.7333],[116.648,-20.6823],[116.6065,-20.6854],[116.5929,-20.7059],[116.5967,-20.6889]]],[[[116.6114,-20.5934],[116.6001,-20.6122],[116.6338,-20.609],[116.6748,-20.5472],[116.6114,-20.5934]]],[[[116.9218,-20.4103],[116.9529,-20.42],[116.8318,-20.3541],[116.9218,-20.4103]]],[[[117.7114,-20.643],[117.7342,-20.6537],[117.7444,-20.6275],[117.7164,-20.6082],[117.7114,-20.643]]],[[[116.6101,-20.4551],[116.5661,-20.4857],[116.6024,-20.4933],[116.6192,-20.4738],[116.6101,-20.4551]]],[[[115.5211,-20.4891],[115.5322,-20.5049],[115.5416,-20.4738],[115.5214,-20.4834],[115.5258,-20.4471],[115.5315,-20.4808],[115.5458,-20.4546],[115.5332,-20.4136],[115.5211,-20.4891]]],[[[116.6581,-20.5938],[116.6352,-20.6319],[116.667,-20.6282],[116.6805,-20.5831],[116.6581,-20.5938]]],[[[116.7866,-20.5111],[116.7982,-20.5186],[116.8274,-20.4657],[116.8026,-20.4746],[116.7866,-20.5111]]],[[[116.8113,-20.4472],[116.7979,-20.473],[116.8388,-20.4263],[116.8113,-20.4472]]],[[[115.5581,-20.3919],[115.583,-20.4204],[115.583,-20.3995],[115.55,-20.3778],[115.5581,-20.3919]]],[[[117.0683,-20.6257],[117.0895,-20.6163],[117.0379,-20.636],[117.0683,-20.6257]]],[[[117.0747,-20.4415],[117.076,-20.4656],[117.0802,-20.4299],[117.0747,-20.4415]]],[[[115.3244,-20.9218],[115.3165,-20.9383],[115.3361,-20.9066],[115.3222,-20.895],[115.3244,-20.9218]]],[[[115.882,-20.9499],[115.902,-20.9558],[115.9009,-20.9376],[115.882,-20.9499]]],[[[118.5027,-20.3212],[118.5079,-20.322],[118.5096,-20.3238],[118.5118,-20.3233],[118.515,-20.3202],[118.5168,-20.3207],[118.5183,-20.3193],[118.5206,-20.314],[118.5269,-20.3139],[118.5268,-20.3102],[118.5235,-20.3084],[118.5155,-20.3083],[118.5052,-20.3112],[118.4997,-20.3157],[118.4996,-20.3186],[118.5027,-20.3212]]],[[[116.817,-20.4239],[116.8143,-20.4421],[116.8346,-20.4159],[116.817,-20.4239]]],[[[116.6747,-20.6602],[116.6794,-20.6633],[116.6832,-20.6617],[116.6875,-20.6551],[116.6952,-20.65],[116.6966,-20.6447],[116.6748,-20.651],[116.6718,-20.6545],[116.675,-20.6584],[116.6747,-20.6602]]],[[[116.6748,-20.519],[116.6766,-20.5185],[116.678,-20.52],[116.6765,-20.5227],[116.6797,-20.5237],[116.6858,-20.5177],[116.6893,-20.5184],[116.6884,-20.5129],[116.6915,-20.5065],[116.6906,-20.5034],[116.6885,-20.5035],[116.685,-20.5086],[116.6801,-20.5068],[116.6793,-20.5011],[116.6773,-20.5031],[116.6777,-20.5123],[116.6723,-20.5163],[116.6724,-20.5179],[116.6748,-20.519]]],[[[115.3259,-20.9739],[115.3376,-20.966],[115.3163,-20.9474],[115.3259,-20.9739]]],[[[117.8458,-20.5392],[117.8546,-20.5335],[117.8624,-20.5321],[117.8644,-20.5277],[117.8701,-20.523],[117.8742,-20.5162],[117.8707,-20.5161],[117.854,-20.5285],[117.8451,-20.5375],[117.8458,-20.5392]]],[[[116.1567,-20.9349],[116.1514,-20.9315],[116.1468,-20.9359],[116.1475,-20.941],[116.1524,-20.9483],[116.1578,-20.9473],[116.159,-20.9457],[116.1567,-20.9349]]],[[[116.4363,-20.6594],[116.4385,-20.6589],[116.4423,-20.6609],[116.4493,-20.667],[116.4517,-20.6656],[116.4485,-20.6516],[116.4418,-20.6548],[116.4341,-20.6553],[116.4346,-20.6585],[116.4363,-20.6594]]],[[[115.5159,-20.363],[115.5137,-20.3634],[115.513,-20.3652],[115.5173,-20.3656],[115.5238,-20.3629],[115.5273,-20.3661],[115.5327,-20.367],[115.5395,-20.3717],[115.5382,-20.3681],[115.5391,-20.3669],[115.5364,-20.3648],[115.5329,-20.3645],[115.5325,-20.361],[115.5289,-20.3617],[115.5267,-20.36],[115.5175,-20.3584],[115.5178,-20.361],[115.5159,-20.363]]],[[[116.9679,-20.4277],[116.9653,-20.4259],[116.9589,-20.4303],[116.9696,-20.4382],[116.9687,-20.4413],[116.9738,-20.4453],[116.9731,-20.4417],[116.9752,-20.4398],[116.9689,-20.432],[116.9672,-20.4292],[116.9679,-20.4277]]],[[[115.5319,-20.4074],[115.5292,-20.4076],[115.5265,-20.411],[115.5235,-20.4085],[115.5242,-20.4048],[115.5217,-20.4047],[115.5182,-20.4076],[115.5194,-20.4121],[115.5165,-20.4158],[115.5204,-20.4136],[115.5253,-20.4147],[115.5308,-20.409],[115.5389,-20.4062],[115.5371,-20.4044],[115.5409,-20.4023],[115.5346,-20.4015],[115.5332,-20.4043],[115.5341,-20.4066],[115.5319,-20.4074]]],[[[116.6597,-20.5232],[116.6612,-20.5265],[116.6651,-20.5243],[116.6687,-20.5198],[116.6706,-20.5202],[116.6707,-20.5177],[116.6672,-20.516],[116.6556,-20.5169],[116.6597,-20.5232]]],[[[116.6361,-20.5548],[116.6425,-20.5534],[116.6439,-20.5554],[116.6425,-20.5574],[116.6448,-20.5583],[116.6474,-20.557],[116.6501,-20.5506],[116.6494,-20.548],[116.6472,-20.5452],[116.6453,-20.5461],[116.6462,-20.5478],[116.6446,-20.5508],[116.6417,-20.5485],[116.6347,-20.5542],[116.6361,-20.5548]]],[[[115.5685,-20.647],[115.573,-20.6489],[115.5757,-20.6523],[115.5745,-20.656],[115.5829,-20.6614],[115.5807,-20.66],[115.5816,-20.6585],[115.5792,-20.6559],[115.5815,-20.6539],[115.5815,-20.6513],[115.5798,-20.6494],[115.5716,-20.6472],[115.5672,-20.643],[115.5674,-20.6411],[115.5659,-20.641],[115.5659,-20.6445],[115.5685,-20.647]]],[[[116.2433,-20.8125],[116.2479,-20.8185],[116.2473,-20.8155],[116.2493,-20.8126],[116.245,-20.802],[116.2421,-20.8027],[116.2408,-20.8053],[116.2433,-20.8125]]],[[[122.102,-16.8558],[122.1137,-16.8583],[122.1138,-16.8572],[122.1104,-16.8558],[122.1019,-16.8551],[122.1124,-16.8538],[122.121,-16.8548],[122.1265,-16.8526],[122.0926,-16.8546],[122.102,-16.8558]]],[[[116.8218,-20.4118],[116.8236,-20.4084],[116.822,-20.4057],[116.8191,-20.4072],[116.8168,-20.4126],[116.8151,-20.4134],[116.8116,-20.4107],[116.8106,-20.4148],[116.814,-20.4164],[116.8193,-20.4153],[116.8211,-20.4169],[116.8218,-20.4118]]],[[[116.176,-20.9563],[116.1781,-20.9531],[116.1792,-20.9452],[116.1781,-20.9401],[116.1747,-20.9347],[116.1739,-20.9366],[116.1772,-20.9413],[116.1746,-20.9457],[116.1733,-20.9536],[116.176,-20.9563]]],[[[115.8535,-21.012],[115.8506,-21.009],[115.8478,-21.0128],[115.8492,-21.0175],[115.8526,-21.0216],[115.8546,-21.0209],[115.8535,-21.012]]],[[[115.525,-20.3887],[115.5202,-20.389],[115.5191,-20.3907],[115.5196,-20.3926],[115.5172,-20.3964],[115.5203,-20.3997],[115.5177,-20.4011],[115.5192,-20.4016],[115.5228,-20.3994],[115.5253,-20.4027],[115.5266,-20.4007],[115.5248,-20.3952],[115.5219,-20.3966],[115.5204,-20.3948],[115.5208,-20.3925],[115.525,-20.3887]]],[[[122.1364,-16.8581],[122.1438,-16.8591],[122.1425,-16.8564],[122.1384,-16.8536],[122.1285,-16.8532],[122.1364,-16.8581]]],[[[117.9183,-20.4768],[117.9217,-20.4744],[117.9254,-20.4743],[117.9308,-20.4645],[117.9265,-20.4665],[117.9202,-20.4729],[117.9183,-20.4768]]],[[[116.6533,-20.6749],[116.657,-20.6801],[116.6615,-20.6757],[116.6594,-20.6735],[116.6562,-20.6738],[116.6546,-20.6719],[116.6507,-20.6717],[116.6533,-20.6749]]],[[[117.7751,-20.5898],[117.7814,-20.5869],[117.7786,-20.5838],[117.7763,-20.5842],[117.7757,-20.5822],[117.7719,-20.5824],[117.7697,-20.5845],[117.7742,-20.5875],[117.7751,-20.5898]]],[[[116.3088,-20.7783],[116.3142,-20.7817],[116.3121,-20.773],[116.3088,-20.7706],[116.3065,-20.7713],[116.3065,-20.7736],[116.3088,-20.7783]]],[[[118.8976,-19.8924],[118.901,-19.8939],[118.9022,-19.8906],[118.8961,-19.8854],[118.8925,-19.8881],[118.8976,-19.8924]]],[[[115.544,-20.43],[115.5431,-20.4369],[115.545,-20.4328],[115.5481,-20.4334],[115.5477,-20.435],[115.5493,-20.4334],[115.5466,-20.4308],[115.5444,-20.4247],[115.5447,-20.4233],[115.5468,-20.4229],[115.5427,-20.4207],[115.544,-20.4153],[115.5417,-20.4198],[115.544,-20.43]]],[[[117.664,-20.6436],[117.6782,-20.6358],[117.6829,-20.6369],[117.6825,-20.6342],[117.6776,-20.6335],[117.6636,-20.6422],[117.664,-20.6436]]],[[[116.039,-20.9122],[116.0379,-20.9043],[116.0335,-20.9047],[116.0361,-20.9122],[116.0391,-20.9149],[116.039,-20.9122]]],[[[115.5502,-20.4365],[115.5477,-20.4353],[115.5468,-20.4404],[115.5432,-20.4404],[115.5455,-20.4448],[115.5485,-20.447],[115.5476,-20.4451],[115.5515,-20.4433],[115.5481,-20.4384],[115.5502,-20.4365]]],[[[117.1733,-20.5595],[117.1773,-20.5577],[117.1785,-20.549],[117.1768,-20.5465],[117.1746,-20.55],[117.1753,-20.5558],[117.1733,-20.5595]]],[[[116.6649,-20.6697],[116.6697,-20.6703],[116.6723,-20.6674],[116.6705,-20.6644],[116.6676,-20.6646],[116.6656,-20.6674],[116.6625,-20.6685],[116.6649,-20.6697]]],[[[115.5138,-20.3744],[115.5161,-20.3734],[115.5194,-20.3761],[115.5199,-20.373],[115.5217,-20.3726],[115.5203,-20.3713],[115.5222,-20.3697],[115.5175,-20.3707],[115.5143,-20.3683],[115.5138,-20.3744]]],[[[116.8255,-20.3977],[116.8273,-20.3946],[116.8342,-20.3892],[116.8337,-20.3828],[116.8255,-20.3977]]],[[[116.839,-20.4616],[116.8437,-20.4572],[116.8427,-20.4514],[116.8369,-20.4581],[116.839,-20.4616]]],[[[116.8624,-20.4076],[116.8665,-20.4087],[116.8617,-20.4024],[116.8553,-20.4018],[116.8562,-20.4039],[116.8604,-20.407],[116.8616,-20.4057],[116.8624,-20.4076]]],[[[115.5236,-20.4278],[115.5248,-20.4264],[115.5267,-20.4275],[115.5264,-20.426],[115.5298,-20.423],[115.5265,-20.4221],[115.5262,-20.4158],[115.5235,-20.4202],[115.5248,-20.4235],[115.5236,-20.4278]]],[[[116.6844,-20.5396],[116.6835,-20.5369],[116.6787,-20.5399],[116.6765,-20.5433],[116.6752,-20.543],[116.6746,-20.5454],[116.6782,-20.5462],[116.6783,-20.5445],[116.6844,-20.5396]]],[[[115.8657,-20.9796],[115.8651,-20.9742],[115.8587,-20.9776],[115.8594,-20.9793],[115.8657,-20.9796]]],[[[115.6372,-21.2024],[115.6462,-21.1876],[115.6361,-21.2002],[115.6372,-21.2024]]],[[[116.8503,-20.4094],[116.8536,-20.4097],[116.8554,-20.4034],[116.8507,-20.4044],[116.8491,-20.4083],[116.8503,-20.4094]]],[[[122.1707,-18.2653],[122.1723,-18.255],[122.1775,-18.2493],[122.178,-18.2467],[122.1738,-18.2498],[122.171,-18.2557],[122.1707,-18.2653]]],[[[116.6276,-20.4602],[116.6303,-20.4583],[116.6343,-20.4586],[116.6291,-20.4534],[116.6261,-20.4533],[116.6276,-20.4602]]],[[[115.5602,-20.6427],[115.5594,-20.6388],[115.5574,-20.6378],[115.558,-20.6358],[115.5599,-20.6362],[115.5589,-20.6336],[115.5558,-20.6351],[115.5551,-20.6372],[115.5562,-20.6412],[115.5602,-20.6427]]],[[[116.6473,-20.5169],[116.6486,-20.5175],[116.6528,-20.5134],[116.6516,-20.5111],[116.6456,-20.5138],[116.6473,-20.5169]]],[[[115.5835,-20.6634],[115.577,-20.6681],[115.5778,-20.6719],[115.5795,-20.6718],[115.5787,-20.6705],[115.5806,-20.668],[115.5824,-20.6698],[115.5835,-20.6634]]],[[[116.8423,-20.4145],[116.8481,-20.409],[116.845,-20.4076],[116.8401,-20.4113],[116.8423,-20.4145]]],[[[116.5479,-20.5412],[116.5508,-20.538],[116.5497,-20.5361],[116.5471,-20.5354],[116.5432,-20.5372],[116.5479,-20.5412]]],[[[116.0663,-20.8218],[116.0697,-20.8246],[116.0714,-20.8223],[116.0694,-20.8225],[116.0671,-20.8194],[116.0613,-20.8181],[116.0663,-20.8218]]],[[[115.8225,-21.0816],[115.829,-21.0823],[115.8301,-21.0813],[115.8263,-21.077],[115.8225,-21.0816]]],[[[123.0411,-16.3544],[123.0421,-16.3554],[123.0462,-16.3537],[123.0466,-16.3467],[123.044,-16.3481],[123.044,-16.3527],[123.0411,-16.3544]]],[[[116.6429,-20.6525],[116.6462,-20.6549],[116.6483,-20.6541],[116.6481,-20.6517],[116.6399,-20.6504],[116.6393,-20.6518],[116.6429,-20.6525]]],[[[115.545,-20.5294],[115.5458,-20.5257],[115.5475,-20.5253],[115.5464,-20.5214],[115.5426,-20.5241],[115.5428,-20.5273],[115.545,-20.5294]]],[[[117.7535,-20.5911],[117.7605,-20.5894],[117.768,-20.5849],[117.7652,-20.5851],[117.7535,-20.5911]]],[[[117.6929,-20.6407],[117.6941,-20.6402],[117.694,-20.6358],[117.6916,-20.6358],[117.6875,-20.6386],[117.6915,-20.6391],[117.6929,-20.6407]]],[[[116.6211,-20.472],[116.6263,-20.4719],[116.6286,-20.4678],[116.6244,-20.4685],[116.6211,-20.472]]],[[[115.6557,-21.1083],[115.6532,-21.0999],[115.6512,-21.1041],[115.6557,-21.1083]]],[[[119.0988,-19.59],[119.1001,-19.5926],[119.101,-19.5882],[119.0985,-19.5838],[119.0972,-19.5869],[119.0988,-19.59]]],[[[117.9298,-20.4753],[117.9324,-20.4745],[117.9317,-20.4706],[117.9273,-20.4726],[117.9298,-20.4753]]],[[[116.6533,-20.5085],[116.6548,-20.5082],[116.6559,-20.5051],[116.6542,-20.503],[116.6517,-20.5047],[116.6533,-20.5085]]],[[[117.2196,-20.6573],[117.2156,-20.657],[117.2164,-20.6612],[117.2203,-20.6603],[117.2196,-20.6573]]],[[[116.7741,-20.543],[116.7769,-20.541],[116.78,-20.541],[116.7786,-20.5396],[116.78,-20.5363],[116.7746,-20.5397],[116.7741,-20.543]]],[[[122.8209,-16.7645],[122.8258,-16.7639],[122.8277,-16.762],[122.8252,-16.7611],[122.8196,-16.7625],[122.8209,-16.7645]]],[[[115.7352,-21.2664],[115.7389,-21.2633],[115.7351,-21.2629],[115.7333,-21.2642],[115.7327,-21.2656],[115.7352,-21.2664]]],[[[122.8137,-16.7555],[122.8165,-16.7548],[122.8161,-16.7565],[122.8177,-16.7575],[122.8173,-16.7551],[122.8199,-16.754],[122.8215,-16.7513],[122.814,-16.7548],[122.8123,-16.753],[122.8118,-16.755],[122.8137,-16.7555]]],[[[116.2843,-20.8612],[116.2892,-20.8578],[116.2832,-20.8573],[116.2824,-20.8583],[116.2843,-20.8612]]],[[[115.9844,-20.9652],[115.9872,-20.9661],[115.9856,-20.9623],[115.983,-20.962],[115.9819,-20.9642],[115.9844,-20.9652]]],[[[115.5194,-20.6331],[115.5258,-20.6307],[115.5196,-20.6304],[115.5194,-20.6331]]],[[[116.9607,-20.6619],[116.9637,-20.655],[116.9596,-20.6568],[116.9607,-20.6619]]],[[[116.8082,-20.3889],[116.8052,-20.3847],[116.8017,-20.3843],[116.8015,-20.3855],[116.8082,-20.3889]]],[[[116.7054,-20.6488],[116.7037,-20.6516],[116.705,-20.6529],[116.7099,-20.6448],[116.7054,-20.6488]]],[[[116.6171,-20.4481],[116.6176,-20.4447],[116.6194,-20.4435],[116.6179,-20.4418],[116.6145,-20.444],[116.6171,-20.4481]]],[[[115.5917,-20.4269],[115.5917,-20.4233],[115.595,-20.4224],[115.5924,-20.421],[115.5893,-20.4224],[115.59,-20.4258],[115.5917,-20.4269]]],[[[115.8447,-21.0511],[115.842,-21.0482],[115.838,-21.0483],[115.8388,-21.0499],[115.8447,-21.0511]]],[[[117.2645,-20.6832],[117.267,-20.6824],[117.2642,-20.6795],[117.2625,-20.6815],[117.2645,-20.6832]]],[[[118.4578,-20.3223],[118.4604,-20.322],[118.4622,-20.319],[118.4654,-20.3179],[118.4605,-20.3184],[118.4578,-20.3223]]],[[[115.5273,-20.3875],[115.5289,-20.3862],[115.5278,-20.3841],[115.5297,-20.3851],[115.5288,-20.3834],[115.5308,-20.3816],[115.5303,-20.3799],[115.5268,-20.3827],[115.5273,-20.3875]]],[[[116.6639,-20.6566],[116.6661,-20.6542],[116.6604,-20.6537],[116.6639,-20.6566]]],[[[116.536,-20.4798],[116.5393,-20.4794],[116.5403,-20.4773],[116.5388,-20.4761],[116.536,-20.4798]]],[[[122.1683,-16.8827],[122.1728,-16.8819],[122.1691,-16.8796],[122.1677,-16.8809],[122.1683,-16.8827]]],[[[119.6732,-20.0077],[119.6749,-20.0079],[119.6748,-20.0052],[119.6714,-20.0041],[119.6732,-20.0077]]],[[[115.544,-20.5145],[115.5437,-20.5173],[115.5459,-20.5161],[115.5447,-20.5094],[115.544,-20.5145]]],[[[118.8089,-20.0204],[118.8099,-20.0212],[118.8106,-20.0184],[118.8067,-20.018],[118.8089,-20.0204]]],[[[122.8224,-16.7683],[122.8264,-16.765],[122.823,-16.7649],[122.8215,-16.7665],[122.8224,-16.7683]]],[[[115.5228,-20.3803],[115.5242,-20.3788],[115.5236,-20.3771],[115.52,-20.3766],[115.5224,-20.3775],[115.5194,-20.3798],[115.5193,-20.3816],[115.5215,-20.3789],[115.5228,-20.3803]]],[[[115.0229,-21.2659],[115.0255,-21.2646],[115.0235,-21.2618],[115.0229,-21.2659]]],[[[117.5668,-20.6813],[117.5704,-20.6803],[117.5718,-20.6812],[117.5722,-20.6792],[117.5668,-20.6801],[117.5668,-20.6813]]],[[[116.8376,-20.417],[116.8405,-20.4159],[116.8382,-20.4132],[116.8376,-20.417]]],[[[115.788,-21.1075],[115.7865,-21.1038],[115.7849,-21.1065],[115.788,-21.1075]]],[[[118.2032,-20.368],[118.2035,-20.3649],[118.2002,-20.3615],[118.2032,-20.368]]],[[[115.7328,-21.1444],[115.7314,-21.1416],[115.7286,-21.1417],[115.7328,-21.1444]]],[[[115.7563,-21.2308],[115.757,-21.228],[115.7534,-21.2304],[115.7563,-21.2308]]],[[[115.4637,-21.2639],[115.4649,-21.2622],[115.4634,-21.2607],[115.4611,-21.2625],[115.4637,-21.2639]]],[[[115.781,-21.2316],[115.78,-21.2276],[115.7785,-21.2304],[115.781,-21.2316]]],[[[115.5468,-20.4973],[115.545,-20.4924],[115.5427,-20.4919],[115.5468,-20.4973]]],[[[122.5589,-16.9589],[122.5606,-16.9589],[122.5614,-16.956],[122.5599,-16.9558],[122.5589,-16.9589]]],[[[116.1952,-20.8285],[116.1945,-20.8243],[116.1928,-20.8253],[116.1952,-20.8285]]],[[[115.9402,-20.8794],[115.9413,-20.8809],[115.942,-20.8789],[115.9398,-20.8766],[115.9402,-20.8794]]],[[[122.9072,-16.4398],[122.9085,-16.4387],[122.9065,-16.4365],[122.9072,-16.4398]]],[[[115.5814,-20.4604],[115.581,-20.4565],[115.5797,-20.4579],[115.5814,-20.4604]]],[[[115.5309,-20.3904],[115.5303,-20.3928],[115.5318,-20.3913],[115.533,-20.3926],[115.5327,-20.3894],[115.5314,-20.389],[115.5309,-20.3904]]],[[[116.5676,-20.7136],[116.5691,-20.7129],[116.5689,-20.7109],[116.5667,-20.7123],[116.5676,-20.7136]]],[[[117.2459,-20.7122],[117.2446,-20.7094],[117.243,-20.7097],[117.2459,-20.7122]]],[[[115.0295,-21.2663],[115.0302,-21.2642],[115.0282,-21.2637],[115.0295,-21.2663]]],[[[116.694,-20.5214],[116.6954,-20.5194],[116.6919,-20.52],[116.694,-20.5214]]],[[[115.799,-21.1911],[115.8001,-21.1905],[115.799,-21.1893],[115.797,-21.1898],[115.799,-21.1911]]],[[[119.7052,-19.9953],[119.7091,-19.9928],[119.7053,-19.9941],[119.7052,-19.9953]]],[[[119.441,-20.0101],[119.4422,-20.0066],[119.4404,-20.0084],[119.441,-20.0101]]],[[[122.2789,-17.1564],[122.2798,-17.1548],[122.2783,-17.1538],[122.2789,-17.1564]]],[[[116.432,-20.6547],[116.4326,-20.6533],[116.4305,-20.6518],[116.4302,-20.6535],[116.432,-20.6547]]],[[[115.8365,-21.1355],[115.8354,-21.1328],[115.8346,-21.1339],[115.8365,-21.1355]]],[[[122.9246,-16.3855],[122.9267,-16.3848],[122.9227,-16.3845],[122.9246,-16.3855]]],[[[122.9871,-16.3796],[122.9903,-16.378],[122.9884,-16.3772],[122.9871,-16.3796]]],[[[116.2436,-20.8727],[116.2447,-20.8707],[116.2422,-20.8722],[116.2436,-20.8727]]],[[[121.805,-18.5094],[121.8078,-18.5075],[121.806,-18.507],[121.805,-18.5094]]],[[[115.5727,-20.6354],[115.5712,-20.6319],[115.5709,-20.634],[115.5727,-20.6354]]],[[[115.5193,-20.3844],[115.5154,-20.3854],[115.5167,-20.3861],[115.5193,-20.3844]]],[[[115.528,-20.5176],[115.5305,-20.5147],[115.5286,-20.5148],[115.5274,-20.5171],[115.5285,-20.5192],[115.528,-20.5176]]],[[[117.6858,-20.6321],[117.6842,-20.6326],[117.6847,-20.6351],[117.6858,-20.6321]]],[[[122.7864,-16.7622],[122.7878,-16.7614],[122.7866,-16.76],[122.7854,-16.7608],[122.7864,-16.7622]]],[[[116.5761,-20.693],[116.5771,-20.692],[116.5759,-20.6905],[116.5744,-20.6914],[116.5761,-20.693]]],[[[123.0032,-16.4837],[122.9994,-16.4844],[123.002,-16.4849],[123.0032,-16.4837]]],[[[116.9539,-20.6635],[116.9527,-20.6615],[116.9512,-20.6633],[116.9539,-20.6635]]],[[[122.563,-16.956],[122.5628,-16.9541],[122.561,-16.9536],[122.563,-16.956]]],[[[115.5791,-20.4409],[115.582,-20.4391],[115.5806,-20.4382],[115.5791,-20.4409]]],[[[115.5406,-20.6004],[115.542,-20.5995],[115.5399,-20.5975],[115.5406,-20.6004]]],[[[115.9236,-21.0866],[115.9245,-21.0854],[115.9232,-21.0845],[115.9236,-21.0866]]],[[[115.6043,-20.4348],[115.6045,-20.4334],[115.6026,-20.4325],[115.6043,-20.4348]]],[[[117.9597,-20.4758],[117.9604,-20.4741],[117.9581,-20.4752],[117.9597,-20.4758]]],[[[115.5616,-20.6364],[115.5635,-20.6343],[115.5615,-20.6346],[115.5616,-20.6364]]],[[[122.9911,-16.3933],[122.9934,-16.3923],[122.9891,-16.393],[122.9911,-16.3933]]],[[[115.5322,-20.6316],[115.5339,-20.6306],[115.5315,-20.6305],[115.5322,-20.6316]]],[[[117.9565,-20.4873],[117.9558,-20.4853],[117.9552,-20.4866],[117.9565,-20.4873]]],[[[122.316,-17.1536],[122.3173,-17.1526],[122.3155,-17.1525],[122.316,-17.1536]]],[[[123.0624,-16.2768],[123.0605,-16.277],[123.061,-16.2784],[123.0624,-16.2768]]],[[[115.3391,-20.9612],[115.341,-20.9601],[115.3394,-20.96],[115.3391,-20.9612]]],[[[121.7731,-18.6666],[121.7744,-18.6657],[121.7731,-18.6653],[121.7731,-18.6666]]],[[[121.7984,-18.5157],[121.7986,-18.5147],[121.797,-18.5151],[121.7984,-18.5157]]],[[[115.5041,-20.6479],[115.5047,-20.647],[115.5035,-20.6468],[115.5041,-20.6479]]],[[[115.5411,-31.994],[115.5114,-31.9876],[115.4498,-32.0262],[115.5076,-32.013],[115.5277,-32.0276],[115.5584,-32.0046],[115.5411,-31.994]]],[[[115.6699,-32.1961],[115.6808,-32.2441],[115.7001,-32.2445],[115.6605,-32.1562],[115.6699,-32.1961]]],[[[118.4624,-34.9328],[118.4865,-34.9212],[118.4416,-34.904],[118.4624,-34.9328]]],[[[122.2374,-34.1345],[122.2448,-34.162],[122.2611,-34.1241],[122.2322,-34.1084],[122.2374,-34.1345]]],[[[122.8354,-33.9892],[122.8148,-34.0044],[122.8631,-33.9828],[122.8354,-33.9892]]],[[[121.6002,-34.0354],[121.6033,-34.039],[121.606,-34.0393],[121.6127,-34.0347],[121.6123,-34.0295],[121.6087,-34.0246],[121.6117,-34.0202],[121.6168,-34.0188],[121.615,-34.0174],[121.6161,-34.0128],[121.6144,-34.012],[121.6125,-34.0136],[121.6079,-34.0137],[121.6045,-34.0163],[121.6066,-34.0199],[121.605,-34.0236],[121.6056,-34.0288],[121.5931,-34.0281],[121.5989,-34.0322],[121.6002,-34.0354]]],[[[122.0093,-34.0228],[122.0091,-34.0216],[122.007,-34.0218],[122.0015,-34.0264],[121.9942,-34.0284],[121.9825,-34.0367],[121.9876,-34.0378],[121.9871,-34.0401],[121.99,-34.0429],[122.0025,-34.0382],[121.9972,-34.0361],[122.0048,-34.0323],[122.0038,-34.0317],[122.0069,-34.0299],[122.0071,-34.0265],[122.0112,-34.0244],[122.0093,-34.0228]]],[[[122.0038,-33.9692],[122.0265,-33.9606],[122.01,-33.9535],[122.0038,-33.9692]]],[[[113.9635,-28.9562],[113.962,-28.9851],[113.9672,-28.9385],[114.0048,-28.9001],[113.9635,-28.9562]]],[[[121.6689,-34.0021],[121.677,-34.0023],[121.6791,-34.0052],[121.6859,-34.0092],[121.6895,-34.0062],[121.6863,-33.9999],[121.6826,-33.999],[121.681,-33.9949],[121.6789,-33.9941],[121.6701,-33.9944],[121.6689,-34.0021]]],[[[121.9534,-34.0492],[121.9571,-34.0501],[121.9572,-34.0523],[121.9536,-34.0549],[121.9545,-34.058],[121.958,-34.0556],[121.9585,-34.0523],[121.961,-34.0502],[121.9659,-34.0509],[121.9668,-34.0534],[121.9735,-34.05],[121.9758,-34.0507],[121.9797,-34.0495],[121.9749,-34.0451],[121.97,-34.0453],[121.9695,-34.0438],[121.9676,-34.0437],[121.9653,-34.0452],[121.956,-34.0457],[121.9529,-34.0474],[121.9534,-34.0492]]],[[[122.1381,-34.0333],[122.1488,-34.0369],[122.1515,-34.0351],[122.1515,-34.0314],[122.1469,-34.0299],[122.1471,-34.0272],[122.1371,-34.0269],[122.1286,-34.0291],[122.1313,-34.0306],[122.1369,-34.0302],[122.1368,-34.0329],[122.1381,-34.0333]]],[[[122.0535,-34.1411],[122.0519,-34.1382],[122.049,-34.1372],[122.045,-34.138],[122.0435,-34.1405],[122.0379,-34.1413],[122.0378,-34.1426],[122.0397,-34.1441],[122.0422,-34.1432],[122.0435,-34.1456],[122.0469,-34.1428],[122.0513,-34.1448],[122.0506,-34.1471],[122.052,-34.1476],[122.0602,-34.1461],[122.0535,-34.1411]]],[[[118.0442,-35.0651],[118.0441,-35.0664],[118.0462,-35.0646],[118.0509,-35.0662],[118.0557,-35.0649],[118.0616,-35.0672],[118.065,-35.0652],[118.069,-35.0665],[118.07,-35.065],[118.0659,-35.0637],[118.0654,-35.0622],[118.0624,-35.0632],[118.0402,-35.0595],[118.0405,-35.0618],[118.0449,-35.0635],[118.0442,-35.0651]]],[[[121.9911,-34.0614],[121.984,-34.0604],[121.9758,-34.0643],[121.9895,-34.0686],[121.9963,-34.0652],[121.9911,-34.0614]]],[[[122.7995,-34.0135],[122.8,-34.0152],[122.802,-34.0108],[122.8066,-34.0093],[122.8131,-34.0109],[122.812,-34.0062],[122.8082,-34.0016],[122.8041,-34.0021],[122.7989,-34.0054],[122.7995,-34.0135]]],[[[118.0292,-35.047],[118.0339,-35.0475],[118.0379,-35.0448],[118.0436,-35.0469],[118.0485,-35.0466],[118.0508,-35.0439],[118.0476,-35.0426],[118.0457,-35.0436],[118.044,-35.0416],[118.0388,-35.0399],[118.037,-35.0416],[118.0303,-35.0422],[118.0283,-35.0446],[118.0292,-35.047]]],[[[121.7902,-33.9259],[121.7941,-33.9267],[121.7949,-33.9283],[121.7935,-33.9295],[121.8049,-33.9261],[121.7971,-33.9231],[121.7973,-33.9181],[121.7947,-33.9176],[121.7884,-33.9198],[121.7902,-33.9259]]],[[[121.9913,-33.9922],[122.0047,-33.9878],[122.0041,-33.9861],[121.9967,-33.9832],[121.9954,-33.9808],[121.9927,-33.9828],[121.9934,-33.9859],[121.9871,-33.9889],[121.9913,-33.9922]]],[[[121.8727,-33.9257],[121.875,-33.9275],[121.8767,-33.9261],[121.8823,-33.9259],[121.8814,-33.9232],[121.884,-33.9207],[121.8767,-33.9168],[121.8766,-33.9189],[121.8704,-33.9207],[121.8682,-33.923],[121.8727,-33.9257]]],[[[116.4912,-35.0339],[116.494,-35.0341],[116.4969,-35.0368],[116.4989,-35.0363],[116.5016,-35.0346],[116.5027,-35.0293],[116.5039,-35.0299],[116.5051,-35.0278],[116.5027,-35.0281],[116.5017,-35.0261],[116.4979,-35.0261],[116.4943,-35.0283],[116.4941,-35.0313],[116.4917,-35.0317],[116.4912,-35.0339]]],[[[122.0082,-34.1228],[122.0103,-34.1213],[122.0094,-34.1185],[121.9984,-34.1138],[121.9944,-34.1126],[121.9929,-34.1161],[121.9873,-34.1154],[121.9916,-34.1196],[121.998,-34.117],[122.0073,-34.1208],[122.0082,-34.1228]]],[[[122.0002,-34.0672],[122.0041,-34.0688],[122.023,-34.0661],[122.0118,-34.0651],[122.0079,-34.0635],[122.0078,-34.0617],[122.0013,-34.0647],[121.9984,-34.0645],[122.0002,-34.0672]]],[[[121.9736,-34.1181],[121.9746,-34.1215],[121.9839,-34.1224],[121.9825,-34.1193],[121.9837,-34.1159],[121.9804,-34.1135],[121.9745,-34.1146],[121.9736,-34.1181]]],[[[121.9918,-33.9232],[121.998,-33.9224],[121.9978,-33.9208],[121.9992,-33.9211],[122.0003,-33.9191],[121.999,-33.9164],[121.9951,-33.9156],[121.9861,-33.9194],[121.986,-33.921],[121.9918,-33.9232]]],[[[122.9627,-34.0826],[122.9609,-34.0838],[122.9619,-34.0853],[122.9641,-34.084],[122.9662,-34.0845],[122.9691,-34.0813],[122.9701,-34.0708],[122.9682,-34.0741],[122.9633,-34.0752],[122.9627,-34.0826]]],[[[121.8995,-33.9232],[121.9017,-33.9253],[121.9075,-33.9244],[121.9097,-33.9167],[121.9028,-33.9201],[121.8985,-33.9186],[121.8971,-33.9193],[121.8995,-33.9232]]],[[[121.9833,-33.975],[121.9766,-33.9728],[121.9772,-33.9748],[121.9822,-33.9776],[121.9806,-33.9801],[121.9816,-33.9804],[121.9854,-33.979],[121.9861,-33.977],[121.9893,-33.9769],[121.9944,-33.9738],[121.9906,-33.9745],[121.9894,-33.9729],[121.9864,-33.9732],[121.9853,-33.9713],[121.9833,-33.975]]],[[[119.6044,-34.3744],[119.6062,-34.3746],[119.6053,-34.3768],[119.6069,-34.3784],[119.6096,-34.3772],[119.6096,-34.3785],[119.6125,-34.3784],[119.6136,-34.3772],[119.6131,-34.3732],[119.6104,-34.3745],[119.6072,-34.3739],[119.6018,-34.3685],[119.5987,-34.3684],[119.5992,-34.3716],[119.6026,-34.3723],[119.6021,-34.3734],[119.6044,-34.3744]]],[[[113.7879,-28.7139],[113.7859,-28.7092],[113.7799,-28.7093],[113.7838,-28.7176],[113.7841,-28.7229],[113.7859,-28.7216],[113.7879,-28.7139]]],[[[121.9865,-34.4725],[121.9946,-34.4742],[121.9979,-34.4714],[121.9901,-34.4666],[121.9864,-34.4692],[121.9865,-34.4725]]],[[[122.0241,-34.1515],[122.0248,-34.1488],[122.0295,-34.1514],[122.0301,-34.1491],[122.0266,-34.1464],[122.0253,-34.148],[122.0193,-34.1456],[122.0138,-34.1468],[122.0149,-34.1502],[122.021,-34.1501],[122.0241,-34.1515]]],[[[122.0977,-34.0642],[122.0977,-34.0654],[122.1065,-34.0671],[122.1102,-34.0647],[122.1101,-34.0632],[122.1075,-34.0625],[122.1042,-34.059],[122.1023,-34.0632],[122.0995,-34.0625],[122.0977,-34.0642]]],[[[122.1153,-34.1026],[122.1214,-34.1011],[122.1213,-34.0974],[122.1248,-34.0943],[122.1165,-34.0947],[122.1147,-34.0976],[122.1168,-34.1005],[122.1131,-34.1019],[122.1153,-34.1026]]],[[[119.5786,-34.3732],[119.5732,-34.374],[119.5726,-34.3765],[119.5795,-34.3767],[119.5816,-34.3732],[119.5864,-34.3742],[119.5883,-34.372],[119.5849,-34.3705],[119.5786,-34.3732]]],[[[121.6796,-33.9911],[121.6821,-33.9925],[121.6857,-33.99],[121.6864,-33.9839],[121.6791,-33.9855],[121.6796,-33.9911]]],[[[122.5219,-33.962],[122.5238,-33.9628],[122.5297,-33.9612],[122.522,-33.9576],[122.5168,-33.9602],[122.517,-33.9613],[122.5219,-33.962]]],[[[122.1018,-34.1996],[122.1089,-34.2007],[122.1101,-34.1978],[122.108,-34.195],[122.1024,-34.1953],[122.101,-34.1963],[122.1018,-34.1996]]],[[[122.5349,-34.0916],[122.5458,-34.09],[122.5464,-34.0883],[122.5348,-34.0877],[122.5331,-34.0905],[122.5349,-34.0916]]],[[[121.3546,-33.8658],[121.3536,-33.8646],[121.3484,-33.8678],[121.3457,-33.873],[121.3504,-33.8728],[121.3546,-33.8658]]],[[[122.242,-34.0073],[122.2387,-34.0089],[122.2402,-34.0123],[122.2441,-34.0084],[122.2455,-34.0091],[122.2463,-34.0065],[122.2484,-34.0065],[122.2457,-34.0035],[122.2433,-34.0045],[122.2436,-34.0064],[122.242,-34.0073]]],[[[122.3062,-34.0165],[122.3143,-34.0136],[122.3129,-34.0122],[122.309,-34.0125],[122.3078,-34.0104],[122.3047,-34.0143],[122.3062,-34.0165]]],[[[122.7562,-33.8978],[122.7555,-33.8941],[122.7513,-33.8992],[122.7531,-33.9038],[122.7562,-33.8978]]],[[[122.6343,-33.9988],[122.6283,-33.9983],[122.6332,-34.0047],[122.6347,-34.0046],[122.6365,-34.0003],[122.6343,-33.9988]]],[[[122.8417,-33.9707],[122.8473,-33.9683],[122.8468,-33.9637],[122.8452,-33.9634],[122.841,-33.9671],[122.8417,-33.9707]]],[[[122.6489,-34.0018],[122.6512,-34.003],[122.6534,-34.0022],[122.6549,-33.9974],[122.6477,-33.9983],[122.6489,-34.0018]]],[[[118.2145,-35.0034],[118.2166,-35.0035],[118.2162,-34.9998],[118.2095,-34.9959],[118.2087,-34.9977],[118.2145,-35.0034]]],[[[122.163,-34.0764],[122.1596,-34.0808],[122.1613,-34.082],[122.165,-34.0815],[122.1673,-34.0783],[122.1652,-34.0783],[122.1654,-34.0765],[122.1683,-34.074],[122.163,-34.0764]]],[[[114.999,-30.3192],[115.0033,-30.3193],[115.009,-30.3151],[115.0063,-30.3127],[115.0054,-30.3145],[114.9996,-30.3172],[114.999,-30.3192]]],[[[116.7349,-35.0504],[116.7349,-35.0487],[116.7303,-35.0485],[116.7299,-35.0526],[116.7342,-35.0516],[116.7345,-35.0546],[116.7367,-35.0541],[116.7373,-35.0521],[116.7349,-35.0504]]],[[[122.813,-33.9673],[122.816,-33.9607],[122.8121,-33.9592],[122.8116,-33.9659],[122.813,-33.9673]]],[[[122.0871,-34.0407],[122.0856,-34.0413],[122.0891,-34.0468],[122.0931,-34.0465],[122.0908,-34.042],[122.0871,-34.0418],[122.0871,-34.0407]]],[[[122.8289,-33.9179],[122.8321,-33.9176],[122.831,-33.9147],[122.8277,-33.9141],[122.8236,-33.9162],[122.8289,-33.9179]]],[[[113.8401,-28.7067],[113.8364,-28.723],[113.8411,-28.71],[113.8399,-28.7006],[113.8401,-28.7067]]],[[[122.5403,-34.0018],[122.5381,-34.0046],[122.5361,-34.0045],[122.5376,-34.008],[122.5394,-34.0082],[122.5411,-34.0057],[122.542,-33.9988],[122.5403,-34.0018]]],[[[122.8314,-34.0898],[122.8349,-34.0896],[122.8388,-34.0838],[122.8309,-34.0877],[122.8314,-34.0898]]],[[[122.658,-33.9907],[122.6615,-33.9901],[122.6622,-33.9882],[122.6573,-33.986],[122.655,-33.9883],[122.658,-33.9907]]],[[[122.5875,-34.0064],[122.5896,-34.0061],[122.591,-34.003],[122.5884,-34.002],[122.5835,-34.0031],[122.5875,-34.0064]]],[[[115.7106,-32.5696],[115.7127,-32.5722],[115.7158,-32.5706],[115.7124,-32.5661],[115.7106,-32.5696]]],[[[122.8704,-33.9229],[122.8718,-33.9241],[122.8746,-33.9228],[122.8748,-33.9188],[122.8719,-33.9183],[122.8704,-33.9229]]],[[[119.7834,-34.0398],[119.785,-34.0404],[119.7875,-34.0336],[119.783,-34.0342],[119.7834,-34.0398]]],[[[122.1418,-34.0174],[122.1372,-34.0188],[122.1396,-34.02],[122.1478,-34.0179],[122.1453,-34.016],[122.1418,-34.0174]]],[[[113.9135,-28.9084],[113.9137,-28.9045],[113.911,-28.9059],[113.9098,-28.909],[113.9114,-28.9121],[113.9145,-28.9101],[113.9135,-28.9084]]],[[[116.0362,-34.8657],[116.0431,-34.8692],[116.0424,-34.8667],[116.0361,-34.863],[116.0362,-34.8657]]],[[[122.8574,-33.9678],[122.8591,-33.9682],[122.8609,-33.9661],[122.8602,-33.9623],[122.8557,-33.964],[122.8574,-33.9678]]],[[[122.3431,-34.1067],[122.3419,-34.1101],[122.3446,-34.1079],[122.3474,-34.1009],[122.3444,-34.101],[122.3431,-34.1067]]],[[[122.2337,-34.0363],[122.2373,-34.0344],[122.2365,-34.0327],[122.23,-34.0309],[122.2337,-34.0363]]],[[[122.7165,-33.9922],[122.7173,-33.9901],[122.7144,-33.9883],[122.7127,-33.9918],[122.7151,-33.9955],[122.7165,-33.9922]]],[[[122.4952,-34.1938],[122.4932,-34.1943],[122.4927,-34.1964],[122.4972,-34.1976],[122.4998,-34.1936],[122.4952,-34.1938]]],[[[113.857,-28.8875],[113.8613,-28.8902],[113.8603,-28.8841],[113.8577,-28.8837],[113.857,-28.8875]]],[[[115.6633,-32.1189],[115.6589,-32.1204],[115.6611,-32.1218],[115.6606,-32.1231],[115.6635,-32.1226],[115.6653,-32.1248],[115.6651,-32.1194],[115.6633,-32.1189]]],[[[118.6596,-34.7028],[118.6647,-34.7021],[118.664,-34.6992],[118.662,-34.6988],[118.6596,-34.7028]]],[[[122.7086,-33.9191],[122.7118,-33.9178],[122.7125,-33.9147],[122.7071,-33.9163],[122.7086,-33.9191]]],[[[122.0854,-34.214],[122.0798,-34.2115],[122.0807,-34.2151],[122.0851,-34.2171],[122.0854,-34.214]]],[[[121.8962,-33.9127],[121.8928,-33.912],[121.8919,-33.9148],[121.8935,-33.9174],[121.8953,-33.9167],[121.8962,-33.9127]]],[[[122.4325,-33.9835],[122.4392,-33.9802],[122.4339,-33.98],[122.432,-33.9817],[122.4325,-33.9835]]],[[[117.1519,-35.0632],[117.1504,-35.0638],[117.152,-35.064],[117.1511,-35.067],[117.157,-35.0668],[117.1519,-35.0632]]],[[[119.6178,-34.3824],[119.6204,-34.3818],[119.62,-34.3804],[119.6146,-34.3785],[119.6115,-34.379],[119.6178,-34.3824]]],[[[122.4074,-33.9541],[122.4102,-33.9561],[122.4139,-33.9527],[122.4074,-33.9541]]],[[[122.3093,-33.9523],[122.3108,-33.9548],[122.3119,-33.9509],[122.3072,-33.9476],[122.3093,-33.9523]]],[[[122.347,-34.2064],[122.35,-34.2053],[122.3501,-34.2024],[122.3465,-34.2033],[122.347,-34.2064]]],[[[118.1729,-35.0148],[118.174,-35.0165],[118.1775,-35.0171],[118.1752,-35.0129],[118.1721,-35.0126],[118.1729,-35.0148]]],[[[122.0846,-34.0187],[122.0919,-34.016],[122.0873,-34.0169],[122.0854,-34.0157],[122.0829,-34.0173],[122.0846,-34.0187]]],[[[113.806,-28.753],[113.81,-28.7493],[113.8017,-28.7517],[113.806,-28.753]]],[[[122.0234,-33.8815],[122.027,-33.879],[122.0247,-33.8766],[122.0228,-33.8788],[122.0234,-33.8815]]],[[[118.7647,-34.5939],[118.7678,-34.5956],[118.7695,-34.595],[118.7666,-34.5914],[118.7644,-34.5919],[118.7647,-34.5939]]],[[[121.7752,-33.9185],[121.7771,-33.9174],[121.7732,-33.9151],[121.7692,-33.9188],[121.7752,-33.9185]]],[[[122.0201,-33.9935],[122.0241,-33.9936],[122.0245,-33.9895],[122.024,-33.991],[122.0207,-33.9916],[122.0201,-33.9935]]],[[[122.5044,-33.9535],[122.5068,-33.9518],[122.503,-33.9498],[122.502,-33.9518],[122.5044,-33.9535]]],[[[122.6527,-33.9945],[122.6519,-33.9953],[122.6539,-33.9959],[122.6577,-33.9952],[122.6588,-33.9936],[122.6573,-33.9928],[122.6527,-33.9945]]],[[[115.6895,-32.3038],[115.69,-32.3091],[115.692,-32.3061],[115.6947,-32.3053],[115.691,-32.3046],[115.6903,-32.3018],[115.6895,-32.3038]]],[[[122.4695,-33.9505],[122.472,-33.9485],[122.471,-33.9478],[122.465,-33.9485],[122.4695,-33.9505]]],[[[122.804,-33.9639],[122.8027,-33.9648],[122.8035,-33.9661],[122.8075,-33.9631],[122.8064,-33.9609],[122.804,-33.9639]]],[[[113.812,-28.7478],[113.8173,-28.7427],[113.814,-28.7448],[113.8104,-28.7436],[113.812,-28.7478]]],[[[122.2989,-34.0213],[122.3006,-34.0244],[122.3009,-34.0226],[122.303,-34.0228],[122.3001,-34.0202],[122.2989,-34.0213]]],[[[115.1971,-34.4038],[115.196,-34.4022],[115.1934,-34.403],[115.1951,-34.4052],[115.1987,-34.4061],[115.1971,-34.4038]]],[[[115.0124,-34.2233],[115.0155,-34.2247],[115.0168,-34.222],[115.0131,-34.2203],[115.0146,-34.2219],[115.0124,-34.2233]]],[[[117.9411,-35.0623],[117.941,-35.0635],[117.9431,-35.064],[117.9474,-35.0621],[117.9411,-35.0623]]],[[[121.9333,-34.1363],[121.9374,-34.1354],[121.9345,-34.1336],[121.9322,-34.1349],[121.9333,-34.1363]]],[[[113.8366,-28.6976],[113.8377,-28.6949],[113.8354,-28.6924],[113.8343,-28.6948],[113.8366,-28.6976]]],[[[122.5754,-34.0092],[122.5794,-34.0073],[122.5765,-34.0061],[122.5744,-34.0076],[122.5754,-34.0092]]],[[[122.3032,-33.9635],[122.307,-33.9649],[122.3014,-33.9583],[122.3032,-33.9635]]],[[[114.9893,-30.3308],[114.9835,-30.3342],[114.9838,-30.3361],[114.9886,-30.3334],[114.9893,-30.3308]]],[[[122.5642,-33.9506],[122.5677,-33.949],[122.5614,-33.948],[122.5642,-33.9506]]],[[[113.9941,-28.865],[114.0007,-28.8632],[113.9959,-28.8626],[113.9939,-28.8636],[113.9941,-28.865]]],[[[122.074,-34.2217],[122.0769,-34.221],[122.0747,-34.2188],[122.0727,-34.2189],[122.072,-34.2212],[122.074,-34.2217]]],[[[122.2835,-33.9947],[122.2831,-33.9915],[122.2808,-33.9912],[122.2802,-33.9925],[122.2835,-33.9947]]],[[[117.6948,-35.0512],[117.6914,-35.0486],[117.6922,-35.0521],[117.6946,-35.0526],[117.6948,-35.0512]]],[[[117.7879,-35.1056],[117.7857,-35.1066],[117.7879,-35.1089],[117.7892,-35.1074],[117.7879,-35.1056]]],[[[117.8622,-35.1173],[117.8626,-35.1185],[117.8663,-35.1176],[117.8636,-35.1157],[117.8622,-35.1173]]],[[[114.0405,-28.7995],[114.0378,-28.7994],[114.0379,-28.8004],[114.0428,-28.8011],[114.0405,-28.7995]]],[[[121.9659,-34.121],[121.9685,-34.1243],[121.9686,-34.1218],[121.9662,-34.12],[121.9659,-34.121]]],[[[113.9757,-28.8668],[113.978,-28.8661],[113.9769,-28.8629],[113.9746,-28.8653],[113.9772,-28.8654],[113.9757,-28.8668]]],[[[121.6393,-34.0145],[121.6424,-34.0138],[121.6432,-34.0116],[121.6412,-34.0126],[121.6392,-34.0115],[121.6381,-34.0141],[121.6393,-34.0145]]],[[[122.7193,-33.987],[122.7212,-33.9851],[122.7175,-33.9842],[122.7169,-33.9851],[122.7193,-33.987]]],[[[117.2572,-35.0272],[117.2539,-35.0277],[117.2534,-35.0291],[117.2593,-35.0281],[117.2572,-35.0272]]],[[[115.1666,-34.29],[115.1688,-34.291],[115.1699,-34.2874],[115.1666,-34.29]]],[[[122.3489,-34.2103],[122.3505,-34.2088],[122.3482,-34.2078],[122.3461,-34.2098],[122.3489,-34.2103]]],[[[122.0201,-34.1638],[122.0182,-34.1649],[122.0205,-34.1659],[122.0222,-34.1624],[122.0201,-34.1638]]],[[[113.7869,-28.7294],[113.7872,-28.7251],[113.7847,-28.7278],[113.7869,-28.7294]]],[[[122.0488,-34.0411],[122.0513,-34.0402],[122.0498,-34.0381],[122.0488,-34.0411]]],[[[122.6526,-34.0064],[122.6556,-34.0044],[122.6525,-34.0041],[122.6526,-34.0064]]],[[[115.3157,-31.0077],[115.3179,-31.0084],[115.3184,-31.0071],[115.3162,-31.0042],[115.3157,-31.0077]]],[[[119.1358,-34.5045],[119.1338,-34.5031],[119.1317,-34.5039],[119.1328,-34.5051],[119.1358,-34.5045]]],[[[122.8717,-33.9897],[122.8732,-33.9927],[122.8757,-33.9906],[122.8717,-33.9897]]],[[[115.0181,-30.4545],[115.0187,-30.4575],[115.0196,-30.4545],[115.0215,-30.4541],[115.0181,-30.4545]]],[[[118.1571,-35.0281],[118.1584,-35.0296],[118.1617,-35.0294],[118.1576,-35.0272],[118.1571,-35.0281]]],[[[122.0651,-34.2314],[122.0666,-34.2314],[122.0664,-34.2291],[122.064,-34.2281],[122.0651,-34.2314]]],[[[115.1063,-30.6834],[115.1082,-30.6834],[115.1054,-30.68],[115.1044,-30.6824],[115.1063,-30.6834]]],[[[122.7166,-33.9485],[122.7179,-33.9465],[122.7143,-33.9462],[122.7166,-33.9485]]],[[[122.6821,-34.0177],[122.684,-34.018],[122.6847,-34.016],[122.681,-34.0162],[122.6821,-34.0177]]],[[[121.8918,-33.9027],[121.89,-33.9011],[121.8897,-33.9033],[121.8923,-33.9042],[121.8918,-33.9027]]],[[[114.9927,-30.3215],[114.9935,-30.324],[114.9934,-30.3182],[114.9927,-30.3215]]],[[[122.3074,-34.0206],[122.3099,-34.0205],[122.3057,-34.0185],[122.3074,-34.0206]]],[[[122.2353,-34.0133],[122.2375,-34.0137],[122.2384,-34.0122],[122.2357,-34.0114],[122.2353,-34.0133]]],[[[122.8109,-33.9223],[122.8129,-33.9238],[122.8127,-33.9223],[122.8089,-33.9208],[122.8109,-33.9223]]],[[[122.8199,-33.9791],[122.8213,-33.9782],[122.818,-33.977],[122.8199,-33.9791]]],[[[122.7532,-34.0461],[122.7571,-34.0453],[122.7536,-34.0446],[122.7532,-34.0461]]],[[[122.0135,-34.1687],[122.0157,-34.169],[122.0152,-34.167],[122.0131,-34.167],[122.0135,-34.1687]]],[[[115.1562,-34.3814],[115.1582,-34.3797],[115.1579,-34.3768],[115.1562,-34.3814]]],[[[122.9721,-33.9056],[122.9731,-33.9038],[122.9717,-33.9009],[122.9721,-33.9056]]],[[[121.9905,-34.4586],[121.9919,-34.4572],[121.9909,-34.4552],[121.9905,-34.4586]]],[[[121.6043,-34.0432],[121.6062,-34.0427],[121.6059,-34.0408],[121.604,-34.0412],[121.6043,-34.0432]]],[[[122.8687,-34.002],[122.8706,-34.0018],[122.8709,-34.0001],[122.8686,-34.0002],[122.8687,-34.002]]],[[[121.6468,-33.8998],[121.65,-33.8988],[121.6493,-33.8971],[121.6468,-33.8998]]],[[[121.9639,-33.8548],[121.9672,-33.8542],[121.961,-33.8537],[121.9639,-33.8548]]],[[[122.076,-34.2179],[122.0782,-34.2176],[122.0783,-34.216],[122.0766,-34.2156],[122.076,-34.2179]]],[[[115.9945,-34.8492],[115.9957,-34.8507],[115.9978,-34.8488],[115.9966,-34.8477],[115.9945,-34.8492]]],[[[113.8335,-28.7269],[113.8358,-28.7239],[113.8332,-28.7253],[113.8335,-28.7269]]],[[[122.3186,-34.147],[122.3166,-34.1439],[122.3169,-34.1466],[122.3186,-34.147]]],[[[121.8639,-34.0577],[121.8663,-34.0568],[121.8657,-34.0554],[121.8639,-34.0577]]],[[[121.6989,-33.9957],[121.699,-33.9944],[121.6957,-33.9945],[121.6989,-33.9957]]],[[[121.8917,-34.1434],[121.8939,-34.1424],[121.8904,-34.1421],[121.8917,-34.1434]]],[[[123.0298,-34.1137],[123.0319,-34.1114],[123.0295,-34.1122],[123.0298,-34.1137]]],[[[122.2426,-34.0292],[122.244,-34.0292],[122.244,-34.0273],[122.242,-34.0275],[122.2426,-34.0292]]],[[[121.8208,-33.911],[121.8211,-33.9099],[121.8189,-33.9093],[121.8169,-33.9114],[121.8196,-33.9101],[121.8208,-33.911]]],[[[121.9813,-34.1251],[121.9795,-34.1259],[121.9811,-34.1275],[121.9813,-34.1251]]],[[[121.8981,-34.1352],[121.8991,-34.1336],[121.8972,-34.1333],[121.8981,-34.1352]]],[[[122.4779,-33.9534],[122.4776,-33.9523],[122.4743,-33.952],[122.4779,-33.9534]]],[[[121.8721,-34.0427],[121.8741,-34.0416],[121.8722,-34.041],[121.8721,-34.0427]]],[[[113.8973,-28.8985],[113.8993,-28.8959],[113.8968,-28.8962],[113.8973,-28.8985]]],[[[122.6738,-33.9229],[122.6748,-33.9211],[122.6735,-33.9203],[122.6738,-33.9229]]],[[[122.507,-34.1952],[122.5087,-34.1954],[122.5089,-34.1939],[122.5069,-34.1935],[122.507,-34.1952]]],[[[121.9715,-33.8776],[121.9726,-33.8765],[121.9703,-33.8756],[121.9698,-33.8774],[121.9715,-33.8776]]],[[[122.8467,-34.1308],[122.8483,-34.1301],[122.8472,-34.1286],[122.8467,-34.1308]]],[[[117.8588,-35.1166],[117.8599,-35.1173],[117.8612,-35.1156],[117.8578,-35.1152],[117.8588,-35.1166]]],[[[113.9869,-28.8714],[113.9883,-28.8709],[113.9874,-28.8688],[113.9869,-28.8714]]],[[[122.3006,-33.9886],[122.3021,-33.9873],[122.3,-33.9867],[122.3006,-33.9886]]],[[[121.6552,-34.021],[121.6572,-34.0195],[121.6543,-34.0194],[121.6552,-34.021]]],[[[122.0632,-34.0589],[122.0651,-34.0591],[122.0652,-34.0576],[122.063,-34.0573],[122.0632,-34.0589]]],[[[115.0455,-30.5231],[115.0463,-30.5245],[115.0473,-30.5225],[115.046,-30.5207],[115.0455,-30.5231]]],[[[122.9363,-33.9619],[122.9399,-33.9602],[122.9376,-33.9601],[122.9363,-33.9619]]],[[[122.3421,-34.1166],[122.3455,-34.116],[122.3428,-34.1145],[122.3421,-34.1166]]],[[[119.3634,-34.4819],[119.3667,-34.48],[119.3644,-34.4802],[119.3634,-34.4819]]],[[[117.65,-35.0718],[117.6491,-35.0705],[117.6477,-35.0713],[117.6489,-35.0726],[117.65,-35.0718]]],[[[121.97,-34.121],[121.9725,-34.1208],[121.9704,-34.1193],[121.97,-34.121]]],[[[122.3071,-33.9938],[122.308,-33.9905],[122.3064,-33.9915],[122.3071,-33.9938]]],[[[122.5742,-34.0016],[122.5749,-34.0002],[122.5725,-33.9995],[122.5742,-34.0016]]],[[[114.9935,-33.6696],[114.9942,-33.6705],[114.9936,-33.6666],[114.9935,-33.6696]]],[[[122.6307,-33.9916],[122.632,-33.9907],[122.6301,-33.9897],[122.6307,-33.9916]]],[[[122.2128,-34.1499],[122.2141,-34.1484],[122.2122,-34.1479],[122.2128,-34.1499]]],[[[121.8263,-33.8964],[121.8274,-33.8952],[121.8249,-33.8942],[121.8263,-33.8964]]],[[[122.8974,-33.9647],[122.8987,-33.9654],[122.8982,-33.9632],[122.8961,-33.964],[122.8974,-33.9647]]],[[[115.1902,-30.8301],[115.1878,-30.827],[115.188,-30.829],[115.1902,-30.8301]]],[[[119.2906,-34.5049],[119.2909,-34.5031],[119.2891,-34.5031],[119.2906,-34.5049]]],[[[122.2153,-34.3673],[122.2168,-34.3677],[122.2174,-34.3663],[122.2156,-34.3659],[122.2153,-34.3673]]],[[[122.2206,-34.131],[122.2196,-34.1328],[122.2214,-34.1332],[122.2206,-34.131]]],[[[122.2143,-34.1501],[122.2151,-34.1524],[122.2159,-34.1511],[122.2143,-34.1501]]],[[[118.6579,-34.7034],[118.6559,-34.7054],[118.6577,-34.7055],[118.6579,-34.7034]]],[[[116.7309,-35.0675],[116.7285,-35.0686],[116.7305,-35.0687],[116.7309,-35.0675]]],[[[117.6772,-35.0735],[117.679,-35.0732],[117.6786,-35.0721],[117.6765,-35.0721],[117.6772,-35.0735]]],[[[122.4882,-34.195],[122.4894,-34.1946],[122.4878,-34.1928],[122.4882,-34.195]]],[[[121.9239,-34.1399],[121.9256,-34.1408],[121.9263,-34.1399],[121.9245,-34.1388],[121.9239,-34.1399]]],[[[121.8862,-34.0483],[121.8881,-34.0493],[121.8848,-34.0465],[121.8862,-34.0483]]],[[[122.2183,-34.2627],[122.2199,-34.2609],[122.2185,-34.2609],[122.2183,-34.2627]]],[[[114.0014,-28.8719],[114.0031,-28.8709],[114.0007,-28.8705],[114.0014,-28.8719]]],[[[116.4859,-35.0334],[116.4885,-35.0318],[116.4867,-35.0316],[116.4859,-35.0334]]],[[[122.1971,-34.0171],[122.1983,-34.0158],[122.1971,-34.0146],[122.1971,-34.0171]]],[[[122.5951,-33.9335],[122.596,-33.9324],[122.5944,-33.9317],[122.5951,-33.9335]]],[[[122.2082,-34.0452],[122.2065,-34.0458],[122.2071,-34.047],[122.2082,-34.0452]]],[[[113.9676,-28.8691],[113.9696,-28.8666],[113.9671,-28.8677],[113.9676,-28.8691]]],[[[122.1223,-34.1049],[122.125,-34.1031],[122.1223,-34.1032],[122.1223,-34.1049]]],[[[122.1502,-34.2233],[122.1481,-34.2244],[122.1504,-34.2244],[122.1502,-34.2233]]],[[[122.1109,-34.0989],[122.1124,-34.0989],[122.1125,-34.0973],[122.1109,-34.0989]]],[[[115.2051,-34.4139],[115.2072,-34.4143],[115.2056,-34.4129],[115.2051,-34.4139]]],[[[113.9645,-28.8728],[113.9659,-28.8709],[113.9639,-28.8718],[113.9645,-28.8728]]],[[[122.1266,-34.1427],[122.1279,-34.142],[122.1269,-34.1408],[122.1266,-34.1427]]],[[[115.0084,-30.2819],[115.0079,-30.2812],[115.0075,-30.2842],[115.0084,-30.2819]]],[[[113.8727,-28.9174],[113.8738,-28.9165],[113.8723,-28.9156],[113.8727,-28.9174]]],[[[113.8831,-28.9093],[113.8845,-28.9085],[113.882,-28.9084],[113.8831,-28.9093]]],[[[121.8864,-33.9293],[121.888,-33.9284],[121.8864,-33.9281],[121.8853,-33.929],[121.8864,-33.9293]]],[[[122.2158,-34.3714],[122.2143,-34.3716],[122.2148,-34.3729],[122.2158,-34.3714]]],[[[121.9436,-34.1792],[121.9454,-34.1794],[121.9434,-34.1776],[121.9436,-34.1792]]],[[[122.148,-34.2048],[122.1488,-34.203],[122.1474,-34.2033],[122.148,-34.2048]]],[[[122.57,-34.0115],[122.5721,-34.0106],[122.569,-34.0103],[122.57,-34.0115]]],[[[118.3756,-34.9479],[118.3775,-34.9472],[118.3764,-34.9465],[118.3756,-34.9479]]],[[[121.8168,-33.9094],[121.8144,-33.909],[121.8145,-33.9103],[121.8168,-33.9094]]],[[[122.1623,-34.0769],[122.1613,-34.0753],[122.161,-34.0769],[122.1623,-34.0769]]],[[[113.787,-28.7756],[113.7881,-28.7747],[113.7866,-28.7738],[113.787,-28.7756]]],[[[115.0447,-30.5318],[115.0452,-30.5327],[115.0449,-30.5297],[115.0447,-30.5318]]],[[[122.6611,-33.9859],[122.6619,-33.9847],[122.6597,-33.9854],[122.6611,-33.9859]]],[[[117.6493,-35.0751],[117.6506,-35.0763],[117.6505,-35.0744],[117.6493,-35.0751]]],[[[121.8783,-33.9154],[121.8795,-33.9143],[121.8773,-33.9145],[121.8783,-33.9154]]],[[[114.9439,-30.1306],[114.9453,-30.1302],[114.9447,-30.1291],[114.9439,-30.1306]]],[[[122.0357,-33.876],[122.0366,-33.8751],[122.0348,-33.8747],[122.0357,-33.876]]],[[[115.5506,-32.0205],[115.5516,-32.0196],[115.5501,-32.0188],[115.5506,-32.0205]]],[[[117.6978,-35.0515],[117.6968,-35.0507],[117.6972,-35.0524],[117.6978,-35.0515]]],[[[121.9764,-33.9761],[121.9773,-33.975],[121.9754,-33.9754],[121.9764,-33.9761]]],[[[121.9852,-33.9296],[121.9852,-33.9286],[121.9835,-33.9296],[121.9852,-33.9296]]],[[[115.0062,-30.3123],[115.0058,-30.311],[115.0049,-30.3121],[115.0062,-30.3123]]],[[[121.6413,-34.0158],[121.6405,-34.0166],[121.6421,-34.0166],[121.6413,-34.0158]]],[[[115.1144,-30.6575],[115.116,-30.6569],[115.1146,-30.6563],[115.1144,-30.6575]]],[[[115.6907,-32.2935],[115.6908,-32.2919],[115.6896,-32.2927],[115.6907,-32.2935]]],[[[114.8785,-29.8078],[114.8791,-29.8069],[114.8778,-29.807],[114.8785,-29.8078]]],[[[126.896,-13.6946],[126.8964,-13.6925],[126.8941,-13.6913],[126.896,-13.6946]]],[[[126.9144,-13.6935],[126.9164,-13.6938],[126.9149,-13.6914],[126.919,-13.693],[126.9171,-13.6887],[126.9131,-13.6897],[126.9144,-13.6935]]],[[[123.59,-17.5717],[123.5869,-17.5687],[123.5862,-17.5743],[123.5883,-17.5765],[123.5918,-17.575],[123.59,-17.5717]]],[[[124.0955,-33.7226],[124.0954,-33.725],[124.0986,-33.7245],[124.1017,-33.7171],[124.0955,-33.7226]]],[[[123.9646,-33.6417],[123.9704,-33.6386],[123.9695,-33.6369],[123.9666,-33.6378],[123.9646,-33.6417]]],[[[124.0803,-33.7297],[124.0794,-33.7285],[124.0776,-33.7304],[124.0808,-33.7314],[124.0803,-33.7297]]],[[[124.1641,-33.7212],[124.1646,-33.7192],[124.1627,-33.7204],[124.1641,-33.7212]]],[[[123.9998,-33.636],[123.9994,-33.6346],[123.9979,-33.6352],[123.9998,-33.636]]],[[[123.5418,-17.2845],[123.5443,-17.2899],[123.5496,-17.2897],[123.5494,-17.2859],[123.5538,-17.2736],[123.5516,-17.2525],[123.5519,-17.2414],[123.5437,-17.2325],[123.5407,-17.2352],[123.5385,-17.242],[123.5402,-17.2487],[123.5389,-17.2552],[123.5418,-17.2845]]],[[[123.4232,-17.3241],[123.4228,-17.3209],[123.4073,-17.3074],[123.4014,-17.2998],[123.3995,-17.3007],[123.3975,-17.3073],[123.3981,-17.3113],[123.4017,-17.3174],[123.4098,-17.3229],[123.4232,-17.3241]]],[[[123.4497,-17.34],[123.4562,-17.3422],[123.4579,-17.3359],[123.4556,-17.33],[123.4497,-17.3249],[123.4442,-17.324],[123.4432,-17.3277],[123.4454,-17.3352],[123.4497,-17.34]]],[[[123.5313,-17.3322],[123.5355,-17.325],[123.5352,-17.3212],[123.5282,-17.3071],[123.5259,-17.3107],[123.5276,-17.3144],[123.5258,-17.3214],[123.5278,-17.3283],[123.5313,-17.3322]]],[[[123.5037,-17.4016],[123.5061,-17.4006],[123.4995,-17.3909],[123.493,-17.388],[123.4881,-17.3783],[123.4819,-17.3744],[123.4804,-17.3768],[123.4835,-17.3814],[123.4871,-17.3834],[123.4886,-17.3895],[123.5008,-17.398],[123.5037,-17.4016]]],[[[123.5197,-17.35],[123.5213,-17.3563],[123.5245,-17.3584],[123.5261,-17.3565],[123.5262,-17.3444],[123.5213,-17.3374],[123.5171,-17.3374],[123.5157,-17.3359],[123.5162,-17.3413],[123.5197,-17.35]]],[[[123.546,-17.3185],[123.5519,-17.3115],[123.5518,-17.3053],[123.5483,-17.3003],[123.543,-17.3036],[123.5422,-17.3068],[123.546,-17.3185]]],[[[123.427,-17.3013],[123.4287,-17.3003],[123.4284,-17.2982],[123.4236,-17.2895],[123.4192,-17.2853],[123.4168,-17.2851],[123.4161,-17.288],[123.4178,-17.2938],[123.4219,-17.2984],[123.427,-17.3013]]],[[[123.5409,-17.3011],[123.5455,-17.2997],[123.5464,-17.2973],[123.5437,-17.2927],[123.5386,-17.2913],[123.5373,-17.292],[123.5374,-17.2952],[123.5409,-17.3011]]],[[[123.4177,-17.3273],[123.4205,-17.3251],[123.41,-17.3246],[123.4177,-17.3273]]],[[[123.4237,-17.3171],[123.4235,-17.3147],[123.417,-17.3114],[123.4237,-17.3171]]],[[[123.5848,-17.3439],[123.5869,-17.3429],[123.5852,-17.3424],[123.5848,-17.3439]]],[[[123.6761,-17.0433],[123.6796,-17.0422],[123.6826,-17.0387],[123.6827,-17.0313],[123.6775,-17.0217],[123.6697,-17.0224],[123.669,-17.0259],[123.6654,-17.0269],[123.6647,-17.0284],[123.6643,-17.0357],[123.6726,-17.0397],[123.6761,-17.0433]]],[[[123.907,-16.8847],[123.9179,-16.8824],[123.9201,-16.8756],[123.9173,-16.8754],[123.9096,-16.881],[123.907,-16.8847]]],[[[123.6815,-17.055],[123.6823,-17.0573],[123.6854,-17.052],[123.6871,-17.0402],[123.6851,-17.0396],[123.6815,-17.0494],[123.6815,-17.055]]],[[[123.3139,-17.0861],[123.32,-17.0898],[123.325,-17.0902],[123.3248,-17.0877],[123.3198,-17.084],[123.3119,-17.0826],[123.3139,-17.0861]]],[[[123.7052,-16.7614],[123.7109,-16.7619],[123.7085,-16.7547],[123.7029,-16.7561],[123.703,-16.76],[123.7052,-16.7614]]],[[[123.8932,-16.8715],[123.8999,-16.8667],[123.8946,-16.8659],[123.8919,-16.8703],[123.8932,-16.8715]]],[[[123.5407,-16.6328],[123.5464,-16.6296],[123.5436,-16.6288],[123.5351,-16.6315],[123.5407,-16.6328]]],[[[123.8373,-16.9038],[123.841,-16.9035],[123.8482,-16.8982],[123.84,-16.9009],[123.8373,-16.9038]]],[[[123.9468,-16.8605],[123.9507,-16.8589],[123.9534,-16.8537],[123.9461,-16.8596],[123.9468,-16.8605]]],[[[123.6169,-16.7212],[123.6185,-16.7209],[123.6166,-16.7166],[123.6147,-16.7168],[123.6141,-16.7198],[123.6169,-16.7212]]],[[[123.4834,-16.6571],[123.4884,-16.6564],[123.4819,-16.6548],[123.4813,-16.6562],[123.4834,-16.6571]]],[[[123.6671,-17.0251],[123.6668,-17.0216],[123.6649,-17.0208],[123.6654,-17.0241],[123.6671,-17.0251]]],[[[123.568,-16.6244],[123.5709,-16.6234],[123.5645,-16.6238],[123.568,-16.6244]]],[[[123.5384,-16.6284],[123.5407,-16.628],[123.5387,-16.6264],[123.5375,-16.6275],[123.5384,-16.6284]]],[[[123.5555,-16.6221],[123.5548,-16.6205],[123.5539,-16.6217],[123.5555,-16.6221]]],[[[123.8355,-16.9008],[123.8372,-16.9],[123.8341,-16.9005],[123.8355,-16.9008]]],[[[123.1124,-16.7933],[123.1109,-16.7913],[123.1106,-16.7924],[123.1124,-16.7933]]],[[[123.2053,-34.1165],[123.2152,-34.0809],[123.1575,-34.1103],[123.2053,-34.1165]]],[[[123.5393,-34.3653],[123.534,-34.3781],[123.562,-34.3371],[123.5393,-34.3653]]],[[[124.1466,-33.844],[124.1309,-33.8427],[124.1312,-33.864],[124.1466,-33.844]]],[[[123.2424,-34.0274],[123.2427,-34.0313],[123.2453,-34.0315],[123.2455,-34.0292],[123.2483,-34.0295],[123.2515,-34.0245],[123.2575,-34.0235],[123.2593,-34.0202],[123.2583,-34.0184],[123.2426,-34.0242],[123.2445,-34.0268],[123.2424,-34.0274]]],[[[123.5302,-34.0191],[123.5272,-34.0223],[123.5288,-34.0237],[123.5327,-34.0209],[123.5341,-34.0127],[123.5351,-34.0107],[123.5371,-34.011],[123.5371,-34.0089],[123.5346,-34.0073],[123.5279,-34.0067],[123.5269,-34.0049],[123.524,-34.0087],[123.5304,-34.0097],[123.5299,-34.0135],[123.5319,-34.0159],[123.5302,-34.0191]]],[[[123.5966,-34.2401],[123.617,-34.2234],[123.6101,-34.2268],[123.6073,-34.2267],[123.6032,-34.2326],[123.5956,-34.2383],[123.5966,-34.2401]]],[[[123.1886,-34.079],[123.1801,-34.0778],[123.1787,-34.0804],[123.1832,-34.0871],[123.1854,-34.0862],[123.1886,-34.079]]],[[[123.6417,-33.8888],[123.6445,-33.8868],[123.6458,-33.8892],[123.6478,-33.887],[123.6522,-33.8873],[123.6543,-33.8854],[123.6525,-33.8846],[123.6468,-33.886],[123.6425,-33.8843],[123.636,-33.8854],[123.6338,-33.8875],[123.6411,-33.8873],[123.6417,-33.8888]]],[[[123.288,-34.0241],[123.2927,-34.0237],[123.2961,-34.0177],[123.2944,-34.0148],[123.2923,-34.0152],[123.2915,-34.0182],[123.2873,-34.0215],[123.288,-34.0241]]],[[[123.2343,-34.0721],[123.2378,-34.0704],[123.2331,-34.0651],[123.2339,-34.0622],[123.2326,-34.0616],[123.2297,-34.0636],[123.23,-34.0689],[123.2343,-34.0721]]],[[[123.1024,-34.0983],[123.1041,-34.098],[123.1051,-34.1003],[123.1091,-34.097],[123.107,-34.0956],[123.1086,-34.0907],[123.1045,-34.0935],[123.1018,-34.0929],[123.1005,-34.0964],[123.1024,-34.0983]]],[[[124.0964,-33.7333],[124.095,-33.7325],[124.0927,-33.7344],[124.0938,-33.7359],[124.0914,-33.7387],[124.0956,-33.7389],[124.0991,-33.737],[124.1006,-33.732],[124.0964,-33.7333]]],[[[123.1365,-34.1655],[123.1401,-34.1642],[123.1429,-34.1671],[123.1464,-34.1668],[123.1421,-34.1627],[123.1385,-34.1618],[123.1348,-34.1621],[123.1344,-34.1647],[123.1365,-34.1655]]],[[[123.886,-34.1083],[123.8913,-34.1025],[123.8883,-34.1004],[123.8847,-34.1017],[123.886,-34.1083]]],[[[123.2338,-34.0401],[123.2364,-34.0427],[123.2423,-34.0426],[123.244,-34.0411],[123.2397,-34.0395],[123.2367,-34.0407],[123.2319,-34.0369],[123.231,-34.0382],[123.2338,-34.0401]]],[[[124.1271,-33.8586],[124.1305,-33.8564],[124.1297,-33.8547],[124.1246,-33.8526],[124.1251,-33.8576],[124.1271,-33.8586]]],[[[123.0658,-34.1229],[123.0697,-34.1206],[123.0726,-34.1209],[123.0726,-34.1196],[123.07,-34.1196],[123.0672,-34.1172],[123.0658,-34.1229]]],[[[124.1587,-33.7677],[124.1658,-33.7616],[124.1653,-33.7602],[124.1591,-33.7642],[124.1587,-33.7677]]],[[[123.1398,-33.9808],[123.1413,-33.9774],[123.1398,-33.9764],[123.1353,-33.9799],[123.1379,-33.9789],[123.1398,-33.9808]]],[[[123.2356,-34.0316],[123.2406,-34.0299],[123.2416,-34.0281],[123.2358,-34.0289],[123.2356,-34.0316]]],[[[123.0685,-34.1161],[123.0737,-34.1136],[123.0711,-34.1111],[123.0673,-34.1148],[123.0685,-34.1161]]],[[[123.3429,-34.1661],[123.3471,-34.1651],[123.3472,-34.163],[123.3443,-34.1625],[123.3421,-34.1649],[123.3429,-34.1661]]],[[[124.0401,-33.7691],[124.0435,-33.7664],[124.0424,-33.7646],[124.0393,-33.7666],[124.0401,-33.7691]]],[[[123.1581,-34.023],[123.1644,-34.0248],[123.1654,-34.0234],[123.1551,-34.0218],[123.1581,-34.023]]],[[[123.1485,-33.9885],[123.1501,-33.9858],[123.148,-33.9837],[123.1469,-33.9848],[123.1485,-33.9885]]],[[[123.741,-33.8211],[123.7465,-33.814],[123.7417,-33.8179],[123.741,-33.8211]]],[[[123.2272,-34.058],[123.2284,-34.0564],[123.2261,-34.055],[123.2249,-34.0571],[123.2272,-34.058]]],[[[123.2201,-34.0053],[123.2212,-34.0037],[123.2174,-34.004],[123.2201,-34.0053]]],[[[124.0894,-33.7465],[124.0908,-33.7447],[124.0897,-33.7428],[124.0881,-33.7437],[124.0894,-33.7465]]],[[[123.3373,-33.9232],[123.3398,-33.9212],[123.3393,-33.9198],[123.3373,-33.9232]]],[[[123.162,-34.0011],[123.1642,-33.9996],[123.1637,-33.998],[123.162,-34.0011]]],[[[123.259,-34.0524],[123.2596,-34.0492],[123.258,-34.051],[123.259,-34.0524]]],[[[124.1198,-33.8542],[124.123,-33.8516],[124.119,-33.8532],[124.1198,-33.8542]]],[[[123.5414,-34.003],[123.5418,-34.0007],[123.5396,-34.0003],[123.5414,-34.003]]],[[[123.5506,-33.9955],[123.5539,-33.9939],[123.5506,-33.9944],[123.5506,-33.9955]]],[[[123.0707,-34.0729],[123.0724,-34.072],[123.0714,-34.0711],[123.069,-34.072],[123.0707,-34.0729]]],[[[123.1263,-34.0765],[123.1281,-34.074],[123.1264,-34.0745],[123.1263,-34.0765]]],[[[123.9827,-33.8274],[123.9838,-33.8249],[123.9815,-33.827],[123.9827,-33.8274]]],[[[123.1421,-33.9318],[123.143,-33.9295],[123.1409,-33.9315],[123.1421,-33.9318]]],[[[123.149,-33.9504],[123.151,-33.9485],[123.1479,-33.9496],[123.149,-33.9504]]],[[[123.9025,-34.0931],[123.9033,-34.0905],[123.9018,-34.0911],[123.9025,-34.0931]]],[[[123.5327,-34.3601],[123.5336,-34.3592],[123.5318,-34.3583],[123.5327,-34.3601]]],[[[123.667,-33.8497],[123.6692,-33.848],[123.6676,-33.8477],[123.667,-33.8497]]],[[[123.2276,-34.0623],[123.2274,-34.0611],[123.2257,-34.0614],[123.2276,-34.0623]]],[[[123.1456,-34.0038],[123.1473,-34.0028],[123.1459,-34.0023],[123.1456,-34.0038]]],[[[123.5535,-33.9931],[123.5546,-33.9918],[123.5527,-33.9925],[123.5535,-33.9931]]],[[[123.1488,-33.9416],[123.1498,-33.94],[123.1483,-33.9404],[123.1488,-33.9416]]],[[[123.3635,-16.584],[123.388,-16.6046],[123.3902,-16.5795],[123.3524,-16.5301],[123.3635,-16.584]]],[[[123.4752,-16.6302],[123.5144,-16.6389],[123.5325,-16.6093],[123.5082,-16.6314],[123.4566,-16.6171],[123.4752,-16.6302]]],[[[123.3447,-16.4255],[123.3459,-16.4473],[123.3619,-16.4267],[123.3447,-16.4255]]],[[[123.5179,-16.5875],[123.5247,-16.6059],[123.538,-16.5974],[123.5179,-16.5875]]],[[[123.1011,-16.426],[123.0994,-16.4241],[123.0964,-16.4265],[123.0916,-16.4251],[123.0908,-16.427],[123.0928,-16.4292],[123.0977,-16.4297],[123.0993,-16.4336],[123.1021,-16.4311],[123.1039,-16.4314],[123.1049,-16.4331],[123.1041,-16.4375],[123.1102,-16.4379],[123.1135,-16.4345],[123.1147,-16.4374],[123.1247,-16.4357],[123.1271,-16.4382],[123.1299,-16.4356],[123.1261,-16.4328],[123.113,-16.431],[123.1122,-16.4282],[123.1098,-16.4276],[123.1073,-16.4243],[123.1011,-16.426]]],[[[123.3874,-16.5266],[123.3975,-16.5294],[123.4005,-16.5283],[123.3985,-16.5266],[123.3999,-16.525],[123.3975,-16.5211],[123.399,-16.5164],[123.3983,-16.513],[123.3943,-16.5132],[123.3886,-16.5108],[123.3801,-16.5172],[123.381,-16.5205],[123.3842,-16.5196],[123.3849,-16.5218],[123.389,-16.5248],[123.3874,-16.5266]]],[[[123.6098,-16.4216],[123.614,-16.4251],[123.6215,-16.4283],[123.6221,-16.4259],[123.6275,-16.4214],[123.6219,-16.4171],[123.6131,-16.4145],[123.6156,-16.4165],[123.6131,-16.4178],[123.61,-16.4148],[123.6069,-16.4178],[123.6071,-16.4211],[123.6098,-16.4216]]],[[[123.4531,-16.532],[123.4555,-16.5304],[123.4519,-16.527],[123.4414,-16.5218],[123.4355,-16.5218],[123.4293,-16.5249],[123.4362,-16.5288],[123.4493,-16.5288],[123.4496,-16.5307],[123.4531,-16.532]]],[[[123.4815,-16.413],[123.4878,-16.4152],[123.4916,-16.4149],[123.4951,-16.418],[123.4983,-16.4181],[123.501,-16.4155],[123.4787,-16.4066],[123.4756,-16.4078],[123.4713,-16.4074],[123.4784,-16.4092],[123.4783,-16.4106],[123.4815,-16.413]]],[[[123.4795,-16.6111],[123.487,-16.6095],[123.4886,-16.6025],[123.4905,-16.6009],[123.4939,-16.6019],[123.4934,-16.6003],[123.4877,-16.6008],[123.4846,-16.5982],[123.483,-16.5986],[123.4859,-16.6033],[123.4792,-16.6049],[123.4784,-16.61],[123.4795,-16.6111]]],[[[123.4056,-16.6045],[123.4028,-16.601],[123.3964,-16.6001],[123.4048,-16.6073],[123.4131,-16.6066],[123.4084,-16.6029],[123.4056,-16.6045]]],[[[123.5539,-16.6037],[123.5514,-16.6036],[123.5507,-16.6075],[123.5526,-16.6088],[123.5561,-16.609],[123.5596,-16.6059],[123.5588,-16.6031],[123.5548,-16.6012],[123.5529,-16.5972],[123.5519,-16.599],[123.5539,-16.6037]]],[[[123.1527,-16.4344],[123.159,-16.4308],[123.1648,-16.4217],[123.1546,-16.4285],[123.1552,-16.4301],[123.1527,-16.4344]]],[[[124.3999,-16.5347],[124.4046,-16.5328],[124.4054,-16.531],[124.3998,-16.5291],[124.3952,-16.5292],[124.3952,-16.5327],[124.3999,-16.5347]]],[[[123.5759,-16.5875],[123.5762,-16.5842],[123.574,-16.5826],[123.5708,-16.5837],[123.5637,-16.5819],[123.565,-16.5841],[123.5759,-16.5875]]],[[[123.3831,-16.5093],[123.3887,-16.5079],[123.3881,-16.5055],[123.3834,-16.504],[123.38,-16.5047],[123.3831,-16.5093]]],[[[123.4433,-16.52],[123.4514,-16.522],[123.4504,-16.519],[123.441,-16.5168],[123.4407,-16.5185],[123.4433,-16.52]]],[[[123.3926,-16.4989],[123.394,-16.4983],[123.3899,-16.4965],[123.3757,-16.4964],[123.3801,-16.4983],[123.3926,-16.4989]]],[[[123.4424,-16.465],[123.4432,-16.4625],[123.4389,-16.4624],[123.4355,-16.4605],[123.4381,-16.4588],[123.432,-16.4588],[123.4343,-16.4607],[123.4317,-16.462],[123.4424,-16.465]]],[[[123.4769,-16.4921],[123.4774,-16.4912],[123.4725,-16.4883],[123.4665,-16.4879],[123.4685,-16.4908],[123.4734,-16.4912],[123.4775,-16.4937],[123.4769,-16.4921]]],[[[123.5405,-16.5897],[123.5416,-16.5763],[123.54,-16.5763],[123.5392,-16.5807],[123.5388,-16.5891],[123.5405,-16.5897]]],[[[123.1033,-16.4476],[123.1083,-16.4411],[123.1063,-16.4405],[123.1035,-16.4421],[123.1013,-16.4466],[123.1033,-16.4476]]],[[[123.548,-16.4139],[123.5519,-16.4132],[123.5462,-16.4084],[123.54,-16.4079],[123.5411,-16.4092],[123.5463,-16.4099],[123.548,-16.4139]]],[[[123.0842,-16.4478],[123.0897,-16.4495],[123.0892,-16.447],[123.0852,-16.4457],[123.0829,-16.4432],[123.0823,-16.4446],[123.0838,-16.4463],[123.0822,-16.4477],[123.0842,-16.4478]]],[[[123.3831,-16.5128],[123.3841,-16.5114],[123.3753,-16.5073],[123.3749,-16.5097],[123.3831,-16.5128]]],[[[123.4956,-16.4098],[123.4966,-16.4085],[123.4938,-16.4043],[123.4887,-16.4063],[123.4956,-16.4098]]],[[[123.6748,-16.4094],[123.6774,-16.4091],[123.6788,-16.4069],[123.6768,-16.4054],[123.6761,-16.4067],[123.6709,-16.4074],[123.6748,-16.4094]]],[[[124.8856,-16.4109],[124.8792,-16.4108],[124.8774,-16.4135],[124.8856,-16.4109]]],[[[123.3664,-16.5012],[123.3685,-16.5018],[123.3651,-16.4972],[123.3608,-16.4988],[123.3664,-16.5012]]],[[[123.0956,-16.4153],[123.0975,-16.4142],[123.0973,-16.4123],[123.0939,-16.4099],[123.0956,-16.4153]]],[[[123.4383,-16.5179],[123.438,-16.5157],[123.4333,-16.5162],[123.4341,-16.5177],[123.4383,-16.5179]]],[[[123.4411,-16.4707],[123.4452,-16.4706],[123.4456,-16.4694],[123.4396,-16.4677],[123.4389,-16.47],[123.4411,-16.4707]]],[[[123.5583,-16.4525],[123.5642,-16.4533],[123.563,-16.4519],[123.5525,-16.4502],[123.5583,-16.4525]]],[[[123.3166,-16.5775],[123.3196,-16.5734],[123.3153,-16.5736],[123.3166,-16.5775]]],[[[124.4331,-16.4965],[124.439,-16.4954],[124.4352,-16.4942],[124.4316,-16.4959],[124.4331,-16.4965]]],[[[123.0889,-16.4346],[123.0917,-16.4328],[123.0876,-16.4306],[123.0872,-16.4334],[123.0889,-16.4346]]],[[[124.4301,-16.5099],[124.432,-16.5085],[124.4292,-16.5046],[124.4301,-16.5099]]],[[[123.3563,-16.4856],[123.3611,-16.488],[123.3544,-16.483],[123.3563,-16.4856]]],[[[123.0926,-16.4397],[123.0943,-16.437],[123.0914,-16.4351],[123.0926,-16.4397]]],[[[123.4837,-16.4926],[123.4787,-16.4877],[123.4773,-16.4881],[123.4837,-16.4926]]],[[[123.3999,-16.4524],[123.4027,-16.4507],[123.4018,-16.4489],[123.3991,-16.4499],[123.3999,-16.4524]]],[[[123.6738,-16.4163],[123.6784,-16.4157],[123.6791,-16.4139],[123.6738,-16.4163]]],[[[124.867,-16.4146],[124.8647,-16.4134],[124.8586,-16.4144],[124.867,-16.4146]]],[[[124.7266,-16.395],[124.7302,-16.3938],[124.7221,-16.3944],[124.7266,-16.395]]],[[[123.4283,-16.5285],[123.4299,-16.5275],[123.4253,-16.5263],[123.4283,-16.5285]]],[[[123.1079,-16.4486],[123.11,-16.4445],[123.1078,-16.4458],[123.1079,-16.4486]]],[[[123.4977,-16.6107],[123.4982,-16.6088],[123.4961,-16.6043],[123.4977,-16.6107]]],[[[123.4094,-16.5301],[123.4121,-16.5284],[123.4102,-16.5272],[123.4094,-16.5301]]],[[[123.3657,-16.4927],[123.367,-16.4931],[123.3668,-16.4914],[123.3639,-16.49],[123.3657,-16.4927]]],[[[123.0679,-16.3957],[123.0704,-16.3946],[123.0701,-16.393],[123.068,-16.3935],[123.0679,-16.3957]]],[[[123.5266,-16.4906],[123.5254,-16.4887],[123.5221,-16.4891],[123.5266,-16.4906]]],[[[123.5801,-16.4965],[123.582,-16.4947],[123.5803,-16.4941],[123.579,-16.4953],[123.5801,-16.4965]]],[[[123.4141,-16.5056],[123.416,-16.5055],[123.4149,-16.5037],[123.4124,-16.5044],[123.4141,-16.5056]]],[[[123.6075,-16.512],[123.6067,-16.5104],[123.6032,-16.5112],[123.6075,-16.512]]],[[[123.5637,-16.6061],[123.5641,-16.6046],[123.5614,-16.603],[123.561,-16.6042],[123.5637,-16.6061]]],[[[123.4255,-16.4599],[123.4209,-16.4574],[123.4229,-16.4597],[123.4255,-16.4599]]],[[[123.5324,-16.6069],[123.5349,-16.6038],[123.5333,-16.604],[123.5324,-16.6069]]],[[[124.9382,-16.3871],[124.9402,-16.3858],[124.936,-16.3857],[124.9382,-16.3871]]],[[[123.6425,-16.5258],[123.6402,-16.5234],[123.64,-16.525],[123.6425,-16.5258]]],[[[123.084,-16.4299],[123.0829,-16.4277],[123.0823,-16.4289],[123.084,-16.4299]]],[[[123.0892,-16.4453],[123.0898,-16.4445],[123.0875,-16.4443],[123.0892,-16.4453]]],[[[123.3495,-16.4509],[123.3511,-16.4478],[123.3489,-16.4498],[123.3495,-16.4509]]],[[[124.804,-16.4139],[124.8031,-16.4121],[124.8023,-16.4132],[124.804,-16.4139]]],[[[123.4177,-16.4579],[123.4194,-16.4575],[123.4171,-16.457],[123.4177,-16.4579]]],[[[123.4191,-16.5058],[123.4211,-16.5052],[123.4194,-16.5047],[123.4191,-16.5058]]],[[[124.3281,-16.4176],[124.3292,-16.4164],[124.3272,-16.417],[124.3281,-16.4176]]],[[[123.4105,-16.5138],[123.4124,-16.5136],[123.4096,-16.5125],[123.4105,-16.5138]]],[[[123.6686,-16.4175],[123.669,-16.4166],[123.667,-16.417],[123.6686,-16.4175]]],[[[123.5969,-16.5623],[123.5981,-16.5615],[123.5966,-16.5613],[123.5969,-16.5623]]],[[[123.4579,-16.2333],[123.4798,-16.2441],[123.4898,-16.2848],[123.5066,-16.2743],[123.4971,-16.2497],[123.5317,-16.2597],[123.4907,-16.2433],[123.4667,-16.2091],[123.4464,-16.2214],[123.4579,-16.2333]]],[[[123.2018,-16.3894],[123.1676,-16.3897],[123.1738,-16.433],[123.1925,-16.4328],[123.2018,-16.3894]]],[[[123.9083,-16.2773],[123.9401,-16.2782],[123.8619,-16.2357],[123.9083,-16.2773]]],[[[124.2416,-16.3755],[124.2216,-16.3476],[124.2234,-16.3809],[124.2481,-16.4037],[124.2599,-16.3848],[124.2416,-16.3755]]],[[[123.8176,-16.2695],[123.8311,-16.2237],[123.8041,-16.2452],[123.8176,-16.2695]]],[[[124.1047,-16.2577],[124.1454,-16.2498],[124.1131,-16.2291],[124.1047,-16.2577]]],[[[124.5677,-16.3465],[124.5809,-16.3491],[124.6074,-16.3485],[124.6501,-16.3503],[124.6259,-16.3437],[124.6076,-16.3416],[124.5662,-16.3426],[124.5651,-16.3445],[124.5677,-16.3465]]],[[[124.7115,-16.381],[124.7109,-16.3603],[124.6795,-16.3686],[124.7115,-16.381]]],[[[123.8777,-16.2868],[123.8791,-16.2897],[123.883,-16.2898],[123.8838,-16.289],[123.881,-16.2874],[123.8863,-16.2845],[123.886,-16.2784],[123.8832,-16.2733],[123.8794,-16.2701],[123.8757,-16.2641],[123.8743,-16.2676],[123.8723,-16.2644],[123.8698,-16.2635],[123.8723,-16.2615],[123.87,-16.2609],[123.8699,-16.259],[123.8684,-16.2595],[123.8645,-16.2553],[123.8633,-16.2588],[123.8606,-16.2567],[123.8613,-16.2542],[123.8574,-16.2532],[123.8588,-16.256],[123.8576,-16.26],[123.866,-16.2713],[123.8636,-16.2736],[123.8659,-16.2748],[123.866,-16.2774],[123.8667,-16.2765],[123.8701,-16.2778],[123.8697,-16.2797],[123.8724,-16.283],[123.8745,-16.2827],[123.8749,-16.2799],[123.8791,-16.2819],[123.8795,-16.2841],[123.8777,-16.2868]]],[[[123.3492,-16.3461],[123.3347,-16.3328],[123.3359,-16.3587],[123.3574,-16.3614],[123.3492,-16.3461]]],[[[123.2223,-16.4065],[123.2133,-16.3925],[123.1994,-16.4247],[123.2223,-16.4065]]],[[[123.5367,-16.2636],[123.5034,-16.2584],[123.5245,-16.2778],[123.5467,-16.2735],[123.5367,-16.2636]]],[[[123.8772,-16.1991],[123.8752,-16.2187],[123.8907,-16.2029],[123.8708,-16.1878],[123.8772,-16.1991]]],[[[123.6221,-16.3533],[123.6218,-16.3546],[123.6246,-16.3542],[123.626,-16.3559],[123.6265,-16.3547],[123.6291,-16.3546],[123.6278,-16.3451],[123.6261,-16.3457],[123.6212,-16.3438],[123.6182,-16.3406],[123.6183,-16.3387],[123.6076,-16.3284],[123.6005,-16.3274],[123.6012,-16.3307],[123.6039,-16.3333],[123.6007,-16.3338],[123.6029,-16.3353],[123.6017,-16.3368],[123.6064,-16.3429],[123.6114,-16.3454],[123.6115,-16.341],[123.6143,-16.348],[123.6175,-16.3509],[123.6209,-16.3507],[123.6206,-16.3519],[123.6182,-16.352],[123.6221,-16.3533]]],[[[124.6919,-16.3647],[124.6929,-16.3493],[124.673,-16.3562],[124.6919,-16.3647]]],[[[124.444,-16.3773],[124.4647,-16.3558],[124.4333,-16.3681],[124.444,-16.3773]]],[[[123.6586,-16.3452],[123.6534,-16.339],[123.6482,-16.3356],[123.6363,-16.3327],[123.6307,-16.3343],[123.6271,-16.3299],[123.6238,-16.3291],[123.6227,-16.3303],[123.6244,-16.3337],[123.6277,-16.3345],[123.6321,-16.3382],[123.6398,-16.3395],[123.6505,-16.3478],[123.6525,-16.3474],[123.653,-16.345],[123.6586,-16.3452]]],[[[123.6345,-16.4102],[123.6656,-16.4188],[123.6222,-16.4005],[123.6345,-16.4102]]],[[[123.4383,-16.2783],[123.4601,-16.27],[123.4387,-16.2619],[123.4383,-16.2783]]],[[[123.5621,-16.2352],[123.5801,-16.2414],[123.5477,-16.2194],[123.5621,-16.2352]]],[[[123.8415,-16.211],[123.8409,-16.2086],[123.8381,-16.2094],[123.8401,-16.2072],[123.8391,-16.2001],[123.8413,-16.1975],[123.8408,-16.1939],[123.8424,-16.189],[123.8414,-16.1881],[123.8368,-16.19],[123.8361,-16.1931],[123.8336,-16.1951],[123.8329,-16.2023],[123.8309,-16.203],[123.8313,-16.2071],[123.8339,-16.2073],[123.8352,-16.2101],[123.8329,-16.2116],[123.8333,-16.2129],[123.8413,-16.2146],[123.8402,-16.2124],[123.8415,-16.211]]],[[[123.7472,-16.2664],[123.7523,-16.2704],[123.7601,-16.2718],[123.7652,-16.2697],[123.7596,-16.2679],[123.754,-16.263],[123.7617,-16.2668],[123.7629,-16.2647],[123.7662,-16.2655],[123.7532,-16.2588],[123.7517,-16.2604],[123.7456,-16.2587],[123.7429,-16.2617],[123.7472,-16.2664]]],[[[123.1205,-16.4137],[123.122,-16.4164],[123.1213,-16.4188],[123.1241,-16.423],[123.1272,-16.4229],[123.1246,-16.4193],[123.1294,-16.4186],[123.125,-16.4085],[123.1278,-16.4064],[123.1297,-16.4022],[123.1365,-16.4009],[123.1325,-16.3984],[123.1251,-16.3985],[123.1268,-16.4],[123.1243,-16.4008],[123.1219,-16.4052],[123.1227,-16.4062],[123.1206,-16.4085],[123.119,-16.4072],[123.1178,-16.4089],[123.1205,-16.4137]]],[[[123.1524,-16.4227],[123.1533,-16.424],[123.1626,-16.4164],[123.1627,-16.4142],[123.167,-16.4089],[123.168,-16.405],[123.1671,-16.404],[123.1645,-16.4071],[123.1637,-16.4026],[123.1594,-16.4006],[123.1607,-16.4051],[123.1566,-16.4069],[123.1524,-16.4227]]],[[[123.8748,-16.3053],[123.8852,-16.3197],[123.8648,-16.2899],[123.8748,-16.3053]]],[[[124.0657,-16.2429],[124.0635,-16.238],[124.0624,-16.2412],[124.0605,-16.2402],[124.0616,-16.2447],[124.0657,-16.2456],[124.0709,-16.2526],[124.0734,-16.252],[124.0745,-16.2555],[124.0822,-16.2507],[124.0764,-16.2434],[124.0734,-16.2455],[124.073,-16.2435],[124.0701,-16.2439],[124.0694,-16.2425],[124.0718,-16.241],[124.0682,-16.2393],[124.0659,-16.2406],[124.0667,-16.2424],[124.0657,-16.2429]]],[[[123.9524,-16.3475],[123.9539,-16.3471],[123.954,-16.3453],[123.952,-16.343],[123.9457,-16.34],[123.9379,-16.333],[123.921,-16.3239],[123.9214,-16.3261],[123.926,-16.3303],[123.9423,-16.3425],[123.9524,-16.3475]]],[[[123.5545,-16.2583],[123.5606,-16.2609],[123.5675,-16.2616],[123.5727,-16.2545],[123.573,-16.2497],[123.5717,-16.2487],[123.57,-16.2497],[123.5686,-16.2471],[123.5676,-16.2494],[123.5669,-16.2459],[123.5643,-16.2451],[123.563,-16.2473],[123.565,-16.2504],[123.5651,-16.254],[123.5632,-16.2567],[123.5599,-16.2578],[123.564,-16.2581],[123.5671,-16.2553],[123.5646,-16.2599],[123.5568,-16.2583],[123.5544,-16.2572],[123.5562,-16.257],[123.5548,-16.2556],[123.5465,-16.2515],[123.5545,-16.2583]]],[[[124.3511,-16.3489],[124.3487,-16.3485],[124.3476,-16.3516],[124.3545,-16.3596],[124.356,-16.3584],[124.3596,-16.3468],[124.3593,-16.3423],[124.3555,-16.3409],[124.3511,-16.3489]]],[[[124.0942,-16.2306],[124.0938,-16.227],[124.0923,-16.227],[124.091,-16.2297],[124.0922,-16.2327],[124.0902,-16.2336],[124.0888,-16.2319],[124.0877,-16.2336],[124.0834,-16.2318],[124.0843,-16.2296],[124.0801,-16.2307],[124.0798,-16.2286],[124.0766,-16.227],[124.0743,-16.2302],[124.0805,-16.2356],[124.0859,-16.2379],[124.0884,-16.2368],[124.092,-16.2375],[124.0943,-16.2359],[124.0936,-16.2349],[124.0972,-16.2325],[124.0942,-16.2306]]],[[[123.4205,-16.2731],[123.4205,-16.2709],[123.4189,-16.2713],[123.4166,-16.2738],[123.4179,-16.276],[123.4146,-16.2776],[123.4143,-16.2789],[123.4175,-16.28],[123.4155,-16.2836],[123.4188,-16.2852],[123.421,-16.2843],[123.4211,-16.2894],[123.4268,-16.2849],[123.4299,-16.2871],[123.4293,-16.2827],[123.4234,-16.2812],[123.4216,-16.2792],[123.4221,-16.2751],[123.4205,-16.2731]]],[[[123.5151,-16.2987],[123.5193,-16.297],[123.518,-16.2941],[123.5205,-16.295],[123.5175,-16.2856],[123.5185,-16.2822],[123.5162,-16.2805],[123.5175,-16.279],[123.5203,-16.2793],[123.5212,-16.2777],[123.5194,-16.277],[123.5217,-16.2759],[123.5163,-16.2758],[123.5157,-16.279],[123.5125,-16.2825],[123.5118,-16.288],[123.516,-16.2958],[123.5151,-16.2987]]],[[[123.1755,-16.3634],[123.1795,-16.3628],[123.1847,-16.3651],[123.2002,-16.3658],[123.2008,-16.3649],[123.199,-16.3647],[123.1988,-16.3632],[123.2014,-16.3619],[123.196,-16.3589],[123.1947,-16.3591],[123.1952,-16.361],[123.1927,-16.3621],[123.1806,-16.3593],[123.1725,-16.3625],[123.1755,-16.3619],[123.1755,-16.3634]]],[[[123.6066,-16.3723],[123.6105,-16.3752],[123.6116,-16.374],[123.6156,-16.3783],[123.6145,-16.3724],[123.6073,-16.3645],[123.5926,-16.3566],[123.5965,-16.3597],[123.5954,-16.361],[123.5998,-16.3626],[123.5981,-16.3635],[123.6011,-16.3671],[123.6051,-16.3687],[123.6035,-16.3657],[123.6057,-16.3661],[123.6085,-16.37],[123.6058,-16.3701],[123.6066,-16.3723]]],[[[123.6923,-16.3535],[123.6933,-16.3512],[123.6858,-16.3454],[123.6788,-16.3449],[123.6876,-16.3538],[123.6883,-16.3562],[123.6937,-16.3583],[123.6984,-16.3564],[123.6959,-16.3519],[123.6946,-16.3524],[123.6952,-16.3551],[123.6923,-16.3535]]],[[[123.4221,-16.278],[123.4243,-16.2804],[123.4294,-16.282],[123.4327,-16.2791],[123.4335,-16.2753],[123.436,-16.2787],[123.4361,-16.2765],[123.4332,-16.2698],[123.4302,-16.2727],[123.4274,-16.2709],[123.4285,-16.2728],[123.4275,-16.2754],[123.4257,-16.2753],[123.4245,-16.2729],[123.4221,-16.278]]],[[[123.3123,-16.3218],[123.3191,-16.3218],[123.3141,-16.3169],[123.3157,-16.3119],[123.3139,-16.3076],[123.309,-16.307],[123.308,-16.3111],[123.3114,-16.3184],[123.3093,-16.3203],[123.3123,-16.3218]]],[[[123.881,-16.1726],[123.8812,-16.1713],[123.8784,-16.1709],[123.876,-16.1761],[123.8803,-16.1801],[123.8805,-16.1821],[123.883,-16.1822],[123.8822,-16.1837],[123.8878,-16.1882],[123.8897,-16.1879],[123.8887,-16.1899],[123.8909,-16.1918],[123.8939,-16.1899],[123.8918,-16.187],[123.8937,-16.187],[123.89,-16.1857],[123.8894,-16.1829],[123.8874,-16.1824],[123.8865,-16.1844],[123.884,-16.1823],[123.8814,-16.1789],[123.8816,-16.1758],[123.883,-16.176],[123.8846,-16.1739],[123.881,-16.1726]]],[[[123.1524,-16.3879],[123.1502,-16.3869],[123.1489,-16.3883],[123.1435,-16.3894],[123.1472,-16.3925],[123.1456,-16.3944],[123.1581,-16.3981],[123.1577,-16.3933],[123.1524,-16.3879]]],[[[123.8442,-16.2319],[123.8425,-16.2316],[123.8438,-16.2295],[123.8421,-16.2272],[123.8381,-16.2244],[123.8369,-16.2253],[123.8376,-16.2327],[123.8398,-16.2346],[123.8413,-16.2399],[123.8413,-16.2414],[123.8396,-16.2418],[123.8425,-16.2433],[123.844,-16.2427],[123.8442,-16.2363],[123.8457,-16.2364],[123.8432,-16.2329],[123.8442,-16.2319]]],[[[123.6592,-16.3533],[123.6625,-16.3528],[123.6727,-16.3556],[123.6689,-16.3488],[123.6601,-16.35],[123.6539,-16.3474],[123.6567,-16.3512],[123.6536,-16.353],[123.6601,-16.355],[123.6592,-16.3533]]],[[[123.9608,-16.2005],[123.9584,-16.1986],[123.9561,-16.1999],[123.9536,-16.1974],[123.9515,-16.2005],[123.9543,-16.2027],[123.9638,-16.2031],[123.9736,-16.2017],[123.9743,-16.1986],[123.9691,-16.1955],[123.9683,-16.1977],[123.9665,-16.1976],[123.965,-16.1997],[123.9608,-16.2005]]],[[[124.3592,-16.3712],[124.3579,-16.3731],[124.3587,-16.376],[124.3637,-16.3738],[124.3674,-16.3693],[124.3677,-16.3645],[124.3635,-16.3625],[124.3609,-16.365],[124.3592,-16.3712]]],[[[123.8182,-16.2063],[123.8167,-16.2031],[123.8116,-16.204],[123.8125,-16.2097],[123.8159,-16.2168],[123.8187,-16.2186],[123.8177,-16.2085],[123.8201,-16.2095],[123.8182,-16.2063]]],[[[123.3997,-16.3806],[123.4006,-16.3789],[123.3971,-16.3764],[123.4011,-16.3744],[123.4025,-16.3718],[123.3953,-16.3717],[123.3947,-16.3734],[123.3937,-16.3717],[123.39,-16.3712],[123.3884,-16.3724],[123.3843,-16.3718],[123.3833,-16.3732],[123.388,-16.3754],[123.3908,-16.3745],[123.3997,-16.3806]]],[[[123.7738,-16.279],[123.7784,-16.2818],[123.7815,-16.2797],[123.7756,-16.2754],[123.7765,-16.2743],[123.775,-16.2726],[123.7713,-16.2706],[123.7687,-16.2714],[123.7671,-16.2742],[123.7696,-16.2751],[123.7699,-16.2774],[123.7728,-16.2798],[123.7738,-16.279]]],[[[124.3517,-16.3646],[124.3525,-16.3605],[124.3503,-16.3575],[124.3457,-16.3565],[124.342,-16.3529],[124.3411,-16.3598],[124.3434,-16.3591],[124.3454,-16.3627],[124.3517,-16.3646]]],[[[123.8475,-16.2771],[123.8497,-16.2809],[123.8564,-16.281],[123.8571,-16.2785],[123.8516,-16.2748],[123.8527,-16.2737],[123.8515,-16.2707],[123.8492,-16.2703],[123.8477,-16.2717],[123.8495,-16.2743],[123.8475,-16.2771]]],[[[123.4955,-16.2181],[123.4917,-16.2088],[123.4907,-16.2097],[123.4914,-16.2149],[123.4897,-16.2147],[123.5002,-16.2269],[123.5009,-16.2309],[123.5043,-16.2283],[123.5036,-16.2267],[123.4961,-16.2205],[123.4955,-16.2181]]],[[[123.9465,-16.2267],[123.9629,-16.2295],[123.9657,-16.2288],[123.9601,-16.2262],[123.9574,-16.2269],[123.9534,-16.225],[123.9497,-16.2252],[123.9394,-16.2207],[123.9408,-16.2233],[123.9465,-16.2267]]],[[[123.8134,-16.199],[123.816,-16.1974],[123.8078,-16.1885],[123.797,-16.1871],[123.798,-16.1884],[123.8061,-16.1898],[123.811,-16.1986],[123.8134,-16.199]]],[[[123.5744,-16.2582],[123.5723,-16.2585],[123.569,-16.2623],[123.5712,-16.2672],[123.5693,-16.2679],[123.5669,-16.2663],[123.5667,-16.2688],[123.5736,-16.2708],[123.5754,-16.2687],[123.5759,-16.2671],[123.5741,-16.2655],[123.5764,-16.2638],[123.5746,-16.2622],[123.5723,-16.2634],[123.571,-16.2619],[123.5744,-16.2582]]],[[[123.3011,-16.3142],[123.3006,-16.3151],[123.3027,-16.3163],[123.3032,-16.3141],[123.3053,-16.3156],[123.3065,-16.3141],[123.3052,-16.3066],[123.3,-16.3062],[123.299,-16.3112],[123.3011,-16.3142]]],[[[124.3905,-16.3245],[124.396,-16.3224],[124.3926,-16.316],[124.3895,-16.3165],[124.3861,-16.3208],[124.3866,-16.3229],[124.3905,-16.3245]]],[[[123.4216,-16.3448],[123.4215,-16.3353],[123.4195,-16.3359],[123.4189,-16.3324],[123.4163,-16.3357],[123.4148,-16.3435],[123.4198,-16.3425],[123.4216,-16.3448]]],[[[123.6844,-16.3662],[123.6862,-16.365],[123.6855,-16.3632],[123.6786,-16.3606],[123.6735,-16.3613],[123.6755,-16.3653],[123.6844,-16.3662]]],[[[123.5461,-16.211],[123.5471,-16.2035],[123.5447,-16.1948],[123.5386,-16.1876],[123.542,-16.1933],[123.5407,-16.1943],[123.5433,-16.1966],[123.542,-16.1991],[123.5432,-16.2035],[123.5436,-16.2011],[123.5444,-16.2025],[123.5461,-16.211]]],[[[123.5155,-16.3753],[123.5034,-16.3675],[123.491,-16.3636],[123.5155,-16.3753]]],[[[123.1324,-16.385],[123.1248,-16.3835],[123.1235,-16.3849],[123.1249,-16.3865],[123.13,-16.386],[123.1335,-16.3888],[123.1368,-16.3877],[123.1366,-16.3854],[123.1319,-16.3825],[123.1324,-16.385]]],[[[123.8221,-16.2762],[123.8265,-16.2735],[123.826,-16.2692],[123.8298,-16.2687],[123.8293,-16.2678],[123.8265,-16.2665],[123.8218,-16.2693],[123.8229,-16.2709],[123.8211,-16.2746],[123.8221,-16.2762]]],[[[123.6238,-16.3229],[123.6354,-16.3283],[123.6379,-16.3271],[123.6312,-16.324],[123.6216,-16.322],[123.6238,-16.3229]]],[[[123.9213,-16.2994],[123.9226,-16.2966],[123.9171,-16.2972],[123.9154,-16.2952],[123.911,-16.2981],[123.9117,-16.2992],[123.9213,-16.2994]]],[[[124.342,-16.3854],[124.3435,-16.3845],[124.3421,-16.3827],[124.3417,-16.3768],[124.3399,-16.3747],[124.3374,-16.3844],[124.3393,-16.3831],[124.342,-16.3854]]],[[[124.2101,-16.2782],[124.2146,-16.2747],[124.2097,-16.2704],[124.2065,-16.2702],[124.2083,-16.2727],[124.2076,-16.2757],[124.2101,-16.2782]]],[[[123.5594,-16.2241],[123.5619,-16.2263],[123.564,-16.2262],[123.5598,-16.2182],[123.557,-16.2172],[123.5553,-16.2194],[123.5594,-16.2241]]],[[[124.2205,-16.2839],[124.2249,-16.2811],[124.2232,-16.2801],[124.221,-16.2821],[124.219,-16.2804],[124.221,-16.2789],[124.2146,-16.2778],[124.2142,-16.2798],[124.2205,-16.2839]]],[[[123.8638,-16.2011],[123.8632,-16.2037],[123.8678,-16.2007],[123.8692,-16.2053],[123.8703,-16.2029],[123.8743,-16.2018],[123.8728,-16.2006],[123.871,-16.2015],[123.8654,-16.1972],[123.8638,-16.2011]]],[[[123.8524,-16.3881],[123.8535,-16.3873],[123.8554,-16.3911],[123.8573,-16.3882],[123.8556,-16.3826],[123.8539,-16.3841],[123.8497,-16.3843],[123.8524,-16.3881]]],[[[123.6046,-16.3787],[123.6101,-16.38],[123.6061,-16.3746],[123.6064,-16.373],[123.6027,-16.3711],[123.6025,-16.3733],[123.6048,-16.375],[123.6033,-16.3763],[123.6046,-16.3787]]],[[[123.424,-16.3813],[123.4296,-16.3785],[123.4279,-16.3755],[123.4226,-16.3763],[123.4211,-16.3778],[123.4238,-16.3793],[123.424,-16.3813]]],[[[123.2854,-16.3226],[123.2813,-16.3156],[123.2708,-16.309],[123.2854,-16.3226]]],[[[123.8666,-16.2091],[123.865,-16.2086],[123.8626,-16.2109],[123.8598,-16.2114],[123.8669,-16.2146],[123.87,-16.2145],[123.8687,-16.211],[123.8673,-16.2129],[123.8657,-16.2098],[123.8666,-16.2091]]],[[[123.2301,-16.3701],[123.231,-16.3665],[123.2209,-16.3681],[123.2164,-16.3674],[123.2301,-16.3701]]],[[[124.0461,-16.2422],[124.0481,-16.2409],[124.047,-16.2392],[124.046,-16.241],[124.0441,-16.2411],[124.04,-16.2382],[124.0379,-16.2401],[124.0356,-16.2389],[124.0366,-16.2412],[124.0461,-16.2422]]],[[[124.6769,-16.3723],[124.6715,-16.3685],[124.6641,-16.3676],[124.6769,-16.3723]]],[[[124.2733,-16.3959],[124.275,-16.3952],[124.2825,-16.3979],[124.2857,-16.3977],[124.284,-16.396],[124.281,-16.3969],[124.2714,-16.3917],[124.2733,-16.3959]]],[[[123.4227,-16.3637],[123.4335,-16.3659],[123.4311,-16.3638],[123.4174,-16.3611],[123.4227,-16.3637]]],[[[123.4275,-16.314],[123.4318,-16.3114],[123.4332,-16.3079],[123.4275,-16.309],[123.4288,-16.3104],[123.4275,-16.314]]],[[[123.4252,-16.176],[123.4317,-16.1739],[123.4254,-16.1725],[123.423,-16.1701],[123.4252,-16.176]]],[[[123.2959,-16.3061],[123.2975,-16.3008],[123.2916,-16.3007],[123.2919,-16.3031],[123.2942,-16.3036],[123.2959,-16.3061]]],[[[123.5443,-16.2241],[123.554,-16.2356],[123.5555,-16.2407],[123.5545,-16.2347],[123.5443,-16.2241]]],[[[123.5533,-16.2488],[123.5567,-16.2443],[123.554,-16.2431],[123.551,-16.2471],[123.5533,-16.2488]]],[[[124.1543,-16.2738],[124.159,-16.269],[124.156,-16.2672],[124.1528,-16.2722],[124.1543,-16.2738]]],[[[124.1699,-16.2738],[124.1727,-16.2738],[124.1712,-16.271],[124.1738,-16.2686],[124.1682,-16.2699],[124.1683,-16.2729],[124.1699,-16.2738]]],[[[123.8535,-16.3132],[123.8533,-16.3107],[123.8561,-16.3101],[123.854,-16.308],[123.8502,-16.3095],[123.8535,-16.3132]]],[[[124.2316,-16.2879],[124.2337,-16.2877],[124.2348,-16.2856],[124.2304,-16.2842],[124.2287,-16.2862],[124.2316,-16.2879]]],[[[123.3971,-16.2864],[123.3975,-16.2841],[123.4004,-16.2823],[123.3959,-16.2824],[123.3929,-16.2849],[123.3971,-16.2864]]],[[[123.8339,-16.2573],[123.8327,-16.2564],[123.8304,-16.2628],[123.8323,-16.2625],[123.8328,-16.2653],[123.8343,-16.2624],[123.8329,-16.2589],[123.8339,-16.2573]]],[[[123.5868,-16.365],[123.5831,-16.3611],[123.5784,-16.3595],[123.5769,-16.3606],[123.5868,-16.365]]],[[[124.2303,-16.3433],[124.2298,-16.3411],[124.225,-16.3365],[124.2258,-16.3418],[124.2303,-16.3433]]],[[[123.4418,-16.3816],[123.4428,-16.383],[123.4462,-16.3826],[123.4431,-16.38],[123.4369,-16.3793],[123.4418,-16.3816]]],[[[123.858,-16.2345],[123.8608,-16.2349],[123.8614,-16.2338],[123.8597,-16.2295],[123.857,-16.2289],[123.858,-16.2345]]],[[[124.1418,-16.2687],[124.1467,-16.2657],[124.1416,-16.2671],[124.1366,-16.2652],[124.1418,-16.2687]]],[[[123.5109,-16.2362],[123.5037,-16.2295],[123.5055,-16.2339],[123.5109,-16.2362]]],[[[123.3739,-16.3706],[123.3784,-16.3704],[123.3752,-16.3672],[123.371,-16.3691],[123.3739,-16.3706]]],[[[123.6329,-16.3427],[123.6336,-16.3412],[123.6272,-16.341],[123.6227,-16.3392],[123.6262,-16.3418],[123.6329,-16.3427]]],[[[123.407,-16.3445],[123.4064,-16.3433],[123.4006,-16.3467],[123.4061,-16.3473],[123.4077,-16.3466],[123.406,-16.3452],[123.407,-16.3445]]],[[[123.8703,-16.3217],[123.8687,-16.3174],[123.8643,-16.3171],[123.8703,-16.3217]]],[[[123.4224,-16.3166],[123.4257,-16.3132],[123.4212,-16.3136],[123.4199,-16.3161],[123.4224,-16.3166]]],[[[123.9768,-16.233],[123.9671,-16.2292],[123.9678,-16.2305],[123.9768,-16.233]]],[[[123.8443,-16.208],[123.8441,-16.2003],[123.8426,-16.203],[123.8443,-16.208]]],[[[123.886,-16.3229],[123.8854,-16.3214],[123.884,-16.3238],[123.8851,-16.3279],[123.887,-16.327],[123.886,-16.3229]]],[[[124.1639,-16.2758],[124.1664,-16.2731],[124.1604,-16.2737],[124.1615,-16.2757],[124.1639,-16.2758]]],[[[123.8104,-16.177],[123.8064,-16.1741],[123.8083,-16.1791],[123.8109,-16.1788],[123.8104,-16.177]]],[[[123.2687,-16.3087],[123.2689,-16.3072],[123.2603,-16.3025],[123.2687,-16.3087]]],[[[124.3714,-16.3096],[124.3707,-16.3036],[124.3688,-16.308],[124.3714,-16.3096]]],[[[124.1983,-16.3005],[124.2021,-16.3012],[124.2006,-16.2992],[124.1973,-16.2994],[124.195,-16.2966],[124.1954,-16.2989],[124.1983,-16.3005]]],[[[124.398,-16.2619],[124.3996,-16.2619],[124.3952,-16.2593],[124.3936,-16.26],[124.3938,-16.2613],[124.398,-16.2619]]],[[[123.8836,-16.3496],[123.8856,-16.3498],[123.8809,-16.3438],[123.8803,-16.3454],[123.8836,-16.3496]]],[[[124.0567,-16.2402],[124.0551,-16.2357],[124.0529,-16.2341],[124.0538,-16.2382],[124.0567,-16.2402]]],[[[123.1649,-16.4004],[123.1634,-16.3966],[123.1618,-16.3963],[123.1607,-16.3985],[123.1649,-16.4004]]],[[[123.8251,-16.2847],[123.8256,-16.2819],[123.8207,-16.2785],[123.8251,-16.2847]]],[[[123.8785,-16.3364],[123.8755,-16.3327],[123.8732,-16.3328],[123.8785,-16.3364]]],[[[123.4457,-16.3869],[123.4476,-16.3851],[123.4448,-16.3839],[123.442,-16.3849],[123.4457,-16.3869]]],[[[123.4088,-16.1711],[123.4128,-16.1705],[123.4135,-16.1691],[123.4092,-16.1686],[123.4088,-16.1711]]],[[[123.8733,-16.3416],[123.8749,-16.3407],[123.8745,-16.3393],[123.8717,-16.3384],[123.8709,-16.3396],[123.8733,-16.3416]]],[[[123.4473,-16.194],[123.4495,-16.1911],[123.448,-16.1904],[123.446,-16.1907],[123.4473,-16.194]]],[[[124.1983,-16.3338],[124.201,-16.3316],[124.2011,-16.329],[124.1977,-16.3319],[124.1983,-16.3338]]],[[[124.268,-16.3925],[124.266,-16.3883],[124.2645,-16.3906],[124.268,-16.3925]]],[[[123.4413,-16.2239],[123.4437,-16.222],[123.4428,-16.2189],[123.4417,-16.2194],[123.4423,-16.2215],[123.4406,-16.2219],[123.4413,-16.2239]]],[[[123.4199,-16.1725],[123.4216,-16.1699],[123.4188,-16.1692],[123.4182,-16.1715],[123.4199,-16.1725]]],[[[123.3071,-16.3071],[123.3097,-16.305],[123.3093,-16.3036],[123.306,-16.3045],[123.3071,-16.3071]]],[[[123.8085,-16.2362],[123.8088,-16.2315],[123.8076,-16.2304],[123.8063,-16.2323],[123.8085,-16.2362]]],[[[123.8108,-16.1843],[123.8115,-16.1829],[123.8085,-16.1802],[123.8083,-16.1824],[123.8108,-16.1843]]],[[[123.3096,-16.3877],[123.3122,-16.3868],[123.31,-16.3856],[123.3071,-16.3861],[123.3096,-16.3877]]],[[[123.4028,-16.3547],[123.4077,-16.3509],[123.4036,-16.3521],[123.4028,-16.3547]]],[[[123.4836,-16.3954],[123.4844,-16.394],[123.4823,-16.3929],[123.4801,-16.3942],[123.4836,-16.3954]]],[[[123.4571,-16.1889],[123.4579,-16.1871],[123.4568,-16.186],[123.4533,-16.1869],[123.4571,-16.1889]]],[[[123.4146,-16.3141],[123.4178,-16.3128],[123.4112,-16.3132],[123.4146,-16.3141]]],[[[124.0625,-16.2379],[124.0641,-16.2353],[124.0609,-16.2347],[124.0603,-16.2357],[124.0625,-16.2379]]],[[[123.5715,-16.1723],[123.5724,-16.1705],[123.5704,-16.1679],[123.5715,-16.1723]]],[[[123.8526,-16.2895],[123.8535,-16.288],[123.8489,-16.2873],[123.8502,-16.2892],[123.8526,-16.2895]]],[[[123.4107,-16.28],[123.4104,-16.2776],[123.4056,-16.2753],[123.4107,-16.28]]],[[[123.804,-16.2677],[123.8035,-16.2636],[123.8016,-16.2627],[123.804,-16.2677]]],[[[123.8815,-16.3318],[123.8824,-16.3301],[123.8795,-16.3272],[123.8815,-16.3318]]],[[[123.8432,-16.3076],[123.8423,-16.3031],[123.8404,-16.3019],[123.8432,-16.3076]]],[[[123.4345,-16.3807],[123.4353,-16.3783],[123.4317,-16.3792],[123.4345,-16.3807]]],[[[123.4601,-16.2794],[123.4638,-16.2766],[123.4641,-16.2743],[123.4601,-16.2794]]],[[[123.4683,-16.3915],[123.469,-16.3889],[123.4666,-16.3876],[123.4683,-16.3915]]],[[[123.4022,-16.29],[123.4022,-16.2877],[123.3999,-16.2862],[123.4022,-16.29]]],[[[124.0962,-16.2587],[124.0974,-16.2581],[124.0923,-16.2564],[124.0962,-16.2587]]],[[[123.8778,-16.3441],[123.8782,-16.3424],[123.876,-16.3416],[123.8766,-16.3441],[123.8778,-16.3441]]],[[[123.4466,-16.294],[123.4485,-16.2933],[123.4486,-16.2897],[123.4466,-16.294]]],[[[123.1193,-16.4009],[123.1221,-16.4002],[123.1185,-16.3991],[123.1193,-16.4009]]],[[[123.8666,-16.2329],[123.8665,-16.2318],[123.8627,-16.231],[123.8666,-16.2329]]],[[[124.0273,-16.241],[124.0295,-16.2399],[124.025,-16.2405],[124.0273,-16.241]]],[[[123.3042,-16.306],[123.304,-16.304],[123.3013,-16.3049],[123.3042,-16.306]]],[[[123.5237,-16.2873],[123.5273,-16.2854],[123.5248,-16.2848],[123.5237,-16.2873]]],[[[123.7841,-16.2301],[123.7848,-16.2286],[123.7823,-16.2283],[123.782,-16.2296],[123.7841,-16.2301]]],[[[123.803,-16.172],[123.8037,-16.1708],[123.8017,-16.169],[123.8013,-16.1708],[123.803,-16.172]]],[[[123.4826,-16.2966],[123.484,-16.2947],[123.4834,-16.2929],[123.4821,-16.2941],[123.4826,-16.2966]]],[[[123.5604,-16.3274],[123.5634,-16.3295],[123.5586,-16.326],[123.5604,-16.3274]]],[[[123.5745,-16.2098],[123.5735,-16.2082],[123.5711,-16.2084],[123.5745,-16.2098]]],[[[123.5067,-16.3808],[123.508,-16.3806],[123.5028,-16.3794],[123.5067,-16.3808]]],[[[124.2366,-16.2955],[124.2381,-16.294],[124.2369,-16.2927],[124.2366,-16.2955]]],[[[123.862,-16.3223],[123.8614,-16.3198],[123.8592,-16.3183],[123.862,-16.3223]]],[[[123.328,-16.3974],[123.3284,-16.396],[123.3255,-16.3952],[123.328,-16.3974]]],[[[123.4246,-16.3415],[123.4265,-16.3405],[123.4254,-16.3388],[123.4246,-16.3415]]],[[[123.7844,-16.2783],[123.7856,-16.2768],[123.783,-16.2753],[123.7844,-16.2783]]],[[[123.3161,-16.3085],[123.3178,-16.3077],[123.3155,-16.3064],[123.3149,-16.3081],[123.3161,-16.3085]]],[[[123.5804,-16.2624],[123.5798,-16.2598],[123.5781,-16.2617],[123.5804,-16.2624]]],[[[123.4918,-16.2365],[123.4927,-16.2356],[123.4899,-16.2349],[123.4918,-16.2365]]],[[[123.341,-16.1786],[123.3406,-16.1764],[123.3393,-16.178],[123.341,-16.1786]]],[[[123.613,-16.3584],[123.6141,-16.3577],[123.6112,-16.3566],[123.613,-16.3584]]],[[[123.569,-16.3376],[123.5702,-16.3363],[123.5679,-16.3351],[123.569,-16.3376]]],[[[124.1075,-16.2353],[124.1088,-16.2346],[124.1083,-16.2329],[124.1075,-16.2353]]],[[[123.6174,-16.3199],[123.6186,-16.3191],[123.6167,-16.3176],[123.6174,-16.3199]]],[[[124.082,-16.2546],[124.0848,-16.2532],[124.0819,-16.2533],[124.082,-16.2546]]],[[[124.0127,-16.2414],[124.0149,-16.2408],[124.0113,-16.2405],[124.0127,-16.2414]]],[[[123.4804,-16.2851],[123.4807,-16.2834],[123.4791,-16.2833],[123.4804,-16.2851]]],[[[123.4104,-16.3437],[123.4098,-16.3416],[123.4085,-16.3424],[123.4104,-16.3437]]],[[[123.4115,-16.3788],[123.4119,-16.3776],[123.4089,-16.3782],[123.4115,-16.3788]]],[[[123.4493,-16.194],[123.4506,-16.1931],[123.4497,-16.1912],[123.4493,-16.194]]],[[[123.5752,-16.3416],[123.5756,-16.3404],[123.5733,-16.3386],[123.5752,-16.3416]]],[[[124.1949,-16.332],[124.1961,-16.3294],[124.1949,-16.329],[124.1949,-16.332]]],[[[123.565,-16.3325],[123.5658,-16.3318],[123.5637,-16.3299],[123.565,-16.3325]]],[[[123.5675,-16.3399],[123.5671,-16.3373],[123.5662,-16.3383],[123.5675,-16.3399]]],[[[123.3039,-16.3024],[123.3043,-16.3006],[123.3025,-16.3004],[123.3039,-16.3024]]],[[[123.8095,-16.2068],[123.8088,-16.2044],[123.8078,-16.2056],[123.8095,-16.2068]]],[[[123.0935,-16.2945],[123.0916,-16.2924],[123.0908,-16.2934],[123.0935,-16.2945]]],[[[123.3383,-16.1781],[123.3388,-16.177],[123.3373,-16.1761],[123.3383,-16.1781]]],[[[123.1309,-16.3914],[123.1312,-16.3896],[123.1299,-16.3909],[123.1309,-16.3914]]],[[[123.8174,-16.1874],[123.8183,-16.1868],[123.8169,-16.186],[123.8174,-16.1874]]],[[[123.5529,-16.21],[123.5537,-16.2089],[123.5515,-16.2089],[123.5529,-16.21]]],[[[124.5634,-16.3439],[124.5655,-16.3427],[124.5631,-16.3429],[124.5634,-16.3439]]],[[[123.4952,-16.3822],[123.498,-16.3819],[123.4955,-16.3812],[123.4952,-16.3822]]],[[[123.5534,-16.2151],[123.5548,-16.2142],[123.5534,-16.2139],[123.5534,-16.2151]]],[[[124.0883,-16.2584],[124.0897,-16.258],[124.0879,-16.257],[124.0883,-16.2584]]],[[[124.1031,-16.233],[124.1037,-16.2314],[124.1027,-16.2312],[124.1031,-16.233]]],[[[123.5239,-16.1851],[123.5253,-16.1847],[123.5232,-16.1841],[123.5239,-16.1851]]],[[[123.511,-16.3972],[123.5123,-16.3968],[123.5102,-16.3963],[123.511,-16.3972]]],[[[123.4717,-16.242],[123.4714,-16.2405],[123.4702,-16.2408],[123.4717,-16.242]]],[[[123.8395,-16.2584],[123.8405,-16.2572],[123.839,-16.2575],[123.8395,-16.2584]]],[[[123.5838,-16.2173],[123.5862,-16.2172],[123.5835,-16.2165],[123.5838,-16.2173]]],[[[123.8778,-16.2363],[123.8786,-16.2356],[123.8766,-16.2352],[123.8778,-16.2363]]],[[[124.0039,-16.2414],[124.0047,-16.241],[124.0029,-16.2408],[124.0039,-16.2414]]],[[[124.5036,-15.3846],[124.5106,-15.4011],[124.5343,-15.3854],[124.5273,-15.3596],[124.5366,-15.3771],[124.5452,-15.3614],[124.5536,-15.3891],[124.5911,-15.369],[124.5389,-15.4129],[124.5412,-15.4332],[124.5295,-15.4132],[124.5138,-15.4264],[124.5246,-15.4484],[124.6156,-15.4273],[124.6548,-15.3997],[124.6245,-15.3936],[124.605,-15.3418],[124.58,-15.3427],[124.5899,-15.3122],[124.5562,-15.3143],[124.5713,-15.2454],[124.5419,-15.2801],[124.4948,-15.2922],[124.5356,-15.3036],[124.4984,-15.3077],[124.5171,-15.3338],[124.4908,-15.321],[124.4921,-15.3582],[124.4608,-15.3558],[124.4677,-15.3746],[124.4826,-15.365],[124.4649,-15.4051],[124.4864,-15.4056],[124.51,-15.3667],[124.5036,-15.3846]]],[[[124.3781,-15.3224],[124.3919,-15.3324],[124.4128,-15.2928],[124.4182,-15.3163],[124.4433,-15.3066],[124.433,-15.3229],[124.462,-15.3058],[124.4419,-15.2982],[124.4572,-15.2696],[124.4418,-15.2498],[124.3997,-15.2895],[124.3693,-15.2884],[124.3671,-15.3084],[124.35,-15.2957],[124.3526,-15.3222],[124.3781,-15.3224]]],[[[124.8086,-15.2378],[124.7908,-15.2873],[124.8118,-15.3061],[124.8574,-15.2562],[124.8086,-15.2378]]],[[[123.7664,-16.1548],[123.7974,-16.1475],[123.7887,-16.1136],[123.7769,-16.1256],[123.6829,-16.112],[123.7664,-16.1548]]],[[[124.5859,-15.9511],[124.5941,-15.9053],[124.5315,-15.9658],[124.5859,-15.9511]]],[[[124.2817,-15.2936],[124.2764,-15.2797],[124.2544,-15.2862],[124.2313,-15.3194],[124.2569,-15.3017],[124.2806,-15.3121],[124.2817,-15.2936]]],[[[124.1942,-15.9207],[124.2011,-15.965],[124.2339,-15.9712],[124.1942,-15.9207]]],[[[124.0704,-16.1085],[124.0652,-16.1199],[124.0859,-16.1167],[124.0894,-16.0995],[124.1004,-16.1162],[124.1006,-16.0967],[124.0692,-16.0814],[124.0578,-16.1054],[124.0704,-16.1085]]],[[[123.548,-16.0999],[123.5641,-16.0781],[123.53,-16.0584],[123.5256,-16.0867],[123.548,-16.0999]]],[[[124.451,-15.9635],[124.449,-15.9846],[124.4633,-15.8971],[124.451,-15.9635]]],[[[124.3691,-15.3775],[124.3529,-15.3607],[124.3377,-15.376],[124.3717,-15.3992],[124.3691,-15.3775]]],[[[124.3051,-15.3536],[124.3498,-15.3328],[124.3444,-15.313],[124.3051,-15.3536]]],[[[124.0947,-16.1439],[124.0628,-16.14],[124.0949,-16.1654],[124.0947,-16.1439]]],[[[123.5984,-16.0883],[123.5851,-16.0811],[123.6407,-16.1001],[123.5984,-16.0883]]],[[[123.5171,-16.0268],[123.5302,-16.0504],[123.552,-16.0465],[123.5171,-16.0268]]],[[[123.4003,-16.1345],[123.4225,-16.1317],[123.3958,-16.1075],[123.4003,-16.1345]]],[[[123.4421,-16.1136],[123.4428,-16.1114],[123.4468,-16.1118],[123.4432,-16.1096],[123.442,-16.1069],[123.4437,-16.1059],[123.4438,-16.104],[123.4408,-16.1016],[123.4427,-16.1005],[123.4418,-16.0993],[123.4403,-16.0989],[123.4393,-16.1008],[123.4372,-16.0997],[123.4392,-16.0987],[123.437,-16.097],[123.4362,-16.0977],[123.436,-16.0963],[123.4375,-16.0957],[123.4351,-16.0913],[123.4381,-16.0912],[123.4415,-16.0935],[123.4415,-16.0912],[123.439,-16.0888],[123.4428,-16.0914],[123.4466,-16.0875],[123.4464,-16.0861],[123.4401,-16.0816],[123.4382,-16.0826],[123.4372,-16.0797],[123.4338,-16.0788],[123.4344,-16.0764],[123.4325,-16.0759],[123.4323,-16.0789],[123.4286,-16.0783],[123.432,-16.0809],[123.4323,-16.0874],[123.43,-16.0883],[123.4247,-16.0865],[123.4245,-16.0878],[123.428,-16.0914],[123.4328,-16.1072],[123.4421,-16.1136]]],[[[123.3323,-16.1617],[123.352,-16.1641],[123.3225,-16.1449],[123.3323,-16.1617]]],[[[123.7804,-16.1801],[123.8085,-16.2006],[123.7724,-16.1651],[123.7804,-16.1801]]],[[[123.5081,-16.1588],[123.5232,-16.163],[123.5194,-16.1409],[123.5081,-16.1588]]],[[[124.6126,-15.283],[124.6395,-15.2821],[124.6206,-15.2659],[124.6126,-15.283]]],[[[124.8538,-15.3003],[124.8417,-15.3145],[124.8623,-15.3106],[124.8599,-15.2833],[124.8538,-15.3003]]],[[[123.4342,-16.1615],[123.4611,-16.1703],[123.4554,-16.1548],[123.4342,-16.1615]]],[[[124.2291,-15.9336],[124.2125,-15.9186],[124.2193,-15.943],[124.2291,-15.9336]]],[[[123.158,-15.5218],[123.1586,-15.5092],[123.156,-15.5356],[123.158,-15.5218]]],[[[123.6965,-15.9339],[123.6955,-15.9376],[123.6946,-15.9354],[123.6908,-15.9353],[123.692,-15.9437],[123.6897,-15.9514],[123.6904,-15.9531],[123.6844,-15.9589],[123.6849,-15.9614],[123.6877,-15.9618],[123.6892,-15.9671],[123.6894,-15.9618],[123.6917,-15.9579],[123.6981,-15.9601],[123.7016,-15.9593],[123.7001,-15.9576],[123.6972,-15.9585],[123.6935,-15.9568],[123.6932,-15.9512],[123.6959,-15.949],[123.6967,-15.9523],[123.7022,-15.9455],[123.6972,-15.9419],[123.703,-15.94],[123.6986,-15.9359],[123.6976,-15.9292],[123.6943,-15.9287],[123.6915,-15.9262],[123.6909,-15.9328],[123.6965,-15.9339]]],[[[123.5731,-16.1589],[123.5952,-16.1649],[123.5867,-16.1432],[123.5731,-16.1589]]],[[[123.2949,-16.0372],[123.2775,-16.0434],[123.3138,-16.0334],[123.2949,-16.0372]]],[[[124.8015,-15.2226],[124.8,-15.2038],[124.7835,-15.2189],[124.8015,-15.2226]]],[[[124.7358,-14.9151],[124.7389,-14.942],[124.7479,-14.907],[124.7358,-14.9151]]],[[[124.606,-15.4522],[124.6202,-15.4321],[124.595,-15.4398],[124.606,-15.4522]]],[[[124.7803,-15.0159],[124.7784,-15.012],[124.7764,-15.0126],[124.773,-15.0179],[124.7753,-15.0179],[124.7768,-15.02],[124.7751,-15.0253],[124.7718,-15.0291],[124.7749,-15.0354],[124.7778,-15.0324],[124.7815,-15.033],[124.7899,-15.0131],[124.7872,-15.0101],[124.7857,-15.0127],[124.7861,-15.0168],[124.7827,-15.018],[124.7803,-15.0159]]],[[[124.5047,-15.2217],[124.5072,-15.2208],[124.5098,-15.2235],[124.5162,-15.2155],[124.516,-15.2119],[124.513,-15.2116],[124.5091,-15.2054],[124.5067,-15.2053],[124.5037,-15.2096],[124.4981,-15.2122],[124.4992,-15.2166],[124.5047,-15.2217]]],[[[124.8664,-15.0231],[124.8599,-15.0111],[124.8445,-15.0246],[124.8664,-15.0231]]],[[[124.6295,-15.8046],[124.6485,-15.799],[124.6557,-15.7885],[124.6397,-15.7923],[124.6328,-15.7988],[124.6288,-15.8038],[124.6295,-15.8046]]],[[[124.7456,-14.9515],[124.7626,-14.9545],[124.7565,-14.9406],[124.7456,-14.9515]]],[[[124.4558,-16.0263],[124.458,-16.0296],[124.4631,-16.0183],[124.4675,-16.0149],[124.4704,-16.0064],[124.4698,-16.0031],[124.4682,-16.0022],[124.467,-16.0041],[124.4655,-16.0],[124.4636,-15.9991],[124.4621,-16.0007],[124.4613,-16.0104],[124.4557,-16.0228],[124.4558,-16.0263]]],[[[123.4078,-16.0871],[123.4104,-16.0849],[123.412,-16.0855],[123.413,-16.0835],[123.4191,-16.0875],[123.4183,-16.0854],[123.4194,-16.0846],[123.4145,-16.0782],[123.4109,-16.0762],[123.3957,-16.0703],[123.3892,-16.0698],[123.399,-16.0748],[123.3998,-16.0765],[123.3986,-16.0784],[123.4012,-16.0803],[123.4063,-16.0802],[123.4046,-16.0857],[123.4078,-16.0871]]],[[[124.385,-15.2389],[124.3958,-15.2496],[124.3998,-15.2278],[124.385,-15.2389]]],[[[124.4801,-15.4461],[124.4851,-15.444],[124.4891,-15.4388],[124.4982,-15.4392],[124.5,-15.4416],[124.499,-15.4432],[124.5013,-15.444],[124.5047,-15.4428],[124.5048,-15.4413],[124.5004,-15.4367],[124.4929,-15.4341],[124.49,-15.4348],[124.4894,-15.4373],[124.4718,-15.4427],[124.4709,-15.4451],[124.4801,-15.4461]]],[[[124.4473,-15.8881],[124.4501,-15.8824],[124.4526,-15.8838],[124.4559,-15.8769],[124.4533,-15.8692],[124.4515,-15.8708],[124.4501,-15.8691],[124.4448,-15.8701],[124.4431,-15.8716],[124.4438,-15.8754],[124.442,-15.8746],[124.4423,-15.8808],[124.4437,-15.8808],[124.4461,-15.8768],[124.4463,-15.8798],[124.4479,-15.8784],[124.4473,-15.8881]]],[[[123.3841,-16.0582],[123.3796,-16.0576],[123.378,-16.059],[123.3822,-16.0596],[123.3881,-16.064],[123.3955,-16.0656],[123.3984,-16.0676],[123.4081,-16.0689],[123.4147,-16.0724],[123.4201,-16.0737],[123.4242,-16.0724],[123.4234,-16.071],[123.4189,-16.0721],[123.4175,-16.0696],[123.4137,-16.0703],[123.4087,-16.0653],[123.4059,-16.0651],[123.4052,-16.0633],[123.3955,-16.0629],[123.3941,-16.0607],[123.3908,-16.0599],[123.3883,-16.0628],[123.3847,-16.0603],[123.3841,-16.0582]]],[[[124.472,-15.3193],[124.479,-15.3234],[124.4809,-15.3213],[124.4838,-15.3226],[124.4894,-15.3201],[124.486,-15.3166],[124.484,-15.3185],[124.4814,-15.3177],[124.4797,-15.3127],[124.4769,-15.3103],[124.4701,-15.3127],[124.4694,-15.317],[124.472,-15.3193]]],[[[124.6719,-14.9451],[124.6697,-14.9387],[124.6678,-14.9378],[124.6618,-14.9388],[124.6608,-14.937],[124.6587,-14.9379],[124.6576,-14.942],[124.6654,-14.95],[124.6726,-14.9494],[124.6719,-14.9451]]],[[[123.3075,-16.1328],[123.3061,-16.1302],[123.3045,-16.1306],[123.2992,-16.1259],[123.2962,-16.1266],[123.293,-16.1242],[123.29,-16.1253],[123.2904,-16.1274],[123.2943,-16.1283],[123.296,-16.131],[123.2971,-16.1298],[123.2986,-16.1323],[123.3014,-16.1312],[123.303,-16.1322],[123.3001,-16.1368],[123.3026,-16.1378],[123.3036,-16.1341],[123.3053,-16.1378],[123.3078,-16.1337],[123.3116,-16.1361],[123.3174,-16.1348],[123.3094,-16.1293],[123.3075,-16.1328]]],[[[124.4516,-15.8551],[124.4512,-15.8579],[124.4535,-15.8634],[124.456,-15.8603],[124.4535,-15.8571],[124.4537,-15.8553],[124.4554,-15.8565],[124.4546,-15.8517],[124.453,-15.8514],[124.4548,-15.8468],[124.4532,-15.8365],[124.4517,-15.8346],[124.4476,-15.837],[124.4478,-15.844],[124.4498,-15.8457],[124.45,-15.8522],[124.4516,-15.8551]]],[[[124.0735,-16.1741],[124.0779,-16.1748],[124.0799,-16.1699],[124.0848,-16.1679],[124.0803,-16.1615],[124.0728,-16.1657],[124.0682,-16.1664],[124.0708,-16.1718],[124.0735,-16.1741]]],[[[123.4606,-16.1578],[123.4594,-16.1536],[123.461,-16.1549],[123.4611,-16.1527],[123.4593,-16.1504],[123.4577,-16.151],[123.4557,-16.149],[123.4516,-16.1482],[123.453,-16.1474],[123.4478,-16.1443],[123.4462,-16.1418],[123.4428,-16.1415],[123.4435,-16.1437],[123.4418,-16.1457],[123.4441,-16.1457],[123.4455,-16.1485],[123.4472,-16.1484],[123.45,-16.1543],[123.4552,-16.1543],[123.4606,-16.1578]]],[[[124.2095,-15.9456],[124.2145,-15.9519],[124.2182,-15.9499],[124.2201,-15.9465],[124.2153,-15.9375],[124.2122,-15.9352],[124.2094,-15.9392],[124.2095,-15.9456]]],[[[124.8438,-15.3421],[124.8467,-15.3482],[124.8486,-15.3492],[124.8534,-15.3448],[124.8535,-15.3469],[124.8592,-15.3444],[124.8523,-15.337],[124.849,-15.3378],[124.8438,-15.3421]]],[[[124.1856,-15.9574],[124.1871,-15.9565],[124.1867,-15.9513],[124.1786,-15.9454],[124.1769,-15.938],[124.1742,-15.9447],[124.1748,-15.9484],[124.1856,-15.9574]]],[[[124.6942,-14.9559],[124.6924,-14.9468],[124.6898,-14.9443],[124.6889,-14.9401],[124.6839,-14.9373],[124.6824,-14.9432],[124.6857,-14.9502],[124.6904,-14.9507],[124.6902,-14.9539],[124.6942,-14.9559]]],[[[123.3144,-16.1439],[123.3181,-16.1417],[123.328,-16.1435],[123.3295,-16.1405],[123.3268,-16.1404],[123.3283,-16.1388],[123.3263,-16.1387],[123.3255,-16.1353],[123.3235,-16.1347],[123.3222,-16.1362],[123.3196,-16.1359],[123.3201,-16.1387],[123.3174,-16.138],[123.3156,-16.1396],[123.3137,-16.1389],[123.3142,-16.1376],[123.3117,-16.1379],[123.3087,-16.1352],[123.3088,-16.1419],[123.3094,-16.1427],[123.3117,-16.1396],[123.3146,-16.1406],[123.3144,-16.1439]]],[[[124.4878,-15.4654],[124.4931,-15.4617],[124.496,-15.4614],[124.5008,-15.4569],[124.498,-15.4517],[124.4961,-15.4511],[124.4887,-15.4582],[124.4878,-15.4654]]],[[[124.7179,-14.8722],[124.7223,-14.8669],[124.7328,-14.8629],[124.7322,-14.8604],[124.7265,-14.8634],[124.7237,-14.8624],[124.7219,-14.8637],[124.7186,-14.8614],[124.7172,-14.8621],[124.7164,-14.8588],[124.7149,-14.8596],[124.713,-14.863],[124.7162,-14.8647],[124.7159,-14.8678],[124.717,-14.8683],[124.7157,-14.8701],[124.7163,-14.872],[124.7179,-14.8722]]],[[[124.5356,-15.2395],[124.5463,-15.2339],[124.5472,-15.2316],[124.5451,-15.2274],[124.5439,-15.2271],[124.542,-15.2297],[124.5386,-15.23],[124.538,-15.234],[124.5364,-15.232],[124.5353,-15.2331],[124.5357,-15.2348],[124.5328,-15.2367],[124.5356,-15.2395]]],[[[124.1886,-15.3373],[124.1963,-15.3366],[124.2003,-15.338],[124.2069,-15.3377],[124.2038,-15.3348],[124.2083,-15.3303],[124.1903,-15.3332],[124.1886,-15.3373]]],[[[124.4766,-15.9812],[124.4838,-15.9742],[124.4852,-15.9677],[124.4842,-15.9662],[124.4815,-15.9665],[124.4793,-15.9725],[124.4777,-15.9715],[124.4777,-15.9739],[124.4743,-15.9751],[124.4741,-15.9779],[124.4766,-15.9787],[124.4766,-15.9812]]],[[[124.2213,-15.319],[124.2184,-15.3186],[124.2165,-15.3162],[124.2136,-15.318],[124.2147,-15.3201],[124.2218,-15.3217],[124.2249,-15.3253],[124.2295,-15.3231],[124.2271,-15.3142],[124.2256,-15.3167],[124.2213,-15.319]]],[[[124.6453,-15.1745],[124.6489,-15.1729],[124.6506,-15.1691],[124.6493,-15.1627],[124.6439,-15.162],[124.6428,-15.172],[124.6453,-15.1745]]],[[[124.7762,-14.9389],[124.7734,-14.9372],[124.7713,-14.9414],[124.7736,-14.9523],[124.7755,-14.9536],[124.78,-14.9493],[124.776,-14.9476],[124.7762,-14.9389]]],[[[124.8806,-14.9464],[124.8797,-14.9501],[124.8863,-14.9519],[124.8893,-14.9558],[124.8908,-14.9489],[124.885,-14.9486],[124.8826,-14.9472],[124.8831,-14.9438],[124.8805,-14.9429],[124.8815,-14.94],[124.8767,-14.9419],[124.8806,-14.9464]]],[[[124.2959,-15.3638],[124.2936,-15.3656],[124.2942,-15.367],[124.2991,-15.3663],[124.3031,-15.3681],[124.3042,-15.3724],[124.3077,-15.3696],[124.3055,-15.3631],[124.3003,-15.3632],[124.2979,-15.3614],[124.2959,-15.3638]]],[[[124.5693,-15.2663],[124.5708,-15.2691],[124.5745,-15.2674],[124.5769,-15.2692],[124.5759,-15.2656],[124.5732,-15.2649],[124.5737,-15.2616],[124.568,-15.2555],[124.5656,-15.2599],[124.5696,-15.2642],[124.5693,-15.2663]]],[[[124.0074,-16.0128],[124.0275,-16.0177],[124.0266,-16.0151],[124.0205,-16.0122],[124.0072,-16.0102],[124.0047,-16.0111],[124.0074,-16.0128]]],[[[123.3642,-16.0548],[123.3621,-16.0573],[123.3582,-16.0567],[123.3607,-16.0584],[123.3612,-16.062],[123.3628,-16.0607],[123.3625,-16.0581],[123.3712,-16.0582],[123.3735,-16.0596],[123.3763,-16.0588],[123.3758,-16.0576],[123.3702,-16.0573],[123.3686,-16.0554],[123.3651,-16.0547],[123.3715,-16.0525],[123.3616,-16.05],[123.3643,-16.0518],[123.3642,-16.0548]]],[[[124.8894,-15.2708],[124.9002,-15.2656],[124.8984,-15.2608],[124.8893,-15.2677],[124.8894,-15.2708]]],[[[124.4714,-15.9946],[124.4773,-15.9891],[124.476,-15.986],[124.4731,-15.9863],[124.4734,-15.9843],[124.471,-15.9838],[124.4698,-15.9905],[124.4714,-15.9946]]],[[[124.072,-15.9754],[124.0757,-15.9767],[124.0769,-15.975],[124.0792,-15.9753],[124.0769,-15.9721],[124.0745,-15.9743],[124.0706,-15.9695],[124.0655,-15.9689],[124.0656,-15.9721],[124.0696,-15.9756],[124.072,-15.9754]]],[[[124.8659,-14.934],[124.866,-14.9385],[124.8681,-14.9419],[124.8702,-14.9426],[124.8728,-14.9397],[124.8683,-14.9351],[124.8698,-14.932],[124.8653,-14.9304],[124.8659,-14.934]]],[[[124.342,-15.3635],[124.3463,-15.3612],[124.3494,-15.362],[124.3525,-15.3558],[124.3463,-15.3585],[124.3432,-15.3575],[124.3401,-15.3602],[124.342,-15.3635]]],[[[124.4927,-15.2122],[124.4941,-15.2135],[124.4955,-15.2118],[124.4959,-15.2077],[124.4954,-15.2048],[124.4924,-15.2031],[124.4884,-15.2062],[124.4927,-15.2122]]],[[[124.9245,-14.9002],[124.9272,-14.8955],[124.9233,-14.8885],[124.9205,-14.8938],[124.9212,-14.897],[124.9245,-14.9002]]],[[[124.3913,-15.3462],[124.4012,-15.3424],[124.3974,-15.3422],[124.3962,-15.3396],[124.3921,-15.338],[124.391,-15.3396],[124.3916,-15.3433],[124.3896,-15.3449],[124.3913,-15.3462]]],[[[124.409,-15.2167],[124.4204,-15.2113],[124.4208,-15.2084],[124.4146,-15.2093],[124.4081,-15.213],[124.4076,-15.2157],[124.409,-15.2167]]],[[[124.6314,-15.3751],[124.633,-15.3766],[124.6354,-15.376],[124.6357,-15.3699],[124.6298,-15.3674],[124.6288,-15.3704],[124.6314,-15.3751]]],[[[124.82,-14.9799],[124.8218,-14.9765],[124.8263,-14.976],[124.8285,-14.9693],[124.8226,-14.9694],[124.8201,-14.9754],[124.82,-14.9799]]],[[[124.1007,-16.1252],[124.0977,-16.1262],[124.0979,-16.1275],[124.1023,-16.1265],[124.1041,-16.1225],[124.1025,-16.1161],[124.098,-16.1172],[124.0971,-16.1186],[124.098,-16.1194],[124.096,-16.1207],[124.0976,-16.1219],[124.1024,-16.1216],[124.1019,-16.1249],[124.1007,-16.1252]]],[[[123.5511,-16.0649],[123.5562,-16.0685],[123.5591,-16.0669],[123.5629,-16.0687],[123.5555,-16.0614],[123.5518,-16.0613],[123.5539,-16.0648],[123.5511,-16.0649]]],[[[124.4123,-15.5494],[124.4127,-15.5473],[124.4166,-15.5475],[124.4152,-15.5426],[124.4115,-15.5409],[124.4087,-15.5435],[124.4123,-15.5494]]],[[[124.9036,-14.9119],[124.9047,-14.914],[124.9071,-14.91],[124.9042,-14.9056],[124.9013,-14.9051],[124.8994,-14.9078],[124.9036,-14.9119]]],[[[124.0641,-16.0886],[124.069,-16.0849],[124.067,-16.0819],[124.0611,-16.084],[124.0641,-16.0886]]],[[[124.6981,-14.9396],[124.6989,-14.9372],[124.6971,-14.932],[124.6943,-14.9313],[124.6924,-14.9341],[124.6953,-14.9384],[124.6981,-14.9396]]],[[[123.3768,-16.0646],[123.3807,-16.0689],[123.386,-16.0678],[123.3828,-16.0647],[123.3752,-16.0629],[123.3746,-16.0637],[123.3768,-16.0646]]],[[[124.5177,-15.2433],[124.5185,-15.2443],[124.5212,-15.2422],[124.522,-15.2371],[124.519,-15.2379],[124.5207,-15.2355],[124.5163,-15.2361],[124.5169,-15.2382],[124.5182,-15.238],[124.5177,-15.2433]]],[[[124.5172,-15.2341],[124.5215,-15.2327],[124.5214,-15.228],[124.5196,-15.2272],[124.5147,-15.2306],[124.5172,-15.2341]]],[[[124.8718,-15.2818],[124.871,-15.2799],[124.8675,-15.2807],[124.8654,-15.2789],[124.864,-15.2813],[124.8671,-15.2854],[124.8718,-15.2818]]],[[[124.932,-14.5213],[124.9305,-14.5175],[124.9315,-14.514],[124.9303,-14.5137],[124.9292,-14.5159],[124.9248,-14.5151],[124.9252,-14.5189],[124.932,-14.5213]]],[[[124.4011,-15.5345],[124.4041,-15.5335],[124.4047,-15.531],[124.4002,-15.5246],[124.3988,-15.5265],[124.3993,-15.5317],[124.4011,-15.5345]]],[[[124.4222,-15.2434],[124.4295,-15.2361],[124.4256,-15.2354],[124.4224,-15.2375],[124.4222,-15.2434]]],[[[123.8611,-16.1382],[123.8618,-16.1372],[123.8595,-16.1342],[123.8537,-16.1295],[123.8499,-16.1239],[123.8464,-16.1223],[123.8611,-16.1382]]],[[[124.7988,-15.017],[124.8022,-15.0142],[124.7995,-15.0092],[124.7965,-15.0123],[124.7988,-15.017]]],[[[124.4021,-15.2582],[124.4102,-15.2561],[124.4109,-15.2543],[124.408,-15.2533],[124.4017,-15.2551],[124.4021,-15.2582]]],[[[124.318,-15.3325],[124.3199,-15.3285],[124.3206,-15.3296],[124.323,-15.3288],[124.3251,-15.3266],[124.3248,-15.325],[124.3199,-15.3246],[124.3179,-15.3295],[124.3163,-15.33],[124.318,-15.3325]]],[[[124.5808,-15.263],[124.5824,-15.2629],[124.5875,-15.2552],[124.5824,-15.2563],[124.5802,-15.2607],[124.5808,-15.263]]],[[[124.8446,-15.015],[124.8478,-15.0144],[124.8485,-15.0119],[124.8473,-15.0054],[124.8424,-15.0022],[124.8463,-15.0096],[124.8446,-15.015]]],[[[124.4655,-15.9712],[124.4706,-15.9669],[124.4713,-15.9615],[124.4695,-15.9654],[124.4652,-15.9665],[124.4655,-15.9712]]],[[[123.5352,-16.1583],[123.5363,-16.1553],[123.5347,-16.1523],[123.5269,-16.1441],[123.5262,-16.1455],[123.5306,-16.1498],[123.5303,-16.1518],[123.534,-16.1546],[123.5352,-16.1583]]],[[[124.5558,-15.4959],[124.5602,-15.4912],[124.5592,-15.4884],[124.5555,-15.4891],[124.5545,-15.4951],[124.5558,-15.4959]]],[[[124.3456,-15.2711],[124.3509,-15.2662],[124.3508,-15.2644],[124.3466,-15.2651],[124.344,-15.2671],[124.3456,-15.2711]]],[[[124.812,-15.2089],[124.8158,-15.2028],[124.8145,-15.1997],[124.8119,-15.2014],[124.812,-15.2089]]],[[[124.733,-14.8554],[124.7389,-14.8495],[124.7379,-14.8481],[124.7359,-14.8504],[124.733,-14.8503],[124.7321,-14.849],[124.7306,-14.8505],[124.732,-14.8506],[124.7315,-14.8531],[124.733,-14.8554]]],[[[124.455,-15.362],[124.4538,-15.3629],[124.4551,-15.3697],[124.4571,-15.3705],[124.4593,-15.3671],[124.455,-15.362]]],[[[124.4982,-15.2868],[124.5007,-15.2826],[124.4993,-15.2813],[124.4923,-15.2852],[124.4971,-15.2855],[124.4982,-15.2868]]],[[[124.8869,-14.8961],[124.889,-14.8954],[124.8893,-14.8919],[124.886,-14.8931],[124.8853,-14.8912],[124.8834,-14.8909],[124.884,-14.893],[124.8821,-14.894],[124.8833,-14.8956],[124.8869,-14.8961]]],[[[123.8285,-16.151],[123.8309,-16.1542],[123.833,-16.153],[123.8309,-16.1497],[123.8244,-16.148],[123.8261,-16.1505],[123.8285,-16.151]]],[[[124.9193,-15.2391],[124.9232,-15.2367],[124.9237,-15.2345],[124.919,-15.2339],[124.9175,-15.2366],[124.9193,-15.2391]]],[[[123.5201,-16.0621],[123.519,-16.0601],[123.5074,-16.054],[123.5136,-16.0599],[123.5201,-16.0621]]],[[[123.8303,-16.1459],[123.8309,-16.1442],[123.8266,-16.1405],[123.8204,-16.1394],[123.8303,-16.1459]]],[[[124.7481,-15.0349],[124.75,-15.0372],[124.7524,-15.0322],[124.7465,-15.0323],[124.7449,-15.0346],[124.7481,-15.0349]]],[[[124.7868,-15.0082],[124.7879,-15.0085],[124.792,-15.0019],[124.7838,-15.0061],[124.7868,-15.0082]]],[[[124.5941,-15.9606],[124.5968,-15.9595],[124.5968,-15.957],[124.5943,-15.9544],[124.5918,-15.9592],[124.5941,-15.9606]]],[[[124.4703,-16.062],[124.4734,-16.0576],[124.4705,-16.0573],[124.4692,-16.0549],[124.4686,-16.0606],[124.4703,-16.062]]],[[[124.2446,-15.3237],[124.2467,-15.3244],[124.2487,-15.3222],[124.2436,-15.32],[124.2423,-15.3228],[124.2446,-15.3237]]],[[[124.0378,-16.061],[124.0389,-16.0583],[124.0369,-16.0553],[124.0348,-16.0558],[124.0342,-16.0592],[124.0378,-16.061]]],[[[124.2918,-15.2862],[124.2907,-15.2899],[124.2952,-15.2863],[124.2944,-15.2823],[124.2931,-15.2826],[124.2918,-15.2862]]],[[[124.5017,-15.9398],[124.5064,-15.9362],[124.4989,-15.9375],[124.4976,-15.939],[124.5017,-15.9398]]],[[[124.6698,-15.2761],[124.6729,-15.2737],[124.6696,-15.2723],[124.6665,-15.2729],[124.6662,-15.2744],[124.6698,-15.2761]]],[[[123.7678,-16.1114],[123.7726,-16.1098],[123.7696,-16.1085],[123.7643,-16.1094],[123.7678,-16.1114]]],[[[123.45,-16.0974],[123.4512,-16.0923],[123.4478,-16.0916],[123.4472,-16.0957],[123.45,-16.0974]]],[[[124.3427,-15.9125],[124.3453,-15.9083],[124.345,-15.9039],[124.3434,-15.9044],[124.3428,-15.9095],[124.3414,-15.9103],[124.3427,-15.9125]]],[[[124.4009,-15.5449],[124.4021,-15.5389],[124.401,-15.5364],[124.3993,-15.5428],[124.4009,-15.5449]]],[[[123.7101,-16.1516],[123.7107,-16.1503],[123.7062,-16.1462],[123.7033,-16.1455],[123.7101,-16.1516]]],[[[124.4905,-15.9474],[124.4923,-15.9459],[124.4926,-15.9425],[124.4879,-15.9422],[124.4905,-15.9474]]],[[[124.3207,-15.3653],[124.3227,-15.3645],[124.3225,-15.3623],[124.3206,-15.3599],[124.3179,-15.36],[124.3207,-15.3653]]],[[[124.6767,-15.1554],[124.6734,-15.1516],[124.6705,-15.1544],[124.6739,-15.1545],[124.6761,-15.1581],[124.6767,-15.1554]]],[[[123.5413,-16.028],[123.5433,-16.0283],[123.5442,-16.0309],[123.5455,-16.0271],[123.5405,-16.0245],[123.5413,-16.028]]],[[[123.9344,-16.0696],[123.9359,-16.0698],[123.9345,-16.0669],[123.9358,-16.064],[123.9335,-16.0615],[123.9331,-16.0671],[123.9344,-16.0696]]],[[[124.8333,-15.0242],[124.836,-15.0245],[124.837,-15.0223],[124.8327,-15.0197],[124.8333,-15.0242]]],[[[124.5336,-15.1142],[124.5384,-15.1129],[124.5377,-15.1106],[124.5349,-15.1104],[124.5325,-15.113],[124.5336,-15.1142]]],[[[124.7706,-14.8577],[124.771,-14.8541],[124.7676,-14.8528],[124.7676,-14.8566],[124.7706,-14.8577]]],[[[124.4635,-15.3957],[124.4654,-15.3949],[124.4659,-15.3917],[124.4612,-15.3935],[124.4635,-15.3957]]],[[[124.6837,-14.914],[124.6866,-14.9126],[124.6852,-14.9097],[124.6813,-14.9121],[124.6815,-14.9137],[124.6837,-14.914]]],[[[124.7193,-14.9091],[124.7231,-14.9063],[124.7197,-14.9049],[124.7183,-14.9065],[124.7193,-14.9091]]],[[[124.9388,-15.0754],[124.9399,-15.0725],[124.9364,-15.0706],[124.9369,-15.0746],[124.9388,-15.0754]]],[[[123.5411,-15.9877],[123.5405,-15.9856],[123.5384,-15.9853],[123.536,-15.9882],[123.5385,-15.9901],[123.5391,-15.9879],[123.5411,-15.9877]]],[[[123.4399,-16.1282],[123.4428,-16.128],[123.4433,-16.1267],[123.4385,-16.123],[123.4386,-16.1273],[123.4399,-16.1282]]],[[[124.6193,-15.3246],[124.6226,-15.3209],[124.6231,-15.3178],[124.6201,-15.3194],[124.6193,-15.3246]]],[[[124.8266,-15.2286],[124.8295,-15.2259],[124.8291,-15.2233],[124.8256,-15.2234],[124.8266,-15.2286]]],[[[123.3522,-16.0587],[123.3531,-16.057],[123.3508,-16.0557],[123.3448,-16.0565],[123.3522,-16.0587]]],[[[124.5858,-15.5117],[124.5895,-15.5103],[124.5901,-15.5079],[124.5856,-15.5089],[124.5858,-15.5117]]],[[[123.646,-16.1084],[123.6452,-16.1034],[123.6446,-16.1052],[123.6402,-16.106],[123.646,-16.1084]]],[[[124.4692,-15.3903],[124.4703,-15.3879],[124.4687,-15.3855],[124.4662,-15.388],[124.4692,-15.3903]]],[[[124.4548,-15.8856],[124.454,-15.8831],[124.4522,-15.8844],[124.456,-15.8907],[124.4567,-15.8893],[124.4548,-15.8856]]],[[[124.5994,-15.4773],[124.6029,-15.477],[124.6025,-15.475],[124.6,-15.474],[124.5981,-15.4759],[124.5994,-15.4773]]],[[[124.485,-15.2313],[124.4881,-15.2297],[124.4817,-15.2289],[124.4805,-15.2306],[124.485,-15.2313]]],[[[124.6117,-15.4547],[124.6125,-15.4537],[124.6106,-15.4493],[124.6093,-15.4539],[124.6117,-15.4547]]],[[[124.0679,-16.0806],[124.0692,-16.0802],[124.0673,-16.0764],[124.0657,-16.0751],[124.0641,-16.0758],[124.0679,-16.0806]]],[[[124.6546,-15.1716],[124.6565,-15.1711],[124.653,-15.1667],[124.6516,-15.1704],[124.6546,-15.1716]]],[[[124.5371,-15.2444],[124.5397,-15.2401],[124.5352,-15.2425],[124.5371,-15.2444]]],[[[123.2726,-16.0441],[123.2745,-16.0429],[123.2737,-16.0394],[123.2714,-16.0411],[123.2726,-16.0441]]],[[[123.6787,-16.1114],[123.682,-16.11],[123.6774,-16.109],[123.6747,-16.1101],[123.6787,-16.1114]]],[[[124.5719,-15.2519],[124.5759,-15.2503],[124.5762,-15.2489],[124.5721,-15.2492],[124.5719,-15.2519]]],[[[123.5546,-16.0358],[123.5551,-16.0336],[123.5531,-16.0312],[123.5509,-16.0328],[123.5546,-16.0358]]],[[[123.3656,-16.0435],[123.3649,-16.0421],[123.3566,-16.0398],[123.3589,-16.0421],[123.3656,-16.0435]]],[[[124.4647,-15.3218],[124.4641,-15.3186],[124.461,-15.3189],[124.462,-15.3211],[124.4647,-15.3218]]],[[[124.6724,-15.4723],[124.6758,-15.4695],[124.6744,-15.4677],[124.6723,-15.4697],[124.6724,-15.4723]]],[[[124.46,-15.5317],[124.4615,-15.5295],[124.4592,-15.5252],[124.46,-15.5317]]],[[[124.6084,-15.0325],[124.6101,-15.0296],[124.608,-15.0277],[124.6085,-15.0299],[124.6062,-15.0312],[124.6084,-15.0325]]],[[[124.8899,-14.8991],[124.8884,-14.899],[124.8856,-14.904],[124.8896,-14.901],[124.8899,-14.8991]]],[[[123.3673,-16.0637],[123.369,-16.063],[123.3684,-16.0619],[123.3649,-16.0613],[123.3637,-16.0626],[123.3673,-16.0637]]],[[[124.1812,-15.9415],[124.1796,-15.9416],[124.179,-15.9445],[124.1808,-15.9461],[124.1819,-15.9455],[124.1812,-15.9415]]],[[[124.4554,-15.3916],[124.4561,-15.3873],[124.4536,-15.3888],[124.4536,-15.3909],[124.4554,-15.3916]]],[[[124.493,-15.2319],[124.4961,-15.2302],[124.4961,-15.2283],[124.4945,-15.2279],[124.493,-15.2319]]],[[[124.2599,-15.2147],[124.2616,-15.2124],[124.2596,-15.2098],[124.2599,-15.2147]]],[[[124.9296,-14.5449],[124.9304,-14.5402],[124.928,-14.5417],[124.9296,-14.5449]]],[[[124.6655,-15.1535],[124.6666,-15.1479],[124.6646,-15.1509],[124.6655,-15.1535]]],[[[123.3537,-16.0371],[123.3532,-16.0356],[123.3482,-16.0354],[123.3537,-16.0371]]],[[[123.4451,-16.1003],[123.4467,-16.0993],[123.4449,-16.0973],[123.4424,-16.0993],[123.4451,-16.1003]]],[[[124.7255,-14.9077],[124.7267,-14.9072],[124.7264,-14.9044],[124.7235,-14.9058],[124.7255,-14.9077]]],[[[124.4586,-15.8984],[124.4546,-15.898],[124.4568,-15.9003],[124.4586,-15.8984]]],[[[123.8342,-16.1557],[123.8365,-16.1541],[123.8354,-16.152],[123.8331,-16.1532],[123.8342,-16.1557]]],[[[124.6686,-15.4754],[124.6697,-15.4742],[124.6682,-15.4688],[124.6686,-15.4754]]],[[[124.526,-15.2322],[124.5251,-15.227],[124.5237,-15.2305],[124.526,-15.2322]]],[[[124.6618,-15.8566],[124.6623,-15.8545],[124.6603,-15.8534],[124.6587,-15.8547],[124.6618,-15.8566]]],[[[124.4709,-15.3119],[124.476,-15.3094],[124.4712,-15.3103],[124.4709,-15.3119]]],[[[123.7977,-16.168],[123.7996,-16.1668],[123.7953,-16.1649],[123.795,-16.1668],[123.7977,-16.168]]],[[[123.4654,-16.1397],[123.4638,-16.1373],[123.4603,-16.1359],[123.4654,-16.1397]]],[[[124.9359,-14.5386],[124.9359,-14.5358],[124.9341,-14.5348],[124.9344,-14.5383],[124.9359,-14.5386]]],[[[124.621,-15.4263],[124.6233,-15.4255],[124.6228,-15.424],[124.6194,-15.4248],[124.621,-15.4263]]],[[[124.8131,-15.2282],[124.8169,-15.2262],[124.8148,-15.2258],[124.8124,-15.2272],[124.8131,-15.2282]]],[[[124.7487,-15.342],[124.7502,-15.3411],[124.7499,-15.3383],[124.7469,-15.3414],[124.7487,-15.342]]],[[[123.77,-16.1646],[123.7705,-16.1636],[123.7673,-16.1605],[123.7676,-16.1628],[123.77,-16.1646]]],[[[124.4698,-15.3967],[124.4707,-15.3915],[124.4689,-15.3936],[124.4698,-15.3967]]],[[[123.6349,-15.8749],[123.6383,-15.8723],[123.6382,-15.8699],[123.6357,-15.8717],[123.6349,-15.8749]]],[[[124.358,-15.3537],[124.361,-15.3544],[124.3634,-15.3531],[124.359,-15.3522],[124.358,-15.3537]]],[[[124.9227,-14.5138],[124.9234,-14.5148],[124.9241,-14.5127],[124.9203,-14.5097],[124.9227,-14.5138]]],[[[124.6556,-15.4646],[124.6563,-15.4634],[124.6537,-15.4613],[124.6535,-15.4635],[124.6556,-15.4646]]],[[[124.0565,-16.0777],[124.0544,-16.074],[124.0545,-16.0772],[124.0565,-16.0777]]],[[[124.4137,-15.254],[124.4191,-15.2524],[124.4153,-15.2521],[124.4137,-15.254]]],[[[123.3486,-16.0403],[123.355,-16.0392],[123.3488,-16.0387],[123.3486,-16.0403]]],[[[124.542,-15.3747],[124.5416,-15.3736],[124.5394,-15.3744],[124.5398,-15.3775],[124.542,-15.3747]]],[[[124.6002,-15.4887],[124.602,-15.4876],[124.6025,-15.4848],[124.6002,-15.4887]]],[[[123.3605,-16.0385],[123.3604,-16.0374],[123.3557,-16.0368],[123.3605,-16.0385]]],[[[124.3799,-15.2342],[124.3816,-15.2331],[124.3813,-15.2304],[124.3799,-15.2342]]],[[[124.9092,-15.1058],[124.9102,-15.1049],[124.9067,-15.1015],[124.9063,-15.1027],[124.9092,-15.1058]]],[[[124.7197,-15.0777],[124.7207,-15.0732],[124.7191,-15.0751],[124.7197,-15.0777]]],[[[124.6452,-15.3928],[124.6434,-15.3893],[124.6423,-15.3915],[124.6452,-15.3928]]],[[[123.2965,-16.12],[123.2953,-16.1178],[123.2935,-16.1176],[123.2944,-16.1195],[123.2965,-16.12]]],[[[124.9078,-14.9229],[124.9083,-14.9199],[124.9058,-14.9221],[124.9078,-14.9229]]],[[[124.3818,-15.6919],[124.3813,-15.6946],[124.3835,-15.6925],[124.3811,-15.6902],[124.3818,-15.6919]]],[[[124.4408,-15.6564],[124.442,-15.6541],[124.4393,-15.6553],[124.4408,-15.6564]]],[[[124.4861,-15.2089],[124.4869,-15.2046],[124.4851,-15.2075],[124.4861,-15.2089]]],[[[124.4213,-15.9329],[124.4208,-15.9288],[124.4195,-15.9307],[124.4213,-15.9329]]],[[[124.3334,-15.3198],[124.3349,-15.3188],[124.333,-15.3161],[124.3334,-15.3198]]],[[[124.6791,-14.9327],[124.6808,-14.9308],[124.6799,-14.9293],[124.6791,-14.9327]]],[[[124.5712,-14.9903],[124.5719,-14.9875],[124.5707,-14.987],[124.5695,-14.9889],[124.5712,-14.9903]]],[[[124.8266,-15.0133],[124.8277,-15.0117],[124.826,-15.0098],[124.8266,-15.0133]]],[[[124.675,-14.9366],[124.6771,-14.9355],[124.6745,-14.9342],[124.675,-14.9366]]],[[[124.5907,-15.3435],[124.5928,-15.3427],[124.5927,-15.3415],[124.5899,-15.3424],[124.5907,-15.3435]]],[[[124.4751,-15.3446],[124.4778,-15.3441],[124.476,-15.3441],[124.4743,-15.3418],[124.4751,-15.3446]]],[[[124.1949,-15.9568],[124.1928,-15.9537],[124.1924,-15.9553],[124.1949,-15.9568]]],[[[124.6461,-15.4186],[124.6479,-15.4163],[124.6475,-15.4149],[124.6461,-15.4186]]],[[[124.0637,-15.9766],[124.0641,-15.9747],[124.0614,-15.9753],[124.0637,-15.9766]]],[[[123.6917,-15.9747],[123.6933,-15.9704],[123.6903,-15.9736],[123.6917,-15.9747]]],[[[124.5687,-15.9222],[124.5721,-15.9188],[124.57,-15.9195],[124.5687,-15.9222]]],[[[124.9318,-14.9122],[124.9303,-14.9066],[124.9296,-14.9091],[124.9318,-14.9122]]],[[[123.6557,-16.1574],[123.6546,-16.155],[123.6529,-16.1569],[123.6557,-16.1574]]],[[[123.4438,-16.0769],[123.4455,-16.0776],[123.4422,-16.0747],[123.4421,-16.0764],[123.4438,-16.0769]]],[[[124.6401,-15.4291],[124.6418,-15.4271],[124.6396,-15.4277],[124.6401,-15.4291]]],[[[123.2878,-16.0361],[123.2892,-16.0351],[123.2864,-16.0343],[123.2878,-16.0361]]],[[[124.5769,-15.2959],[124.5785,-15.2944],[124.5779,-15.2921],[124.5769,-15.2959]]],[[[124.9405,-15.0621],[124.9427,-15.0602],[124.9423,-15.0583],[124.9405,-15.0621]]],[[[124.5347,-14.99],[124.5358,-14.9879],[124.5341,-14.9866],[124.5347,-14.99]]],[[[124.9469,-15.3686],[124.9481,-15.3657],[124.9463,-15.3667],[124.9469,-15.3686]]],[[[124.6591,-15.1691],[124.6602,-15.167],[124.6575,-15.1676],[124.6591,-15.1691]]],[[[124.9376,-14.9161],[124.9339,-14.9129],[124.9338,-14.9145],[124.9376,-14.9161]]],[[[124.8718,-15.2791],[124.8723,-15.2769],[124.87,-15.2768],[124.8718,-15.2791]]],[[[124.597,-15.9752],[124.5948,-15.9744],[124.5953,-15.9768],[124.597,-15.9752]]],[[[124.7542,-14.9902],[124.7542,-14.9887],[124.7506,-14.9887],[124.7542,-14.9902]]],[[[123.4685,-16.1335],[123.4676,-16.1305],[123.4672,-16.1326],[123.4685,-16.1335]]],[[[124.8636,-15.3149],[124.8645,-15.3127],[124.8621,-15.3138],[124.8636,-15.3149]]],[[[124.8181,-15.3146],[124.8158,-15.3118],[124.8162,-15.3141],[124.8181,-15.3146]]],[[[123.4562,-16.1405],[123.4579,-16.1386],[123.4543,-16.1388],[123.4562,-16.1405]]],[[[124.3492,-15.3499],[124.3508,-15.3488],[124.3498,-15.3465],[124.3492,-15.3499]]],[[[124.4024,-15.3391],[124.4021,-15.3409],[124.4039,-15.3396],[124.4026,-15.338],[124.4024,-15.3391]]],[[[124.212,-15.3309],[124.2136,-15.3302],[124.2132,-15.3277],[124.212,-15.3309]]],[[[124.517,-15.1188],[124.5191,-15.1162],[124.5167,-15.1175],[124.517,-15.1188]]],[[[124.6567,-15.1669],[124.6553,-15.1647],[124.654,-15.1653],[124.6567,-15.1669]]],[[[124.4243,-15.2534],[124.4257,-15.2508],[124.4241,-15.2516],[124.4243,-15.2534]]],[[[124.6972,-15.204],[124.6982,-15.2015],[124.6964,-15.2026],[124.6972,-15.204]]],[[[123.756,-16.1134],[123.7569,-16.1129],[123.7539,-16.1104],[123.756,-16.1134]]],[[[123.4736,-16.1445],[123.4724,-16.1416],[123.4711,-16.1419],[123.4736,-16.1445]]],[[[123.4342,-16.1557],[123.436,-16.1543],[123.4332,-16.154],[123.4342,-16.1557]]],[[[123.4249,-16.1317],[123.4252,-16.1299],[123.4238,-16.1292],[123.4249,-16.1317]]],[[[124.6807,-15.7618],[124.6831,-15.759],[124.6803,-15.7607],[124.6807,-15.7618]]],[[[124.6269,-15.5082],[124.6284,-15.5077],[124.6268,-15.5063],[124.6259,-15.5077],[124.6269,-15.5082]]],[[[123.418,-16.1404],[123.4191,-16.1399],[123.4185,-16.1377],[123.418,-16.1404]]],[[[124.4618,-15.2322],[124.4632,-15.2299],[124.4617,-15.2306],[124.4618,-15.2322]]],[[[124.6681,-15.1557],[124.6692,-15.1547],[124.6672,-15.1533],[124.6668,-15.1552],[124.6681,-15.1557]]],[[[124.6682,-15.4249],[124.6696,-15.4224],[124.6675,-15.4237],[124.6682,-15.4249]]],[[[123.2914,-16.1333],[123.29,-16.131],[123.2891,-16.1317],[123.2914,-16.1333]]],[[[124.5962,-15.4875],[124.5966,-15.4851],[124.5953,-15.4849],[124.5962,-15.4875]]],[[[123.3538,-16.1653],[123.3569,-16.1649],[123.3536,-16.1638],[123.3538,-16.1653]]],[[[124.6698,-15.856],[124.669,-15.8572],[124.6702,-15.8584],[124.6705,-15.8549],[124.6698,-15.856]]],[[[124.0389,-16.0526],[124.0405,-16.0518],[124.0398,-16.0507],[124.0385,-16.0511],[124.0389,-16.0526]]],[[[124.6738,-15.4782],[124.6752,-15.4773],[124.6738,-15.4758],[124.6738,-15.4782]]],[[[124.6158,-15.0226],[124.6164,-15.0212],[124.6149,-15.0199],[124.6158,-15.0226]]],[[[124.4392,-15.3279],[124.4397,-15.326],[124.4386,-15.3257],[124.4381,-15.3275],[124.4392,-15.3279]]],[[[124.4818,-15.468],[124.4853,-15.4659],[124.4837,-15.4656],[124.4818,-15.468]]],[[[124.6525,-15.4605],[124.654,-15.4583],[124.6519,-15.4594],[124.6525,-15.4605]]],[[[124.5471,-15.4034],[124.5483,-15.4009],[124.5464,-15.4023],[124.5471,-15.4034]]],[[[124.4383,-15.372],[124.4396,-15.3712],[124.4379,-15.3703],[124.4383,-15.372]]],[[[124.4169,-15.3097],[124.4185,-15.3085],[124.4164,-15.3086],[124.4169,-15.3097]]],[[[123.4311,-16.0771],[123.4312,-16.0758],[123.4291,-16.0755],[123.4311,-16.0771]]],[[[123.3293,-16.1613],[123.3274,-16.161],[123.3288,-16.1627],[123.3293,-16.1613]]],[[[124.6384,-15.4279],[124.6394,-15.4264],[124.6382,-15.4258],[124.6384,-15.4279]]],[[[123.3471,-16.1511],[123.3497,-16.1506],[123.347,-16.15],[123.3471,-16.1511]]],[[[124.6042,-15.2618],[124.6051,-15.2594],[124.6036,-15.26],[124.6042,-15.2618]]],[[[124.6394,-15.4142],[124.6413,-15.4128],[124.6387,-15.4135],[124.6394,-15.4142]]],[[[124.8162,-14.9662],[124.8158,-14.9633],[124.8151,-14.9655],[124.8162,-14.9662]]],[[[124.6144,-15.4888],[124.6156,-15.4883],[124.6143,-15.4869],[124.6144,-15.4888]]],[[[124.9285,-14.9064],[124.9292,-14.9047],[124.9277,-14.9052],[124.9285,-14.9064]]],[[[124.9378,-15.3943],[124.9396,-15.3928],[124.9369,-15.3939],[124.9378,-15.3943]]],[[[124.8042,-15.3046],[124.8015,-15.3045],[124.8029,-15.3058],[124.8042,-15.3046]]],[[[124.4388,-15.5343],[124.4401,-15.5331],[124.4379,-15.5328],[124.4388,-15.5343]]],[[[123.3936,-16.1349],[123.3949,-16.1333],[123.3928,-16.1338],[123.3936,-16.1349]]],[[[124.8551,-15.3353],[124.856,-15.3346],[124.8548,-15.3336],[124.8551,-15.3353]]],[[[123.3217,-16.161],[123.3224,-16.1593],[123.3213,-16.1584],[123.3217,-16.161]]],[[[124.3644,-15.3562],[124.3665,-15.355],[124.3633,-15.3559],[124.3644,-15.3562]]],[[[124.4612,-15.323],[124.4604,-15.3213],[124.4597,-15.3223],[124.4612,-15.323]]],[[[124.6999,-15.2588],[124.6994,-15.2566],[124.6998,-15.2599],[124.6999,-15.2588]]],[[[123.4597,-16.1416],[123.4592,-16.1401],[123.4576,-16.1408],[123.4597,-16.1416]]],[[[123.4638,-16.142],[123.4634,-16.1397],[123.4626,-16.1404],[123.4638,-16.142]]],[[[124.6117,-15.9181],[124.613,-15.9171],[124.6118,-15.9166],[124.6117,-15.9181]]],[[[124.7004,-15.1959],[124.7018,-15.1941],[124.7004,-15.1942],[124.7004,-15.1959]]],[[[124.3406,-15.9243],[124.3417,-15.9238],[124.3412,-15.9224],[124.3406,-15.9243]]],[[[124.8857,-15.0256],[124.8865,-15.0247],[124.8852,-15.0238],[124.8857,-15.0256]]],[[[124.5135,-15.122],[124.5124,-15.1237],[124.514,-15.1232],[124.5135,-15.122]]],[[[123.4306,-16.1558],[123.4321,-16.1548],[123.4301,-16.1546],[123.4306,-16.1558]]],[[[124.9316,-14.5391],[124.9318,-14.5379],[124.9303,-14.5385],[124.9316,-14.5391]]],[[[124.7713,-15.0186],[124.7714,-15.0173],[124.7699,-15.0179],[124.7713,-15.0186]]],[[[123.5125,-16.0152],[123.5134,-16.0145],[123.5122,-16.0139],[123.5125,-16.0152]]],[[[123.6195,-16.1231],[123.62,-16.1219],[123.6186,-16.1225],[123.6195,-16.1231]]],[[[124.8438,-15.2838],[124.8431,-15.283],[124.8433,-15.2849],[124.8438,-15.2838]]],[[[125.1684,-15.5167],[125.1691,-15.5159],[125.1665,-15.514],[125.1662,-15.516],[125.1684,-15.5167]]],[[[125.155,-15.5098],[125.1537,-15.5078],[125.1519,-15.5078],[125.155,-15.5098]]],[[[125.1661,-15.5223],[125.1671,-15.5224],[125.1661,-15.5212],[125.1661,-15.5223]]],[[[125.0032,-15.5023],[125.0024,-15.5009],[125.0017,-15.5017],[125.0032,-15.5023]]],[[[124.9525,-15.3648],[124.9549,-15.3629],[124.9603,-15.362],[124.9736,-15.3517],[124.9804,-15.3522],[124.9835,-15.3498],[124.9843,-15.343],[124.9814,-15.3402],[124.9765,-15.3398],[124.9742,-15.3431],[124.9669,-15.345],[124.9624,-15.3488],[124.9536,-15.3521],[124.9496,-15.359],[124.9495,-15.3618],[124.9525,-15.3648]]],[[[125.0054,-15.4389],[125.0084,-15.4388],[125.0124,-15.4358],[125.0148,-15.432],[125.0142,-15.4298],[125.0126,-15.4316],[125.0102,-15.4312],[125.0092,-15.429],[125.0074,-15.4333],[125.0039,-15.4341],[125.0054,-15.4389]]],[[[125.0592,-15.4343],[125.0588,-15.4323],[125.0559,-15.4317],[125.0592,-15.4343]]],[[[124.9968,-15.3319],[124.9974,-15.3307],[124.9945,-15.3302],[124.9949,-15.3318],[124.9968,-15.3319]]],[[[125.1355,-15.4855],[125.1352,-15.484],[125.1324,-15.4843],[125.1355,-15.4855]]],[[[125.1335,-15.3336],[125.1367,-15.3316],[125.1327,-15.3331],[125.1335,-15.3336]]],[[[125.0011,-15.4387],[125.0024,-15.4354],[125.0007,-15.4369],[125.0011,-15.4387]]],[[[125.0229,-15.3235],[124.9955,-15.3758],[125.0194,-15.3696],[125.0364,-15.3287],[125.0229,-15.3235]]],[[[128.2641,-15.3161],[128.267,-15.327],[128.2812,-15.3385],[128.278,-15.3245],[128.2741,-15.3153],[128.2667,-15.3101],[128.2622,-15.3089],[128.2641,-15.3161]]],[[[128.251,-15.2934],[128.2658,-15.2986],[128.2438,-15.2822],[128.251,-15.2934]]],[[[128.2716,-15.2963],[128.2771,-15.3067],[128.2835,-15.3136],[128.2885,-15.3168],[128.2871,-15.3105],[128.2817,-15.3007],[128.2755,-15.2963],[128.272,-15.2951],[128.2716,-15.2963]]],[[[125.0437,-15.3181],[125.0472,-15.32],[125.0491,-15.3233],[125.0527,-15.3135],[125.0531,-15.3095],[125.0519,-15.3083],[125.0488,-15.3071],[125.0434,-15.3093],[125.0425,-15.3141],[125.0402,-15.3154],[125.0437,-15.3181]]],[[[125.008,-15.2121],[125.0111,-15.2139],[125.0156,-15.2115],[125.0164,-15.207],[125.0125,-15.2018],[125.0066,-15.2032],[125.0054,-15.2048],[125.0057,-15.2095],[125.008,-15.2121]]],[[[128.2712,-15.2822],[128.2613,-15.2781],[128.268,-15.288],[128.2734,-15.2899],[128.2756,-15.2862],[128.2712,-15.2822]]],[[[125.011,-15.3231],[125.0164,-15.3259],[125.0193,-15.3237],[125.0203,-15.3197],[125.018,-15.3166],[125.0147,-15.3171],[125.0099,-15.3204],[125.0098,-15.323],[125.011,-15.3231]]],[[[128.0929,-15.2368],[128.1032,-15.2287],[128.0949,-15.2302],[128.0927,-15.2341],[128.0929,-15.2368]]],[[[128.1027,-15.2708],[128.1055,-15.2721],[128.11,-15.2699],[128.1106,-15.2682],[128.1057,-15.2659],[128.1033,-15.2679],[128.1027,-15.2708]]],[[[128.2841,-15.316],[128.288,-15.3257],[128.2886,-15.3176],[128.2839,-15.3148],[128.2841,-15.316]]],[[[128.2376,-15.2613],[128.24,-15.2646],[128.2423,-15.2653],[128.2401,-15.2615],[128.2375,-15.2599],[128.2376,-15.2613]]],[[[125.0187,-15.2081],[125.0183,-15.2048],[125.0175,-15.2067],[125.0187,-15.2081]]],[[[125.0223,-15.319],[125.0244,-15.3174],[125.0219,-15.3175],[125.0223,-15.319]]],[[[125.0206,-15.2123],[125.0203,-15.2105],[125.0194,-15.2113],[125.0206,-15.2123]]],[[[128.1274,-15.157],[128.1981,-15.1933],[128.2007,-15.1314],[128.1635,-15.0974],[128.1523,-15.0517],[128.1248,-15.0403],[128.114,-15.1216],[128.1274,-15.157]]],[[[125.1775,-15.0502],[125.1666,-15.0205],[125.1566,-15.0482],[125.1445,-15.0417],[125.1749,-15.0789],[125.1683,-15.1149],[125.1873,-15.1233],[125.2289,-15.0996],[125.2166,-15.0978],[125.2309,-15.0706],[125.1808,-15.0682],[125.1775,-15.0502]]],[[[124.911,-15.0213],[124.9397,-15.0492],[124.9594,-15.0307],[124.9454,-15.0189],[124.9586,-15.0054],[124.9303,-15.0077],[124.9462,-14.9654],[124.9172,-14.9224],[124.92,-14.9701],[124.8894,-14.9594],[124.8768,-14.9863],[124.8817,-15.0046],[124.9211,-14.9805],[124.8977,-15.0045],[124.9205,-15.0089],[124.911,-15.0213]]],[[[124.9643,-15.0827],[124.9523,-15.0985],[124.9842,-15.0627],[124.9768,-15.0405],[124.9643,-15.0827]]],[[[128.1893,-15.2043],[128.1872,-15.1965],[128.1782,-15.1887],[128.1641,-15.1806],[128.1569,-15.1791],[128.1529,-15.1801],[128.1889,-15.2122],[128.1893,-15.2043]]],[[[124.9423,-15.0718],[124.9448,-15.0753],[124.9469,-15.073],[124.9508,-15.0724],[124.952,-15.0684],[124.9576,-15.0602],[124.9587,-15.0513],[124.962,-15.0464],[124.962,-15.0444],[124.9591,-15.0412],[124.9532,-15.0436],[124.9436,-15.0571],[124.9484,-15.0558],[124.9489,-15.057],[124.9484,-15.0584],[124.9451,-15.0587],[124.944,-15.0637],[124.9487,-15.063],[124.9512,-15.0644],[124.9451,-15.0659],[124.9436,-15.0677],[124.9427,-15.0663],[124.9403,-15.0666],[124.9399,-15.0702],[124.9423,-15.0718]]],[[[125.2477,-15.0946],[125.2478,-15.0778],[125.2279,-15.0961],[125.2477,-15.0946]]],[[[128.1032,-15.1721],[128.1033,-15.1767],[128.1016,-15.1779],[128.0994,-15.1857],[128.0986,-15.1958],[128.0998,-15.1966],[128.1078,-15.1916],[128.1143,-15.1714],[128.1119,-15.1672],[128.107,-15.1646],[128.1042,-15.1676],[128.1032,-15.1721]]],[[[125.4499,-15.1401],[125.4531,-15.1412],[125.4629,-15.1409],[125.4767,-15.1505],[125.4807,-15.1495],[125.4814,-15.1404],[125.4778,-15.1373],[125.4641,-15.1388],[125.4547,-15.1367],[125.4486,-15.1373],[125.4499,-15.1401]]],[[[125.3544,-15.0233],[125.3557,-15.0248],[125.3551,-15.0282],[125.3611,-15.0299],[125.3646,-15.0202],[125.3631,-15.0163],[125.3649,-15.0151],[125.3668,-15.0104],[125.3608,-15.0102],[125.3555,-15.0145],[125.3562,-15.0171],[125.3542,-15.0206],[125.3544,-15.0233]]],[[[125.3505,-15.0781],[125.3464,-15.0791],[125.348,-15.0812],[125.3466,-15.082],[125.3478,-15.083],[125.3468,-15.0842],[125.3577,-15.0861],[125.3612,-15.0845],[125.3594,-15.083],[125.3632,-15.0825],[125.3667,-15.0787],[125.3647,-15.0786],[125.3631,-15.074],[125.3614,-15.0744],[125.3598,-15.0717],[125.3562,-15.0727],[125.3546,-15.0775],[125.3521,-15.0757],[125.3528,-15.0778],[125.3505,-15.0781]]],[[[125.3347,-15.1051],[125.3382,-15.1048],[125.3361,-15.0999],[125.3369,-15.0942],[125.3308,-15.0895],[125.3304,-15.1001],[125.3347,-15.1051]]],[[[124.9713,-15.1952],[124.973,-15.1857],[124.9716,-15.1848],[124.9663,-15.1864],[124.9648,-15.1913],[124.9665,-15.1946],[124.9713,-15.1952]]],[[[125.373,-15.127],[125.3761,-15.1296],[125.3838,-15.1303],[125.3829,-15.1283],[125.3696,-15.1229],[125.3701,-15.1251],[125.373,-15.127]]],[[[124.9764,-15.189],[124.9807,-15.184],[124.9808,-15.1809],[124.9789,-15.179],[124.976,-15.18],[124.9751,-15.183],[124.9764,-15.189]]],[[[125.4448,-15.1349],[125.4555,-15.1344],[125.453,-15.1317],[125.4502,-15.1314],[125.4392,-15.1338],[125.4448,-15.1349]]],[[[125.3027,-15.0735],[125.3049,-15.0727],[125.3063,-15.07],[125.2997,-15.0636],[125.3004,-15.0697],[125.3027,-15.0735]]],[[[125.4221,-15.1406],[125.4314,-15.138],[125.4251,-15.1364],[125.4228,-15.1377],[125.4221,-15.1406]]],[[[128.1128,-15.0045],[128.1143,-15.0066],[128.1197,-15.0047],[128.1145,-15.003],[128.1134,-15.0013],[128.1128,-15.0045]]],[[[125.1046,-15.0089],[125.1098,-15.0058],[125.1099,-15.004],[125.1036,-15.0049],[125.1021,-15.0079],[125.1046,-15.0089]]],[[[125.0394,-15.1706],[125.0431,-15.1691],[125.0448,-15.167],[125.0439,-15.1652],[125.0391,-15.1682],[125.0394,-15.1706]]],[[[125.4428,-15.141],[125.4471,-15.1396],[125.444,-15.1381],[125.4394,-15.1389],[125.4428,-15.141]]],[[[125.2611,-15.0864],[125.2633,-15.087],[125.2643,-15.0859],[125.2609,-15.0819],[125.2597,-15.0843],[125.2611,-15.0864]]],[[[125.2565,-15.0875],[125.259,-15.0872],[125.259,-15.0847],[125.257,-15.0841],[125.2555,-15.0856],[125.2565,-15.0875]]],[[[125.2832,-15.0297],[125.2868,-15.0331],[125.2833,-15.0272],[125.2832,-15.0297]]],[[[125.2813,-15.0237],[125.2838,-15.027],[125.2834,-15.023],[125.2813,-15.0237]]],[[[125.0976,-14.9891],[125.0984,-14.9867],[125.0974,-14.985],[125.0959,-14.9871],[125.0976,-14.9891]]],[[[125.295,-15.0568],[125.2952,-15.0539],[125.293,-15.0526],[125.295,-15.0568]]],[[[125.2501,-15.032],[125.2554,-15.0292],[125.2526,-15.0296],[125.2501,-15.032]]],[[[125.2738,-14.99],[125.2762,-14.9905],[125.2777,-14.9893],[125.2758,-14.9881],[125.2734,-14.989],[125.2738,-14.99]]],[[[125.2304,-15.0008],[125.2326,-15.0007],[125.2327,-14.9994],[125.2305,-14.9989],[125.229,-15.0004],[125.2304,-15.0008]]],[[[125.3419,-15.0801],[125.3431,-15.0798],[125.3416,-15.0776],[125.3389,-15.0768],[125.3419,-15.0801]]],[[[125.351,-15.123],[125.3522,-15.1222],[125.3508,-15.121],[125.3489,-15.1221],[125.351,-15.123]]],[[[125.3306,-15.0516],[125.3322,-15.0496],[125.3304,-15.0482],[125.3306,-15.0516]]],[[[125.2823,-14.9996],[125.2834,-14.9982],[125.2815,-14.9975],[125.2823,-14.9996]]],[[[125.4716,-15.0037],[125.4723,-15.0026],[125.4705,-15.0016],[125.4716,-15.0037]]],[[[125.1254,-15.0839],[125.1261,-15.0817],[125.1249,-15.0822],[125.1254,-15.0839]]],[[[125.1971,-15.1219],[125.1977,-15.1202],[125.1961,-15.1216],[125.1971,-15.1219]]],[[[128.4452,-14.8951],[128.4672,-14.9283],[128.467,-14.8986],[128.4461,-14.8799],[128.4452,-14.8951]]],[[[128.3034,-14.7511],[128.3342,-14.7594],[128.2953,-14.7346],[128.3034,-14.7511]]],[[[125.2294,-14.9951],[125.2512,-14.9925],[125.2492,-14.968],[125.2294,-14.9951]]],[[[125.1953,-14.9449],[125.1972,-14.9675],[125.2085,-14.9527],[125.1953,-14.9449]]],[[[125.0273,-14.7926],[125.0302,-14.7894],[125.0296,-14.7873],[125.032,-14.782],[125.0263,-14.7735],[125.0257,-14.7704],[125.0273,-14.7664],[125.0258,-14.7653],[125.0181,-14.7721],[125.0201,-14.7767],[125.0172,-14.7779],[125.017,-14.7801],[125.0178,-14.7813],[125.0238,-14.78],[125.0231,-14.7817],[125.0244,-14.7833],[125.0231,-14.785],[125.0219,-14.784],[125.0205,-14.7869],[125.0221,-14.7907],[125.026,-14.79],[125.0256,-14.7924],[125.0273,-14.7926]]],[[[125.1815,-14.8529],[125.179,-14.852],[125.1802,-14.8539],[125.1773,-14.8576],[125.1776,-14.8599],[125.1762,-14.8594],[125.1782,-14.8612],[125.1776,-14.8636],[125.1803,-14.866],[125.1794,-14.8685],[125.1865,-14.8755],[125.1871,-14.8728],[125.1895,-14.8713],[125.1878,-14.8693],[125.189,-14.8675],[125.1854,-14.8645],[125.1856,-14.8568],[125.1841,-14.8528],[125.1815,-14.8512],[125.1815,-14.8529]]],[[[128.4329,-14.8743],[128.44,-14.8859],[128.4281,-14.8632],[128.4329,-14.8743]]],[[[125.1402,-14.7652],[125.1399,-14.7693],[125.1414,-14.7671],[125.1443,-14.7676],[125.1454,-14.7647],[125.1435,-14.7576],[125.137,-14.749],[125.1368,-14.7523],[125.1341,-14.7531],[125.1356,-14.7558],[125.1348,-14.758],[125.1376,-14.7596],[125.1374,-14.7624],[125.1383,-14.7612],[125.14,-14.7621],[125.1424,-14.7598],[125.1428,-14.7617],[125.1402,-14.7652]]],[[[125.171,-14.9394],[125.1735,-14.9397],[125.1741,-14.9437],[125.1763,-14.9442],[125.1765,-14.9391],[125.1755,-14.94],[125.1748,-14.9379],[125.1763,-14.9265],[125.1749,-14.9259],[125.1706,-14.9272],[125.171,-14.9394]]],[[[125.1268,-14.7612],[125.1292,-14.7597],[125.1294,-14.7572],[125.1314,-14.7591],[125.1336,-14.7564],[125.1335,-14.7521],[125.1316,-14.7516],[125.1297,-14.7473],[125.1277,-14.7491],[125.128,-14.7535],[125.1259,-14.7558],[125.1245,-14.7549],[125.1237,-14.7571],[125.1268,-14.7612]]],[[[125.1351,-14.67],[125.1446,-14.6673],[125.1449,-14.6646],[125.147,-14.665],[125.1476,-14.6637],[125.1437,-14.6629],[125.1407,-14.6639],[125.1403,-14.662],[125.1382,-14.6611],[125.1362,-14.663],[125.1376,-14.6658],[125.1363,-14.6663],[125.1349,-14.6647],[125.1315,-14.6664],[125.1298,-14.6654],[125.1312,-14.6682],[125.1351,-14.67]]],[[[125.1429,-14.808],[125.1475,-14.8016],[125.1473,-14.7963],[125.1458,-14.7949],[125.1405,-14.8015],[125.1429,-14.808]]],[[[125.2283,-14.9128],[125.2297,-14.9085],[125.2288,-14.9032],[125.2262,-14.9022],[125.224,-14.9095],[125.2283,-14.9128]]],[[[125.1786,-14.9558],[125.1768,-14.9536],[125.1755,-14.9603],[125.1794,-14.9648],[125.18,-14.9603],[125.1786,-14.9558]]],[[[125.0293,-14.8128],[125.0328,-14.8091],[125.0327,-14.8071],[125.0345,-14.8064],[125.0341,-14.8044],[125.0315,-14.8041],[125.0305,-14.8055],[125.0281,-14.8112],[125.0293,-14.8128]]],[[[125.2065,-14.6722],[125.2088,-14.6696],[125.2053,-14.6643],[125.2038,-14.6679],[125.2065,-14.6722]]],[[[125.1741,-14.8379],[125.1775,-14.841],[125.1778,-14.8383],[125.1792,-14.8382],[125.1779,-14.8369],[125.1783,-14.8336],[125.1765,-14.8329],[125.1748,-14.8343],[125.1755,-14.8367],[125.1741,-14.8379]]],[[[125.1999,-14.8501],[125.1998,-14.8516],[125.2026,-14.8519],[125.2058,-14.8459],[125.2043,-14.8457],[125.1999,-14.8501]]],[[[128.7742,-14.772],[128.7777,-14.7721],[128.7765,-14.7717],[128.7768,-14.7698],[128.7788,-14.7683],[128.7694,-14.7675],[128.7736,-14.7696],[128.7742,-14.772]]],[[[125.1327,-14.6649],[125.1345,-14.6605],[125.1316,-14.6588],[125.1296,-14.6613],[125.1309,-14.6625],[125.1302,-14.6638],[125.1327,-14.6649]]],[[[125.1891,-14.6807],[125.1937,-14.68],[125.1929,-14.6767],[125.1916,-14.676],[125.1896,-14.6795],[125.1885,-14.6784],[125.1847,-14.6795],[125.1891,-14.6807]]],[[[125.0227,-14.97],[125.0237,-14.9669],[125.0229,-14.9648],[125.0208,-14.9647],[125.0195,-14.9683],[125.0227,-14.97]]],[[[124.9781,-14.7151],[124.9799,-14.713],[124.9766,-14.7122],[124.9762,-14.7099],[124.9732,-14.7097],[124.9781,-14.7151]]],[[[125.2077,-14.9191],[125.2155,-14.9158],[125.2111,-14.9158],[125.2072,-14.9176],[125.2077,-14.9191]]],[[[125.1425,-14.9182],[125.1425,-14.9151],[125.1392,-14.9127],[125.1425,-14.9182]]],[[[125.2507,-14.8913],[125.2533,-14.8904],[125.2534,-14.8892],[125.249,-14.8893],[125.2507,-14.8913]]],[[[125.1467,-14.7769],[125.1479,-14.7741],[125.146,-14.7715],[125.1452,-14.7745],[125.1467,-14.7769]]],[[[125.2044,-14.9838],[125.2066,-14.9842],[125.2077,-14.98],[125.2043,-14.9815],[125.2057,-14.9831],[125.2044,-14.9838]]],[[[125.1699,-14.8408],[125.1717,-14.8398],[125.1711,-14.8376],[125.1679,-14.8394],[125.1699,-14.8408]]],[[[125.1601,-14.9621],[125.1634,-14.9579],[125.1606,-14.9585],[125.1593,-14.9602],[125.1601,-14.9621]]],[[[128.6351,-14.7228],[128.6367,-14.7255],[128.6364,-14.7228],[128.6329,-14.7195],[128.6329,-14.7216],[128.6351,-14.7228]]],[[[125.2018,-14.6831],[125.2029,-14.6864],[125.2023,-14.6801],[125.2018,-14.6831]]],[[[125.2167,-14.9414],[125.2181,-14.943],[125.2206,-14.9424],[125.2193,-14.9404],[125.2162,-14.9405],[125.2167,-14.9414]]],[[[125.2109,-14.8727],[125.2109,-14.8703],[125.2087,-14.869],[125.2086,-14.8712],[125.2109,-14.8727]]],[[[125.193,-14.692],[125.1947,-14.6916],[125.1943,-14.6897],[125.1919,-14.6904],[125.193,-14.692]]],[[[125.181,-14.8239],[125.1831,-14.824],[125.1803,-14.8208],[125.181,-14.8239]]],[[[125.1742,-14.7958],[125.1752,-14.793],[125.1739,-14.7916],[125.1742,-14.7958]]],[[[125.1823,-14.9627],[125.1847,-14.9603],[125.1822,-14.9601],[125.1812,-14.9618],[125.1823,-14.9627]]],[[[125.1832,-14.8302],[125.1829,-14.825],[125.182,-14.8293],[125.1832,-14.8302]]],[[[125.1802,-14.831],[125.1814,-14.8301],[125.1811,-14.8279],[125.1785,-14.8288],[125.1802,-14.831]]],[[[125.2759,-14.9849],[125.274,-14.9868],[125.2752,-14.9878],[125.2764,-14.9874],[125.2759,-14.9849]]],[[[125.1495,-14.9218],[125.1511,-14.9197],[125.1502,-14.9187],[125.1476,-14.9196],[125.1495,-14.9218]]],[[[125.1863,-14.8195],[125.1851,-14.8163],[125.184,-14.8177],[125.1863,-14.8195]]],[[[125.1527,-14.7841],[125.1538,-14.7837],[125.1531,-14.7814],[125.1518,-14.7825],[125.1527,-14.7841]]],[[[125.3149,-14.8877],[125.3159,-14.8865],[125.3144,-14.8853],[125.3137,-14.8873],[125.3149,-14.8877]]],[[[125.1453,-14.7715],[125.1445,-14.7677],[125.144,-14.77],[125.1453,-14.7715]]],[[[125.2041,-14.8763],[125.2056,-14.8753],[125.2026,-14.8743],[125.2041,-14.8763]]],[[[125.018,-14.7879],[125.0186,-14.7855],[125.0164,-14.7876],[125.018,-14.7879]]],[[[125.1437,-14.7797],[125.1458,-14.7791],[125.145,-14.7771],[125.1437,-14.7797]]],[[[125.2135,-14.9428],[125.213,-14.94],[125.2124,-14.9419],[125.2135,-14.9428]]],[[[125.2497,-14.9853],[125.2507,-14.9862],[125.2518,-14.9842],[125.2497,-14.9853]]],[[[125.1508,-14.7805],[125.1519,-14.7802],[125.1515,-14.778],[125.1508,-14.7805]]],[[[125.2607,-14.9799],[125.2622,-14.9802],[125.2622,-14.9781],[125.2607,-14.9799]]],[[[125.2424,-14.6727],[125.2431,-14.6708],[125.2421,-14.6701],[125.2424,-14.6727]]],[[[125.133,-14.919],[125.1326,-14.9172],[125.1311,-14.9177],[125.133,-14.919]]],[[[125.2738,-14.9254],[125.274,-14.9244],[125.2725,-14.9244],[125.2738,-14.9254]]],[[[125.1797,-14.8353],[125.1792,-14.8336],[125.1786,-14.8349],[125.1797,-14.8353]]],[[[125.1343,-14.6465],[125.1521,-14.6555],[125.1674,-14.6198],[125.1809,-14.6344],[125.1853,-14.6099],[125.2143,-14.6072],[125.1996,-14.5625],[125.1805,-14.5597],[125.2011,-14.5478],[125.2161,-14.4957],[125.1903,-14.473],[125.1801,-14.4839],[125.185,-14.4592],[125.1654,-14.4399],[125.1512,-14.4527],[125.1605,-14.4712],[125.1166,-14.5026],[125.1326,-14.5291],[125.1498,-14.5196],[125.1344,-14.5451],[125.1516,-14.5658],[125.1341,-14.5767],[125.1322,-14.5517],[125.0961,-14.5462],[125.0926,-14.6259],[125.1081,-14.6428],[125.1364,-14.6284],[125.1343,-14.6465]]],[[[126.0089,-14.2819],[125.9866,-14.2893],[125.9851,-14.3133],[126.0222,-14.3533],[126.0234,-14.3285],[126.0468,-14.328],[126.0043,-14.3027],[126.0089,-14.2819]]],[[[125.7178,-14.477],[125.7551,-14.4598],[125.7388,-14.4292],[125.7486,-14.4116],[125.7225,-14.4148],[125.7178,-14.477]]],[[[125.5303,-14.4284],[125.5114,-14.4444],[125.5235,-14.485],[125.5593,-14.4942],[125.5303,-14.4284]]],[[[125.2491,-14.6224],[125.2044,-14.6522],[125.2283,-14.6584],[125.2361,-14.6328],[125.248,-14.653],[125.267,-14.6462],[125.2491,-14.6224]]],[[[125.9501,-14.3367],[125.9235,-14.3754],[125.9413,-14.389],[125.9705,-14.3479],[125.9617,-14.3233],[125.9501,-14.3367]]],[[[127.84,-14.4641],[127.8526,-14.4791],[127.8724,-14.4372],[127.8544,-14.4345],[127.84,-14.4641]]],[[[125.452,-14.4975],[125.4733,-14.5119],[125.4971,-14.4997],[125.4449,-14.4808],[125.452,-14.4975]]],[[[126.0088,-14.2357],[125.9935,-14.2437],[126.0432,-14.2334],[126.0088,-14.2357]]],[[[124.9917,-14.529],[124.9904,-14.4845],[124.9764,-14.5058],[124.9917,-14.529]]],[[[125.9953,-14.3765],[125.9904,-14.3609],[125.971,-14.3882],[125.9953,-14.3765]]],[[[125.2762,-14.5879],[125.2653,-14.5637],[125.2544,-14.5793],[125.2762,-14.5879]]],[[[124.9778,-14.4176],[124.9735,-14.3835],[124.9593,-14.4017],[124.9733,-14.3976],[124.9778,-14.4176]]],[[[124.9782,-14.4483],[124.9948,-14.446],[124.9846,-14.4273],[124.9782,-14.4483]]],[[[125.2893,-14.278],[125.2985,-14.2941],[125.3099,-14.283],[125.2893,-14.278]]],[[[125.2498,-14.4284],[125.2716,-14.4146],[125.2474,-14.4152],[125.2498,-14.4284]]],[[[125.2116,-14.3148],[125.2189,-14.3106],[125.2219,-14.3104],[125.2283,-14.3041],[125.2282,-14.2963],[125.2237,-14.2916],[125.2224,-14.2867],[125.22,-14.2872],[125.2177,-14.2908],[125.2169,-14.2983],[125.2114,-14.3082],[125.2104,-14.3121],[125.2116,-14.3148]]],[[[126.5766,-14.2118],[126.591,-14.2236],[126.5783,-14.1969],[126.5766,-14.2118]]],[[[125.2684,-14.4812],[125.2706,-14.4833],[125.2722,-14.4827],[125.273,-14.4783],[125.2705,-14.4721],[125.2668,-14.468],[125.2659,-14.464],[125.2625,-14.4634],[125.2601,-14.4606],[125.2549,-14.4613],[125.2486,-14.4645],[125.2481,-14.472],[125.2537,-14.4706],[125.2607,-14.4745],[125.2597,-14.4718],[125.2628,-14.4733],[125.2648,-14.4707],[125.2684,-14.4812]]],[[[127.8116,-14.3776],[127.8233,-14.3667],[127.8109,-14.3529],[127.8116,-14.3776]]],[[[125.9844,-14.4467],[125.9885,-14.4489],[125.9947,-14.4481],[126.0027,-14.4431],[126.0047,-14.4382],[125.9965,-14.4351],[125.988,-14.4357],[125.9859,-14.4366],[125.9827,-14.4416],[125.9828,-14.4464],[125.9844,-14.4467]]],[[[125.7309,-14.1928],[125.7377,-14.1904],[125.7399,-14.1839],[125.7378,-14.1774],[125.7357,-14.1756],[125.7302,-14.1747],[125.7264,-14.177],[125.7225,-14.1829],[125.726,-14.1912],[125.7278,-14.1915],[125.7298,-14.189],[125.7319,-14.1896],[125.7304,-14.1911],[125.7309,-14.1928]]],[[[125.9942,-14.3216],[125.9928,-14.3202],[125.9891,-14.3206],[125.9764,-14.3282],[125.9738,-14.3346],[125.9763,-14.3379],[125.9779,-14.338],[125.9794,-14.3359],[125.978,-14.334],[125.9791,-14.3331],[125.9828,-14.3375],[125.987,-14.3332],[125.9869,-14.3309],[125.9913,-14.3295],[125.9942,-14.3216]]],[[[125.505,-14.4351],[125.517,-14.4349],[125.5169,-14.4326],[125.5228,-14.4237],[125.5222,-14.4227],[125.5197,-14.4253],[125.5165,-14.4239],[125.5135,-14.4258],[125.5118,-14.4248],[125.5086,-14.4277],[125.5039,-14.4246],[125.5008,-14.4304],[125.505,-14.4351]]],[[[125.4213,-14.5636],[125.4191,-14.5648],[125.4228,-14.5663],[125.4227,-14.5634],[125.4247,-14.5614],[125.4338,-14.5581],[125.4358,-14.5548],[125.4343,-14.5512],[125.426,-14.548],[125.425,-14.5493],[125.4268,-14.5504],[125.4219,-14.551],[125.4192,-14.5589],[125.423,-14.5601],[125.4195,-14.5621],[125.4197,-14.5635],[125.4213,-14.5636]]],[[[125.5822,-14.3641],[125.5834,-14.3628],[125.5813,-14.361],[125.5844,-14.3628],[125.586,-14.3587],[125.584,-14.3524],[125.5798,-14.3479],[125.5775,-14.3483],[125.5732,-14.3595],[125.5751,-14.3597],[125.5756,-14.3627],[125.5768,-14.3617],[125.5777,-14.3652],[125.5812,-14.3652],[125.5828,-14.3687],[125.5856,-14.3697],[125.5857,-14.3671],[125.584,-14.3669],[125.5822,-14.3641]]],[[[125.4284,-14.5417],[125.4263,-14.5445],[125.4381,-14.5471],[125.4412,-14.5431],[125.4417,-14.5396],[125.4367,-14.5346],[125.437,-14.5319],[125.4342,-14.5311],[125.4301,-14.5338],[125.4305,-14.5387],[125.4284,-14.5417]]],[[[125.6755,-14.3681],[125.6741,-14.3661],[125.6697,-14.3678],[125.6691,-14.3696],[125.6699,-14.3783],[125.6707,-14.3796],[125.6724,-14.3785],[125.6732,-14.3815],[125.6745,-14.3797],[125.678,-14.3801],[125.6811,-14.3759],[125.6814,-14.3704],[125.6789,-14.3683],[125.6755,-14.3681]]],[[[125.6807,-14.1649],[125.6808,-14.1613],[125.6783,-14.1576],[125.6781,-14.1605],[125.6758,-14.1627],[125.6723,-14.1629],[125.6693,-14.1667],[125.6752,-14.1707],[125.6774,-14.1736],[125.6755,-14.1752],[125.6762,-14.1759],[125.6826,-14.1773],[125.682,-14.1719],[125.6832,-14.1684],[125.6807,-14.1649]]],[[[126.5743,-14.2267],[126.5864,-14.2248],[126.5748,-14.2042],[126.5743,-14.2267]]],[[[125.7865,-14.1704],[125.7893,-14.1708],[125.7927,-14.1683],[125.7942,-14.1607],[125.79,-14.1565],[125.7801,-14.1552],[125.778,-14.1579],[125.7875,-14.1645],[125.7882,-14.1674],[125.7865,-14.1704]]],[[[127.7043,-14.2391],[127.7017,-14.2407],[127.7036,-14.2446],[127.7073,-14.2459],[127.7088,-14.2433],[127.7121,-14.2443],[127.7124,-14.2406],[127.7163,-14.2385],[127.7157,-14.2336],[127.7119,-14.2332],[127.7102,-14.2345],[127.7105,-14.236],[127.7077,-14.237],[127.7058,-14.2357],[127.7043,-14.2391]]],[[[125.4421,-14.5684],[125.4392,-14.5681],[125.4363,-14.576],[125.4328,-14.5797],[125.4347,-14.5828],[125.4379,-14.5834],[125.4424,-14.5804],[125.4436,-14.575],[125.4417,-14.5718],[125.4421,-14.5684]]],[[[125.4995,-14.5108],[125.5058,-14.5085],[125.4996,-14.5058],[125.5001,-14.5041],[125.5038,-14.504],[125.5051,-14.502],[125.504,-14.4999],[125.4975,-14.5008],[125.4918,-14.5064],[125.4956,-14.5103],[125.4995,-14.5108]]],[[[125.2368,-14.4262],[125.2379,-14.4297],[125.2416,-14.4296],[125.2438,-14.4261],[125.244,-14.4224],[125.2401,-14.4198],[125.2392,-14.4142],[125.2376,-14.4136],[125.2368,-14.4262]]],[[[125.1971,-14.4723],[125.2063,-14.4663],[125.2016,-14.4608],[125.1991,-14.4615],[125.1954,-14.4659],[125.1993,-14.4662],[125.1965,-14.4685],[125.1971,-14.4723]]],[[[126.2856,-14.1713],[126.2905,-14.1668],[126.2965,-14.167],[126.2992,-14.1641],[126.2968,-14.1603],[126.2916,-14.1595],[126.2894,-14.1643],[126.2856,-14.1677],[126.2856,-14.1713]]],[[[125.4067,-14.3441],[125.4087,-14.3448],[125.411,-14.3428],[125.4112,-14.3365],[125.4094,-14.3338],[125.404,-14.3344],[125.4041,-14.3384],[125.4067,-14.3441]]],[[[125.3161,-14.2733],[125.3204,-14.268],[125.3199,-14.2642],[125.3185,-14.2623],[125.3136,-14.2613],[125.3161,-14.2733]]],[[[125.7144,-14.3554],[125.72,-14.354],[125.7208,-14.3521],[125.717,-14.3531],[125.7145,-14.3496],[125.7089,-14.3472],[125.7086,-14.3533],[125.7114,-14.3554],[125.7133,-14.3545],[125.7144,-14.3554]]],[[[125.3162,-14.2975],[125.3164,-14.2958],[125.3132,-14.297],[125.3103,-14.3043],[125.3215,-14.2996],[125.3196,-14.2969],[125.3178,-14.2982],[125.3162,-14.2975]]],[[[125.9201,-14.3264],[125.9186,-14.3294],[125.9262,-14.3286],[125.928,-14.3261],[125.9343,-14.3291],[125.9306,-14.3267],[125.9306,-14.3241],[125.9287,-14.3218],[125.9271,-14.3235],[125.9206,-14.325],[125.9201,-14.3264]]],[[[125.233,-14.4438],[125.2365,-14.4419],[125.2391,-14.4381],[125.2366,-14.4333],[125.2342,-14.4345],[125.2348,-14.4367],[125.2313,-14.4403],[125.233,-14.4438]]],[[[125.6663,-14.1789],[125.664,-14.1786],[125.6637,-14.1801],[125.6598,-14.1817],[125.6615,-14.1832],[125.6676,-14.183],[125.6673,-14.1808],[125.6706,-14.178],[125.6695,-14.1761],[125.6722,-14.1747],[125.6707,-14.1706],[125.668,-14.1743],[125.6681,-14.1783],[125.6663,-14.1789]]],[[[125.3022,-14.6528],[125.3065,-14.6474],[125.2995,-14.6438],[125.2997,-14.6481],[125.2967,-14.6493],[125.3022,-14.6528]]],[[[124.998,-14.484],[125.0037,-14.4816],[125.0068,-14.4751],[125.0056,-14.4735],[125.0011,-14.474],[125.0008,-14.48],[124.9961,-14.4833],[124.998,-14.484]]],[[[125.7714,-14.3256],[125.7733,-14.3265],[125.7721,-14.3242],[125.7733,-14.3219],[125.7709,-14.3222],[125.7674,-14.3195],[125.7614,-14.3238],[125.7628,-14.3255],[125.7686,-14.3238],[125.7691,-14.3261],[125.7714,-14.3256]]],[[[125.3413,-14.5019],[125.3421,-14.498],[125.3447,-14.4988],[125.3454,-14.4929],[125.3379,-14.4981],[125.3382,-14.502],[125.3412,-14.5049],[125.3413,-14.5019]]],[[[127.7309,-14.2636],[127.7345,-14.2628],[127.7343,-14.2591],[127.7292,-14.2587],[127.7269,-14.2564],[127.7252,-14.257],[127.7249,-14.2598],[127.7281,-14.2605],[127.7309,-14.2636]]],[[[125.4067,-14.5429],[125.4144,-14.5399],[125.4115,-14.539],[125.4109,-14.5355],[125.4089,-14.5352],[125.4051,-14.5389],[125.4046,-14.5415],[125.4067,-14.5429]]],[[[125.3211,-14.5563],[125.3234,-14.5558],[125.3269,-14.5582],[125.3295,-14.5567],[125.3301,-14.5535],[125.3284,-14.5513],[125.3264,-14.5521],[125.3262,-14.5549],[125.3216,-14.5505],[125.3211,-14.5563]]],[[[125.2563,-14.4812],[125.2553,-14.4762],[125.2516,-14.4767],[125.2505,-14.4797],[125.2566,-14.4877],[125.2563,-14.4812]]],[[[126.5908,-14.2116],[126.5888,-14.2013],[126.5836,-14.1967],[126.5815,-14.1995],[126.5855,-14.2004],[126.5881,-14.2034],[126.5871,-14.2079],[126.5908,-14.2116]]],[[[125.8264,-14.2668],[125.828,-14.2685],[125.8307,-14.2664],[125.8277,-14.2542],[125.8263,-14.2552],[125.8264,-14.2668]]],[[[125.9299,-14.6431],[125.932,-14.6477],[125.9341,-14.6442],[125.9331,-14.6406],[125.928,-14.6389],[125.9271,-14.6408],[125.9299,-14.6431]]],[[[125.2722,-14.6484],[125.2731,-14.6478],[125.2747,-14.6495],[125.2775,-14.647],[125.276,-14.6416],[125.2713,-14.6432],[125.2707,-14.6464],[125.2722,-14.6484]]],[[[125.4925,-14.4868],[125.4942,-14.4867],[125.4969,-14.49],[125.4981,-14.4894],[125.495,-14.4866],[125.4968,-14.4835],[125.4939,-14.4833],[125.493,-14.4814],[125.4892,-14.4837],[125.4894,-14.4864],[125.4925,-14.4868]]],[[[125.9059,-14.5178],[125.9039,-14.5189],[125.9042,-14.5216],[125.9033,-14.5208],[125.9011,-14.5234],[125.9093,-14.5237],[125.9087,-14.5192],[125.9059,-14.5178]]],[[[125.3355,-14.5151],[125.3414,-14.5149],[125.3382,-14.5103],[125.3353,-14.5092],[125.3334,-14.5135],[125.3355,-14.5151]]],[[[125.8259,-14.2323],[125.8303,-14.2297],[125.8273,-14.226],[125.8255,-14.2264],[125.8255,-14.2281],[125.8228,-14.2303],[125.8237,-14.232],[125.8259,-14.2323]]],[[[125.428,-14.4113],[125.4307,-14.4097],[125.4319,-14.4054],[125.4284,-14.4051],[125.4238,-14.4092],[125.428,-14.4113]]],[[[125.6552,-14.6202],[125.6537,-14.6238],[125.6545,-14.6269],[125.658,-14.6211],[125.6587,-14.613],[125.6552,-14.6202]]],[[[126.0028,-14.3497],[126.005,-14.3497],[126.005,-14.3457],[125.9992,-14.3438],[125.9988,-14.3451],[126.0028,-14.3497]]],[[[125.4034,-14.369],[125.4075,-14.3652],[125.4073,-14.3626],[125.4007,-14.3659],[125.4034,-14.369]]],[[[125.1613,-14.6496],[125.1598,-14.6515],[125.1617,-14.653],[125.1622,-14.6508],[125.1642,-14.651],[125.1652,-14.6476],[125.1666,-14.6471],[125.1649,-14.6467],[125.1635,-14.6436],[125.1609,-14.6474],[125.1613,-14.6496]]],[[[125.7639,-14.2157],[125.7692,-14.2112],[125.7667,-14.2077],[125.7649,-14.2086],[125.7639,-14.2157]]],[[[125.6556,-14.6081],[125.6573,-14.6061],[125.6579,-14.6013],[125.653,-14.6029],[125.6556,-14.6081]]],[[[125.4105,-14.5272],[125.4056,-14.5337],[125.4064,-14.5354],[125.411,-14.5317],[125.4135,-14.5243],[125.4105,-14.5272]]],[[[126.05,-14.2044],[126.0462,-14.2023],[126.0444,-14.2036],[126.046,-14.208],[126.0498,-14.2074],[126.05,-14.2044]]],[[[125.4358,-14.5631],[125.4378,-14.562],[125.4397,-14.5555],[125.4335,-14.56],[125.4358,-14.5631]]],[[[125.0935,-14.6396],[125.0957,-14.6389],[125.0935,-14.6376],[125.0936,-14.6358],[125.0954,-14.6352],[125.0963,-14.6318],[125.0915,-14.6309],[125.0928,-14.6346],[125.092,-14.6376],[125.0935,-14.6396]]],[[[125.658,-14.1937],[125.6619,-14.1902],[125.6597,-14.1857],[125.6566,-14.1897],[125.658,-14.1937]]],[[[125.2785,-14.5589],[125.281,-14.5588],[125.2827,-14.5538],[125.2798,-14.5519],[125.2776,-14.5577],[125.2785,-14.5589]]],[[[125.3109,-14.2611],[125.3084,-14.2552],[125.3066,-14.258],[125.3085,-14.2608],[125.3084,-14.2632],[125.3102,-14.2636],[125.3109,-14.2611]]],[[[124.9857,-14.4791],[124.9873,-14.4732],[124.9867,-14.4699],[124.985,-14.469],[124.9857,-14.4791]]],[[[125.3967,-14.5544],[125.3954,-14.553],[125.3929,-14.5539],[125.3916,-14.5572],[125.3964,-14.5574],[125.3967,-14.5544]]],[[[125.2411,-14.6126],[125.2451,-14.6118],[125.2447,-14.6096],[125.2436,-14.611],[125.241,-14.6093],[125.2384,-14.6105],[125.2385,-14.6131],[125.2411,-14.6126]]],[[[125.4488,-14.5926],[125.448,-14.5861],[125.446,-14.5856],[125.4434,-14.5888],[125.4455,-14.589],[125.4488,-14.5926]]],[[[125.0114,-14.5379],[125.0114,-14.535],[125.0156,-14.5319],[125.0129,-14.5301],[125.0101,-14.5346],[125.0114,-14.5379]]],[[[125.0741,-14.5926],[125.0735,-14.5883],[125.0721,-14.5904],[125.0735,-14.5992],[125.0741,-14.5926]]],[[[125.7968,-14.2303],[125.8002,-14.2263],[125.7994,-14.2248],[125.7974,-14.2249],[125.7948,-14.2297],[125.7968,-14.2303]]],[[[125.3449,-14.41],[125.3424,-14.406],[125.3366,-14.407],[125.338,-14.4085],[125.3419,-14.4075],[125.3449,-14.41]]],[[[125.3825,-14.3368],[125.3812,-14.3337],[125.3779,-14.3357],[125.3805,-14.3388],[125.3825,-14.3368]]],[[[125.4123,-14.39],[125.416,-14.3891],[125.4124,-14.3861],[125.4126,-14.3836],[125.4112,-14.3859],[125.4123,-14.39]]],[[[125.4252,-14.5973],[125.4269,-14.594],[125.4266,-14.5905],[125.4241,-14.5947],[125.4252,-14.5973]]],[[[124.9692,-14.4993],[124.9706,-14.4958],[124.9687,-14.4936],[124.9679,-14.4975],[124.9692,-14.4993]]],[[[125.4917,-14.3513],[125.4954,-14.3512],[125.4964,-14.3496],[125.4914,-14.3484],[125.4917,-14.3513]]],[[[125.7239,-14.4495],[125.7211,-14.4452],[125.7194,-14.4465],[125.7211,-14.4498],[125.7239,-14.4495]]],[[[125.2679,-14.4874],[125.2686,-14.4865],[125.2654,-14.4796],[125.2649,-14.4823],[125.2679,-14.4874]]],[[[125.3177,-14.5311],[125.3191,-14.5277],[125.3171,-14.526],[125.3154,-14.5303],[125.3177,-14.5311]]],[[[125.6398,-14.2221],[125.6419,-14.2238],[125.6436,-14.2233],[125.6432,-14.2214],[125.6397,-14.219],[125.6398,-14.2221]]],[[[125.3157,-14.5669],[125.3166,-14.5645],[125.3146,-14.5618],[125.3138,-14.5654],[125.3157,-14.5669]]],[[[125.0894,-14.6305],[125.094,-14.6279],[125.0905,-14.6259],[125.0894,-14.6305]]],[[[125.2522,-14.6068],[125.2519,-14.6033],[125.2478,-14.6031],[125.2481,-14.6051],[125.2522,-14.6068]]],[[[125.523,-14.4051],[125.5271,-14.4061],[125.5238,-14.4027],[125.5213,-14.4034],[125.523,-14.4051]]],[[[125.2263,-14.5832],[125.2281,-14.5822],[125.2229,-14.5788],[125.2263,-14.5832]]],[[[125.2438,-14.4904],[125.2449,-14.4896],[125.2451,-14.4845],[125.2432,-14.4859],[125.2438,-14.4904]]],[[[124.9809,-14.4663],[124.9829,-14.4675],[124.9791,-14.4621],[124.9809,-14.4663]]],[[[125.7769,-14.4655],[125.7761,-14.4604],[125.7738,-14.4621],[125.7757,-14.4624],[125.7755,-14.4645],[125.7769,-14.4655]]],[[[125.2119,-14.5271],[125.211,-14.5255],[125.2097,-14.5268],[125.2095,-14.5304],[125.2109,-14.5303],[125.2119,-14.5271]]],[[[125.0925,-14.5977],[125.095,-14.5955],[125.0934,-14.5936],[125.0918,-14.5948],[125.0925,-14.5977]]],[[[125.7264,-14.3219],[125.7253,-14.3225],[125.7272,-14.3244],[125.7293,-14.3234],[125.7289,-14.3203],[125.7272,-14.3227],[125.7264,-14.3219]]],[[[125.426,-14.3588],[125.4277,-14.3569],[125.4269,-14.3558],[125.4239,-14.3571],[125.426,-14.3588]]],[[[125.1981,-14.4743],[125.201,-14.4732],[125.2029,-14.4705],[125.1992,-14.472],[125.1981,-14.4743]]],[[[125.4212,-14.5718],[125.4211,-14.5682],[125.4194,-14.5672],[125.4212,-14.5718]]],[[[125.6894,-14.4612],[125.6921,-14.4605],[125.6921,-14.458],[125.6897,-14.4584],[125.6894,-14.4612]]],[[[125.839,-14.2813],[125.841,-14.278],[125.8403,-14.2765],[125.8381,-14.2799],[125.839,-14.2813]]],[[[125.4038,-14.4222],[125.4056,-14.4204],[125.4033,-14.4194],[125.4025,-14.4218],[125.4038,-14.4222]]],[[[125.464,-14.5363],[125.4664,-14.5329],[125.4624,-14.5355],[125.464,-14.5363]]],[[[125.2269,-14.6339],[125.2257,-14.6295],[125.2257,-14.6331],[125.2269,-14.6339]]],[[[124.9561,-14.4072],[124.9581,-14.4025],[124.9561,-14.4031],[124.9561,-14.4072]]],[[[125.2478,-14.5391],[125.2499,-14.5375],[125.2468,-14.5357],[125.2478,-14.5391]]],[[[125.4166,-14.364],[125.4182,-14.3629],[125.4175,-14.3601],[125.4166,-14.364]]],[[[126.5966,-14.2235],[126.5969,-14.2185],[126.5957,-14.2219],[126.5966,-14.2235]]],[[[125.0653,-14.6444],[125.0667,-14.6426],[125.0658,-14.6405],[125.0645,-14.6421],[125.0653,-14.6444]]],[[[125.3169,-14.5157],[125.3176,-14.5132],[125.3148,-14.5137],[125.3169,-14.5157]]],[[[125.2119,-14.6122],[125.2107,-14.6082],[125.2099,-14.6099],[125.2119,-14.6122]]],[[[125.9448,-14.3273],[125.9426,-14.3236],[125.9421,-14.3248],[125.9448,-14.3273]]],[[[125.3445,-14.5104],[125.3472,-14.5106],[125.3463,-14.5083],[125.3444,-14.5088],[125.3445,-14.5104]]],[[[125.2412,-14.5093],[125.2425,-14.5092],[125.2428,-14.5063],[125.2405,-14.5081],[125.2412,-14.5093]]],[[[125.1679,-14.6282],[125.1702,-14.6278],[125.1691,-14.6257],[125.167,-14.6266],[125.1679,-14.6282]]],[[[125.2782,-14.4259],[125.2802,-14.4241],[125.2795,-14.4231],[125.2778,-14.4237],[125.2782,-14.4259]]],[[[125.2553,-14.6549],[125.2567,-14.6523],[125.2545,-14.6525],[125.2553,-14.6549]]],[[[125.677,-14.3849],[125.6802,-14.3812],[125.6776,-14.3827],[125.677,-14.3849]]],[[[125.414,-14.5627],[125.4153,-14.5618],[125.4147,-14.56],[125.4127,-14.5615],[125.414,-14.5627]]],[[[125.2483,-14.4851],[125.2489,-14.4833],[125.2473,-14.4806],[125.2465,-14.4824],[125.2483,-14.4851]]],[[[125.5888,-14.3357],[125.5881,-14.333],[125.5867,-14.3346],[125.5888,-14.3357]]],[[[125.3688,-14.5773],[125.3685,-14.5743],[125.3705,-14.5747],[125.3695,-14.5727],[125.3678,-14.5748],[125.3688,-14.5773]]],[[[125.3949,-14.402],[125.3957,-14.3997],[125.3947,-14.3989],[125.3936,-14.4013],[125.3949,-14.402]]],[[[126.0531,-14.3498],[126.0534,-14.3508],[126.0557,-14.3476],[126.0537,-14.3477],[126.0531,-14.3498]]],[[[125.6135,-14.2369],[125.6148,-14.2362],[125.6144,-14.2349],[125.6117,-14.2358],[125.6135,-14.2369]]],[[[126.1462,-14.1835],[126.148,-14.1838],[126.1485,-14.1817],[126.1461,-14.1823],[126.1462,-14.1835]]],[[[125.2199,-14.4548],[125.2199,-14.4517],[125.2182,-14.4531],[125.2199,-14.4548]]],[[[125.422,-14.5743],[125.4236,-14.5738],[125.4231,-14.5707],[125.422,-14.5743]]],[[[125.3115,-14.2967],[125.3142,-14.2934],[125.3116,-14.295],[125.3115,-14.2967]]],[[[125.1411,-14.5252],[125.1439,-14.5245],[125.1405,-14.5235],[125.1398,-14.5245],[125.1411,-14.5252]]],[[[125.3072,-14.2986],[125.3092,-14.2955],[125.3073,-14.2964],[125.3072,-14.2986]]],[[[125.7239,-14.2793],[125.7256,-14.2777],[125.7236,-14.2773],[125.7228,-14.2786],[125.7239,-14.2793]]],[[[125.3132,-14.2717],[125.3138,-14.2696],[125.3125,-14.2683],[125.3132,-14.2717]]],[[[125.4235,-14.4052],[125.4227,-14.4028],[125.421,-14.4034],[125.4235,-14.4052]]],[[[125.3216,-14.2424],[125.3225,-14.2405],[125.3203,-14.2405],[125.3199,-14.2418],[125.3216,-14.2424]]],[[[125.6426,-14.2046],[125.6411,-14.2031],[125.639,-14.2036],[125.6426,-14.2046]]],[[[125.4741,-14.4212],[125.4751,-14.422],[125.476,-14.4206],[125.4747,-14.4197],[125.4741,-14.4212]]],[[[125.2863,-14.4334],[125.2875,-14.4305],[125.2856,-14.4322],[125.2863,-14.4334]]],[[[125.679,-14.28],[125.6774,-14.2779],[125.6769,-14.2795],[125.679,-14.28]]],[[[125.7233,-14.4357],[125.724,-14.4343],[125.7219,-14.433],[125.7212,-14.4341],[125.7233,-14.4357]]],[[[125.1362,-14.539],[125.1376,-14.5372],[125.1361,-14.5367],[125.1362,-14.539]]],[[[125.1913,-14.4723],[125.1924,-14.4698],[125.1905,-14.4712],[125.1913,-14.4723]]],[[[125.1669,-14.6255],[125.1685,-14.625],[125.168,-14.6234],[125.1669,-14.6255]]],[[[125.7225,-14.3149],[125.7239,-14.3143],[125.7233,-14.3129],[125.7217,-14.3143],[125.7225,-14.3149]]],[[[127.8405,-14.3729],[127.842,-14.3714],[127.8409,-14.3711],[127.8405,-14.3729]]],[[[125.6693,-14.2883],[125.6703,-14.2861],[125.668,-14.2876],[125.6693,-14.2883]]],[[[125.6357,-14.206],[125.6369,-14.2049],[125.6361,-14.2032],[125.6357,-14.206]]],[[[125.6555,-14.3947],[125.6571,-14.3946],[125.6574,-14.3929],[125.6555,-14.3947]]],[[[127.8762,-14.4717],[127.8741,-14.4731],[127.8753,-14.4736],[127.8762,-14.4717]]],[[[125.3776,-14.5051],[125.3773,-14.5035],[125.376,-14.5036],[125.3776,-14.5051]]],[[[125.6799,-14.3608],[125.6807,-14.3591],[125.6791,-14.3598],[125.6799,-14.3608]]],[[[125.9784,-14.3912],[125.9801,-14.391],[125.9796,-14.3896],[125.9784,-14.3912]]],[[[125.2376,-14.4109],[125.2398,-14.4103],[125.2383,-14.4096],[125.2376,-14.4109]]],[[[125.3151,-14.3353],[125.3158,-14.3344],[125.3144,-14.3337],[125.3151,-14.3353]]],[[[125.5114,-14.4369],[125.5122,-14.4356],[125.5101,-14.4363],[125.5114,-14.4369]]],[[[126.2244,-14.1773],[126.2262,-14.1767],[126.2244,-14.1763],[126.2244,-14.1773]]],[[[125.4015,-14.477],[125.4026,-14.4768],[125.4018,-14.4754],[125.4015,-14.477]]],[[[125.6832,-14.386],[125.6847,-14.3858],[125.6848,-14.3845],[125.6832,-14.386]]],[[[126.1127,-14.2151],[126.1116,-14.2151],[126.1129,-14.2165],[126.1127,-14.2151]]],[[[125.1475,-14.4613],[125.1478,-14.46],[125.1464,-14.4606],[125.1475,-14.4613]]],[[[125.1895,-14.4719],[125.1895,-14.4705],[125.1884,-14.4712],[125.1895,-14.4719]]],[[[125.7499,-14.4265],[125.7503,-14.4254],[125.7486,-14.4258],[125.7499,-14.4265]]],[[[125.4152,-14.5583],[125.4152,-14.557],[125.4142,-14.5579],[125.4152,-14.5583]]],[[[125.1919,-14.4637],[125.1926,-14.4628],[125.1915,-14.4625],[125.1919,-14.4637]]],[[[125.2564,-14.3928],[125.2572,-14.3922],[125.2553,-14.3925],[125.2564,-14.3928]]],[[[125.2769,-14.6545],[125.2779,-14.6542],[125.277,-14.6534],[125.2769,-14.6545]]],[[[129.0018,-25.9986],[129.0015,-14.8796],[128.7382,-14.8391],[128.6813,-14.796],[128.6208,-14.7874],[128.6235,-14.8039],[128.5871,-14.8077],[128.5505,-14.7679],[128.5359,-14.787],[128.4753,-14.7861],[128.4364,-14.8121],[128.4186,-14.7952],[128.3934,-14.8044],[128.381,-14.8234],[128.4275,-14.841],[128.467,-14.8891],[128.4704,-14.9312],[128.519,-15.0147],[128.4217,-14.8817],[128.4024,-14.8789],[128.4486,-15.002],[128.3582,-14.885],[128.3491,-14.9679],[128.4104,-15.0321],[128.3581,-14.9913],[128.374,-15.0614],[128.3619,-15.0666],[128.3139,-14.9257],[128.2925,-14.9667],[128.3312,-15.0354],[128.2892,-14.9741],[128.2655,-14.9826],[128.2282,-15.0031],[128.194,-15.0935],[128.2211,-15.1308],[128.2202,-15.2037],[128.2396,-15.2475],[128.3008,-15.3197],[128.2991,-15.4602],[128.3416,-15.5013],[128.3274,-15.5051],[128.2923,-15.4598],[128.2816,-15.3459],[128.258,-15.3063],[128.1283,-15.1837],[128.1002,-15.2502],[128.1282,-15.2917],[128.1143,-15.428],[128.0681,-15.4921],[127.9988,-15.5181],[128.0524,-15.4795],[128.0894,-15.3903],[128.066,-15.3123],[128.0404,-15.2928],[128.066,-15.3012],[128.0928,-15.281],[128.0802,-15.233],[128.0989,-15.1673],[128.075,-15.104],[128.1031,-15.0645],[128.1079,-14.9469],[128.1391,-14.8708],[128.1185,-14.8613],[128.1925,-14.8386],[128.1752,-14.7918],[128.1839,-14.7442],[128.2184,-14.7546],[128.2217,-14.7212],[128.1611,-14.708],[128.0868,-14.639],[128.0694,-14.6502],[128.0693,-14.6207],[127.9931,-14.5562],[127.9848,-14.5796],[127.9526,-14.586],[127.9274,-14.558],[127.9494,-14.5242],[127.9293,-14.5028],[127.9021,-14.5051],[127.8803,-14.4708],[127.8501,-14.4845],[127.8198,-14.4406],[127.8284,-14.4025],[127.7883,-14.3884],[127.7821,-14.3505],[127.7607,-14.3671],[127.7797,-14.3332],[127.6832,-14.2434],[127.6699,-14.1905],[127.6342,-14.1794],[127.6484,-14.1696],[127.5891,-14.1442],[127.5568,-14.1046],[127.5239,-14.1198],[127.5376,-14.0863],[127.5085,-14.0878],[127.5237,-14.0693],[127.4934,-14.0607],[127.4829,-14.0851],[127.4776,-14.0623],[127.4525,-14.0588],[127.4485,-14.0248],[127.4672,-14.0009],[127.425,-13.9667],[127.4301,-13.9429],[127.4108,-13.9614],[127.3474,-13.9066],[127.3219,-13.9147],[127.3458,-13.9549],[127.3181,-13.9611],[127.2467,-13.9004],[127.2078,-13.9736],[127.1988,-13.9448],[127.1899,-13.9572],[127.1907,-13.904],[127.1698,-13.9106],[127.1788,-13.9258],[127.1576,-13.9337],[127.1429,-13.9822],[127.0939,-13.9274],[127.1093,-13.9139],[127.1029,-13.8843],[127.0606,-13.9079],[127.0814,-13.84],[127.0443,-13.8489],[127.0471,-13.8057],[127.0366,-13.8321],[127.0305,-13.8169],[127.0061,-13.8238],[127.0308,-13.8039],[127.0021,-13.794],[126.9983,-13.7687],[126.9857,-13.7875],[126.984,-13.7541],[126.9633,-13.7417],[126.9144,-13.7412],[126.9444,-13.7676],[126.9218,-13.7761],[126.881,-13.7486],[126.8513,-13.7582],[126.8729,-13.799],[126.8474,-13.7977],[126.8423,-13.817],[126.8191,-13.7686],[126.7885,-13.7909],[126.7632,-13.791],[126.7665,-13.7748],[126.7432,-13.7923],[126.7996,-13.883],[126.8056,-13.9305],[126.8395,-13.9277],[126.9054,-13.9852],[126.8822,-13.9986],[126.8787,-13.982],[126.8383,-13.9711],[126.81,-13.9979],[126.798,-13.976],[126.7736,-13.9828],[126.797,-13.9725],[126.7507,-13.9721],[126.7516,-13.9918],[126.7271,-13.9983],[126.7053,-13.9739],[126.7008,-14.0216],[126.7217,-14.0305],[126.7533,-14.0119],[126.7414,-14.0172],[126.7627,-14.0501],[126.7231,-14.0652],[126.7372,-14.0704],[126.7102,-14.1003],[126.7197,-14.1206],[126.6938,-14.1347],[126.6894,-14.0912],[126.6856,-14.1037],[126.6449,-14.0771],[126.661,-14.1148],[126.6514,-14.1734],[126.6336,-14.1912],[126.607,-14.1801],[126.6017,-14.2358],[126.565,-14.2168],[126.5698,-14.1398],[126.5155,-14.1574],[126.4992,-14.1303],[126.4995,-14.1002],[126.5255,-14.0817],[126.4788,-14.1096],[126.4495,-14.0837],[126.4972,-14.0458],[126.491,-14.0086],[126.5652,-13.9441],[126.5774,-13.9538],[126.537,-13.9344],[126.5115,-13.9647],[126.4953,-13.9576],[126.4852,-13.9957],[126.4544,-14.0052],[126.4384,-13.9827],[126.4254,-14.0121],[126.3966,-14.0149],[126.3943,-14.0518],[126.3343,-14.05],[126.345,-14.098],[126.3145,-14.0973],[126.2976,-14.1388],[126.3055,-14.1547],[126.3209,-14.141],[126.3617,-14.1878],[126.3127,-14.2013],[126.3009,-14.2336],[126.2822,-14.2167],[126.2697,-14.2365],[126.2725,-14.2071],[126.2536,-14.2392],[126.241,-14.2234],[126.216,-14.2366],[126.2334,-14.2036],[126.2481,-14.2107],[126.2433,-14.1757],[126.2047,-14.1852],[126.186,-14.1669],[126.2089,-14.1365],[126.1794,-14.1303],[126.2217,-14.1105],[126.2142,-14.0765],[126.1657,-14.1142],[126.1919,-14.0663],[126.1508,-14.0801],[126.1603,-14.0575],[126.2175,-14.0429],[126.2247,-14.0264],[126.2007,-14.0009],[126.1443,-14.015],[126.1934,-13.9801],[126.221,-13.9879],[126.2158,-13.9676],[126.187,-13.9681],[126.1098,-14.0283],[126.1587,-13.9701],[126.1262,-13.964],[126.1616,-13.9243],[126.1342,-13.919],[126.1303,-13.9446],[126.105,-13.9256],[126.0856,-13.9457],[126.1079,-13.919],[126.0853,-13.9209],[126.0906,-13.8959],[126.0628,-13.9429],[126.0387,-13.921],[126.0099,-13.9267],[126.0839,-13.982],[126.1072,-13.9767],[126.0864,-13.9877],[126.1008,-14.0455],[126.0748,-14.0415],[126.0654,-13.9882],[126.0382,-13.9815],[126.0219,-13.9968],[126.056,-14.0266],[126.0348,-14.0383],[126.0267,-14.0167],[126.0153,-14.0661],[126.0144,-14.0254],[125.9839,-13.9898],[125.9762,-14.0396],[126.0325,-14.0951],[126.0641,-14.0733],[126.1044,-14.0757],[126.1697,-14.1462],[126.1413,-14.1578],[126.1602,-14.1765],[126.1332,-14.2314],[126.0534,-14.2542],[126.0902,-14.3231],[126.0729,-14.3437],[126.0884,-14.3512],[126.0458,-14.3591],[126.0062,-14.3998],[125.9767,-14.3933],[125.9855,-14.4195],[126.0196,-14.4114],[126.0513,-14.5288],[126.0155,-14.5195],[126.0003,-14.555],[125.9725,-14.5457],[125.9648,-14.5192],[125.9206,-14.5372],[125.9027,-14.5765],[125.933,-14.6092],[125.9363,-14.6463],[125.9213,-14.6398],[125.9083,-14.6609],[125.8948,-14.6231],[125.8514,-14.6121],[125.8306,-14.5851],[125.8502,-14.564],[125.8287,-14.5428],[125.8499,-14.5359],[125.8172,-14.4976],[125.8591,-14.475],[125.8521,-14.4567],[125.8026,-14.4791],[125.8163,-14.4503],[125.8036,-14.4442],[125.7744,-14.4797],[125.7067,-14.4894],[125.6485,-14.6502],[125.6887,-14.4994],[125.6512,-14.3876],[125.678,-14.3567],[125.6642,-14.335],[125.7264,-14.3418],[125.7257,-14.3245],[125.6972,-14.3254],[125.7238,-14.3122],[125.7145,-14.2966],[125.7301,-14.281],[125.7033,-14.3041],[125.6667,-14.2882],[125.6486,-14.2434],[125.6415,-14.2659],[125.6332,-14.2361],[125.5976,-14.2366],[125.6083,-14.2624],[125.5922,-14.2437],[125.5737,-14.2616],[125.5988,-14.2738],[125.5823,-14.3053],[125.6037,-14.3436],[125.5886,-14.3699],[125.6227,-14.3857],[125.622,-14.4129],[125.6013,-14.4335],[125.5882,-14.5057],[125.6137,-14.5106],[125.5725,-14.5477],[125.5993,-14.5626],[125.5348,-14.5639],[125.5299,-14.5461],[125.548,-14.5484],[125.5606,-14.5148],[125.5291,-14.5223],[125.5203,-14.5002],[125.4886,-14.5192],[125.4914,-14.5603],[125.4805,-14.5322],[125.4665,-14.5355],[125.4834,-14.568],[125.4524,-14.5792],[125.4634,-14.6053],[125.4373,-14.5946],[125.45,-14.6237],[125.43,-14.6415],[125.4382,-14.6138],[125.4135,-14.6005],[125.425,-14.5864],[125.4103,-14.5456],[125.4001,-14.5728],[125.3546,-14.584],[125.3641,-14.5057],[125.3421,-14.5216],[125.3476,-14.5647],[125.3282,-14.5592],[125.3257,-14.5844],[125.3004,-14.5582],[125.3036,-14.5796],[125.249,-14.6111],[125.3084,-14.6499],[125.2608,-14.6578],[125.2621,-14.6931],[125.2344,-14.6612],[125.2129,-14.6686],[125.2115,-14.7217],[125.2011,-14.698],[125.1799,-14.7098],[125.189,-14.747],[125.1598,-14.7321],[125.1414,-14.7477],[125.1668,-14.7905],[125.19,-14.7754],[125.1816,-14.7923],[125.1947,-14.7762],[125.2052,-14.791],[125.1841,-14.8269],[125.2101,-14.8649],[125.2441,-14.8317],[125.2355,-14.8676],[125.251,-14.8722],[125.2543,-14.8525],[125.274,-14.8701],[125.2867,-14.853],[125.305,-14.8815],[125.334,-14.8813],[125.2946,-14.9036],[125.3077,-14.9202],[125.2947,-14.938],[125.2699,-14.9333],[125.2563,-14.8998],[125.255,-14.9266],[125.2307,-14.9191],[125.2078,-14.9472],[125.2137,-14.9698],[125.2577,-14.9437],[125.2544,-14.9784],[125.2712,-14.9596],[125.3046,-14.9616],[125.2781,-14.9788],[125.2856,-14.9992],[125.3188,-15.0059],[125.3395,-14.9868],[125.3529,-15.0089],[125.3654,-14.9914],[125.3859,-15.0325],[125.4094,-15.0251],[125.409,-14.9986],[125.421,-15.0216],[125.4414,-14.9994],[125.4816,-14.9986],[125.3755,-15.0527],[125.3701,-15.0737],[125.4022,-15.0637],[125.4019,-15.0846],[125.3577,-15.1084],[125.3971,-15.1317],[125.4793,-15.134],[125.4813,-15.1548],[125.346,-15.1431],[125.3349,-15.1629],[125.2823,-15.1436],[125.2811,-15.0975],[125.271,-15.1137],[125.266,-15.1],[125.2255,-15.1034],[125.2125,-15.1163],[125.2243,-15.1212],[125.1743,-15.1301],[125.1632,-15.1513],[125.1221,-15.0916],[125.1257,-15.0435],[125.1055,-15.0332],[125.1008,-15.0645],[125.0724,-15.0649],[125.0835,-15.0406],[125.059,-15.0283],[125.0928,-14.9881],[125.0743,-14.9757],[125.0557,-14.9998],[125.012,-14.9832],[125.0252,-14.9924],[125.0142,-15.0351],[125.0477,-15.0771],[125.0299,-15.1133],[125.0111,-15.0935],[124.9745,-15.1353],[124.9104,-15.1068],[124.8339,-15.158],[124.8377,-15.1831],[124.8964,-15.1734],[124.8643,-15.1949],[124.8812,-15.2084],[124.8689,-15.2436],[124.8918,-15.2303],[124.8758,-15.2619],[124.908,-15.2457],[124.9172,-15.2151],[124.9438,-15.2131],[124.9352,-15.1874],[124.9711,-15.2083],[124.9702,-15.1642],[124.9848,-15.1759],[124.9949,-15.162],[124.9928,-15.1978],[125.0138,-15.1545],[125.0202,-15.1695],[125.056,-15.1644],[125.0602,-15.1808],[125.0415,-15.1786],[125.0057,-15.2419],[124.9695,-15.2121],[124.9274,-15.2292],[124.9228,-15.2705],[124.9046,-15.2555],[124.8761,-15.302],[124.8952,-15.3053],[124.8915,-15.3277],[124.9068,-15.3174],[124.8979,-15.3399],[124.9201,-15.3565],[124.9791,-15.3294],[125.0264,-15.3003],[125.0307,-15.2748],[125.0397,-15.3014],[125.0813,-15.3143],[125.0957,-15.2831],[125.0734,-15.2539],[125.0866,-15.2644],[125.09,-15.2478],[125.1003,-15.2859],[125.1189,-15.2556],[125.1019,-15.2904],[125.1101,-15.3202],[125.0886,-15.3377],[125.1248,-15.3165],[125.1525,-15.3224],[125.1578,-15.3061],[125.1641,-15.3306],[125.0909,-15.355],[125.07,-15.4402],[125.2166,-15.5534],[125.224,-15.5407],[125.2549,-15.5809],[125.2876,-15.5836],[125.3007,-15.6138],[125.4212,-15.696],[125.0887,-15.4632],[125.0469,-15.4738],[125.0548,-15.4986],[125.0309,-15.5044],[125.0395,-15.5218],[125.0221,-15.5148],[125.0171,-15.5447],[125.0021,-15.5177],[125.0229,-15.5059],[125.0183,-15.4715],[124.9995,-15.5104],[124.9869,-15.5058],[124.9962,-15.477],[124.9818,-15.495],[124.9618,-15.4887],[124.9845,-15.476],[124.953,-15.4892],[125.003,-15.4484],[124.9789,-15.4096],[124.9713,-15.4209],[124.9459,-15.3837],[124.9268,-15.3938],[124.9324,-15.3747],[124.8757,-15.3435],[124.8477,-15.3532],[124.8468,-15.299],[124.8222,-15.3119],[124.8313,-15.3259],[124.7832,-15.2945],[124.7533,-15.3544],[124.7361,-15.3432],[124.7706,-15.3021],[124.705,-15.2534],[124.7014,-15.2784],[124.6747,-15.255],[124.6673,-15.2966],[124.6969,-15.2965],[124.7072,-15.3208],[124.6619,-15.3249],[124.662,-15.3549],[124.7053,-15.3435],[124.7047,-15.3598],[124.7448,-15.3618],[124.6762,-15.4007],[124.6717,-15.4529],[124.6908,-15.468],[124.6742,-15.4981],[124.6771,-15.4782],[124.6422,-15.4631],[124.6447,-15.4248],[124.6179,-15.4661],[124.6216,-15.5007],[124.6386,-15.5028],[124.6288,-15.5257],[124.6175,-15.5038],[124.5803,-15.52],[124.58,-15.4996],[124.5547,-15.5028],[124.5172,-15.4686],[124.4458,-15.5051],[124.4925,-15.4862],[124.5104,-15.5251],[124.4865,-15.4973],[124.4617,-15.5117],[124.4658,-15.5369],[124.446,-15.5288],[124.4176,-15.5489],[124.43,-15.5745],[124.4057,-15.6177],[124.4306,-15.5881],[124.4335,-15.6084],[124.4539,-15.5919],[124.4544,-15.6135],[124.4971,-15.6157],[124.5006,-15.6367],[124.4505,-15.6028],[124.4338,-15.623],[124.4572,-15.6563],[124.4437,-15.6697],[124.4215,-15.6673],[124.4144,-15.6372],[124.4127,-15.6814],[124.3902,-15.6624],[124.3688,-15.6719],[124.3932,-15.6773],[124.3974,-15.726],[124.4373,-15.7115],[124.4238,-15.7326],[124.386,-15.7175],[124.4093,-15.8638],[124.4175,-15.8768],[124.4249,-15.8476],[124.4391,-15.8704],[124.4583,-15.8114],[124.4434,-15.8092],[124.4625,-15.7849],[124.4603,-15.816],[124.4767,-15.8202],[124.4594,-15.8177],[124.461,-15.8541],[124.4994,-15.8898],[124.4749,-15.8857],[124.4767,-15.9416],[124.4873,-15.9204],[124.5125,-15.9344],[124.492,-15.9591],[124.4965,-15.997],[124.6328,-15.7789],[124.6605,-15.7816],[124.7048,-15.7411],[124.6754,-15.7847],[124.6936,-15.783],[124.7044,-15.7502],[124.719,-15.7701],[124.7008,-15.7845],[124.7416,-15.8223],[124.7045,-15.814],[124.7119,-15.8395],[124.682,-15.8495],[124.6816,-15.8889],[124.6546,-15.8536],[124.6079,-15.8913],[124.626,-15.9209],[124.5969,-15.943],[124.5985,-15.9676],[124.6426,-15.9884],[124.6162,-15.9825],[124.6199,-15.9963],[124.5889,-15.9735],[124.589,-16.1133],[124.6181,-16.0897],[124.647,-16.0981],[124.5993,-16.1274],[124.5607,-16.1194],[124.527,-16.162],[124.5367,-16.1842],[124.5264,-16.1947],[124.5188,-16.1788],[124.5082,-16.206],[124.5141,-16.1647],[124.4584,-16.1025],[124.4772,-16.0785],[124.4444,-16.0654],[124.4347,-16.1788],[124.3986,-16.1695],[124.4002,-16.2017],[124.379,-16.2166],[124.4079,-16.2507],[124.3852,-16.2761],[124.4107,-16.2936],[124.3946,-16.3385],[124.4242,-16.3596],[124.571,-16.3293],[124.6935,-16.3447],[124.7252,-16.3722],[124.7877,-16.3858],[124.8145,-16.4164],[124.9013,-16.416],[124.9533,-16.3713],[124.949,-16.3921],[124.9223,-16.3911],[124.9172,-16.4208],[124.8405,-16.4343],[124.7454,-16.39],[124.5998,-16.4143],[124.4492,-16.4109],[124.4495,-16.3886],[124.4313,-16.3941],[124.4262,-16.3668],[124.4074,-16.3733],[124.3875,-16.3456],[124.3365,-16.4188],[124.3888,-16.4152],[124.4039,-16.4708],[124.4682,-16.4985],[124.4298,-16.4985],[124.4355,-16.5255],[124.4103,-16.5432],[124.3923,-16.533],[124.4152,-16.5099],[124.3916,-16.5046],[124.4073,-16.4786],[124.3901,-16.4452],[124.3192,-16.4687],[124.3081,-16.4554],[124.3319,-16.4395],[124.325,-16.4149],[124.2227,-16.4184],[124.2019,-16.4047],[124.1797,-16.3096],[124.1245,-16.2804],[124.042,-16.2783],[124.0262,-16.2557],[123.9998,-16.2647],[123.9099,-16.2103],[124.0001,-16.2918],[123.961,-16.2798],[123.9336,-16.2977],[123.9876,-16.3704],[123.9413,-16.3598],[123.8838,-16.304],[123.917,-16.3522],[123.8857,-16.3428],[123.909,-16.3629],[123.8844,-16.3536],[123.9,-16.4228],[123.867,-16.4129],[123.8711,-16.447],[123.8365,-16.3544],[123.8761,-16.3777],[123.8659,-16.3279],[123.7995,-16.304],[123.8101,-16.3207],[123.7964,-16.3161],[123.7832,-16.284],[123.7827,-16.2976],[123.7407,-16.2633],[123.7835,-16.2621],[123.7833,-16.243],[123.7969,-16.263],[123.7716,-16.2161],[123.8146,-16.2196],[123.7706,-16.1706],[123.7031,-16.1287],[123.7285,-16.1568],[123.7132,-16.1541],[123.7234,-16.1709],[123.7031,-16.1539],[123.7014,-16.1903],[123.6934,-16.1511],[123.6553,-16.1683],[123.6204,-16.1577],[123.6358,-16.1762],[123.6133,-16.1605],[123.5585,-16.1759],[123.5639,-16.2104],[123.6011,-16.2164],[123.5637,-16.2162],[123.6019,-16.2324],[123.5801,-16.2392],[123.6166,-16.2618],[123.5761,-16.2453],[123.5993,-16.2641],[123.5661,-16.2763],[123.5496,-16.2628],[123.5502,-16.2831],[123.5988,-16.3228],[123.5934,-16.3112],[123.6245,-16.3172],[123.6114,-16.2871],[123.6272,-16.2905],[123.6974,-16.3375],[123.7169,-16.3724],[123.663,-16.368],[123.6635,-16.3834],[123.6587,-16.3629],[123.6292,-16.3567],[123.6883,-16.4048],[123.6798,-16.4162],[123.6972,-16.4148],[123.6655,-16.4366],[123.5085,-16.381],[123.5822,-16.4277],[123.5028,-16.4071],[123.5054,-16.42],[123.5992,-16.4487],[123.6629,-16.4911],[123.583,-16.4985],[123.643,-16.53],[123.5341,-16.5086],[123.4735,-16.47],[123.461,-16.4761],[123.4951,-16.494],[123.4966,-16.5145],[123.4286,-16.4989],[123.5135,-16.5684],[123.4943,-16.5708],[123.5116,-16.5977],[123.5178,-16.5661],[123.5422,-16.572],[123.5261,-16.5444],[123.5886,-16.5383],[123.6152,-16.5543],[123.6194,-16.5738],[123.5893,-16.5674],[123.602,-16.5821],[123.5634,-16.5882],[123.5725,-16.608],[123.5557,-16.6126],[123.5739,-16.6252],[123.5066,-16.6431],[123.5206,-16.6501],[123.5028,-16.6588],[123.6178,-16.6795],[123.6815,-16.7517],[123.7115,-16.7527],[123.761,-16.8758],[123.7961,-16.9118],[123.884,-16.8779],[123.8933,-16.8572],[123.9421,-16.8521],[123.9514,-16.8181],[123.9593,-16.8524],[123.8269,-16.9573],[123.8026,-16.9864],[123.8204,-16.9979],[123.7965,-17.004],[123.8296,-17.1346],[123.9125,-17.2118],[123.8625,-17.2166],[123.7892,-17.1523],[123.7409,-17.0683],[123.66,-17.0396],[123.648,-16.9997],[123.6007,-17.0106],[123.5836,-17.0332],[123.5906,-17.101],[123.6462,-17.1839],[123.6238,-17.1986],[123.6029,-17.3394],[123.5938,-17.3615],[123.581,-17.3501],[123.5645,-17.4058],[123.6001,-17.5156],[123.5804,-17.5842],[123.5769,-17.5238],[123.5436,-17.5011],[123.5452,-17.4692],[123.5339,-17.4819],[123.5143,-17.4184],[123.4593,-17.3506],[123.3927,-17.3162],[123.3874,-17.2493],[123.3446,-17.1627],[123.2906,-17.1077],[123.2634,-17.0118],[123.2348,-16.9699],[123.1491,-16.9247],[123.1536,-16.8784],[123.1778,-16.8577],[123.1529,-16.8015],[123.1025,-16.7837],[123.1035,-16.7453],[123.1326,-16.738],[123.1451,-16.7084],[123.1388,-16.6885],[123.1266,-16.7111],[123.094,-16.7091],[123.0838,-16.6648],[123.0787,-16.6932],[123.0506,-16.6908],[123.0387,-16.6213],[123.0233,-16.6046],[122.9958,-16.6408],[122.9965,-16.6018],[122.9544,-16.5801],[123.008,-16.5284],[122.9711,-16.5161],[122.9975,-16.4858],[122.983,-16.4651],[123.0154,-16.4517],[123.045,-16.4738],[123.0767,-16.4403],[123.0431,-16.4398],[123.0148,-16.4058],[123.0349,-16.4002],[123.0203,-16.3782],[123.0389,-16.3592],[122.9916,-16.3801],[122.9824,-16.4059],[122.9877,-16.3809],[122.9552,-16.4017],[122.9253,-16.3894],[122.8981,-16.4472],[122.9044,-16.4885],[122.8539,-16.5127],[122.8842,-16.5302],[122.8614,-16.5191],[122.8477,-16.5465],[122.8165,-16.5561],[122.8334,-16.5607],[122.7948,-16.5717],[122.8101,-16.5453],[122.7713,-16.5903],[122.7418,-16.6834],[122.7628,-16.7103],[122.7841,-16.696],[122.7757,-16.7355],[122.81,-16.7528],[122.8384,-16.7445],[122.8214,-16.757],[122.8456,-16.792],[122.7816,-16.7474],[122.7866,-16.7717],[122.7735,-16.7514],[122.7427,-16.7722],[122.7574,-16.746],[122.7345,-16.7776],[122.6374,-16.8007],[122.6099,-16.7656],[122.5794,-16.7621],[122.5533,-16.8054],[122.5712,-16.8361],[122.5494,-16.8198],[122.5338,-16.8369],[122.5704,-16.9294],[122.6122,-16.9652],[122.508,-16.9544],[122.5198,-16.9337],[122.4802,-16.8946],[122.4811,-16.9813],[122.4688,-16.9863],[122.4676,-16.9688],[122.431,-16.9834],[122.4697,-16.9363],[122.3664,-16.9976],[122.3511,-17.0369],[122.2955,-17.0672],[122.2532,-17.1198],[122.2672,-17.137],[122.3035,-17.1124],[122.2926,-17.1303],[122.3194,-17.1353],[122.2882,-17.1396],[122.319,-17.1589],[122.282,-17.1451],[122.2574,-17.169],[122.2516,-17.1576],[122.2111,-17.2404],[122.1873,-17.2404],[122.1732,-17.2636],[122.15,-17.3554],[122.1452,-17.5603],[122.1997,-17.6848],[122.2129,-17.8737],[122.2049,-17.9453],[122.1753,-17.974],[122.2072,-18.0089],[122.2507,-17.9523],[122.3781,-17.9898],[122.3703,-18.1164],[122.3151,-18.1723],[122.2146,-18.204],[122.1998,-18.2497],[122.1851,-18.2479],[122.1983,-18.2307],[122.13,-18.3074],[122.0635,-18.3258],[122.0174,-18.3905],[121.9467,-18.4393],[121.872,-18.4717],[121.84,-18.4437],[121.8152,-18.4511],[121.789,-18.4842],[121.8033,-18.508],[121.8102,-18.4811],[121.817,-18.4918],[121.7983,-18.53],[121.7881,-18.5377],[121.7909,-18.5038],[121.7648,-18.5528],[121.7294,-18.5757],[121.7908,-18.6092],[121.7925,-18.6582],[121.7519,-18.6748],[121.7411,-18.7047],[121.6981,-18.6986],[121.6812,-18.7206],[121.6355,-18.7042],[121.6308,-18.7219],[121.6288,-18.7002],[121.6182,-18.7063],[121.6198,-18.742],[121.6555,-18.7672],[121.6532,-18.8359],[121.6427,-18.818],[121.6377,-18.8477],[121.6027,-18.8692],[121.576,-18.9474],[121.6001,-18.9407],[121.5532,-18.9434],[121.5646,-18.9692],[121.518,-19.0428],[121.5071,-19.1011],[121.3332,-19.3416],[121.1139,-19.5386],[120.9508,-19.6386],[120.631,-19.77],[120.1959,-19.9139],[119.9728,-19.933],[119.8662,-19.9696],[119.7878,-19.9733],[119.7642,-19.9555],[119.7652,-19.9764],[119.7574,-19.9636],[119.7301,-19.9762],[119.7528,-19.9837],[119.7411,-20.0059],[119.7539,-20.0216],[119.733,-20.0133],[119.6911,-20.041],[119.7094,-20.0213],[119.7009,-19.9951],[119.6555,-20.0465],[119.5693,-20.0803],[119.471,-20.0057],[119.4431,-20.0172],[119.4152,-19.9945],[119.3717,-20.0081],[119.3734,-19.9915],[119.1716,-19.9566],[119.1722,-20.0077],[119.2071,-20.0237],[119.1606,-20.0121],[119.1471,-19.9786],[119.0997,-19.9593],[119.0684,-20.0154],[118.9938,-20.0358],[118.9592,-20.127],[118.8965,-20.1677],[118.8603,-20.2254],[118.8827,-20.2611],[118.8421,-20.2306],[118.8298,-20.2589],[118.8473,-20.2623],[118.8278,-20.2726],[118.8548,-20.2906],[118.7682,-20.2817],[118.6657,-20.3428],[118.6745,-20.3323],[118.6551,-20.3311],[118.6673,-20.3253],[118.6404,-20.2985],[118.5982,-20.3082],[118.598,-20.2865],[118.573,-20.3162],[118.6296,-20.3344],[118.5874,-20.3354],[118.6129,-20.3475],[118.5959,-20.3545],[118.5802,-20.3372],[118.5786,-20.3577],[118.5744,-20.3279],[118.552,-20.3463],[118.5704,-20.3201],[118.562,-20.2944],[118.5263,-20.3053],[118.5573,-20.3136],[118.5434,-20.3384],[118.5368,-20.3116],[118.5062,-20.3276],[118.5064,-20.3488],[118.5107,-20.3306],[118.4875,-20.326],[118.4893,-20.351],[118.4169,-20.3395],[118.4039,-20.3643],[118.4006,-20.3486],[118.3791,-20.3514],[118.3792,-20.3696],[118.3687,-20.3514],[118.3636,-20.3739],[118.3441,-20.36],[118.3461,-20.3299],[118.2888,-20.3486],[118.3183,-20.3654],[118.2978,-20.3516],[118.2835,-20.3674],[118.281,-20.3534],[118.2573,-20.3588],[118.2572,-20.3777],[118.2155,-20.3709],[118.1962,-20.4037],[118.2055,-20.3764],[118.1651,-20.3829],[118.1982,-20.3694],[118.1801,-20.3581],[118.1998,-20.3689],[118.1837,-20.3467],[118.1723,-20.3591],[118.1848,-20.3456],[118.2002,-20.36],[118.1816,-20.3364],[118.0178,-20.4587],[117.953,-20.4787],[117.9653,-20.4911],[117.9409,-20.4799],[117.9315,-20.5266],[117.9617,-20.5066],[117.9427,-20.5368],[117.9597,-20.5468],[117.971,-20.5252],[117.9751,-20.5505],[117.9602,-20.5619],[117.9454,-20.5462],[117.9418,-20.567],[117.9413,-20.5467],[117.9199,-20.5436],[117.9303,-20.5709],[117.9122,-20.5766],[117.9033,-20.5537],[117.8817,-20.5519],[117.871,-20.5717],[117.898,-20.5852],[117.8675,-20.5819],[117.8646,-20.6075],[117.7743,-20.6635],[117.8097,-20.6742],[117.7695,-20.6661],[117.7041,-20.6945],[117.6804,-20.6666],[117.6754,-20.699],[117.6674,-20.6723],[117.6543,-20.6889],[117.6563,-20.7155],[117.6283,-20.7091],[117.6466,-20.7021],[117.6417,-20.678],[117.6166,-20.6873],[117.6483,-20.662],[117.6307,-20.6638],[117.59,-20.6798],[117.5949,-20.7036],[117.5526,-20.704],[117.5423,-20.7362],[117.5445,-20.7077],[117.4426,-20.7306],[117.4574,-20.7572],[117.4414,-20.7453],[117.4298,-20.758],[117.427,-20.7311],[117.3952,-20.7306],[117.4039,-20.76],[117.3884,-20.7527],[117.398,-20.771],[117.3902,-20.761],[117.3818,-20.7843],[117.3698,-20.7342],[117.3497,-20.779],[117.3497,-20.763],[117.3373,-20.7742],[117.3403,-20.7583],[117.332,-20.7706],[117.3203,-20.7585],[117.3467,-20.7593],[117.3475,-20.7356],[117.2839,-20.7353],[117.2847,-20.7202],[117.2638,-20.7285],[117.2775,-20.7238],[117.2231,-20.6951],[117.2164,-20.7248],[117.2273,-20.7068],[117.1952,-20.6803],[117.1859,-20.6979],[117.2003,-20.7062],[117.172,-20.7006],[117.2004,-20.6665],[117.1752,-20.6641],[117.168,-20.6822],[117.1814,-20.645],[117.157,-20.6577],[117.1816,-20.6396],[117.1656,-20.6283],[117.2,-20.6325],[117.1824,-20.5918],[117.1282,-20.6544],[117.1053,-20.6548],[117.0944,-20.624],[117.0388,-20.6676],[117.0368,-20.6476],[116.9881,-20.6585],[116.9758,-20.6697],[116.9971,-20.6752],[116.9563,-20.6833],[116.9568,-20.7012],[116.9264,-20.7132],[116.9527,-20.7243],[116.9271,-20.7201],[116.9199,-20.7407],[116.9237,-20.7123],[116.8988,-20.7241],[116.8282,-20.7087],[116.7959,-20.6668],[116.7867,-20.6861],[116.7884,-20.6653],[116.8191,-20.5808],[116.8674,-20.526],[116.8087,-20.5293],[116.8127,-20.55],[116.7779,-20.5766],[116.7993,-20.5749],[116.7464,-20.6205],[116.7645,-20.6325],[116.7217,-20.6379],[116.6944,-20.6807],[116.6425,-20.7047],[116.6667,-20.7222],[116.6889,-20.7058],[116.6664,-20.7283],[116.6848,-20.7504],[116.6732,-20.7276],[116.6421,-20.7219],[116.6638,-20.7414],[116.647,-20.7465],[116.6396,-20.7259],[116.6298,-20.7512],[116.6306,-20.7107],[116.624,-20.734],[116.6231,-20.7152],[116.5918,-20.7345],[116.6052,-20.7538],[116.5902,-20.7404],[116.5259,-20.7528],[116.5421,-20.7784],[116.5241,-20.758],[116.5134,-20.7717],[116.5445,-20.791],[116.5138,-20.7785],[116.4893,-20.7972],[116.5023,-20.8078],[116.4669,-20.8149],[116.4744,-20.8309],[116.4424,-20.8242],[116.4949,-20.851],[116.399,-20.8222],[116.3454,-20.8388],[116.2995,-20.8886],[116.2725,-20.8689],[116.2414,-20.8766],[116.2562,-20.8578],[116.2046,-20.8337],[116.191,-20.8884],[116.2268,-20.8834],[116.1898,-20.9013],[116.1881,-20.9679],[116.1403,-20.9919],[116.1462,-21.0127],[116.1032,-21.0011],[116.0989,-21.0517],[116.0971,-21.0004],[115.9894,-21.0401],[115.9119,-21.1016],[115.9182,-21.0787],[115.8546,-21.1761],[115.8604,-21.2042],[115.8503,-21.1918],[115.8335,-21.2056],[115.8449,-21.2279],[115.8194,-21.2474],[115.8444,-21.2529],[115.8089,-21.2489],[115.8167,-21.2656],[115.7919,-21.2465],[115.7991,-21.2703],[115.7793,-21.2885],[115.7838,-21.2567],[115.7674,-21.2541],[115.7704,-21.2846],[115.7623,-21.2718],[115.7526,-21.284],[115.7564,-21.2538],[115.7486,-21.2894],[115.7163,-21.2767],[115.7051,-21.2996],[115.7032,-21.2794],[115.6832,-21.3193],[115.6526,-21.3156],[115.6622,-21.3422],[115.6403,-21.3271],[115.6181,-21.3457],[115.6374,-21.3455],[115.628,-21.3632],[115.6088,-21.3563],[115.618,-21.3773],[115.605,-21.3611],[115.5888,-21.3799],[115.609,-21.382],[115.5975,-21.4108],[115.5836,-21.3848],[115.5509,-21.4131],[115.5622,-21.4359],[115.5727,-21.4275],[115.5655,-21.4572],[115.5493,-21.4347],[115.5097,-21.4579],[115.5063,-21.4744],[115.5264,-21.4595],[115.5153,-21.4812],[115.5283,-21.4648],[115.4928,-21.4858],[115.5203,-21.5092],[115.4937,-21.519],[115.5083,-21.5395],[115.4773,-21.53],[115.4756,-21.5472],[115.4678,-21.5147],[115.4639,-21.5472],[115.4451,-21.5328],[115.4557,-21.5485],[115.4435,-21.5328],[115.4573,-21.5085],[115.4382,-21.5296],[115.4465,-21.5438],[115.4129,-21.5248],[115.3812,-21.5433],[115.4142,-21.5347],[115.3991,-21.556],[115.3817,-21.5481],[115.3312,-21.576],[115.3416,-21.596],[115.3272,-21.5803],[115.246,-21.5959],[115.2423,-21.5768],[115.2199,-21.6162],[115.2111,-21.5977],[115.1869,-21.6124],[115.2101,-21.6279],[115.1785,-21.6113],[115.1616,-21.6251],[115.1766,-21.6366],[115.1606,-21.6262],[115.1322,-21.6448],[115.1422,-21.659],[115.1088,-21.6316],[115.0356,-21.6936],[114.9747,-21.6715],[114.9587,-21.6837],[114.9703,-21.6894],[114.9452,-21.6904],[114.9884,-21.674],[114.9731,-21.6696],[114.9143,-21.6883],[114.7784,-21.7905],[114.6988,-21.8137],[114.6853,-21.8678],[114.6861,-21.8329],[114.6481,-21.8445],[114.6425,-21.9093],[114.6643,-21.9105],[114.6215,-21.9359],[114.6371,-21.9446],[114.6152,-21.9476],[114.6262,-21.9736],[114.6133,-21.9612],[114.6059,-22.0068],[114.6014,-21.9877],[114.5894,-22.0195],[114.585,-21.9969],[114.5706,-22.0018],[114.5744,-22.0436],[114.559,-22.0203],[114.5516,-22.0664],[114.5173,-22.0665],[114.5357,-22.0788],[114.5181,-22.1058],[114.5263,-22.1416],[114.5194,-22.1232],[114.5014,-22.1299],[114.508,-22.1835],[114.4895,-22.1576],[114.4557,-22.1595],[114.4902,-22.186],[114.4718,-22.1904],[114.5005,-22.2205],[114.4532,-22.208],[114.4522,-22.235],[114.4819,-22.2515],[114.444,-22.242],[114.4726,-22.2644],[114.4298,-22.2754],[114.4614,-22.2926],[114.449,-22.3],[114.4609,-22.3293],[114.4336,-22.295],[114.4087,-22.3312],[114.4516,-22.3626],[114.407,-22.3509],[114.417,-22.3635],[114.4013,-22.3596],[114.3964,-22.3829],[114.4233,-22.3957],[114.3934,-22.391],[114.4079,-22.4292],[114.3803,-22.4413],[114.4038,-22.4694],[114.3836,-22.4647],[114.3838,-22.4908],[114.3646,-22.4903],[114.3771,-22.4981],[114.345,-22.4902],[114.3403,-22.5163],[114.3241,-22.4796],[114.3228,-22.5037],[114.3174,-22.4406],[114.2824,-22.4338],[114.2256,-22.4574],[114.2186,-22.4972],[114.1888,-22.5208],[114.1618,-22.534],[114.1511,-22.5171],[114.1438,-22.538],[114.1439,-22.5067],[114.1252,-22.5116],[114.1386,-22.4975],[114.1221,-22.4158],[114.1782,-22.3534],[114.1785,-22.3054],[114.1495,-22.3014],[114.1158,-22.3311],[114.133,-22.2616],[114.0848,-22.1913],[114.0803,-22.1541],[114.144,-21.9581],[114.1489,-21.8666],[114.191,-21.8146],[114.1652,-21.7857],[114.0777,-21.8168],[113.9951,-21.8754],[113.9336,-21.9732],[113.8208,-22.3058],[113.7494,-22.4084],[113.7378,-22.471],[113.7079,-22.4967],[113.7138,-22.5179],[113.6653,-22.5501],[113.6541,-22.5788],[113.6864,-22.6644],[113.6705,-22.7171],[113.7094,-22.7153],[113.7553,-22.7562],[113.8262,-22.956],[113.8125,-23.0828],[113.7605,-23.1213],[113.7945,-23.296],[113.7781,-23.478],[113.7533,-23.5282],[113.6132,-23.6309],[113.5673,-23.7522],[113.5319,-23.7748],[113.5138,-23.8473],[113.4703,-23.8985],[113.4587,-24.0136],[113.4222,-24.0429],[113.4434,-24.1817],[113.3902,-24.224],[113.4062,-24.3031],[113.3995,-24.4114],[113.4276,-24.5156],[113.6233,-24.746],[113.6327,-24.7974],[113.6175,-24.8586],[113.7069,-24.8507],[113.6442,-24.8791],[113.6504,-24.9068],[113.6652,-24.8959],[113.6919,-24.9285],[113.6642,-24.9586],[113.6646,-25.0182],[113.7247,-25.1155],[113.8171,-25.1736],[113.8426,-25.2646],[113.8913,-25.337],[113.8911,-25.373],[113.9139,-25.4009],[113.9021,-25.4101],[113.9442,-25.4587],[113.9484,-25.4772],[113.934,-25.4755],[113.9917,-25.5649],[114.0042,-25.6185],[114.1196,-25.7282],[114.1345,-25.7781],[114.2054,-25.853],[114.2668,-25.8877],[114.247,-25.9365],[114.2653,-25.9821],[114.2236,-25.9874],[114.2185,-25.9689],[114.1947,-25.9836],[114.2547,-26.1449],[114.2254,-26.165],[114.2235,-26.119],[114.1883,-26.1802],[114.2377,-26.3128],[114.2103,-26.372],[114.0768,-26.4666],[114.0539,-26.4192],[113.9729,-26.3425],[113.9505,-26.2676],[113.9595,-26.2442],[113.9343,-26.2039],[113.9476,-26.143],[113.9109,-26.1224],[113.8935,-26.0351],[113.9144,-25.9824],[113.8772,-25.9451],[113.8653,-25.956],[113.8837,-26.0602],[113.8377,-26.1386],[113.8352,-26.1156],[113.8301,-26.1538],[113.7803,-26.2134],[113.7622,-26.2122],[113.7535,-26.185],[113.7423,-26.2068],[113.7032,-26.1998],[113.7283,-26.1872],[113.7011,-26.1319],[113.6999,-26.0449],[113.7343,-26.0136],[113.7316,-25.9495],[113.7619,-25.8786],[113.7217,-25.8681],[113.7219,-25.7932],[113.692,-25.7893],[113.6067,-25.7143],[113.5813,-25.6208],[113.5586,-25.6355],[113.5252,-25.6078],[113.5111,-25.5033],[113.432,-25.6257],[113.4141,-25.7235],[113.4694,-25.7854],[113.4447,-25.7095],[113.4724,-25.7093],[113.4605,-25.7338],[113.4787,-25.7833],[113.4611,-25.8093],[113.5129,-25.8521],[113.5176,-25.9196],[113.5591,-25.9464],[113.5803,-26.0972],[113.6208,-26.1009],[113.6875,-26.1862],[113.6881,-26.2175],[113.7978,-26.2523],[113.8836,-26.341],[113.8754,-26.5219],[113.8115,-26.5772],[113.8097,-26.6099],[113.7675,-26.5872],[113.7385,-26.6176],[113.6868,-26.6017],[113.7049,-26.6621],[113.664,-26.6744],[113.6637,-26.5962],[113.642,-26.6194],[113.6256,-26.5712],[113.6306,-26.4633],[113.6215,-26.5387],[113.6141,-26.4894],[113.6098,-26.5147],[113.5934,-26.5119],[113.5882,-26.5856],[113.6071,-26.6062],[113.559,-26.5762],[113.5772,-26.5046],[113.5523,-26.4691],[113.5671,-26.4333],[113.5372,-26.2795],[113.5116,-26.2768],[113.5137,-26.3021],[113.4939,-26.3103],[113.5283,-26.3622],[113.5033,-26.4688],[113.477,-26.477],[113.5023,-26.4203],[113.4847,-26.3835],[113.4965,-26.3781],[113.5022,-26.4002],[113.5066,-26.3639],[113.4878,-26.357],[113.4988,-26.336],[113.4447,-26.1632],[113.4244,-26.161],[113.4292,-26.1385],[113.3967,-26.1139],[113.3637,-26.0175],[113.3587,-26.0651],[113.3873,-26.1115],[113.3865,-26.2126],[113.3646,-26.2107],[113.3364,-26.3003],[113.3547,-26.3008],[113.3999,-26.4182],[113.3943,-26.3922],[113.3684,-26.3992],[113.356,-26.331],[113.3387,-26.3474],[113.3267,-26.3373],[113.2993,-26.0159],[113.27,-26.2418],[113.2609,-26.1912],[113.1563,-26.1517],[113.2775,-26.294],[113.3082,-26.3874],[113.2967,-26.4002],[113.5844,-26.6714],[113.7831,-26.929],[113.9664,-27.232],[114.1049,-27.5041],[114.1634,-27.707],[114.1735,-27.6589],[114.1817,-27.6803],[114.1263,-27.7688],[114.1051,-27.8495],[114.1748,-28.1101],[114.2395,-28.1868],[114.3225,-28.2317],[114.433,-28.3942],[114.4656,-28.4073],[114.531,-28.496],[114.6124,-28.6635],[114.6147,-28.7626],[114.5761,-28.7844],[114.6131,-28.7963],[114.6345,-28.8749],[114.8722,-29.117],[114.9976,-29.4935],[114.958,-29.6837],[114.9828,-29.911],[114.9549,-30.0488],[115.0018,-30.1322],[114.9943,-30.2313],[115.0275,-30.2369],[115.0411,-30.268],[115.0205,-30.317],[115.042,-30.3378],[115.0712,-30.478],[115.054,-30.5051],[115.0942,-30.5483],[115.0877,-30.5784],[115.1833,-30.7719],[115.1897,-30.8248],[115.2198,-30.8327],[115.3128,-30.9731],[115.4411,-31.2778],[115.6858,-31.6537],[115.7517,-31.8483],[115.7508,-32.0223],[115.7244,-32.054],[115.7798,-32.0189],[115.7738,-31.9892],[115.8041,-32.0029],[115.8425,-31.9632],[115.8834,-31.9669],[115.8847,-31.9384],[115.9141,-31.9503],[115.9089,-31.9348],[115.974,-31.8937],[115.9514,-31.9231],[115.9101,-31.936],[115.9148,-31.9512],[115.8859,-31.9405],[115.8837,-31.9691],[115.8451,-31.9652],[115.8573,-32.0312],[115.9016,-32.0276],[115.8608,-32.0457],[115.8464,-32.0017],[115.8144,-32.0291],[115.7867,-32.0109],[115.7322,-32.0557],[115.7628,-32.1093],[115.7374,-32.1349],[115.7654,-32.1396],[115.7746,-32.1938],[115.7367,-32.2697],[115.6848,-32.266],[115.7016,-32.3053],[115.7307,-32.3103],[115.7434,-32.3336],[115.7361,-32.3624],[115.7129,-32.3702],[115.7502,-32.4396],[115.7379,-32.5019],[115.7118,-32.5214],[115.7185,-32.5644],[115.7553,-32.5648],[115.7775,-32.5963],[115.7737,-32.6359],[115.747,-32.6463],[115.7242,-32.6319],[115.7041,-32.6437],[115.6664,-32.6157],[115.7268,-32.7533],[115.7124,-32.7877],[115.6726,-32.7281],[115.641,-32.6185],[115.6729,-32.5939],[115.6711,-32.5752],[115.7176,-32.5576],[115.7104,-32.5205],[115.6278,-32.5995],[115.6083,-32.6667],[115.6878,-33.1086],[115.6663,-33.3221],[115.6358,-33.3087],[115.5737,-33.4537],[115.4276,-33.6083],[115.3673,-33.6394],[115.2067,-33.651],[115.1233,-33.6239],[115.0888,-33.5683],[115.0037,-33.5309],[115.0283,-33.6341],[114.9751,-33.698],[115.0001,-33.7942],[114.976,-33.8642],[115.0008,-34.0154],[114.9911,-34.0985],[115.0391,-34.1982],[115.026,-34.2568],[115.1191,-34.3409],[115.134,-34.3761],[115.1664,-34.3568],[115.173,-34.323],[115.1439,-34.2895],[115.1604,-34.2948],[115.1561,-34.2752],[115.1767,-34.2656],[115.1691,-34.2795],[115.202,-34.2776],[115.1653,-34.3014],[115.1689,-34.3217],[115.3435,-34.3158],[115.5203,-34.3968],[115.5409,-34.4231],[115.5779,-34.4221],[115.7351,-34.5324],[115.9472,-34.7208],[116.0027,-34.8124],[116.0019,-34.8423],[116.1371,-34.8447],[116.2507,-34.876],[116.4363,-34.974],[116.4817,-35.0161],[116.5329,-35.0044],[116.5723,-35.033],[116.6103,-35.0333],[116.6304,-35.0608],[116.7072,-35.0289],[116.7454,-35.0374],[116.7419,-35.0225],[116.7683,-35.0147],[116.9212,-35.0643],[116.9569,-35.0194],[117.098,-35.0324],[117.1505,-35.0615],[117.1647,-35.0269],[117.1953,-35.0171],[117.3261,-35.0439],[117.3342,-34.9937],[117.3692,-34.9695],[117.4291,-34.9861],[117.4552,-34.9669],[117.4796,-34.9935],[117.4516,-35.0101],[117.4658,-35.0205],[117.4285,-35.0216],[117.3957,-34.9981],[117.3331,-35.0239],[117.3975,-35.032],[117.4853,-35.089],[117.5486,-35.0825],[117.6112,-35.1333],[117.6397,-35.1345],[117.6284,-35.1128],[117.6514,-35.0838],[117.6446,-35.0621],[117.6856,-35.0433],[117.7622,-35.0545],[117.8988,-35.1234],[117.9409,-35.1147],[117.9503,-35.128],[117.9758,-35.0988],[118.0208,-35.1085],[118.0009,-35.0873],[117.9436,-35.0917],[117.9204,-35.0409],[117.9104,-35.0535],[117.9279,-35.0729],[117.9105,-35.0844],[117.8483,-35.0456],[117.8596,-35.0268],[117.9195,-35.0358],[117.9187,-35.0166],[117.9487,-34.9982],[117.9489,-34.9436],[117.9815,-34.94],[117.9797,-34.9909],[117.9488,-35.0019],[117.9619,-35.0131],[118.0348,-35.0204],[118.1088,-34.9859],[118.1675,-34.9952],[118.1947,-35.0231],[118.2107,-34.9788],[118.1726,-34.9677],[118.1753,-34.9401],[118.211,-34.9439],[118.2237,-34.9198],[118.334,-34.8914],[118.4034,-34.9167],[118.4278,-34.8987],[118.3971,-34.8766],[118.4004,-34.8238],[118.4402,-34.7607],[118.5198,-34.7174],[118.7224,-34.6569],[118.7817,-34.609],[118.7455,-34.5937],[118.7554,-34.5456],[118.8116,-34.5095],[118.9142,-34.5032],[118.9118,-34.4629],[119.0691,-34.4588],[119.1522,-34.4945],[119.2179,-34.4979],[119.2394,-34.5162],[119.2223,-34.5313],[119.2545,-34.5346],[119.2849,-34.5131],[119.2712,-34.469],[119.2899,-34.452],[119.3464,-34.4462],[119.3662,-34.4625],[119.3557,-34.4747],[119.3822,-34.4854],[119.3902,-34.4596],[119.4186,-34.4589],[119.3909,-34.4194],[119.4157,-34.3733],[119.4825,-34.3752],[119.4925,-34.393],[119.4781,-34.4021],[119.5027,-34.4115],[119.5763,-34.3872],[119.5075,-34.3591],[119.5032,-34.2903],[119.4571,-34.2891],[119.5037,-34.288],[119.5349,-34.2214],[119.5878,-34.1708],[119.5827,-34.151],[119.6403,-34.1126],[119.6393,-34.0957],[119.7339,-34.0607],[119.8033,-33.9908],[119.8508,-33.9698],[119.9444,-33.9779],[119.9914,-33.9359],[120.0426,-33.9233],[120.1266,-33.9545],[120.2311,-33.9324],[120.4366,-33.9719],[120.5584,-33.9264],[120.5534,-33.9032],[120.5935,-33.8862],[120.8135,-33.8926],[120.8685,-33.8562],[121.0079,-33.8727],[121.0998,-33.8485],[121.1771,-33.8776],[121.1987,-33.8446],[121.2685,-33.8507],[121.299,-33.825],[121.3495,-33.8302],[121.3637,-33.8154],[121.5048,-33.8396],[121.5466,-33.828],[121.6277,-33.8693],[121.6447,-33.8982],[121.6951,-33.8612],[121.7899,-33.909],[121.9005,-33.879],[121.9151,-33.8382],[122.001,-33.8293],[122.0854,-33.9028],[122.119,-33.98],[122.0933,-34.0028],[122.1125,-34.0004],[122.1136,-34.0172],[122.1653,-34.0024],[122.1933,-34.0172],[122.227,-33.988],[122.2773,-34.0007],[122.2745,-33.9595],[122.3263,-33.9289],[122.3542,-33.9331],[122.3642,-33.9135],[122.4444,-33.9192],[122.5097,-33.9534],[122.5576,-33.9366],[122.5715,-33.9614],[122.5974,-33.9373],[122.5817,-33.9163],[122.6187,-33.8928],[122.7478,-33.8958],[122.7738,-33.8777],[122.8294,-33.91],[122.9351,-33.8861],[122.9759,-33.9023],[123.0227,-33.8566],[123.1339,-33.9044],[123.1611,-33.9459],[123.1485,-33.9763],[123.1722,-33.9895],[123.152,-34.0106],[123.1631,-34.0166],[123.2869,-33.9799],[123.3303,-33.9188],[123.3715,-33.8959],[123.474,-33.9062],[123.5121,-33.9425],[123.5343,-33.9401],[123.5734,-33.8877],[123.6391,-33.877],[123.6563,-33.8469],[123.7642,-33.7952],[123.7475,-33.7653],[123.7744,-33.6982],[123.8777,-33.6332],[123.8751,-33.599],[123.976,-33.5586],[123.998,-33.4264],[124.1012,-33.1761],[124.1543,-33.096],[124.2387,-33.0176],[124.3936,-32.9491],[124.741,-32.9001],[124.814,-32.8728],[124.8946,-32.8328],[125.0262,-32.7288],[125.1024,-32.7154],[125.3153,-32.6079],[125.5321,-32.5492],[125.8012,-32.3667],[125.951,-32.2905],[126.0812,-32.2751],[126.2031,-32.2323],[126.422,-32.2841],[126.6728,-32.3084],[127.326,-32.2565],[127.5188,-32.2141],[127.7057,-32.1367],[128.0224,-32.074],[128.3143,-31.9794],[128.6423,-31.8509],[128.8964,-31.717],[129.0019,-31.687],[129.0018,-25.9986]]],[[[126.5399,-13.8976],[126.6083,-13.9137],[126.6205,-13.8899],[126.5042,-13.8688],[126.5135,-13.907],[126.5399,-13.8976]]],[[[126.8649,-13.9725],[126.8832,-13.9925],[126.9013,-13.9853],[126.8665,-13.9559],[126.8695,-13.968],[126.8199,-13.9539],[126.8649,-13.9725]]],[[[126.3732,-13.9993],[126.3893,-14.0112],[126.4038,-13.9891],[126.3707,-13.9763],[126.3732,-13.9993]]],[[[126.1624,-13.9643],[126.1659,-13.9625],[126.165,-13.9615],[126.1696,-13.9564],[126.1751,-13.9535],[126.1788,-13.9472],[126.186,-13.9445],[126.1947,-13.9359],[126.1941,-13.9328],[126.1897,-13.9274],[126.185,-13.9272],[126.1792,-13.9299],[126.1742,-13.9326],[126.1733,-13.9369],[126.1713,-13.9359],[126.1697,-13.9368],[126.1709,-13.9378],[126.1682,-13.9427],[126.1686,-13.947],[126.1622,-13.953],[126.1552,-13.9568],[126.1569,-13.9615],[126.1598,-13.964],[126.1624,-13.9643]]],[[[126.3088,-13.9284],[126.3003,-13.9685],[126.3211,-13.9431],[126.3088,-13.9284]]],[[[125.628,-13.9612],[125.6444,-13.9514],[125.6304,-13.931],[125.628,-13.9612]]],[[[126.6202,-13.8714],[126.6345,-13.8759],[126.6252,-13.8528],[126.6202,-13.8714]]],[[[126.3033,-13.9244],[126.3051,-13.9266],[126.3088,-13.923],[126.312,-13.9235],[126.312,-13.9194],[126.3162,-13.9156],[126.3173,-13.9096],[126.315,-13.902],[126.3126,-13.9008],[126.3092,-13.9009],[126.303,-13.9045],[126.3028,-13.9099],[126.2999,-13.9136],[126.3033,-13.9198],[126.3003,-13.9215],[126.3033,-13.9244]]],[[[126.3071,-13.8892],[126.3191,-13.8868],[126.3048,-13.8662],[126.3071,-13.8892]]],[[[126.6923,-13.931],[126.6757,-13.9615],[126.6992,-13.9438],[126.6923,-13.931]]],[[[125.7019,-14.144],[125.7055,-14.1355],[125.7034,-14.1294],[125.7044,-14.1162],[125.7004,-14.1172],[125.6962,-14.1143],[125.6949,-14.1094],[125.6921,-14.1076],[125.6927,-14.1137],[125.6959,-14.1151],[125.696,-14.1184],[125.6978,-14.1197],[125.6966,-14.1344],[125.6943,-14.1398],[125.6983,-14.139],[125.6991,-14.1426],[125.7019,-14.144]]],[[[127.1563,-13.899],[127.1752,-13.904],[127.163,-13.883],[127.1563,-13.899]]],[[[126.2724,-13.9306],[126.2762,-13.9338],[126.2753,-13.9389],[126.2792,-13.9398],[126.2837,-13.9461],[126.2952,-13.9421],[126.2909,-13.9378],[126.2795,-13.9355],[126.2795,-13.9331],[126.2761,-13.9315],[126.2738,-13.9277],[126.2723,-13.9282],[126.2724,-13.9306]]],[[[126.2387,-14.162],[126.2434,-14.1585],[126.2421,-14.1519],[126.2438,-14.1486],[126.2377,-14.146],[126.2372,-14.1497],[126.2316,-14.1493],[126.2305,-14.1503],[126.2323,-14.1537],[126.231,-14.1569],[126.232,-14.1573],[126.2334,-14.1551],[126.2343,-14.159],[126.2373,-14.161],[126.2363,-14.1617],[126.2383,-14.1605],[126.2387,-14.162]]],[[[126.6029,-13.9502],[126.6058,-13.9527],[126.6051,-13.9513],[126.6079,-13.9466],[126.6077,-13.9435],[126.6035,-13.941],[126.6005,-13.9356],[126.5979,-13.9372],[126.5952,-13.9426],[126.5976,-13.9453],[126.6016,-13.9469],[126.6029,-13.9502]]],[[[125.5556,-14.1086],[125.5578,-14.1068],[125.561,-14.1066],[125.559,-14.1027],[125.5598,-14.1003],[125.5547,-14.0996],[125.5516,-14.1025],[125.5515,-14.1076],[125.5556,-14.1086]]],[[[126.1525,-13.7524],[126.1491,-13.746],[126.1454,-13.7486],[126.1504,-13.7597],[126.1526,-13.7582],[126.1525,-13.7524]]],[[[125.7657,-14.1628],[125.7718,-14.1598],[125.7749,-14.1509],[125.7699,-14.1536],[125.7649,-14.1587],[125.7657,-14.1628]]],[[[127.2711,-13.8219],[127.2799,-13.8187],[127.2697,-13.8166],[127.266,-13.8191],[127.2676,-13.8215],[127.2711,-13.8219]]],[[[126.8175,-13.9429],[126.8186,-13.9495],[126.8244,-13.9467],[126.8239,-13.9445],[126.8205,-13.9416],[126.8157,-13.9412],[126.8175,-13.9429]]],[[[126.8713,-13.9804],[126.8777,-13.9811],[126.8793,-13.9822],[126.8808,-13.9847],[126.8816,-13.9834],[126.8794,-13.9784],[126.8753,-13.9761],[126.8702,-13.9764],[126.87,-13.9803],[126.8713,-13.9804]]],[[[126.7047,-13.9501],[126.7052,-13.954],[126.7066,-13.9545],[126.7078,-13.9526],[126.7057,-13.9479],[126.7069,-13.9426],[126.7026,-13.9409],[126.7006,-13.943],[126.7042,-13.9469],[126.7047,-13.9501]]],[[[126.8428,-13.9682],[126.845,-13.9687],[126.8447,-13.9708],[126.8512,-13.9683],[126.8437,-13.9653],[126.8387,-13.9668],[126.8428,-13.9682]]],[[[126.8175,-13.9548],[126.815,-13.9528],[126.812,-13.9564],[126.8125,-13.9587],[126.8178,-13.9608],[126.8193,-13.9561],[126.8171,-13.9571],[126.8175,-13.9548]]],[[[126.5358,-14.0004],[126.5387,-14.0034],[126.5406,-14.0002],[126.5456,-13.9996],[126.549,-13.9967],[126.5465,-13.9951],[126.5413,-13.9988],[126.5359,-13.9987],[126.5358,-14.0004]]],[[[126.5894,-13.8823],[126.5907,-13.8836],[126.5938,-13.8816],[126.5955,-13.8834],[126.5971,-13.8789],[126.593,-13.8779],[126.5892,-13.8803],[126.5894,-13.8823]]],[[[126.4532,-13.958],[126.45,-13.964],[126.4537,-13.9634],[126.4543,-13.9573],[126.4566,-13.9544],[126.4554,-13.955],[126.4546,-13.9537],[126.4532,-13.9549],[126.4532,-13.958]]],[[[126.0007,-13.9801],[126.0035,-13.9763],[126.0012,-13.974],[125.9977,-13.9782],[126.0007,-13.9801]]],[[[127.571,-14.1113],[127.5722,-14.113],[127.5736,-14.1123],[127.5715,-14.1064],[127.5687,-14.1076],[127.571,-14.1113]]],[[[125.738,-14.0914],[125.7405,-14.094],[125.744,-14.0924],[125.7393,-14.091],[125.738,-14.0889],[125.735,-14.0894],[125.7353,-14.0909],[125.738,-14.0914]]],[[[125.6073,-14.1241],[125.6069,-14.1225],[125.6052,-14.1233],[125.6057,-14.1247],[125.6041,-14.1252],[125.6024,-14.1298],[125.6056,-14.1301],[125.6056,-14.1266],[125.6073,-14.1241]]],[[[126.8946,-13.9792],[126.8921,-13.976],[126.8903,-13.9775],[126.8917,-13.9802],[126.8945,-13.9809],[126.8946,-13.9792]]],[[[127.1122,-13.9044],[127.1112,-13.9062],[127.1162,-13.9017],[127.1147,-13.8994],[127.1157,-13.8966],[127.1139,-13.8976],[127.1122,-13.9044]]],[[[125.657,-14.1583],[125.6594,-14.1572],[125.6594,-14.1537],[125.6569,-14.1519],[125.657,-14.1583]]],[[[126.7906,-13.7661],[126.792,-13.769],[126.7927,-13.7611],[126.7906,-13.7661]]],[[[126.8633,-13.9623],[126.8629,-13.9583],[126.8582,-13.958],[126.8633,-13.9623]]],[[[126.3568,-13.7594],[126.3645,-13.7536],[126.3578,-13.7566],[126.3568,-13.7594]]],[[[126.5552,-14.1489],[126.5582,-14.1457],[126.552,-14.1472],[126.5552,-14.1489]]],[[[125.7247,-14.0943],[125.7272,-14.0942],[125.7277,-14.0929],[125.7261,-14.0901],[125.7243,-14.0907],[125.7247,-14.0943]]],[[[125.6986,-14.1529],[125.6997,-14.1547],[125.7007,-14.1527],[125.6992,-14.149],[125.6986,-14.1529]]],[[[127.1279,-13.961],[127.1286,-13.9623],[127.1318,-13.9572],[127.1279,-13.961]]],[[[126.83,-13.9754],[126.8318,-13.9728],[126.8281,-13.9737],[126.83,-13.9754]]],[[[127.5499,-14.0936],[127.5476,-14.0936],[127.5493,-14.097],[127.5499,-14.0936]]],[[[125.7478,-14.1092],[125.7491,-14.1051],[125.7468,-14.1072],[125.7478,-14.1092]]],[[[126.5694,-14.0136],[126.5666,-14.0138],[126.5687,-14.0161],[126.5699,-14.0155],[126.5694,-14.0136]]],[[[126.5949,-13.8994],[126.5909,-13.9026],[126.5933,-13.902],[126.5949,-13.8994]]],[[[126.7646,-13.7845],[126.7691,-13.781],[126.7649,-13.783],[126.7646,-13.7845]]],[[[125.7483,-14.0993],[125.7495,-14.0975],[125.7476,-14.0964],[125.7469,-14.0983],[125.7483,-14.0993]]],[[[126.5857,-13.9064],[126.5874,-13.9086],[126.5875,-13.905],[126.5857,-13.9064]]],[[[127.1303,-13.9637],[127.1285,-13.9656],[127.1332,-13.9632],[127.1327,-13.9623],[127.1303,-13.9637]]],[[[126.5887,-13.906],[126.5902,-13.9056],[126.59,-13.9039],[126.588,-13.9042],[126.5887,-13.906]]],[[[126.8017,-13.9882],[126.8032,-13.9857],[126.801,-13.9866],[126.8017,-13.9882]]],[[[125.6499,-14.0693],[125.6519,-14.0661],[125.6501,-14.067],[125.6499,-14.0693]]],[[[126.9971,-13.7664],[126.9992,-13.7646],[126.9973,-13.7641],[126.9971,-13.7664]]],[[[126.106,-13.9014],[126.1071,-13.8994],[126.1047,-13.8985],[126.1041,-13.9007],[126.106,-13.9014]]],[[[127.5634,-14.1078],[127.5658,-14.1074],[127.5636,-14.1059],[127.5634,-14.1078]]],[[[127.1926,-13.9003],[127.1941,-13.8994],[127.1926,-13.898],[127.1926,-13.9003]]],[[[127.4952,-14.0577],[127.4968,-14.056],[127.4959,-14.055],[127.4945,-14.0553],[127.4952,-14.0577]]],[[[127.5897,-14.1367],[127.5925,-14.1363],[127.5903,-14.1352],[127.5897,-14.1367]]],[[[126.8338,-13.9722],[126.835,-13.9703],[126.8326,-13.9706],[126.8338,-13.9722]]],[[[127.0215,-13.81],[127.0201,-13.8093],[127.0188,-13.8105],[127.0215,-13.81]]],[[[125.8742,-14.0635],[125.8758,-14.0631],[125.8749,-14.0617],[125.8732,-14.0628],[125.8742,-14.0635]]],[[[127.0498,-13.8377],[127.0474,-13.8379],[127.0491,-13.8389],[127.0498,-13.8377]]],[[[126.8717,-13.9819],[126.8736,-13.9807],[126.8706,-13.9808],[126.8717,-13.9819]]],[[[126.5445,-14.0125],[126.5457,-14.0145],[126.5456,-14.0124],[126.5445,-14.0125]]],[[[126.8372,-13.9662],[126.838,-13.9649],[126.837,-13.9645],[126.8359,-13.9655],[126.8372,-13.9662]]],[[[126.7099,-13.9434],[126.7106,-13.9423],[126.708,-13.9425],[126.7099,-13.9434]]],[[[126.838,-13.9535],[126.8393,-13.953],[126.8376,-13.9524],[126.838,-13.9535]]]]},"properties":{"iso3":"AUS","shapeId":"82085004B93533858076668","regionId":"AUS.11_1","name":"Western Australia"}},{"type":"Feature","geometry":{"type":"MultiPolygon","coordinates":[[[[144.1602,-39.8285],[144.1581,-39.8329],[144.1604,-39.8308],[144.1626,-39.831],[144.1641,-39.8284],[144.1605,-39.8274],[144.1602,-39.8285]]],[[[143.8193,-39.675],[143.8218,-39.6769],[143.8258,-39.6773],[143.8263,-39.6723],[143.8287,-39.6708],[143.8368,-39.6705],[143.8375,-39.668],[143.8268,-39.665],[143.8253,-39.6677],[143.8204,-39.6692],[143.8193,-39.675]]],[[[143.8314,-39.683],[143.8271,-39.6821],[143.8265,-39.6855],[143.8299,-39.6931],[143.8336,-39.6931],[143.8359,-39.6879],[143.8314,-39.683]]],[[[144.0492,-40.0678],[144.1062,-40.0437],[144.133,-39.9773],[144.1369,-39.9277],[144.105,-39.8913],[144.1279,-39.8221],[144.1017,-39.7633],[144.11,-39.6709],[144.0054,-39.5966],[143.948,-39.5794],[143.9242,-39.5953],[143.9227,-39.6689],[143.8442,-39.7156],[143.8672,-39.8335],[143.8338,-39.9214],[143.8797,-39.968],[143.893,-40.0109],[143.8884,-40.0566],[143.858,-40.0646],[143.8753,-40.1168],[143.9044,-40.1214],[143.9008,-40.1394],[143.9255,-40.158],[143.9241,-40.1303],[144.027,-40.0948],[144.0492,-40.0678]]],[[[143.9281,-40.1609],[143.929,-40.1596],[143.9267,-40.1577],[143.9244,-40.1615],[143.9281,-40.1609]]],[[[146.3713,-43.7404],[146.3752,-43.7381],[146.3715,-43.7358],[146.3699,-43.7369],[146.3713,-43.7404]]],[[[146.2622,-43.6626],[146.2605,-43.6634],[146.2638,-43.6632],[146.2622,-43.6626]]],[[[148.3055,-40.505],[148.3133,-40.5219],[148.317,-40.4978],[148.3055,-40.505]]],[[[148.3435,-40.4983],[148.3279,-40.5015],[148.347,-40.5225],[148.3435,-40.4983]]],[[[147.8884,-39.6911],[147.892,-39.7019],[147.9029,-39.7052],[147.9101,-39.7018],[147.9102,-39.6996],[147.912,-39.6991],[147.918,-39.701],[147.9188,-39.7043],[147.9208,-39.7029],[147.9226,-39.704],[147.9295,-39.7025],[147.9344,-39.7038],[147.9405,-39.6998],[147.9426,-39.7002],[147.9429,-39.7024],[147.9463,-39.6995],[147.9465,-39.6968],[147.9439,-39.6977],[147.9401,-39.6965],[147.9297,-39.686],[147.9259,-39.6853],[147.9144,-39.6896],[147.9072,-39.6893],[147.9049,-39.6884],[147.9006,-39.6815],[147.8986,-39.6816],[147.8984,-39.6837],[147.8955,-39.685],[147.889,-39.684],[147.8884,-39.6911]]],[[[147.6751,-39.6891],[147.6832,-39.6893],[147.6875,-39.6856],[147.6774,-39.6857],[147.6742,-39.6878],[147.6751,-39.6891]]],[[[147.9665,-39.6585],[148.0111,-39.6486],[147.9828,-39.6369],[147.9665,-39.6585]]],[[[144.9381,-40.5626],[144.9409,-40.5595],[144.9398,-40.5581],[144.9381,-40.5626]]],[[[148.4959,-40.4352],[148.4986,-40.4361],[148.4975,-40.4327],[148.4953,-40.4333],[148.4959,-40.4352]]],[[[148.0708,-40.287],[148.0671,-40.2886],[148.071,-40.288],[148.0708,-40.287]]],[[[147.7271,-40.1287],[147.7228,-40.1292],[147.722,-40.1314],[147.7248,-40.1322],[147.7271,-40.1287]]],[[[148.3596,-39.9601],[148.3632,-39.9614],[148.3651,-39.9585],[148.3619,-39.9552],[148.3592,-39.9573],[148.3596,-39.9601]]],[[[147.1256,-39.5237],[147.1274,-39.5237],[147.1287,-39.5263],[147.1312,-39.5231],[147.1274,-39.5183],[147.1256,-39.5237]]],[[[146.6383,-39.4758],[146.642,-39.481],[146.6472,-39.4789],[146.6487,-39.4774],[146.6484,-39.4725],[146.6539,-39.47],[146.658,-39.4631],[146.6522,-39.4628],[146.646,-39.466],[146.6431,-39.4693],[146.6431,-39.4718],[146.6378,-39.4737],[146.6383,-39.4758]]],[[[147.3746,-39.4444],[147.3734,-39.4486],[147.3759,-39.4463],[147.3822,-39.4474],[147.3822,-39.4447],[147.3791,-39.4423],[147.3751,-39.4423],[147.3746,-39.4444]]],[[[146.3879,-39.2248],[146.3814,-39.2272],[146.381,-39.2329],[146.3841,-39.2356],[146.3897,-39.2354],[146.3952,-39.2311],[146.3911,-39.2282],[146.3897,-39.2248],[146.3879,-39.2248]]],[[[146.9965,-39.212],[146.9996,-39.2111],[147.0036,-39.2038],[146.9988,-39.2065],[146.9965,-39.212]]],[[[146.9832,-39.2154],[146.9809,-39.2326],[146.9963,-39.2213],[146.9832,-39.2154]]],[[[148.0238,-40.3505],[148.0247,-40.3492],[148.0157,-40.3528],[148.0146,-40.3516],[148.0104,-40.352],[148.0094,-40.3506],[148.0052,-40.3516],[148.0018,-40.3536],[147.9984,-40.359],[147.9928,-40.3616],[147.9934,-40.3627],[147.9913,-40.3635],[147.9865,-40.3612],[147.983,-40.3628],[147.9805,-40.3672],[147.9814,-40.3694],[147.9892,-40.366],[147.9933,-40.367],[147.9948,-40.3693],[148.0017,-40.3637],[148.0077,-40.3653],[148.01,-40.3631],[148.0152,-40.362],[148.019,-40.3599],[148.0198,-40.3574],[148.0249,-40.355],[148.0238,-40.3505]]],[[[147.8954,-40.3785],[147.8949,-40.3798],[147.8989,-40.3792],[147.8966,-40.3771],[147.8954,-40.3785]]],[[[147.7772,-40.026],[147.7263,-40.1031],[147.7566,-40.0947],[147.7874,-40.0423],[147.7772,-40.026]]],[[[147.8441,-40.0282],[147.8455,-40.0298],[147.848,-40.0293],[147.8475,-40.0256],[147.8463,-40.0263],[147.8444,-40.0249],[147.8441,-40.0282]]],[[[148.3588,-39.9499],[148.3547,-39.9468],[148.3519,-39.9507],[148.3564,-39.9527],[148.3599,-39.9519],[148.3615,-39.9536],[148.3629,-39.9466],[148.3588,-39.9499]]],[[[146.2509,-43.6612],[146.2486,-43.6624],[146.2538,-43.6613],[146.2509,-43.6612]]],[[[148.2635,-42.1767],[148.2614,-42.1767],[148.2609,-42.1793],[148.2635,-42.1767]]],[[[145.2943,-42.1905],[145.2941,-42.1915],[145.2947,-42.1904],[145.2988,-42.1906],[145.3007,-42.1869],[145.2949,-42.1853],[145.2928,-42.1882],[145.2943,-42.1905]]],[[[145.2998,-42.1814],[145.298,-42.1815],[145.3001,-42.1827],[145.2998,-42.1814]]],[[[145.3007,-42.1812],[145.3016,-42.1804],[145.2998,-42.1806],[145.3007,-42.1812]]],[[[148.109,-40.5496],[148.1115,-40.5499],[148.1101,-40.5475],[148.109,-40.5496]]],[[[148.2424,-40.5613],[148.2418,-40.5624],[148.2438,-40.5622],[148.2424,-40.5613]]],[[[147.8912,-40.0956],[147.8907,-40.0943],[147.8865,-40.0946],[147.8886,-40.0992],[147.886,-40.1011],[147.8884,-40.1046],[147.8869,-40.1062],[147.8906,-40.1048],[147.8922,-40.1017],[147.8915,-40.0988],[147.8932,-40.0973],[147.8912,-40.0956]]],[[[147.942,-40.1308],[147.9448,-40.1308],[147.9458,-40.1279],[147.9415,-40.1282],[147.942,-40.1308]]],[[[147.9163,-40.123],[147.9147,-40.1221],[147.9143,-40.1231],[147.9161,-40.1253],[147.9163,-40.123]]],[[[148.3533,-42.2029],[148.3541,-42.2037],[148.3543,-42.2022],[148.3533,-42.2029]]],[[[144.9232,-40.584],[144.937,-40.6293],[144.9499,-40.6211],[144.9232,-40.584]]],[[[144.9257,-40.5699],[144.9263,-40.5712],[144.9303,-40.5709],[144.9294,-40.5678],[144.926,-40.5682],[144.9257,-40.5699]]],[[[147.8402,-40.2978],[147.8566,-40.3092],[147.8468,-40.3239],[147.8812,-40.3259],[147.9089,-40.3017],[147.8402,-40.2978]]],[[[148.1336,-40.2994],[148.1338,-40.3014],[148.1381,-40.3011],[148.1476,-40.297],[148.1551,-40.2958],[148.1615,-40.2975],[148.1661,-40.2919],[148.1536,-40.2899],[148.1491,-40.2934],[148.1437,-40.2901],[148.1408,-40.2905],[148.139,-40.2943],[148.1326,-40.2964],[148.1336,-40.2994]]],[[[148.1082,-40.2965],[148.1095,-40.2979],[148.1041,-40.301],[148.0974,-40.3083],[148.0986,-40.3104],[148.1022,-40.3114],[148.1055,-40.3099],[148.1068,-40.3126],[148.1111,-40.311],[148.1117,-40.307],[148.1161,-40.3027],[148.1151,-40.2968],[148.1116,-40.2951],[148.1082,-40.2965]]],[[[147.7993,-40.2954],[147.7872,-40.2999],[147.8022,-40.3151],[147.7993,-40.2954]]],[[[148.3087,-40.3035],[148.3059,-40.3037],[148.3079,-40.3066],[148.3144,-40.306],[148.3087,-40.3035]]],[[[148.0493,-40.3416],[148.0517,-40.3431],[148.0544,-40.3404],[148.0505,-40.3391],[148.0493,-40.3416]]],[[[148.1128,-40.2908],[148.1103,-40.292],[148.1109,-40.2937],[148.1173,-40.2899],[148.1128,-40.2908]]],[[[148.3194,-40.3001],[148.3238,-40.2985],[148.3233,-40.2968],[148.3207,-40.2976],[148.3194,-40.3001]]],[[[147.9222,-40.3356],[147.9226,-40.3367],[147.9224,-40.3346],[147.9222,-40.3356]]],[[[147.9026,-40.1792],[147.8941,-40.1942],[147.9172,-40.1865],[147.9026,-40.1792]]],[[[147.9737,-40.1942],[147.9866,-40.186],[147.9754,-40.1746],[147.9737,-40.1942]]],[[[148.2456,-40.2282],[148.2521,-40.2285],[148.253,-40.2303],[148.2561,-40.231],[148.2619,-40.2285],[148.2595,-40.227],[148.2593,-40.2227],[148.2568,-40.2219],[148.2538,-40.2222],[148.2523,-40.224],[148.2471,-40.2226],[148.2445,-40.2254],[148.2456,-40.2282]]],[[[147.8915,-40.1381],[147.8947,-40.1386],[147.8945,-40.1366],[147.8928,-40.1362],[147.8915,-40.1381]]],[[[148.281,-40.2571],[148.2841,-40.2559],[148.2809,-40.2552],[148.281,-40.2571]]],[[[147.3184,-39.496],[147.3514,-39.4974],[147.3458,-39.4717],[147.3605,-39.4638],[147.3209,-39.4524],[147.3039,-39.4754],[147.3184,-39.496]]],[[[147.2728,-39.471],[147.2605,-39.4796],[147.2945,-39.4727],[147.3017,-39.4381],[147.2731,-39.445],[147.2934,-39.4621],[147.2728,-39.471]]],[[[148.1432,-42.0689],[148.1479,-42.069],[148.1513,-42.0664],[148.1443,-42.0672],[148.1432,-42.0689]]],[[[148.1424,-42.0727],[148.1434,-42.0735],[148.1499,-42.0706],[148.1424,-42.0727]]],[[[148.1974,-42.0762],[148.1994,-42.0766],[148.2003,-42.0741],[148.1989,-42.0738],[148.1974,-42.0762]]],[[[148.2448,-41.9938],[148.2449,-41.9922],[148.2446,-41.9965],[148.2448,-41.9938]]],[[[148.2888,-40.2728],[148.282,-40.2884],[148.3259,-40.2875],[148.2954,-40.2574],[148.2888,-40.2728]]],[[[148.2479,-40.2539],[148.2668,-40.2526],[148.228,-40.2405],[148.2479,-40.2539]]],[[[147.9146,-40.2787],[147.9298,-40.2804],[147.934,-40.2586],[147.9146,-40.2787]]],[[[148.2016,-40.2505],[148.2057,-40.2585],[148.2086,-40.2551],[148.2123,-40.2565],[148.215,-40.2553],[148.2119,-40.2484],[148.2065,-40.2473],[148.2047,-40.2498],[148.2029,-40.2491],[148.2016,-40.2505]]],[[[148.2916,-41.8575],[148.29,-41.8562],[148.2889,-41.8571],[148.2901,-41.8602],[148.2916,-41.8575]]],[[[148.3121,-41.8735],[148.3129,-41.8747],[148.3123,-41.8722],[148.3121,-41.8735]]],[[[148.3118,-41.8715],[148.3132,-41.8721],[148.3138,-41.8704],[148.3118,-41.8715]]],[[[144.9356,-41.726],[144.9378,-41.7249],[144.9352,-41.725],[144.9356,-41.726]]],[[[148.0224,-40.4166],[148.0604,-40.4533],[148.1277,-40.4397],[148.1401,-40.4606],[148.196,-40.4355],[148.2268,-40.4661],[148.2734,-40.429],[148.3099,-40.4267],[148.3506,-40.4928],[148.378,-40.4765],[148.398,-40.4894],[148.4373,-40.4399],[148.4819,-40.4349],[148.4485,-40.4055],[148.4515,-40.3767],[148.4071,-40.378],[148.3298,-40.2907],[148.2669,-40.3407],[148.2107,-40.3178],[148.1919,-40.3562],[148.1438,-40.3362],[148.0798,-40.3398],[147.9873,-40.3871],[147.9887,-40.4211],[148.0224,-40.4166]]],[[[148.116,-40.5126],[148.0958,-40.5316],[148.1215,-40.5371],[148.1135,-40.5651],[148.1985,-40.5901],[148.1924,-40.574],[148.2351,-40.5328],[148.248,-40.4802],[148.2145,-40.5027],[148.1881,-40.4895],[148.116,-40.5126]]],[[[144.8357,-40.4443],[144.8949,-40.4839],[144.9522,-40.459],[144.9479,-40.4386],[144.9699,-40.4263],[144.9544,-40.3912],[144.8869,-40.3887],[144.8816,-40.4181],[144.8357,-40.4443]]],[[[148.0637,-40.4826],[148.082,-40.4888],[148.0477,-40.4741],[148.0637,-40.4826]]],[[[148.0737,-40.4911],[148.0719,-40.495],[148.0741,-40.4964],[148.0765,-40.4954],[148.0737,-40.4911]]],[[[148.019,-40.4855],[148.0207,-40.4851],[148.019,-40.4832],[148.019,-40.4855]]],[[[148.0666,-42.6744],[148.0387,-42.6841],[148.0146,-42.7425],[148.093,-42.7209],[148.0682,-42.6812],[148.0813,-42.6617],[148.1445,-42.6674],[148.169,-42.6496],[148.1201,-42.585],[148.0727,-42.5693],[148.0247,-42.6293],[148.0379,-42.6492],[148.0093,-42.6612],[148.0497,-42.6557],[148.0666,-42.6744]]],[[[148.2952,-42.3331],[148.346,-42.3417],[148.2985,-42.2924],[148.2361,-42.3067],[148.2483,-42.3273],[148.2952,-42.3331]]],[[[147.9767,-42.323],[147.9833,-42.3188],[147.9817,-42.3153],[147.9768,-42.3182],[147.9767,-42.323]]],[[[147.4585,-42.7723],[147.4628,-42.7743],[147.4622,-42.7726],[147.4648,-42.7715],[147.4568,-42.7689],[147.4524,-42.77],[147.4585,-42.7723]]],[[[145.5063,-42.3448],[145.4976,-42.3458],[145.5014,-42.3487],[145.5063,-42.3448]]],[[[148.3114,-42.36],[148.315,-42.3623],[148.317,-42.3602],[148.3133,-42.3578],[148.3114,-42.36]]],[[[147.1956,-42.7334],[147.1945,-42.7345],[147.2008,-42.7354],[147.1986,-42.7325],[147.1956,-42.7334]]],[[[148.0681,-42.5632],[148.0713,-42.5644],[148.0723,-42.5627],[148.0695,-42.561],[148.0681,-42.5632]]],[[[145.4476,-42.3344],[145.4513,-42.3363],[145.454,-42.3354],[145.4492,-42.3334],[145.4476,-42.3344]]],[[[145.446,-42.3899],[145.4502,-42.388],[145.4508,-42.386],[145.4473,-42.3874],[145.446,-42.3899]]],[[[147.1899,-42.735],[147.191,-42.7337],[147.1923,-42.7349],[147.1923,-42.7334],[147.1905,-42.7327],[147.1882,-42.7342],[147.1877,-42.7332],[147.1864,-42.7352],[147.1899,-42.735]]],[[[147.5588,-42.8136],[147.559,-42.8148],[147.5611,-42.8142],[147.5592,-42.8111],[147.5588,-42.8136]]],[[[147.9442,-42.343],[147.9507,-42.3427],[147.9482,-42.3415],[147.9442,-42.343]]],[[[147.4888,-42.8201],[147.4894,-42.8188],[147.4866,-42.8188],[147.4872,-42.8204],[147.4888,-42.8201]]],[[[145.2762,-42.6057],[145.2783,-42.6061],[145.2773,-42.6033],[145.2751,-42.6035],[145.2762,-42.6057]]],[[[145.2742,-42.5587],[145.2767,-42.5578],[145.2745,-42.5565],[145.2742,-42.5587]]],[[[147.9766,-42.6427],[147.977,-42.6438],[147.9798,-42.643],[147.9774,-42.6418],[147.9766,-42.6427]]],[[[147.9514,-42.3381],[147.9493,-42.3391],[147.9497,-42.3407],[147.9525,-42.3406],[147.9547,-42.3397],[147.9512,-42.3406],[147.9501,-42.3389],[147.9514,-42.3381]]],[[[147.1935,-42.7368],[147.1906,-42.7361],[147.1902,-42.7374],[147.1935,-42.7368]]],[[[145.3804,-42.7749],[145.378,-42.7744],[145.3791,-42.7768],[145.3804,-42.7749]]],[[[148.0264,-42.254],[148.0262,-42.2524],[148.0248,-42.2533],[148.0264,-42.254]]],[[[147.9367,-42.6465],[147.9344,-42.6459],[147.9366,-42.6475],[147.9367,-42.6465]]],[[[145.2718,-42.2713],[145.272,-42.2726],[145.2736,-42.2714],[145.2718,-42.2713]]],[[[147.957,-42.3398],[147.9546,-42.3403],[147.9527,-42.3418],[147.9563,-42.3429],[147.953,-42.3415],[147.957,-42.3398]]],[[[147.15,-42.7527],[147.1483,-42.7542],[147.1517,-42.7518],[147.15,-42.7527]]],[[[147.9037,-39.985],[147.859,-40.0234],[147.9339,-40.0346],[147.9537,-40.099],[147.9639,-40.0751],[148.007,-40.1054],[148.0419,-40.2041],[148.0252,-40.2258],[148.0461,-40.2495],[148.1221,-40.274],[148.1854,-40.2498],[148.2103,-40.2107],[148.2589,-40.2098],[148.2833,-40.2314],[148.3339,-40.2095],[148.2877,-40.0808],[148.2792,-40.1164],[148.2233,-40.121],[148.2863,-40.0679],[148.2911,-39.9651],[148.1773,-39.952],[147.9607,-39.7301],[147.9907,-39.7793],[147.9675,-39.7591],[147.9667,-39.7729],[147.9641,-39.7276],[147.9418,-39.7195],[147.8842,-39.7613],[147.848,-39.7507],[147.8697,-39.7867],[147.8409,-39.8088],[147.8438,-39.837],[147.8037,-39.8353],[147.7482,-39.8737],[147.8046,-39.9166],[147.8478,-39.898],[147.88,-39.9072],[147.9037,-39.985]]],[[[148.3182,-39.9527],[148.3477,-39.9509],[148.3286,-39.932],[148.3182,-39.9527]]],[[[147.7776,-39.9079],[147.7764,-39.9046],[147.7733,-39.9036],[147.7691,-39.9093],[147.7737,-39.9096],[147.7745,-39.9108],[147.7784,-39.9096],[147.7776,-39.9079]]],[[[147.7837,-39.9227],[147.7843,-39.9219],[147.7811,-39.9219],[147.7786,-39.9191],[147.7742,-39.9243],[147.7818,-39.925],[147.7837,-39.9227]]],[[[147.7714,-39.9519],[147.7671,-39.9537],[147.7642,-39.9576],[147.7728,-39.9537],[147.7743,-39.9509],[147.7714,-39.9519]]],[[[147.7687,-39.8375],[147.7667,-39.8392],[147.7689,-39.8406],[147.7715,-39.8378],[147.7687,-39.8375]]],[[[147.7741,-39.9428],[147.7773,-39.943],[147.7762,-39.9413],[147.7741,-39.9428]]],[[[147.7722,-39.9374],[147.7753,-39.9388],[147.7742,-39.9371],[147.7722,-39.9374]]],[[[147.8246,-39.8224],[147.8261,-39.8231],[147.8259,-39.8212],[147.824,-39.8213],[147.8246,-39.8224]]],[[[147.8521,-39.7659],[147.8506,-39.7658],[147.8518,-39.7671],[147.8521,-39.7659]]],[[[147.7339,-43.0927],[147.7475,-43.1121],[147.7191,-43.103],[147.7321,-43.1241],[147.6851,-43.1387],[147.6946,-43.1672],[147.7173,-43.1988],[147.7764,-43.2132],[147.7856,-43.238],[147.7997,-43.2423],[147.7974,-43.2174],[147.8445,-43.1875],[147.8746,-43.2064],[147.853,-43.1796],[147.8703,-43.1518],[147.8614,-43.1649],[147.8456,-43.1543],[147.8661,-43.1373],[147.8504,-43.1241],[147.8633,-43.1078],[147.8673,-43.1293],[147.8947,-43.1382],[147.8966,-43.191],[148.0115,-43.2217],[147.9637,-43.1917],[148.0058,-43.139],[147.9544,-43.1366],[147.9811,-43.1074],[147.9451,-43.0592],[147.9502,-43.0348],[147.9264,-43.0212],[147.9995,-42.9642],[147.9834,-42.9412],[147.9989,-42.9146],[147.9578,-42.8819],[147.9709,-42.8642],[147.9399,-42.8772],[147.9201,-42.843],[147.8917,-42.8425],[147.8611,-42.875],[147.904,-42.8823],[147.9078,-42.9087],[147.8764,-42.8887],[147.8029,-42.8932],[147.8218,-42.9079],[147.8149,-42.9379],[147.8659,-42.947],[147.8113,-42.9622],[147.8568,-42.9825],[147.8379,-42.9915],[147.8469,-43.013],[147.925,-43.0159],[147.8724,-43.0233],[147.86,-43.0574],[147.8454,-43.0307],[147.8407,-43.0604],[147.8138,-43.0606],[147.8067,-43.0464],[147.7738,-43.0549],[147.7667,-43.0327],[147.7494,-43.0434],[147.7404,-43.0141],[147.7185,-43.028],[147.708,-43.0035],[147.7314,-42.9572],[147.6659,-42.9389],[147.684,-42.9838],[147.6222,-43.0023],[147.6228,-43.0654],[147.6842,-43.1024],[147.7339,-43.0927]]],[[[147.2343,-43.3616],[147.2053,-43.3827],[147.1791,-43.3525],[147.1859,-43.3876],[147.1679,-43.4087],[147.1924,-43.4291],[147.1729,-43.462],[147.1159,-43.4114],[147.0939,-43.4284],[147.133,-43.4544],[147.1465,-43.4968],[147.1828,-43.4889],[147.2029,-43.4181],[147.2417,-43.4139],[147.2015,-43.437],[147.2459,-43.4404],[147.2464,-43.4925],[147.302,-43.5145],[147.3274,-43.4945],[147.3379,-43.4232],[147.3815,-43.3783],[147.3677,-43.3504],[147.3486,-43.3685],[147.327,-43.3586],[147.3238,-43.3007],[147.3686,-43.2565],[147.4329,-43.2395],[147.3925,-43.1624],[147.4007,-43.1271],[147.3571,-43.0635],[147.3066,-43.1134],[147.3301,-43.1149],[147.3284,-43.131],[147.3612,-43.1136],[147.3559,-43.1407],[147.3292,-43.1523],[147.3102,-43.1343],[147.276,-43.1665],[147.2995,-43.1809],[147.3422,-43.1699],[147.3318,-43.1853],[147.379,-43.176],[147.3833,-43.2069],[147.3412,-43.2191],[147.3579,-43.2558],[147.317,-43.295],[147.2909,-43.2418],[147.2711,-43.2955],[147.2223,-43.3398],[147.2343,-43.3616]]],[[[146.3453,-43.5883],[146.3446,-43.6056],[146.3776,-43.5964],[146.3453,-43.5883]]],[[[146.275,-43.6371],[146.2686,-43.6585],[146.2864,-43.6514],[146.275,-43.6371]]],[[[147.0011,-43.1174],[146.9999,-43.1207],[147.0134,-43.1025],[147.0098,-43.1094],[147.01,-43.1136],[147.008,-43.1151],[147.0103,-43.1155],[147.0186,-43.1044],[147.0178,-43.0992],[147.0202,-43.0909],[147.0193,-43.0904],[147.0157,-43.0899],[147.0102,-43.0991],[147.0049,-43.1041],[147.0086,-43.1016],[147.0046,-43.1064],[147.0011,-43.1174]]],[[[147.4904,-43.0573],[147.4858,-43.05],[147.4868,-43.0484],[147.4848,-43.0448],[147.4727,-43.0452],[147.4727,-43.048],[147.4767,-43.0506],[147.4794,-43.0552],[147.4786,-43.0566],[147.4808,-43.0572],[147.4879,-43.0654],[147.4891,-43.063],[147.4906,-43.0635],[147.489,-43.0596],[147.4904,-43.0573]]],[[[147.025,-43.0766],[147.0235,-43.0774],[147.0288,-43.0757],[147.0331,-43.0706],[147.04,-43.0585],[147.0413,-43.0529],[147.0398,-43.0576],[147.0398,-43.0539],[147.0307,-43.0586],[147.0305,-43.0618],[147.0248,-43.0706],[147.0238,-43.0765],[147.0272,-43.0752],[147.025,-43.0766]]],[[[147.9976,-43.2376],[147.9964,-43.2407],[147.9989,-43.2434],[147.9987,-43.2464],[147.9996,-43.2451],[148.0042,-43.2452],[148.0059,-43.2431],[148.0074,-43.2437],[148.0095,-43.2363],[148.0064,-43.2326],[148.0029,-43.231],[148.0005,-43.2316],[147.9978,-43.2342],[147.9976,-43.2376]]],[[[147.6445,-42.9588],[147.6463,-42.959],[147.6483,-42.9564],[147.6486,-42.9491],[147.6472,-42.9464],[147.6415,-42.943],[147.6358,-42.9469],[147.6352,-42.9492],[147.6445,-42.9588]]],[[[147.0964,-43.4037],[147.101,-43.4094],[147.1058,-43.3959],[147.1026,-43.3938],[147.1004,-43.3892],[147.0982,-43.391],[147.1001,-43.394],[147.0966,-43.3949],[147.0973,-43.3966],[147.0941,-43.3986],[147.0964,-43.4037]]],[[[147.023,-43.0788],[147.0196,-43.0819],[147.0158,-43.0898],[147.0187,-43.0901],[147.0204,-43.0907],[147.028,-43.0816],[147.0293,-43.0764],[147.023,-43.0788]]],[[[146.5203,-43.5752],[146.5152,-43.5821],[146.5187,-43.5792],[146.5211,-43.5792],[146.5241,-43.5719],[146.5281,-43.5722],[146.528,-43.5692],[146.5342,-43.5635],[146.5289,-43.5637],[146.5249,-43.5662],[146.5203,-43.5752]]],[[[146.286,-43.6199],[146.2873,-43.624],[146.2952,-43.6224],[146.2967,-43.6168],[146.2927,-43.613],[146.2909,-43.6133],[146.2893,-43.6177],[146.2864,-43.6177],[146.2881,-43.6189],[146.286,-43.6199]]],[[[147.7822,-42.9477],[147.7845,-42.9505],[147.7882,-42.9509],[147.7896,-42.9494],[147.7884,-42.9452],[147.7817,-42.94],[147.7792,-42.9426],[147.7822,-42.9477]]],[[[147.1277,-43.2573],[147.1266,-43.2624],[147.1303,-43.2648],[147.1338,-43.2596],[147.1329,-43.2539],[147.1342,-43.2528],[147.13,-43.2528],[147.1277,-43.2573]]],[[[147.138,-43.2902],[147.1406,-43.2932],[147.1445,-43.2943],[147.148,-43.29],[147.1481,-43.2851],[147.138,-43.2902]]],[[[147.6698,-43.1381],[147.6704,-43.1404],[147.673,-43.1413],[147.6754,-43.1357],[147.6727,-43.1292],[147.6693,-43.1347],[147.6698,-43.1381]]],[[[145.9635,-43.4231],[145.9671,-43.4256],[145.9695,-43.4241],[145.9676,-43.4195],[145.9714,-43.4184],[145.9703,-43.4122],[145.9677,-43.4132],[145.9677,-43.4173],[145.9645,-43.419],[145.9634,-43.4222],[145.9653,-43.4221],[145.9635,-43.4231]]],[[[147.2265,-43.3206],[147.2247,-43.3167],[147.2219,-43.3157],[147.217,-43.3165],[147.2158,-43.3183],[147.2254,-43.3205],[147.2254,-43.3222],[147.2277,-43.3217],[147.2265,-43.3206]]],[[[147.0403,-43.3393],[147.0461,-43.3386],[147.0467,-43.3354],[147.043,-43.3347],[147.0376,-43.3369],[147.0403,-43.3393]]],[[[147.004,-43.123],[147.0031,-43.1252],[147.0054,-43.1237],[147.0059,-43.1283],[147.0031,-43.1316],[147.006,-43.1291],[147.0063,-43.1218],[147.0096,-43.1161],[147.0076,-43.115],[147.0079,-43.1127],[147.0048,-43.1172],[147.0059,-43.1184],[147.0075,-43.1166],[147.004,-43.123]]],[[[146.3564,-43.5331],[146.355,-43.5331],[146.355,-43.5371],[146.3585,-43.535],[146.3591,-43.5373],[146.3591,-43.5352],[146.3636,-43.536],[146.365,-43.5347],[146.3564,-43.5331]]],[[[147.8186,-42.9499],[147.8222,-42.9542],[147.8269,-42.9522],[147.8255,-42.9504],[147.8195,-42.9491],[147.8186,-42.9499]]],[[[145.9658,-43.3288],[145.9647,-43.3283],[145.9663,-43.3294],[145.9645,-43.3294],[145.9636,-43.3313],[145.967,-43.3348],[145.9663,-43.33],[145.9695,-43.326],[145.9672,-43.3255],[145.9658,-43.3288]]],[[[147.1345,-43.4942],[147.1327,-43.4938],[147.1319,-43.4953],[147.1339,-43.4993],[147.1372,-43.4948],[147.1345,-43.4942]]],[[[146.9999,-43.5247],[146.9952,-43.5272],[146.998,-43.53],[146.9961,-43.534],[146.9966,-43.5346],[146.9985,-43.5337],[146.9972,-43.5322],[146.9989,-43.5311],[146.9999,-43.5247]]],[[[146.2708,-43.6316],[146.2744,-43.632],[146.2767,-43.6344],[146.2786,-43.6316],[146.2718,-43.6298],[146.2708,-43.6316]]],[[[147.8465,-43.0273],[147.8541,-43.0262],[147.8506,-43.0247],[147.8465,-43.0273]]],[[[147.2919,-43.5274],[147.293,-43.5283],[147.2951,-43.5268],[147.2935,-43.5237],[147.2915,-43.5241],[147.2919,-43.5274]]],[[[147.7829,-42.9131],[147.7857,-42.913],[147.7868,-42.9095],[147.7839,-42.9105],[147.7829,-42.9131]]],[[[146.9791,-43.4794],[146.974,-43.4838],[146.9768,-43.4835],[146.9791,-43.4794]]],[[[145.7831,-43.2251],[145.7862,-43.2263],[145.7877,-43.2234],[145.7843,-43.2219],[145.7831,-43.2251]]],[[[145.9686,-43.325],[145.9701,-43.3256],[145.9711,-43.3242],[145.9681,-43.3209],[145.967,-43.3231],[145.9693,-43.3239],[145.9686,-43.325]]],[[[146.5814,-43.5717],[146.5872,-43.5672],[146.5823,-43.5693],[146.5814,-43.5717]]],[[[147.0065,-43.4764],[147.0098,-43.4773],[147.0124,-43.4764],[147.0101,-43.4751],[147.0065,-43.4764]]],[[[146.9766,-43.3269],[146.9829,-43.3285],[146.9802,-43.3268],[146.9766,-43.3269]]],[[[146.3739,-43.6425],[146.3725,-43.6439],[146.3739,-43.6456],[146.3759,-43.6436],[146.3751,-43.642],[146.3739,-43.6425]]],[[[146.1578,-43.3758],[146.1608,-43.376],[146.1617,-43.3748],[146.1597,-43.3742],[146.1578,-43.3758]]],[[[148.0099,-43.1378],[148.0083,-43.1354],[148.0067,-43.1368],[148.009,-43.1387],[148.0099,-43.1378]]],[[[148.0511,-43.1211],[148.0546,-43.123],[148.0527,-43.1206],[148.0511,-43.1211]]],[[[147.974,-42.8826],[147.9771,-42.883],[147.9776,-42.8812],[147.9758,-42.8819],[147.9748,-42.8808],[147.974,-42.8826]]],[[[146.1523,-43.3805],[146.1546,-43.3799],[146.1554,-43.3776],[146.1523,-43.3805]]],[[[147.3683,-43.35],[147.3743,-43.3503],[147.3698,-43.3489],[147.3683,-43.35]]],[[[145.9942,-43.3294],[145.9961,-43.3312],[145.9957,-43.3277],[145.9942,-43.3294]]],[[[145.9299,-43.4122],[145.9314,-43.413],[145.9325,-43.4105],[145.9309,-43.4102],[145.9299,-43.4122]]],[[[145.8182,-43.2987],[145.8198,-43.2994],[145.8158,-43.2948],[145.8182,-43.2987]]],[[[146.1475,-43.3682],[146.1451,-43.3687],[146.1484,-43.3701],[146.1475,-43.3682]]],[[[145.8119,-43.2793],[145.8151,-43.2812],[145.8142,-43.2787],[145.8119,-43.2793]]],[[[147.2901,-43.1992],[147.2917,-43.1969],[147.2902,-43.1957],[147.2901,-43.1992]]],[[[146.9923,-43.5521],[146.9934,-43.5531],[146.9959,-43.5522],[146.9924,-43.5509],[146.9923,-43.5521]]],[[[148.0075,-43.1383],[148.0066,-43.1369],[148.0051,-43.1378],[148.007,-43.1394],[148.0075,-43.1383]]],[[[145.9318,-43.4211],[145.9349,-43.42],[145.9321,-43.4195],[145.9318,-43.4211]]],[[[147.0063,-43.3384],[147.0075,-43.3393],[147.0093,-43.3379],[147.0082,-43.3371],[147.0063,-43.3384]]],[[[147.2917,-43.1737],[147.2927,-43.1747],[147.2937,-43.1725],[147.2917,-43.1737]]],[[[147.6006,-42.8678],[147.6022,-42.8685],[147.6023,-42.8661],[147.6006,-42.8678]]],[[[146.9873,-43.3275],[146.9846,-43.3278],[146.988,-43.3299],[146.9873,-43.3275]]],[[[147.9741,-42.8567],[147.9769,-42.8557],[147.9763,-42.8545],[147.9741,-42.8567]]],[[[146.117,-43.5283],[146.1197,-43.531],[146.1191,-43.5279],[146.117,-43.5283]]],[[[147.2076,-43.4184],[147.2091,-43.4191],[147.2091,-43.4177],[147.2073,-43.4169],[147.207,-43.4175],[147.2076,-43.4184]]],[[[146.1543,-43.3723],[146.1563,-43.3716],[146.1541,-43.3712],[146.1543,-43.3723]]],[[[145.9661,-43.3349],[145.966,-43.3375],[145.9676,-43.3352],[145.9661,-43.3349]]],[[[147.946,-43.0322],[147.9482,-43.0327],[147.9455,-43.0311],[147.946,-43.0322]]],[[[146.0065,-43.4578],[146.0076,-43.4589],[146.0089,-43.4576],[146.0065,-43.4578]]],[[[146.9447,-43.4928],[146.9471,-43.4922],[146.9468,-43.4909],[146.9447,-43.4928]]],[[[146.1427,-43.3677],[146.1444,-43.368],[146.1405,-43.3663],[146.1427,-43.3677]]],[[[146.9028,-43.5169],[146.9018,-43.5176],[146.9035,-43.5185],[146.9028,-43.5169]]],[[[147.0178,-43.1126],[147.0174,-43.1116],[147.0167,-43.1135],[147.0178,-43.1126]]],[[[146.3659,-43.5363],[146.3676,-43.5361],[146.367,-43.535],[146.3659,-43.5363]]],[[[144.8685,-40.7239],[144.8937,-40.7405],[144.9769,-40.7077],[145.0679,-40.7144],[145.0493,-40.6803],[144.9916,-40.67],[144.9548,-40.6295],[144.968,-40.6587],[144.9374,-40.6498],[144.9294,-40.6223],[144.8718,-40.6786],[144.8685,-40.7239]]],[[[145.0431,-40.7575],[145.0465,-40.783],[145.1038,-40.7949],[145.0431,-40.7575]]],[[[147.636,-40.7881],[147.6314,-40.7924],[147.6319,-40.7947],[147.6273,-40.7968],[147.6265,-40.8032],[147.6244,-40.8033],[147.6232,-40.8063],[147.6158,-40.8097],[147.6178,-40.812],[147.617,-40.8134],[147.6197,-40.8148],[147.6266,-40.8122],[147.6306,-40.8077],[147.6342,-40.8071],[147.6442,-40.7884],[147.6435,-40.7819],[147.6416,-40.7798],[147.636,-40.7881]]],[[[148.0932,-40.7428],[148.0943,-40.7445],[148.0954,-40.7419],[148.1009,-40.7391],[148.1051,-40.7401],[148.1075,-40.7429],[148.1135,-40.7396],[148.1171,-40.7399],[148.1161,-40.7375],[148.1179,-40.7378],[148.1168,-40.7357],[148.1186,-40.7342],[148.124,-40.7353],[148.1277,-40.7343],[148.1256,-40.7328],[148.1276,-40.7311],[148.1265,-40.7271],[148.1233,-40.7284],[148.1195,-40.7269],[148.1175,-40.7287],[148.1134,-40.728],[148.1138,-40.7315],[148.1085,-40.7344],[148.1034,-40.7345],[148.1006,-40.7328],[148.0939,-40.7343],[148.0898,-40.74],[148.0932,-40.7428]]],[[[144.8311,-40.6916],[144.8256,-40.695],[144.8239,-40.6981],[144.8278,-40.7018],[144.8373,-40.7004],[144.8413,-40.6961],[144.8394,-40.6933],[144.8334,-40.6908],[144.8311,-40.6916]]],[[[147.079,-41.3752],[147.0822,-41.38],[147.0822,-41.3844],[147.084,-41.3851],[147.0875,-41.3815],[147.0873,-41.3775],[147.0792,-41.3728],[147.079,-41.3752]]],[[[144.9246,-40.7479],[144.9225,-40.7464],[144.9214,-40.7477],[144.9136,-40.7475],[144.9095,-40.75],[144.9196,-40.752],[144.925,-40.7507],[144.9246,-40.7489],[144.9264,-40.7492],[144.9246,-40.7479]]],[[[148.344,-41.3531],[148.3485,-41.3509],[148.3475,-41.3478],[148.345,-41.3472],[148.3446,-41.345],[148.3387,-41.3453],[148.3357,-41.3484],[148.3381,-41.3499],[148.3429,-41.3491],[148.344,-41.3531]]],[[[146.3977,-41.2302],[146.3963,-41.2317],[146.3999,-41.2328],[146.4015,-41.2307],[146.3999,-41.2281],[146.3947,-41.2262],[146.3954,-41.2273],[146.3979,-41.228],[146.3977,-41.2302]]],[[[146.5742,-41.2118],[146.5793,-41.2082],[146.5786,-41.2071],[146.5762,-41.2066],[146.5736,-41.2086],[146.5742,-41.2118]]],[[[146.5717,-41.1713],[146.5749,-41.1719],[146.5735,-41.168],[146.5686,-41.17],[146.5717,-41.1713]]],[[[148.0823,-40.7222],[148.0803,-40.7221],[148.079,-40.7238],[148.0809,-40.7265],[148.0835,-40.7234],[148.0823,-40.7222]]],[[[144.8744,-40.731],[144.8685,-40.7272],[144.87,-40.7308],[144.8744,-40.731]]],[[[146.3742,-41.2262],[146.3755,-41.2274],[146.3778,-41.2254],[146.3796,-41.2258],[146.3789,-41.2222],[146.3742,-41.2262]]],[[[144.8739,-40.7281],[144.8762,-40.7292],[144.8727,-40.7249],[144.8706,-40.7248],[144.8696,-40.7258],[144.8739,-40.7281]]],[[[146.8633,-41.144],[146.8608,-41.1468],[146.8622,-41.148],[146.8647,-41.1466],[146.8633,-41.144]]],[[[146.5651,-41.238],[146.5684,-41.2378],[146.569,-41.2357],[146.5665,-41.2355],[146.5651,-41.238]]],[[[147.9719,-40.7233],[147.974,-40.7247],[147.976,-40.7224],[147.9721,-40.7213],[147.9719,-40.7233]]],[[[146.5681,-41.1749],[146.5633,-41.1733],[146.564,-41.175],[146.5684,-41.1764],[146.5698,-41.1752],[146.5681,-41.1749]]],[[[147.759,-40.8572],[147.7626,-40.8559],[147.76,-40.8552],[147.759,-40.8572]]],[[[145.0173,-40.7631],[145.0175,-40.7648],[145.0201,-40.7613],[145.0173,-40.7631]]],[[[146.5709,-41.2356],[146.5735,-41.2366],[146.5755,-41.2352],[146.5709,-41.2356]]],[[[146.3914,-41.2263],[146.3893,-41.2266],[146.3904,-41.2277],[146.3951,-41.2276],[146.3935,-41.2259],[146.3945,-41.2276],[146.3914,-41.2263]]],[[[148.3045,-41.3973],[148.3033,-41.3965],[148.3016,-41.3989],[148.3045,-41.3973]]],[[[144.8492,-40.7341],[144.8498,-40.7352],[144.852,-40.7347],[144.8488,-40.7323],[144.8492,-40.7341]]],[[[148.3303,-40.9245],[148.3297,-40.9232],[148.3281,-40.9242],[148.3302,-40.926],[148.3303,-40.9245]]],[[[144.9797,-40.7312],[144.9775,-40.7335],[144.9788,-40.7356],[144.9797,-40.7312]]],[[[144.8693,-40.7162],[144.8719,-40.7164],[144.8718,-40.7153],[144.8704,-40.7146],[144.8693,-40.7162]]],[[[144.8657,-40.7248],[144.8635,-40.724],[144.8643,-40.7259],[144.8657,-40.7248]]],[[[146.3592,-41.2063],[146.3594,-41.2049],[146.3577,-41.2065],[146.3593,-41.2078],[146.3592,-41.2063]]],[[[144.8282,-40.713],[144.8311,-40.7131],[144.8287,-40.712],[144.8282,-40.713]]],[[[144.8638,-40.7269],[144.8658,-40.7278],[144.8661,-40.7259],[144.8638,-40.7269]]],[[[147.6263,-40.8226],[147.6274,-40.8239],[147.6292,-40.8235],[147.6263,-40.8226]]],[[[146.5668,-41.1706],[146.5692,-41.1713],[146.5668,-41.1695],[146.5668,-41.1706]]],[[[146.2513,-41.1738],[146.2513,-41.1752],[146.2531,-41.1726],[146.2513,-41.1738]]],[[[144.8746,-40.7328],[144.8766,-40.7329],[144.8763,-40.7316],[144.8746,-40.7328]]],[[[146.1255,-41.1579],[146.124,-41.1576],[146.1284,-41.1586],[146.1255,-41.1579]]],[[[147.9405,-40.77],[147.9377,-40.7695],[147.9409,-40.771],[147.9405,-40.77]]],[[[146.3598,-41.207],[146.3603,-41.208],[146.3615,-41.2061],[146.3598,-41.207]]],[[[145.5383,-40.8902],[145.5371,-40.8904],[145.5394,-40.8911],[145.5383,-40.8902]]],[[[146.5543,-41.1505],[146.5557,-41.1511],[146.5548,-41.1494],[146.5543,-41.1505]]],[[[146.3311,-41.1623],[146.3328,-41.1619],[146.3309,-41.1614],[146.3311,-41.1623]]],[[[147.0744,-41.3819],[147.075,-41.3831],[147.0749,-41.38],[147.0744,-41.3819]]],[[[146.6044,-41.2568],[146.605,-41.2576],[146.6049,-41.2557],[146.6044,-41.2568]]],[[[144.8669,-40.726],[144.8675,-40.7268],[144.8667,-40.7243],[144.8669,-40.726]]],[[[147.9533,-40.7426],[147.952,-40.7424],[147.9537,-40.7436],[147.9533,-40.7426]]],[[[144.8115,-40.5741],[144.8103,-40.5737],[144.8113,-40.5781],[144.8115,-40.5741]]],[[[144.6864,-40.5668],[144.6865,-40.5612],[144.6837,-40.5611],[144.6835,-40.5627],[144.6786,-40.5626],[144.6841,-40.5667],[144.6864,-40.5668]]],[[[144.7046,-40.5065],[144.7058,-40.5077],[144.7088,-40.5073],[144.7053,-40.5048],[144.7046,-40.5065]]],[[[144.6837,-40.6312],[144.6866,-40.6341],[144.6859,-40.6378],[144.6876,-40.6388],[144.6958,-40.6369],[144.6983,-40.6339],[144.6914,-40.6283],[144.6874,-40.6267],[144.6799,-40.6263],[144.6791,-40.6274],[144.681,-40.6282],[144.6793,-40.6296],[144.6834,-40.6297],[144.6837,-40.6312]]],[[[144.7867,-40.4007],[144.756,-40.4856],[144.7106,-40.4846],[144.7258,-40.5746],[144.7575,-40.606],[144.791,-40.5073],[144.7867,-40.4007]]],[[[144.7164,-40.6043],[144.7163,-40.6065],[144.7226,-40.6087],[144.722,-40.6005],[144.7201,-40.5988],[144.7176,-40.5994],[144.7164,-40.6043]]],[[[144.7737,-40.6103],[144.7799,-40.6051],[144.779,-40.6024],[144.7738,-40.6061],[144.7737,-40.6103]]],[[[144.7093,-41.2725],[144.7104,-41.273],[144.7094,-41.2698],[144.7093,-41.2725]]],[[[144.6545,-40.3775],[144.6525,-40.3792],[144.6536,-40.3815],[144.6571,-40.3758],[144.6555,-40.372],[144.6538,-40.374],[144.6545,-40.3775]]],[[[147.2575,-43.1068],[147.2848,-43.1112],[147.3005,-43.0916],[147.2556,-43.0732],[147.2777,-43.0111],[147.3141,-43.0595],[147.3443,-43.0517],[147.3296,-42.9778],[147.3148,-42.9741],[147.3386,-42.9744],[147.361,-42.9141],[147.3322,-42.9002],[147.3412,-42.8771],[147.3279,-42.8446],[147.3131,-42.8492],[147.3221,-42.8321],[147.2557,-42.8149],[147.259,-42.7918],[147.2832,-42.79],[147.2526,-42.7866],[147.2326,-42.7519],[147.1983,-42.7404],[147.1165,-42.7714],[147.199,-42.7253],[147.2567,-42.757],[147.2626,-42.7302],[147.2647,-42.7785],[147.2927,-42.7897],[147.2816,-42.801],[147.3471,-42.8352],[147.3524,-42.8758],[147.4047,-42.8843],[147.4089,-42.9388],[147.4351,-42.9087],[147.4836,-42.9095],[147.4914,-42.9271],[147.4648,-42.9234],[147.4461,-42.9645],[147.4454,-42.9784],[147.4785,-42.9821],[147.4702,-43.0257],[147.4302,-43.0276],[147.4087,-42.9628],[147.3919,-42.9759],[147.4188,-43.0505],[147.5214,-43.0208],[147.5238,-42.9927],[147.5541,-42.9857],[147.5418,-42.9593],[147.5287,-42.9852],[147.5092,-42.9673],[147.5165,-42.9521],[147.5387,-42.9616],[147.5305,-42.9313],[147.495,-42.9113],[147.5036,-42.8643],[147.5646,-42.8379],[147.6134,-42.846],[147.5786,-42.8251],[147.5222,-42.828],[147.5132,-42.8113],[147.4811,-42.8267],[147.4854,-42.8079],[147.46,-42.8095],[147.4371,-42.7858],[147.4591,-42.7768],[147.4476,-42.7562],[147.4685,-42.7711],[147.4529,-42.7815],[147.4873,-42.8031],[147.5131,-42.7829],[147.5352,-42.8053],[147.5352,-42.775],[147.5921,-42.8011],[147.5942,-42.7816],[147.6212,-42.8425],[147.606,-42.8692],[147.701,-42.8716],[147.6421,-42.8776],[147.6475,-42.8928],[147.7905,-42.9031],[147.8324,-42.8657],[147.8447,-42.8742],[147.8351,-42.8609],[147.8646,-42.8146],[147.8841,-42.8456],[147.8695,-42.8187],[147.8796,-42.7689],[147.9466,-42.728],[147.9388,-42.7007],[147.963,-42.6695],[147.9298,-42.6449],[147.9577,-42.6526],[147.9316,-42.6315],[147.9455,-42.6063],[147.9025,-42.5659],[147.8508,-42.5586],[147.9134,-42.5485],[147.8973,-42.524],[147.9237,-42.4968],[147.9142,-42.5163],[147.949,-42.5532],[147.9687,-42.5203],[147.9948,-42.5265],[148.011,-42.5095],[147.9885,-42.4983],[148.0099,-42.4403],[147.977,-42.441],[147.9975,-42.4386],[147.9805,-42.4053],[148.0269,-42.3496],[148.0185,-42.315],[147.9903,-42.315],[147.962,-42.3573],[147.931,-42.3442],[147.9704,-42.3329],[147.9776,-42.3074],[148.0004,-42.3099],[148.0282,-42.2606],[148.0136,-42.2393],[148.0839,-42.1679],[148.0713,-42.1542],[148.0851,-42.1255],[148.0467,-42.1184],[148.1239,-42.0924],[148.2352,-42.0979],[148.064,-42.0684],[148.0762,-42.0538],[148.0758,-42.0722],[148.1033,-42.0818],[148.1528,-42.0621],[148.1624,-42.0387],[148.1333,-42.0439],[148.1535,-42.0052],[148.1721,-41.9979],[148.1974,-42.0208],[148.2141,-41.986],[148.237,-41.9848],[148.2265,-42.0222],[148.1725,-42.0436],[148.1582,-42.0758],[148.2216,-42.069],[148.2084,-42.0774],[148.2417,-42.091],[148.2476,-42.1168],[148.2984,-42.1256],[148.2594,-42.1654],[148.2901,-42.1991],[148.251,-42.2309],[148.2916,-42.2808],[148.3146,-42.276],[148.3276,-42.2302],[148.3468,-42.2226],[148.3568,-42.1795],[148.2977,-42.166],[148.3449,-42.1168],[148.2835,-42.0341],[148.3025,-41.9369],[148.3236,-41.9172],[148.2645,-41.81],[148.3048,-41.7482],[148.2841,-41.72],[148.2932,-41.6589],[148.3203,-41.6214],[148.3167,-41.5754],[148.288,-41.5582],[148.2756,-41.5035],[148.2493,-41.486],[148.2643,-41.4819],[148.271,-41.5024],[148.2665,-41.4622],[148.1979,-41.4423],[148.2289,-41.4443],[148.2276,-41.4316],[148.2329,-41.4604],[148.2672,-41.4617],[148.2957,-41.3717],[148.2791,-41.3717],[148.3013,-41.3662],[148.3273,-41.3064],[148.359,-41.2815],[148.332,-41.2765],[148.2716,-41.3396],[148.2358,-41.3227],[148.277,-41.3152],[148.2816,-41.2765],[148.2906,-41.304],[148.3078,-41.3022],[148.3388,-41.2574],[148.2876,-41.2569],[148.3039,-41.2515],[148.2793,-41.2304],[148.2853,-41.2092],[148.262,-41.2033],[148.2756,-41.2077],[148.2719,-41.1806],[148.2529,-41.1909],[148.2849,-41.1686],[148.2695,-41.126],[148.2982,-41.0638],[148.2495,-41.0511],[148.2939,-41.0289],[148.2968,-41.0619],[148.3016,-41.0292],[148.3499,-40.9951],[148.3225,-40.9863],[148.2619,-40.8924],[148.2268,-40.8764],[148.2228,-40.8461],[148.1784,-40.8209],[148.1738,-40.8387],[148.1262,-40.836],[148.1153,-40.8139],[148.1753,-40.8296],[148.1385,-40.8293],[148.0857,-40.7737],[148.0391,-40.7729],[148.0307,-40.7502],[147.9396,-40.7391],[147.9589,-40.7648],[147.8871,-40.8635],[147.885,-40.8778],[147.9126,-40.8689],[147.9042,-40.8777],[147.752,-40.8759],[147.7575,-40.8576],[147.7065,-40.8603],[147.6697,-40.821],[147.5948,-40.8491],[147.5828,-40.8932],[147.4907,-40.9793],[147.3971,-41.0029],[147.4345,-41.0119],[147.3554,-40.9823],[147.3456,-40.9395],[147.3026,-40.9577],[147.2798,-40.9417],[147.2027,-41.009],[147.1617,-41.008],[147.1579,-41.0314],[147.1344,-41.0349],[147.159,-41.0137],[147.116,-40.9946],[147.0209,-40.9803],[146.9593,-41.0275],[146.8748,-41.0188],[146.8071,-41.063],[146.7866,-41.0541],[146.8278,-41.1363],[146.9003,-41.137],[146.9654,-41.19],[146.9373,-41.1818],[146.912,-41.212],[146.9447,-41.2065],[146.9457,-41.2289],[146.9766,-41.2332],[147.0154,-41.2764],[146.9782,-41.3088],[147.0724,-41.3307],[147.127,-41.4321],[147.1547,-41.416],[147.1732,-41.4345],[147.1459,-41.4172],[147.1212,-41.4436],[147.1231,-41.4096],[147.0739,-41.384],[147.0769,-41.341],[147.0338,-41.3558],[146.9706,-41.3092],[146.9747,-41.2517],[146.9458,-41.2602],[146.8975,-41.2025],[146.9232,-41.1698],[146.8778,-41.15],[146.8601,-41.1721],[146.8341,-41.1631],[146.8576,-41.193],[146.839,-41.2],[146.8179,-41.1454],[146.7706,-41.1653],[146.7632,-41.1497],[146.8201,-41.1376],[146.7684,-41.0788],[146.7076,-41.0637],[146.6791,-41.1008],[146.6471,-41.0938],[146.6334,-41.1257],[146.5645,-41.1465],[146.5667,-41.1638],[146.6096,-41.1584],[146.5784,-41.1847],[146.5879,-41.2143],[146.6092,-41.212],[146.595,-41.2506],[146.6068,-41.2594],[146.585,-41.2051],[146.5652,-41.251],[146.573,-41.1891],[146.5404,-41.1791],[146.562,-41.1674],[146.5319,-41.1184],[146.4653,-41.1596],[146.3698,-41.1675],[146.3623,-41.2007],[146.4003,-41.2282],[146.3886,-41.2382],[146.3598,-41.2221],[146.3642,-41.2084],[146.3477,-41.2173],[146.3668,-41.1926],[146.3569,-41.1585],[146.316,-41.1828],[146.3327,-41.1566],[146.2554,-41.1518],[146.2525,-41.1939],[146.2485,-41.1571],[146.1693,-41.1453],[146.1442,-41.1641],[146.1519,-41.1769],[146.1208,-41.1557],[146.1522,-41.1623],[146.1674,-41.1466],[146.1197,-41.1189],[145.9858,-41.0741],[145.9738,-41.0877],[145.9845,-41.0748],[145.9581,-41.063],[145.9233,-41.078],[145.9093,-41.0539],[145.9214,-41.0514],[145.8771,-41.0368],[145.841,-41.0387],[145.8361,-41.057],[145.8389,-41.0388],[145.7685,-40.9969],[145.6965,-40.9747],[145.7413,-40.9854],[145.7293,-40.9449],[145.5605,-40.9168],[145.5223,-40.8876],[145.5116,-40.8536],[145.4473,-40.874],[145.4354,-40.8943],[145.4461,-40.8712],[145.3919,-40.8497],[145.3156,-40.8377],[145.3215,-40.8497],[145.2876,-40.8509],[145.3129,-40.8352],[145.2801,-40.7937],[145.2936,-40.8269],[145.2808,-40.8299],[145.2661,-40.7979],[145.3087,-40.7642],[145.2605,-40.7123],[145.259,-40.8057],[145.2161,-40.8109],[145.2569,-40.7898],[145.1878,-40.8041],[145.1104,-40.7943],[145.1672,-40.819],[145.1316,-40.8193],[145.0914,-40.8477],[145.1217,-40.8386],[145.1085,-40.8144],[145.0653,-40.8192],[145.0527,-40.7869],[145.0188,-40.7895],[145.0242,-40.7706],[145.0006,-40.7751],[144.9793,-40.7433],[144.928,-40.7587],[144.9291,-40.7754],[144.9078,-40.7508],[144.8489,-40.7388],[144.8423,-40.7533],[144.8365,-40.7187],[144.8106,-40.7273],[144.7855,-40.7085],[144.7659,-40.7436],[144.7718,-40.7059],[144.7364,-40.6901],[144.7488,-40.6894],[144.7265,-40.6415],[144.6926,-40.6632],[144.6784,-40.7169],[144.7102,-40.7614],[144.6972,-40.8091],[144.7124,-40.856],[144.6838,-40.9072],[144.6492,-40.9001],[144.6558,-40.9139],[144.6118,-40.9357],[144.6309,-40.9525],[144.6328,-40.9938],[144.6073,-41.0087],[144.6598,-41.0533],[144.6825,-41.0374],[144.7723,-41.0745],[144.8006,-41.0619],[144.7991,-41.0895],[144.7954,-41.0543],[144.7752,-41.0843],[144.684,-41.0385],[144.6593,-41.0574],[144.6781,-41.0798],[144.6646,-41.1205],[144.6831,-41.1324],[144.6867,-41.2432],[144.7381,-41.3256],[144.7706,-41.3415],[144.7899,-41.3951],[144.7459,-41.4215],[144.8396,-41.5056],[144.9182,-41.6676],[145.0506,-41.6013],[145.0349,-41.617],[145.0684,-41.6365],[145.0806,-41.6263],[145.0656,-41.649],[145.1041,-41.6437],[145.0812,-41.6571],[145.059,-41.6275],[145.0053,-41.6178],[144.9112,-41.6912],[144.927,-41.7209],[144.9851,-41.7355],[145.0284,-41.8129],[145.1244,-41.9005],[145.195,-41.9482],[145.2041,-41.9368],[145.2026,-41.9589],[145.1906,-41.9461],[145.252,-42.0601],[145.2456,-42.0277],[145.2676,-42.0228],[145.2459,-42.0311],[145.2594,-42.1751],[145.2231,-42.2187],[145.2897,-42.2273],[145.2902,-42.1966],[145.2682,-42.2024],[145.3182,-42.1762],[145.3078,-42.1489],[145.3339,-42.1517],[145.3291,-42.1733],[145.3776,-42.1966],[145.4697,-42.1967],[145.5,-42.1763],[145.4701,-42.197],[145.3461,-42.2065],[145.3724,-42.2023],[145.3648,-42.2517],[145.4634,-42.3234],[145.4811,-42.3646],[145.4941,-42.3219],[145.5267,-42.3605],[145.5026,-42.364],[145.5124,-42.3742],[145.5576,-42.357],[145.5131,-42.4345],[145.5255,-42.4441],[145.6733,-42.4427],[145.6718,-42.5607],[145.7414,-42.5911],[145.671,-42.5624],[145.6748,-42.4651],[145.6581,-42.4382],[145.6115,-42.4358],[145.6082,-42.453],[145.5311,-42.4495],[145.492,-42.4222],[145.458,-42.4348],[145.4802,-42.4754],[145.4739,-42.5258],[145.4466,-42.4374],[145.4533,-42.4044],[145.31,-42.3204],[145.3175,-42.2853],[145.2535,-42.2885],[145.2561,-42.2673],[145.221,-42.242],[145.2073,-42.2001],[145.1771,-42.1931],[145.1659,-42.1992],[145.1901,-42.208],[145.2137,-42.2777],[145.1961,-42.3278],[145.2539,-42.4435],[145.236,-42.4723],[145.2777,-42.5632],[145.3044,-42.5712],[145.3017,-42.599],[145.263,-42.6216],[145.3118,-42.6206],[145.3358,-42.6326],[145.3336,-42.6578],[145.3662,-42.6565],[145.3967,-42.7364],[145.3826,-42.7687],[145.4146,-42.7808],[145.452,-42.8978],[145.4876,-42.9134],[145.4816,-42.9311],[145.5044,-42.9487],[145.4949,-42.9915],[145.5906,-42.9725],[145.6476,-43.0485],[145.6822,-43.0505],[145.6912,-43.0675],[145.665,-43.0962],[145.6943,-43.1185],[145.7362,-43.1167],[145.7216,-43.1363],[145.7579,-43.1649],[145.7616,-43.1932],[145.783,-43.1866],[145.8079,-43.2094],[145.7967,-43.219],[145.8206,-43.2501],[145.8157,-43.2785],[145.8534,-43.3001],[145.8391,-43.3143],[145.8705,-43.3226],[145.9266,-43.3005],[145.924,-43.2674],[145.9011,-43.2654],[145.8807,-43.2897],[145.8625,-43.273],[145.9285,-43.2452],[145.9087,-43.187],[145.9271,-43.1894],[145.9205,-43.1614],[145.9405,-43.1504],[145.9213,-43.1632],[145.9373,-43.1915],[145.9163,-43.1922],[145.9161,-43.2112],[145.98,-43.2348],[145.9732,-43.273],[145.9534,-43.2811],[146.0038,-43.3353],[146.059,-43.3335],[146.0645,-43.2894],[146.0771,-43.334],[146.1119,-43.3484],[146.1364,-43.3456],[146.1684,-43.291],[146.1764,-43.3267],[146.2317,-43.3226],[146.2129,-43.364],[146.2233,-43.3891],[146.2103,-43.3636],[146.1554,-43.3628],[146.1768,-43.3821],[146.1569,-43.3921],[146.1346,-43.3765],[146.1664,-43.4187],[146.1401,-43.4066],[146.1305,-43.3555],[146.0862,-43.342],[146.0583,-43.3445],[146.0835,-43.3715],[145.9868,-43.3293],[145.9751,-43.3491],[146.0019,-43.3655],[145.9937,-43.3942],[145.9775,-43.3556],[145.9215,-43.3813],[145.9645,-43.3826],[145.9712,-43.4034],[145.9974,-43.4069],[146.018,-43.4551],[146.0057,-43.4639],[146.0292,-43.4643],[146.0428,-43.5085],[146.0299,-43.5699],[146.0795,-43.541],[146.1099,-43.5571],[146.1104,-43.5236],[146.1472,-43.5283],[146.148,-43.5015],[146.1931,-43.54],[146.2096,-43.5348],[146.2135,-43.4857],[146.2729,-43.4984],[146.2667,-43.5286],[146.2901,-43.5446],[146.3447,-43.5128],[146.4056,-43.5398],[146.4865,-43.5438],[146.5422,-43.5233],[146.5959,-43.5435],[146.5514,-43.5104],[146.5594,-43.4649],[146.5783,-43.4851],[146.5752,-43.5246],[146.6076,-43.5502],[146.5994,-43.5619],[146.6237,-43.5624],[146.6401,-43.5874],[146.6583,-43.5785],[146.6601,-43.6077],[146.6861,-43.5967],[146.7054,-43.6334],[146.7851,-43.6003],[146.8313,-43.6151],[146.8266,-43.6431],[146.871,-43.6386],[146.9216,-43.5992],[146.9168,-43.5688],[146.8726,-43.5897],[146.9037,-43.562],[146.8774,-43.558],[146.9008,-43.5159],[146.9173,-43.5463],[146.9241,-43.5303],[146.9528,-43.533],[146.9779,-43.494],[146.9437,-43.512],[146.929,-43.4967],[146.942,-43.4781],[147.0018,-43.4796],[146.9832,-43.4547],[146.9156,-43.4471],[146.9059,-43.4208],[146.9236,-43.4398],[146.9236,-43.4156],[146.9506,-43.4474],[146.973,-43.4319],[147.0176,-43.4434],[147.0167,-43.4033],[147.0593,-43.353],[146.9717,-43.3274],[147.0042,-43.3355],[147.0119,-43.3158],[147.045,-43.3123],[147.0653,-43.3328],[147.0806,-43.2924],[147.1001,-43.2902],[147.0645,-43.2491],[146.9719,-43.204],[146.9745,-43.1693],[146.95,-43.1638],[146.9807,-43.1589],[146.9725,-43.1386],[147.0547,-43.04],[147.033,-43.0114],[147.0017,-43.0174],[147.034,-43.0109],[147.0563,-43.0397],[146.9844,-43.1894],[147.0619,-43.2251],[147.0833,-43.2067],[147.0807,-43.1632],[147.0947,-43.1689],[147.1018,-43.2065],[147.1178,-43.2106],[147.0925,-43.2186],[147.0892,-43.244],[147.1512,-43.2411],[147.1421,-43.2712],[147.1677,-43.2834],[147.2425,-43.2681],[147.261,-43.2235],[147.2386,-43.1544],[147.2627,-43.1312],[147.2464,-43.1223],[147.2721,-43.1189],[147.2575,-43.1068]]],[[[144.678,-40.6718],[144.682,-40.6726],[144.6792,-40.6704],[144.678,-40.6718]]],[[[144.6699,-40.6713],[144.6743,-40.6716],[144.6737,-40.6701],[144.6699,-40.6713]]],[[[144.7341,-40.6395],[144.7327,-40.6389],[144.7332,-40.6415],[144.7341,-40.6395]]]]},"properties":{"iso3":"AUS","shapeId":"82085004B70793016411369","regionId":"AUS.9_1","name":"Tasmania"}},{"type":"Feature","geometry":{"type":"MultiPolygon","coordinates":[[[[133.0282,-10.9084],[133.0252,-10.9101],[133.0267,-10.9128],[133.0375,-10.9103],[133.0437,-10.9067],[133.0425,-10.9059],[133.0403,-10.9076],[133.0319,-10.9065],[133.0282,-10.9084]]],[[[137.0699,-15.8578],[137.0674,-15.858],[137.0689,-15.8662],[137.0724,-15.8631],[137.0745,-15.8547],[137.0699,-15.8578]]],[[[132.2882,-11.1041],[132.2902,-11.1011],[132.2883,-11.102],[132.2882,-11.1041]]],[[[132.4569,-11.0257],[132.4587,-11.0282],[132.4574,-11.0252],[132.4596,-11.0252],[132.4591,-11.0225],[132.4571,-11.0238],[132.4569,-11.0257]]],[[[132.825,-10.9952],[132.8256,-10.9991],[132.8283,-10.9934],[132.8291,-10.981],[132.8326,-10.9772],[132.8315,-10.9754],[132.8327,-10.974],[132.8315,-10.9745],[132.8307,-10.9731],[132.831,-10.9673],[132.8294,-10.9719],[132.8275,-10.9728],[132.8234,-10.9713],[132.8239,-10.9672],[132.8218,-10.9668],[132.8193,-10.9688],[132.8185,-10.9731],[132.8215,-10.9767],[132.8205,-10.9718],[132.8217,-10.971],[132.8222,-10.9747],[132.8246,-10.9777],[132.8249,-10.9822],[132.8228,-10.9797],[132.8243,-10.9832],[132.8237,-10.9924],[132.825,-10.9952]]],[[[137.104,-15.7474],[137.1027,-15.7505],[137.1064,-15.7513],[137.1058,-15.7471],[137.104,-15.7474]]],[[[136.9583,-15.7879],[136.9603,-15.7867],[136.9591,-15.785],[136.958,-15.7857],[136.9583,-15.7879]]],[[[137.103,-15.7372],[137.104,-15.7367],[137.103,-15.7349],[137.103,-15.7372]]],[[[136.8151,-15.7458],[136.8296,-15.7307],[136.7997,-15.7283],[136.8151,-15.7458]]],[[[136.9488,-15.7597],[136.9435,-15.7616],[136.94,-15.7677],[136.9438,-15.7687],[136.9467,-15.7772],[136.949,-15.7763],[136.9499,-15.7724],[136.9482,-15.7714],[136.9487,-15.767],[136.946,-15.7631],[136.9488,-15.7597]]],[[[136.7178,-15.7625],[136.7212,-15.7642],[136.7235,-15.7621],[136.7181,-15.7557],[136.7163,-15.7581],[136.7178,-15.7625]]],[[[136.7254,-15.6533],[136.7266,-15.6558],[136.7318,-15.6574],[136.729,-15.6539],[136.7288,-15.6488],[136.7254,-15.6533]]],[[[136.8818,-15.7194],[136.8873,-15.7165],[136.8818,-15.7152],[136.8807,-15.7185],[136.8818,-15.7194]]],[[[137.0831,-15.652],[137.0853,-15.6502],[137.0825,-15.6484],[137.079,-15.651],[137.0831,-15.652]]],[[[137.0763,-15.6385],[137.0793,-15.6373],[137.0771,-15.6338],[137.0763,-15.6385]]],[[[136.7299,-15.7158],[136.7318,-15.7157],[136.7308,-15.7119],[136.729,-15.7142],[136.7299,-15.7158]]],[[[136.8335,-15.6639],[136.835,-15.6632],[136.8308,-15.6606],[136.8335,-15.6639]]],[[[136.8287,-15.719],[136.8307,-15.7152],[136.828,-15.7176],[136.8287,-15.719]]],[[[136.7736,-15.7566],[136.7729,-15.7538],[136.7724,-15.7561],[136.7736,-15.7566]]],[[[136.7985,-15.7473],[136.7996,-15.7456],[136.798,-15.7451],[136.7985,-15.7473]]],[[[136.8976,-15.7079],[136.8995,-15.7067],[136.8986,-15.7055],[136.8976,-15.7079]]],[[[132.9907,-11.0787],[133.0048,-11.088],[133.017,-11.0679],[132.978,-11.0441],[132.9907,-11.0787]]],[[[132.8544,-11.0605],[132.8633,-11.0579],[132.8694,-11.0612],[132.8721,-11.0599],[132.8723,-11.059],[132.87,-11.0601],[132.8708,-11.0559],[132.8739,-11.0506],[132.8775,-11.048],[132.8641,-11.0442],[132.8591,-11.0452],[132.8567,-11.0465],[132.854,-11.0523],[132.8526,-11.0598],[132.8544,-11.0605]]],[[[136.7383,-11.0074],[136.7472,-11.0207],[136.7627,-11.0057],[136.7383,-11.0074]]],[[[132.829,-11.002],[132.8287,-11.0006],[132.8269,-11.0006],[132.8238,-11.0077],[132.8212,-11.0092],[132.8181,-11.0148],[132.8158,-11.0219],[132.8169,-11.024],[132.8201,-11.0244],[132.8247,-11.0201],[132.8255,-11.0044],[132.8269,-11.0019],[132.829,-11.002]]],[[[136.7231,-11.0821],[136.7251,-11.0805],[136.7286,-11.0804],[136.727,-11.0776],[136.7235,-11.0783],[136.7161,-11.076],[136.7166,-11.0787],[136.7231,-11.0821]]],[[[136.7241,-11.071],[136.7292,-11.0707],[136.731,-11.0687],[136.7255,-11.0666],[136.7225,-11.0699],[136.7241,-11.071]]],[[[136.9486,-15.7364],[136.9543,-15.7102],[136.9639,-15.7305],[136.9784,-15.7124],[136.9697,-15.7491],[136.9926,-15.7921],[137.0345,-15.7971],[137.0399,-15.8355],[137.075,-15.8461],[137.1062,-15.774],[137.0734,-15.7458],[137.0817,-15.6558],[137.0631,-15.6527],[137.0651,-15.6268],[137.032,-15.6339],[137.0089,-15.5867],[136.9914,-15.5844],[137.0,-15.6228],[136.9768,-15.6345],[136.9907,-15.6729],[136.961,-15.6401],[136.9363,-15.6604],[136.94,-15.6842],[136.919,-15.6819],[136.9388,-15.689],[136.9292,-15.7254],[136.9486,-15.7364]]],[[[136.6173,-15.5554],[136.6104,-15.5238],[136.5787,-15.5109],[136.5668,-15.5306],[136.5253,-15.5309],[136.5045,-15.5921],[136.5134,-15.6226],[136.4948,-15.6435],[136.5897,-15.6453],[136.605,-15.6238],[136.5965,-15.5813],[136.6173,-15.5554]]],[[[136.7504,-15.6467],[136.7346,-15.6477],[136.7297,-15.7002],[136.7513,-15.7128],[136.7281,-15.7356],[136.7385,-15.7627],[136.8044,-15.7238],[136.7795,-15.7013],[136.7878,-15.6867],[136.8138,-15.7003],[136.8372,-15.6873],[136.7947,-15.645],[136.7504,-15.6467]]],[[[136.8719,-15.6104],[136.9049,-15.5901],[136.8738,-15.532],[136.8807,-15.5056],[136.8416,-15.5424],[136.8558,-15.5818],[136.8296,-15.6179],[136.8517,-15.6247],[136.8374,-15.6285],[136.8455,-15.6472],[136.8808,-15.6367],[136.8719,-15.6104]]],[[[135.6896,-14.9061],[135.7641,-14.9018],[135.7593,-14.8476],[135.7259,-14.8348],[135.7095,-14.852],[135.7169,-14.8822],[135.6896,-14.9061]]],[[[136.8372,-15.5668],[136.7931,-15.56],[136.7736,-15.5786],[136.8357,-15.5848],[136.8372,-15.5668]]],[[[129.6931,-14.8064],[129.7321,-14.8041],[129.6713,-14.7836],[129.6931,-14.8064]]],[[[136.7904,-15.6141],[136.8191,-15.6032],[136.7894,-15.5911],[136.7772,-15.608],[136.7904,-15.6141]]],[[[135.6015,-14.5042],[135.612,-14.5182],[135.63,-14.4936],[135.6031,-14.4903],[135.6015,-14.5042]]],[[[136.6468,-15.6065],[136.6813,-15.6053],[136.6695,-15.5905],[136.6468,-15.6065]]],[[[129.2115,-15.1512],[129.2135,-15.1522],[129.2188,-15.1472],[129.2231,-15.1349],[129.2194,-15.1346],[129.211,-15.1478],[129.2115,-15.1512]]],[[[135.7803,-15.1015],[135.7828,-15.1013],[135.7873,-15.0978],[135.79,-15.0941],[135.7903,-15.0909],[135.7811,-15.0945],[135.7789,-15.0985],[135.7803,-15.1015]]],[[[136.9772,-15.6031],[136.9794,-15.6067],[136.9825,-15.6006],[136.9819,-15.5982],[136.9776,-15.5991],[136.976,-15.6014],[136.9772,-15.6031]]],[[[136.9301,-14.3524],[136.9355,-14.3489],[136.9404,-14.351],[136.9423,-14.3502],[136.933,-14.3446],[136.9291,-14.3505],[136.9301,-14.3524]]],[[[136.9056,-15.6164],[136.9105,-15.613],[136.9083,-15.6062],[136.9076,-15.6112],[136.9034,-15.6156],[136.9056,-15.6164]]],[[[136.5091,-15.5299],[136.5113,-15.5239],[136.5145,-15.5214],[136.5152,-15.5187],[136.5119,-15.5203],[136.5076,-15.5264],[136.5072,-15.5279],[136.5091,-15.5299]]],[[[129.57,-15.1669],[129.5752,-15.1602],[129.5742,-15.1567],[129.5715,-15.1578],[129.57,-15.1669]]],[[[136.6536,-15.5866],[136.6559,-15.5895],[136.6589,-15.5832],[136.655,-15.5823],[136.6536,-15.5866]]],[[[136.9558,-15.5039],[136.9566,-15.5019],[136.9555,-15.4993],[136.9495,-15.5029],[136.9558,-15.5039]]],[[[129.1579,-15.1929],[129.1608,-15.1906],[129.1627,-15.1823],[129.1589,-15.1856],[129.1579,-15.1929]]],[[[136.821,-14.3376],[136.8221,-14.3379],[136.823,-14.3358],[136.8202,-14.3293],[136.8175,-14.3288],[136.821,-14.3376]]],[[[136.9519,-14.3537],[136.9529,-14.3486],[136.9477,-14.3512],[136.9478,-14.3531],[136.9519,-14.3537]]],[[[129.2349,-15.1172],[129.2371,-15.1137],[129.2365,-15.1103],[129.2338,-15.1142],[129.2349,-15.1172]]],[[[129.2357,-15.1253],[129.2366,-15.1254],[129.2369,-15.1194],[129.2353,-15.1187],[129.2339,-15.1211],[129.2357,-15.1253]]],[[[136.7191,-15.6108],[136.7187,-15.6096],[136.7157,-15.6097],[136.7156,-15.6131],[136.7202,-15.6129],[136.7191,-15.6108]]],[[[136.9751,-15.6523],[136.9755,-15.6497],[136.9721,-15.647],[136.9713,-15.6492],[136.9751,-15.6523]]],[[[136.9196,-15.4984],[136.9213,-15.4957],[136.9191,-15.4924],[136.9177,-15.4963],[136.9196,-15.4984]]],[[[135.8694,-14.4367],[135.8757,-14.4282],[135.8682,-14.4364],[135.8694,-14.4367]]],[[[129.1995,-15.1576],[129.2036,-15.1565],[129.2015,-15.1546],[129.1986,-15.1566],[129.1995,-15.1576]]],[[[136.9297,-15.629],[136.9347,-15.6278],[136.9293,-15.627],[136.9297,-15.629]]],[[[136.9597,-15.584],[136.9615,-15.5887],[136.9628,-15.5863],[136.9597,-15.584]]],[[[135.502,-14.6841],[135.5047,-14.6843],[135.5046,-14.6827],[135.502,-14.683],[135.4998,-14.6814],[135.502,-14.6841]]],[[[129.2316,-15.1283],[129.2334,-15.1291],[129.2345,-15.128],[129.2323,-15.1272],[129.2316,-15.1283]]],[[[129.185,-15.1888],[129.1863,-15.1886],[129.184,-15.1852],[129.185,-15.1888]]],[[[136.8508,-15.5737],[136.8506,-15.5719],[136.8488,-15.5724],[136.8508,-15.5737]]],[[[136.6767,-15.5906],[136.6786,-15.5902],[136.677,-15.5896],[136.6767,-15.5906]]],[[[136.417,-13.8532],[136.4361,-13.8935],[136.4082,-13.9763],[136.4426,-14.1235],[136.4114,-14.1695],[136.3245,-14.2133],[136.3247,-14.2461],[136.4374,-14.1963],[136.4916,-14.2378],[136.6289,-14.2664],[136.6488,-14.2968],[136.6811,-14.2984],[136.693,-14.2767],[136.7538,-14.259],[136.8057,-14.2697],[136.8137,-14.2948],[136.8166,-14.2787],[136.8413,-14.2955],[136.8574,-14.2786],[136.8894,-14.3084],[136.9041,-14.3108],[136.9127,-14.2852],[136.9507,-14.3041],[136.9339,-14.2846],[136.9631,-14.2846],[136.9397,-14.2612],[136.9594,-14.2451],[136.9334,-14.2048],[136.9632,-14.1655],[136.9273,-14.1651],[136.9138,-14.1374],[136.8958,-14.2016],[136.8638,-14.2117],[136.7763,-14.1448],[136.7697,-14.1703],[136.7879,-14.1889],[136.763,-14.1967],[136.7107,-14.1757],[136.7165,-14.142],[136.6988,-14.1227],[136.7196,-14.1056],[136.7205,-14.0702],[136.7517,-14.0877],[136.759,-14.0481],[136.7767,-14.0594],[136.8064,-14.0377],[136.8068,-14.0191],[136.781,-14.0259],[136.7643,-14.0092],[136.7709,-13.9511],[136.8126,-13.9041],[136.8578,-13.9128],[136.884,-13.8428],[136.9244,-13.8065],[136.9052,-13.7641],[136.8394,-13.7454],[136.8393,-13.7803],[136.797,-13.8342],[136.8373,-13.8024],[136.8281,-13.8499],[136.7545,-13.8323],[136.7269,-13.8432],[136.7125,-13.7938],[136.7354,-13.7709],[136.6971,-13.7749],[136.6811,-13.7371],[136.7203,-13.7169],[136.7312,-13.6627],[136.6946,-13.6514],[136.6755,-13.7027],[136.6471,-13.7],[136.6315,-13.7201],[136.6178,-13.705],[136.6363,-13.6883],[136.575,-13.6914],[136.5924,-13.6963],[136.5845,-13.7172],[136.6113,-13.7324],[136.6077,-13.7634],[136.6311,-13.7661],[136.6315,-13.7892],[136.5941,-13.787],[136.601,-13.8059],[136.575,-13.7977],[136.5522,-13.8198],[136.5308,-13.785],[136.5246,-13.8215],[136.4951,-13.8402],[136.4226,-13.8156],[136.417,-13.8532]]],[[[136.192,-13.7892],[136.2112,-13.8246],[136.2051,-13.8571],[136.2483,-13.8498],[136.2597,-13.785],[136.2841,-13.7877],[136.2764,-13.7567],[136.2522,-13.753],[136.3017,-13.7363],[136.293,-13.708],[136.2528,-13.6937],[136.2423,-13.6668],[136.1813,-13.6772],[136.1718,-13.7491],[136.1129,-13.7313],[136.1184,-13.83],[136.1685,-13.8342],[136.15,-13.7769],[136.1846,-13.7679],[136.192,-13.7892]]],[[[136.1416,-13.5238],[136.1267,-13.5434],[136.1408,-13.5646],[136.1681,-13.5101],[136.1417,-13.4709],[136.1651,-13.4854],[136.2051,-13.4515],[136.1772,-13.4382],[136.1507,-13.3853],[136.0922,-13.358],[136.1266,-13.3746],[136.1414,-13.4191],[136.1213,-13.4826],[136.1488,-13.5061],[136.1416,-13.5238]]],[[[136.4987,-13.7173],[136.4714,-13.7207],[136.4668,-13.7414],[136.5191,-13.7919],[136.5414,-13.7715],[136.5309,-13.7034],[136.5098,-13.6985],[136.5155,-13.7173],[136.4987,-13.7173]]],[[[130.0195,-13.1756],[130.075,-13.1712],[130.0277,-13.1509],[130.0185,-13.1112],[130.0195,-13.1756]]],[[[136.3669,-13.8424],[136.357,-13.8094],[136.3339,-13.8392],[136.3669,-13.8424]]],[[[136.0777,-13.4687],[136.0763,-13.4848],[136.1089,-13.4653],[136.0822,-13.4438],[136.0777,-13.4687]]],[[[130.0856,-13.205],[130.1084,-13.2236],[130.1019,-13.194],[130.0856,-13.205]]],[[[136.2335,-13.5863],[136.2257,-13.6005],[136.2477,-13.5996],[136.2335,-13.5863]]],[[[136.6642,-13.6654],[136.6655,-13.6847],[136.6823,-13.6586],[136.6642,-13.6654]]],[[[136.2426,-13.4585],[136.273,-13.4623],[136.2466,-13.436],[136.2426,-13.4585]]],[[[136.9295,-13.6395],[136.9515,-13.6491],[136.9637,-13.6283],[136.9295,-13.6395]]],[[[136.5779,-13.6637],[136.5754,-13.666],[136.576,-13.6676],[136.5813,-13.6691],[136.5913,-13.6675],[136.5942,-13.6641],[136.5973,-13.6642],[136.6003,-13.6615],[136.6026,-13.657],[136.594,-13.6556],[136.5906,-13.6533],[136.5863,-13.6538],[136.5801,-13.6581],[136.5802,-13.6609],[136.5779,-13.6637]]],[[[136.0969,-13.3026],[136.0777,-13.2977],[136.0915,-13.3216],[136.0969,-13.3026]]],[[[136.3954,-13.7038],[136.3803,-13.6946],[136.4005,-13.7156],[136.3954,-13.7038]]],[[[136.3992,-13.6301],[136.416,-13.6337],[136.4201,-13.6324],[136.4171,-13.6218],[136.4098,-13.6232],[136.4008,-13.6208],[136.4017,-13.6216],[136.3985,-13.6225],[136.3967,-13.6278],[136.3992,-13.6301]]],[[[136.9077,-13.6679],[136.9101,-13.6682],[136.9139,-13.6632],[136.9116,-13.6592],[136.9086,-13.658],[136.904,-13.6618],[136.8994,-13.6633],[136.8983,-13.667],[136.8949,-13.6707],[136.8885,-13.673],[136.887,-13.6758],[136.8884,-13.6772],[136.8962,-13.6764],[136.897,-13.6788],[136.9007,-13.6778],[136.9017,-13.674],[136.9003,-13.6725],[136.9047,-13.6659],[136.9073,-13.666],[136.9077,-13.6679]]],[[[136.6321,-13.6737],[136.6342,-13.6729],[136.6349,-13.6701],[136.6369,-13.6718],[136.6427,-13.6685],[136.6416,-13.6631],[136.6384,-13.661],[136.6411,-13.6581],[136.6403,-13.6564],[136.6376,-13.6575],[136.6385,-13.6558],[136.6365,-13.6561],[136.6371,-13.6586],[136.6341,-13.6579],[136.6318,-13.6599],[136.6326,-13.6607],[136.631,-13.6616],[136.6296,-13.6685],[136.6302,-13.6705],[136.6324,-13.6711],[136.6321,-13.6737]]],[[[135.9736,-13.3307],[135.9619,-13.3212],[135.9767,-13.3437],[135.9736,-13.3307]]],[[[136.6873,-13.6321],[136.7018,-13.635],[136.7003,-13.6173],[136.6873,-13.6321]]],[[[136.751,-13.6915],[136.7505,-13.6904],[136.7487,-13.6918],[136.7487,-13.6888],[136.7445,-13.6905],[136.7438,-13.6885],[136.7426,-13.6908],[136.7407,-13.6903],[136.7382,-13.6863],[136.7358,-13.6875],[136.7335,-13.6957],[136.7358,-13.6951],[136.7379,-13.6969],[136.7418,-13.6937],[136.7456,-13.6933],[136.7456,-13.6958],[136.7486,-13.694],[136.7505,-13.6958],[136.7543,-13.6907],[136.7525,-13.6921],[136.751,-13.6915]]],[[[136.6545,-13.655],[136.6547,-13.6541],[136.6517,-13.6547],[136.6495,-13.6562],[136.6487,-13.6549],[136.6457,-13.6552],[136.6435,-13.6568],[136.6464,-13.6579],[136.6445,-13.6594],[136.6457,-13.662],[136.6479,-13.6616],[136.6471,-13.6649],[136.6513,-13.6656],[136.6538,-13.6632],[136.6566,-13.6566],[136.6561,-13.6546],[136.6545,-13.655]]],[[[136.6241,-12.8665],[136.6306,-12.8648],[136.6301,-12.8624],[136.6264,-12.8602],[136.6266,-12.8544],[136.618,-12.8582],[136.6216,-12.8688],[136.6229,-12.8673],[136.6251,-12.8683],[136.6241,-12.8665]]],[[[136.6847,-13.6335],[136.6848,-13.6323],[136.6823,-13.6342],[136.6823,-13.6321],[136.6803,-13.6359],[136.6809,-13.6385],[136.6835,-13.6388],[136.6807,-13.6403],[136.6827,-13.6411],[136.6794,-13.6438],[136.6803,-13.6473],[136.6823,-13.6477],[136.6861,-13.6455],[136.6878,-13.6412],[136.6882,-13.64],[136.6844,-13.641],[136.6848,-13.6387],[136.6871,-13.639],[136.689,-13.6367],[136.6885,-13.635],[136.6856,-13.6349],[136.686,-13.6336],[136.6847,-13.6335]]],[[[136.3732,-13.3193],[136.377,-13.3197],[136.3816,-13.317],[136.3832,-13.3133],[136.3746,-13.311],[136.3726,-13.3129],[136.3696,-13.3132],[136.3714,-13.3189],[136.3732,-13.3193]]],[[[136.5722,-13.7824],[136.5743,-13.7872],[136.5789,-13.7787],[136.5785,-13.7752],[136.5738,-13.7732],[136.5721,-13.7737],[136.5722,-13.7824]]],[[[130.3609,-12.6683],[130.3676,-12.6725],[130.3705,-12.6698],[130.3675,-12.6656],[130.3578,-12.6615],[130.3609,-12.6683]]],[[[136.5821,-13.723],[136.5803,-13.7251],[136.5796,-13.7233],[136.5772,-13.7223],[136.572,-13.724],[136.5705,-13.7231],[136.5697,-13.7256],[136.5725,-13.7292],[136.5788,-13.7294],[136.5799,-13.7264],[136.5851,-13.723],[136.5802,-13.7221],[136.5821,-13.723]]],[[[136.5316,-13.6992],[136.538,-13.6991],[136.5383,-13.698],[136.5337,-13.6954],[136.5367,-13.693],[136.5355,-13.6891],[136.5398,-13.6869],[136.5295,-13.6881],[136.5297,-13.6917],[136.5317,-13.6939],[136.5316,-13.6992]]],[[[136.9726,-14.2606],[136.9774,-14.2586],[136.982,-14.2598],[136.9838,-14.2624],[136.985,-14.2603],[136.9836,-14.2569],[136.9814,-14.2573],[136.9803,-14.2553],[136.9759,-14.2543],[136.9708,-14.2602],[136.9726,-14.2606]]],[[[136.9582,-14.2215],[136.9554,-14.2233],[136.9595,-14.2286],[136.9646,-14.2243],[136.9619,-14.22],[136.9576,-14.2189],[136.9582,-14.2215]]],[[[136.9265,-13.6667],[136.9306,-13.6666],[136.9328,-13.6652],[136.9332,-13.6629],[136.9366,-13.6645],[136.9373,-13.6625],[136.9324,-13.6613],[136.9305,-13.6584],[136.9294,-13.6587],[136.9258,-13.6618],[136.9278,-13.6641],[136.9265,-13.6667]]],[[[136.6707,-12.875],[136.6749,-12.8758],[136.6766,-12.878],[136.6779,-12.8768],[136.6751,-12.8752],[136.675,-12.8703],[136.668,-12.8703],[136.6672,-12.8719],[136.6707,-12.875]]],[[[136.9564,-14.2967],[136.9595,-14.2995],[136.9636,-14.3004],[136.9612,-14.2947],[136.9587,-14.2951],[136.9583,-14.292],[136.955,-14.294],[136.9547,-14.2959],[136.9564,-14.2967]]],[[[130.6252,-12.6885],[130.6289,-12.6852],[130.6258,-12.6798],[130.6224,-12.6849],[130.6252,-12.6885]]],[[[135.7351,-14.288],[135.7279,-14.2904],[135.7325,-14.2952],[135.7351,-14.288]]],[[[136.623,-13.6708],[136.629,-13.6658],[136.629,-13.6606],[136.6273,-13.6646],[136.6253,-13.6656],[136.6225,-13.6643],[136.6212,-13.666],[136.6203,-13.6683],[136.6236,-13.6693],[136.623,-13.6708]]],[[[136.2687,-13.5965],[136.2724,-13.5971],[136.2746,-13.5954],[136.2756,-13.5921],[136.2733,-13.5909],[136.2708,-13.5925],[136.2706,-13.5904],[136.2687,-13.5965]]],[[[136.3796,-13.7235],[136.3808,-13.7225],[136.3809,-13.7178],[136.3791,-13.7106],[136.3773,-13.7148],[136.3796,-13.7235]]],[[[136.7279,-12.8885],[136.7308,-12.8865],[136.7293,-12.8819],[136.7242,-12.8848],[136.7257,-12.8878],[136.7279,-12.8885]]],[[[136.9674,-14.2462],[136.9715,-14.2446],[136.968,-14.2407],[136.9624,-14.2439],[136.9655,-14.2443],[136.9674,-14.2462]]],[[[136.1062,-13.4467],[136.1109,-13.4451],[136.109,-13.441],[136.1057,-13.4424],[136.1062,-13.4467]]],[[[136.7917,-14.0982],[136.7945,-14.1],[136.795,-14.0944],[136.7936,-14.0903],[136.7903,-14.0974],[136.7917,-14.0982]]],[[[136.6017,-13.6693],[136.6007,-13.6716],[136.6043,-13.669],[136.606,-13.6655],[136.61,-13.6641],[136.6075,-13.6609],[136.6061,-13.6627],[136.6054,-13.6615],[136.6041,-13.6621],[136.605,-13.6645],[136.6035,-13.669],[136.6017,-13.6693]]],[[[136.2283,-13.4428],[136.2307,-13.4419],[136.2285,-13.4391],[136.2265,-13.4384],[136.2231,-13.4402],[136.2283,-13.4428]]],[[[136.3201,-13.5919],[136.3217,-13.5929],[136.3236,-13.591],[136.3225,-13.5889],[136.3192,-13.5875],[136.3176,-13.5911],[136.3201,-13.5919]]],[[[136.6602,-14.3116],[136.66,-14.3065],[136.6575,-14.3041],[136.6576,-14.3072],[136.6602,-14.3116]]],[[[136.2643,-13.835],[136.2672,-13.841],[136.2678,-13.836],[136.2669,-13.8373],[136.2652,-13.8354],[136.2651,-13.8318],[136.2643,-13.835]]],[[[136.071,-13.4465],[136.0746,-13.4452],[136.0717,-13.4412],[136.071,-13.4465]]],[[[136.1807,-13.6652],[136.1828,-13.6674],[136.1847,-13.6651],[136.1829,-13.6631],[136.1802,-13.6636],[136.1807,-13.6652]]],[[[136.592,-13.6777],[136.5921,-13.6796],[136.5944,-13.6749],[136.5915,-13.6745],[136.592,-13.6777]]],[[[130.6018,-12.7028],[130.6044,-12.7011],[130.5999,-12.6993],[130.5997,-12.7009],[130.6018,-12.7028]]],[[[136.2894,-13.7855],[136.2907,-13.7861],[136.2926,-13.7819],[136.2889,-13.7825],[136.2894,-13.7855]]],[[[136.0528,-13.336],[136.054,-13.3371],[136.0553,-13.3341],[136.0531,-13.3342],[136.0528,-13.336]]],[[[136.0858,-13.8129],[136.089,-13.8089],[136.0857,-13.8112],[136.0858,-13.8129]]],[[[136.1689,-13.8403],[136.171,-13.8381],[136.1682,-13.8382],[136.1689,-13.8403]]],[[[136.5447,-13.7294],[136.5475,-13.7268],[136.545,-13.7275],[136.5447,-13.7294]]],[[[136.2934,-13.7051],[136.2978,-13.7044],[136.298,-13.7024],[136.2934,-13.7051]]],[[[136.3003,-13.7049],[136.3019,-13.7038],[136.3003,-13.7021],[136.3003,-13.7049]]],[[[136.6292,-13.657],[136.6268,-13.656],[136.6276,-13.6581],[136.6292,-13.657]]],[[[135.8383,-14.228],[135.839,-14.227],[135.8365,-14.2261],[135.8383,-14.228]]],[[[136.2286,-13.4738],[136.2299,-13.473],[136.2284,-13.4725],[136.2286,-13.4738]]],[[[137.9947,-16.5383],[137.862,-16.4227],[137.7297,-16.2322],[137.3569,-16.1156],[137.3726,-16.1333],[137.2949,-16.0811],[137.309,-16.0851],[137.2544,-16.0123],[137.0836,-15.9441],[136.978,-15.8509],[136.9704,-15.8749],[136.9127,-15.8997],[136.9533,-15.9383],[136.8888,-15.9323],[136.823,-15.8992],[136.7607,-15.9163],[136.7715,-15.8894],[136.7295,-15.9324],[136.7064,-15.9312],[136.6908,-15.9034],[136.7138,-15.8568],[136.6705,-15.7941],[136.6447,-15.7916],[136.6584,-15.7816],[136.6428,-15.7691],[136.6827,-15.7779],[136.7241,-15.6963],[136.6818,-15.6846],[136.6716,-15.6639],[136.6441,-15.6724],[136.621,-15.7062],[136.5594,-15.7276],[136.5555,-15.7504],[136.4121,-15.6261],[136.3264,-15.602],[136.3175,-15.626],[136.3173,-15.5896],[136.2704,-15.5358],[136.2397,-15.4161],[136.2098,-15.3929],[136.1647,-15.3923],[135.9815,-15.287],[135.8628,-15.1827],[135.7242,-15.1163],[135.6573,-15.0525],[135.58,-15.0453],[135.531,-15.0172],[135.4705,-14.9702],[135.4108,-14.8727],[135.3821,-14.7257],[135.4163,-14.735],[135.465,-14.6758],[135.5411,-14.6527],[135.5184,-14.6255],[135.5366,-14.5611],[135.5895,-14.5051],[135.6196,-14.4231],[135.6703,-14.4244],[135.6678,-14.3992],[135.7302,-14.2967],[135.7025,-14.2714],[135.7471,-14.2787],[135.794,-14.2261],[135.8158,-14.229],[135.8815,-14.1813],[135.9036,-14.1905],[135.8788,-14.1668],[135.9147,-14.034],[135.9097,-13.9904],[135.9891,-13.8961],[136.0157,-13.8283],[136.0135,-13.7628],[136.0822,-13.6602],[136.0259,-13.652],[136.0336,-13.6825],[135.9562,-13.7433],[135.9145,-13.7472],[135.8794,-13.712],[135.9216,-13.676],[135.9074,-13.6582],[135.8806,-13.6691],[135.8353,-13.5908],[135.8397,-13.5663],[135.8693,-13.5617],[135.8597,-13.4402],[135.8943,-13.4252],[135.9313,-13.4668],[135.9295,-13.4424],[135.9611,-13.4456],[135.973,-13.4023],[135.9265,-13.4177],[135.9209,-13.3781],[135.8799,-13.3621],[135.9116,-13.2806],[135.948,-13.2522],[135.9641,-13.2955],[135.9761,-13.2324],[136.0037,-13.2122],[136.0464,-13.3102],[136.0621,-13.2629],[136.0501,-13.2392],[136.0844,-13.2325],[136.0781,-13.2081],[136.1077,-13.1724],[136.0974,-13.1612],[136.1453,-13.1206],[136.1504,-13.1833],[136.1341,-13.2072],[136.1551,-13.2663],[136.1812,-13.2817],[136.1622,-13.242],[136.2009,-13.2472],[136.2216,-13.2025],[136.2447,-13.2144],[136.2475,-13.173],[136.214,-13.1548],[136.2191,-13.1372],[136.2433,-13.146],[136.254,-13.1211],[136.2566,-13.1547],[136.3162,-13.1594],[136.3214,-13.1199],[136.2915,-13.1073],[136.3328,-13.0323],[136.3723,-13.0729],[136.3548,-13.1166],[136.3714,-13.1398],[136.3563,-13.1479],[136.3883,-13.2264],[136.3681,-13.2525],[136.3281,-13.2502],[136.3308,-13.3242],[136.4396,-13.2179],[136.4542,-13.2245],[136.4468,-13.2484],[136.4688,-13.2471],[136.4839,-13.1608],[136.5111,-13.1394],[136.5317,-13.1542],[136.5671,-13.0592],[136.5338,-13.0526],[136.5354,-13.0188],[136.5104,-13.0158],[136.5078,-12.9963],[136.4807,-13.0072],[136.454,-12.9792],[136.4924,-12.9922],[136.5195,-12.9763],[136.5319,-12.9919],[136.5563,-12.964],[136.5624,-13.0187],[136.5816,-13.0187],[136.5818,-12.9986],[136.6208,-12.9678],[136.6294,-13.017],[136.6682,-13.0043],[136.6455,-12.9909],[136.6381,-12.9501],[136.5468,-12.9161],[136.5529,-12.8738],[136.5186,-12.8753],[136.4825,-12.8431],[136.4885,-12.8013],[136.4655,-12.7806],[136.4841,-12.7685],[136.5166,-12.8062],[136.5426,-12.8066],[136.5251,-12.7582],[136.5506,-12.7401],[136.5855,-12.7705],[136.5851,-12.8181],[136.6217,-12.8395],[136.6089,-12.8148],[136.625,-12.7724],[136.6063,-12.7225],[136.6329,-12.6991],[136.6945,-12.7106],[136.6784,-12.6681],[136.6929,-12.6278],[136.7289,-12.5843],[136.7622,-12.5773],[136.7473,-12.551],[136.7349,-12.5709],[136.6972,-12.5692],[136.6804,-12.6036],[136.6693,-12.5906],[136.7385,-12.5538],[136.7486,-12.5338],[136.727,-12.5285],[136.7427,-12.5191],[136.7257,-12.4818],[136.7938,-12.4519],[136.7954,-12.4927],[136.7609,-12.5258],[136.7727,-12.5556],[136.782,-12.5215],[136.9025,-12.39],[136.9638,-12.3741],[136.9794,-12.3452],[136.9435,-12.358],[136.9216,-12.3428],[136.9103,-12.3678],[136.8707,-12.3818],[136.9338,-12.3347],[136.9268,-12.2807],[136.9012,-12.2795],[136.9026,-12.2475],[136.8723,-12.2186],[136.8128,-12.2073],[136.7821,-12.1586],[136.6807,-12.1863],[136.678,-12.2017],[136.6989,-12.1897],[136.7298,-12.2133],[136.7226,-12.2293],[136.7481,-12.2142],[136.762,-12.2332],[136.7418,-12.2723],[136.721,-12.2668],[136.7073,-12.2882],[136.6488,-12.2701],[136.6464,-12.2353],[136.6026,-12.206],[136.5793,-12.1538],[136.5905,-12.0946],[136.5624,-12.0787],[136.531,-11.9914],[136.5034,-11.9969],[136.4899,-12.0376],[136.4696,-12.0001],[136.4454,-11.9983],[136.4568,-11.9784],[136.4727,-11.9978],[136.4716,-11.9614],[136.5808,-11.9157],[136.5629,-11.8768],[136.5616,-11.9177],[136.5314,-11.9148],[136.5238,-11.9393],[136.4907,-11.9529],[136.4432,-11.9414],[136.4313,-11.971],[136.4155,-11.9578],[136.3791,-12.0203],[136.3677,-12.0115],[136.3697,-12.0283],[136.3438,-12.0335],[136.3415,-12.0576],[136.3263,-12.0455],[136.2646,-12.0669],[136.2317,-12.1332],[136.2121,-12.1323],[136.2164,-12.1534],[136.1672,-12.1635],[136.17,-12.1921],[136.2163,-12.1856],[136.2289,-12.2144],[136.332,-12.2026],[136.3637,-12.2504],[136.3782,-12.2471],[136.3436,-12.262],[136.3521,-12.2868],[136.3249,-12.3068],[136.3339,-12.3232],[136.3044,-12.3657],[136.3041,-12.4002],[136.2202,-12.479],[136.2231,-12.4621],[136.1604,-12.4626],[136.1511,-12.4358],[136.0854,-12.4577],[136.0642,-12.4301],[136.0165,-12.4936],[136.0178,-12.4602],[135.9962,-12.4435],[136.0148,-12.3966],[135.9671,-12.4048],[136.0232,-12.3198],[136.0089,-12.2904],[136.0294,-12.2962],[136.0611,-12.2411],[136.0135,-12.2336],[136.0017,-12.2682],[135.9689,-12.274],[135.9284,-12.2239],[135.9572,-12.1834],[135.9735,-12.1861],[136.0451,-12.0631],[136.0034,-12.0844],[136.0012,-12.1182],[135.9594,-12.1522],[135.9493,-12.1386],[135.929,-12.1626],[135.9121,-12.1506],[135.8929,-12.1904],[135.8859,-12.1497],[135.8039,-12.1991],[135.77,-12.2707],[135.7661,-12.2548],[135.7461,-12.2633],[135.7109,-12.3112],[135.7217,-12.2818],[135.6519,-12.2017],[135.6542,-12.1567],[135.7586,-12.0798],[135.8315,-11.9846],[135.8772,-11.9865],[135.9105,-11.9525],[135.6543,-12.0393],[135.5695,-12.1006],[135.5196,-12.0605],[135.5074,-12.0866],[135.4527,-12.1148],[135.4157,-12.1153],[135.4224,-12.0834],[135.3662,-12.0852],[135.3055,-12.1248],[135.3178,-12.1442],[135.3053,-12.1616],[135.2228,-12.19],[135.3143,-12.2425],[135.3529,-12.231],[135.3427,-12.2466],[135.2967,-12.2578],[135.2663,-12.2249],[135.1612,-12.2255],[135.2128,-12.296],[135.1445,-12.237],[135.0558,-12.2623],[134.9706,-12.1586],[134.8558,-12.1322],[134.8435,-12.0612],[134.7985,-12.0494],[134.7649,-12.0009],[134.7722,-11.9595],[134.7486,-11.9491],[134.689,-11.9623],[134.6572,-12.0157],[134.6045,-12.0505],[134.4956,-12.0727],[134.3622,-12.0468],[134.2863,-11.9833],[134.246,-11.9846],[134.2538,-12.0346],[134.2284,-12.0371],[134.1936,-12.0751],[134.1824,-12.1355],[134.1623,-12.101],[134.1943,-12.0296],[134.1825,-11.9943],[134.1511,-11.9846],[134.1758,-11.9562],[134.1316,-11.9],[134.0758,-11.9365],[134.0787,-11.8979],[134.0389,-11.8553],[133.9159,-11.9209],[133.8391,-11.877],[133.8232,-11.8413],[133.8473,-11.8136],[133.8907,-11.8131],[133.9153,-11.7746],[133.9412,-11.7711],[133.9164,-11.7434],[133.8679,-11.7551],[133.8372,-11.7234],[133.7945,-11.7256],[133.7396,-11.7831],[133.6686,-11.776],[133.6639,-11.8193],[133.6307,-11.8371],[133.6042,-11.8394],[133.605,-11.8111],[133.5634,-11.8084],[133.5177,-11.877],[133.5344,-11.761],[133.4562,-11.8025],[133.4476,-11.7791],[133.3982,-11.7686],[133.4142,-11.758],[133.4019,-11.7327],[133.3696,-11.7771],[133.3165,-11.7678],[133.3165,-11.7252],[133.3536,-11.7195],[133.3399,-11.694],[133.2493,-11.7329],[133.1528,-11.7069],[133.0709,-11.5555],[133.0756,-11.5203],[133.0461,-11.5045],[133.0072,-11.4332],[132.9689,-11.4177],[132.9183,-11.3322],[132.8651,-11.3402],[132.9092,-11.3847],[132.8957,-11.427],[132.8423,-11.3952],[132.7341,-11.5181],[132.6684,-11.5162],[132.6396,-11.4816],[132.627,-11.4171],[132.5858,-11.3954],[132.5477,-11.3427],[132.5019,-11.3302],[132.518,-11.3175],[132.5102,-11.2925],[132.4871,-11.3],[132.5069,-11.2723],[132.451,-11.2179],[132.4199,-11.2271],[132.4232,-11.2618],[132.4036,-11.2692],[132.398,-11.3001],[132.3735,-11.295],[132.383,-11.2082],[132.3442,-11.1201],[132.3169,-11.1707],[132.2657,-11.1762],[132.2823,-11.2749],[132.1876,-11.1311],[132.1356,-11.1224],[132.1418,-11.1549],[132.2003,-11.2245],[132.1808,-11.2414],[132.1985,-11.268],[132.1733,-11.3235],[132.1982,-11.3016],[132.2376,-11.3417],[132.223,-11.3704],[132.1911,-11.3519],[132.2093,-11.414],[132.1774,-11.3971],[132.1705,-11.4207],[132.1453,-11.3827],[132.1569,-11.323],[132.1376,-11.2969],[132.1236,-11.3508],[132.1007,-11.3299],[132.1145,-11.2118],[132.0864,-11.2327],[132.0752,-11.179],[132.0466,-11.1997],[131.9942,-11.1251],[131.971,-11.1362],[131.9956,-11.1739],[131.9619,-11.1793],[131.9875,-11.2196],[131.9616,-11.2302],[131.9617,-11.2532],[131.9289,-11.2592],[131.9126,-11.2076],[131.8832,-11.1821],[131.8809,-11.2352],[131.8606,-11.2095],[131.8396,-11.2274],[131.8153,-11.2129],[131.8531,-11.2802],[131.795,-11.2687],[131.8056,-11.2939],[131.7805,-11.2919],[131.7776,-11.3117],[131.7594,-11.3007],[131.7639,-11.3168],[131.8397,-11.3145],[131.8601,-11.2937],[131.9151,-11.3253],[131.9436,-11.3203],[131.9185,-11.359],[131.9661,-11.3429],[131.9849,-11.3775],[131.9403,-11.3969],[131.9947,-11.4045],[131.9933,-11.4293],[132.0601,-11.4322],[132.0491,-11.4597],[132.0312,-11.4599],[132.0348,-11.483],[132.0661,-11.5238],[132.1159,-11.5404],[132.1157,-11.5172],[132.1391,-11.5218],[132.2379,-11.456],[132.3039,-11.4657],[132.355,-11.4414],[132.457,-11.4573],[132.4842,-11.4856],[132.527,-11.4687],[132.4975,-11.5054],[132.5306,-11.5216],[132.5262,-11.5471],[132.5547,-11.5554],[132.5378,-11.5874],[132.5972,-11.6542],[132.5058,-11.6367],[132.4996,-11.6804],[132.5411,-11.719],[132.6449,-11.728],[132.5805,-11.7875],[132.6362,-11.8211],[132.6553,-11.8898],[132.6188,-12.0151],[132.629,-12.0869],[132.5772,-12.1059],[132.556,-12.0857],[132.513,-12.1241],[132.442,-12.1465],[132.4171,-12.2224],[132.3894,-12.2364],[132.3532,-12.1988],[132.2785,-12.2242],[132.2617,-12.1734],[132.2382,-12.1697],[132.0697,-12.3035],[131.9394,-12.2729],[131.8793,-12.2145],[131.7545,-12.2739],[131.4723,-12.2837],[131.3809,-12.2565],[131.3343,-12.2115],[131.3141,-12.1675],[131.3209,-12.0899],[131.2971,-12.0426],[131.2664,-12.0769],[131.2736,-12.1001],[131.2289,-12.2073],[131.2509,-12.22],[131.2123,-12.2402],[131.207,-12.2631],[131.234,-12.2663],[131.225,-12.285],[131.2321,-12.2668],[131.206,-12.2704],[131.2098,-12.2396],[131.1934,-12.2377],[131.2221,-12.2272],[131.1691,-12.1732],[131.1254,-12.1826],[131.1132,-12.155],[131.0653,-12.1668],[131.0306,-12.1464],[130.9946,-12.186],[131.0305,-12.2315],[131.013,-12.3233],[131.0285,-12.3055],[131.061,-12.3321],[131.0298,-12.3256],[131.0298,-12.3464],[131.0551,-12.3478],[131.0089,-12.3564],[131.0188,-12.3716],[130.9828,-12.3419],[130.9461,-12.3572],[130.946,-12.342],[130.896,-12.33],[130.8422,-12.3789],[130.8432,-12.4077],[130.8164,-12.4071],[130.8356,-12.4273],[130.8151,-12.4542],[130.8412,-12.4731],[130.8501,-12.4388],[130.8787,-12.4636],[130.886,-12.443],[130.8908,-12.4652],[130.917,-12.4577],[130.8703,-12.4831],[130.8839,-12.4932],[130.9467,-12.471],[130.9306,-12.4867],[130.9473,-12.4965],[130.9539,-12.5551],[130.9226,-12.5092],[130.908,-12.5407],[130.9036,-12.5133],[130.8592,-12.5066],[130.9014,-12.5562],[130.8778,-12.5524],[130.8847,-12.5748],[130.9533,-12.5968],[130.9669,-12.6298],[130.9453,-12.6378],[130.9329,-12.6111],[130.8823,-12.6062],[130.9082,-12.6564],[130.8952,-12.6825],[130.9,-12.6553],[130.8798,-12.6313],[130.8698,-12.6587],[130.8693,-12.6116],[130.8472,-12.6135],[130.868,-12.6015],[130.8415,-12.5553],[130.8161,-12.5582],[130.8289,-12.5881],[130.8051,-12.5635],[130.8102,-12.5399],[130.7882,-12.5483],[130.7919,-12.6219],[130.7674,-12.6017],[130.7786,-12.5591],[130.732,-12.5969],[130.7744,-12.5456],[130.7789,-12.4747],[130.7271,-12.5262],[130.7652,-12.4374],[130.6193,-12.3814],[130.579,-12.4049],[130.6232,-12.4477],[130.581,-12.4626],[130.6058,-12.5014],[130.5828,-12.5128],[130.5684,-12.5901],[130.6039,-12.5784],[130.5892,-12.5921],[130.6315,-12.609],[130.6424,-12.6394],[130.6072,-12.6043],[130.5865,-12.6604],[130.5828,-12.623],[130.5499,-12.6161],[130.5457,-12.6343],[130.5859,-12.6844],[130.6165,-12.6687],[130.6739,-12.6915],[130.6741,-12.7078],[130.702,-12.6905],[130.6791,-12.7135],[130.6902,-12.7198],[130.7388,-12.7105],[130.7073,-12.7165],[130.6892,-12.7515],[130.6872,-12.7279],[130.6215,-12.7052],[130.6436,-12.7437],[130.6244,-12.7751],[130.6295,-12.7278],[130.596,-12.718],[130.5699,-12.7438],[130.5833,-12.7192],[130.5672,-12.7064],[130.5586,-12.7186],[130.5573,-12.702],[130.5358,-12.719],[130.5114,-12.7102],[130.5311,-12.7249],[130.5192,-12.7501],[130.5012,-12.718],[130.5136,-12.6678],[130.4609,-12.6392],[130.4386,-12.6336],[130.4142,-12.6645],[130.3936,-12.6623],[130.4041,-12.7015],[130.352,-12.6703],[130.3583,-12.8072],[130.3382,-12.8901],[130.2471,-12.9484],[130.2133,-12.947],[130.1938,-12.9105],[130.1758,-12.9103],[130.1411,-12.9334],[130.1292,-12.9666],[130.1412,-13.0007],[130.1162,-13.1641],[130.1631,-13.1769],[130.2393,-13.282],[130.1908,-13.3942],[130.1416,-13.4571],[130.1064,-13.4563],[130.0084,-13.5333],[129.9568,-13.5358],[129.9099,-13.5143],[129.8974,-13.4404],[129.8694,-13.4798],[129.8767,-13.5024],[129.8173,-13.5017],[129.8348,-13.5612],[129.7902,-13.6669],[129.7948,-13.7895],[129.74,-13.8269],[129.7155,-13.8789],[129.7473,-13.9192],[129.7461,-13.9751],[129.7213,-14.0134],[129.6409,-14.0472],[129.5981,-14.011],[129.6093,-14.0696],[129.5949,-14.0912],[129.5672,-14.0838],[129.5567,-14.1421],[129.5277,-14.13],[129.5356,-14.0583],[129.5158,-14.0754],[129.479,-14.0479],[129.512,-14.127],[129.4093,-14.2359],[129.4195,-14.2911],[129.367,-14.3381],[129.3568,-14.4236],[129.3979,-14.4161],[129.4532,-14.505],[129.4745,-14.491],[129.454,-14.4464],[129.4817,-14.4496],[129.4827,-14.5009],[129.5069,-14.4717],[129.4904,-14.4602],[129.5231,-14.4655],[129.4882,-14.5033],[129.5263,-14.5523],[129.6693,-14.5805],[129.7796,-14.5399],[129.6924,-14.6128],[129.5836,-14.6162],[129.5892,-14.6612],[129.6647,-14.726],[129.6724,-14.7635],[129.7344,-14.794],[129.8101,-14.7603],[129.7495,-14.8097],[129.769,-14.828],[129.9028,-14.7732],[129.864,-14.8017],[129.8814,-14.8201],[129.8025,-14.858],[129.7682,-14.8413],[129.6321,-14.8439],[129.5776,-14.7983],[129.6184,-14.8756],[129.5921,-14.891],[129.5338,-14.8068],[129.4997,-14.7901],[129.5933,-14.9671],[129.623,-14.9532],[129.6353,-15.0328],[129.6633,-15.0281],[129.6405,-15.0422],[129.6398,-15.0712],[129.685,-15.1427],[129.6262,-15.138],[129.5636,-15.1799],[129.5602,-15.1551],[129.6022,-15.1289],[129.6039,-15.108],[129.5248,-15.0281],[129.4825,-14.941],[129.4086,-14.9249],[129.3174,-14.8594],[129.2573,-14.865],[129.2629,-14.8501],[129.2284,-14.8394],[129.2335,-15.0083],[129.3016,-15.0365],[129.2782,-15.0293],[129.2563,-15.062],[129.256,-15.0339],[129.2365,-15.0678],[129.2494,-15.0915],[129.2155,-15.1538],[129.2312,-15.1759],[129.1996,-15.1467],[129.1877,-15.1894],[129.1582,-15.1976],[129.2006,-15.1226],[129.1695,-15.0515],[129.1889,-14.9872],[129.1582,-14.9693],[129.1533,-14.9834],[129.1307,-14.949],[129.1084,-14.9892],[129.1013,-14.915],[129.066,-14.8911],[129.0441,-14.9075],[129.0015,-14.8796],[129.0006,-25.9986],[137.9991,-25.9968],[137.9947,-16.5383]]],[[[130.6607,-11.4034],[130.6569,-11.3356],[130.6377,-11.3749],[130.5693,-11.398],[130.5548,-11.3618],[130.6039,-11.3211],[130.5959,-11.2895],[130.5544,-11.2661],[130.5431,-11.2831],[130.5161,-11.28],[130.4018,-11.1656],[130.3731,-11.1695],[130.3638,-11.254],[130.411,-11.3141],[130.3841,-11.346],[130.3903,-11.3659],[130.4103,-11.3646],[130.4324,-11.5035],[130.4911,-11.5573],[130.4767,-11.6206],[130.4926,-11.6549],[130.5321,-11.6806],[130.5573,-11.6743],[130.5718,-11.7013],[130.5867,-11.6898],[130.5976,-11.7172],[130.6828,-11.7611],[130.6872,-11.7965],[130.8625,-11.8549],[130.9528,-11.9403],[131.0491,-11.8817],[131.0823,-11.8357],[131.1825,-11.7917],[131.2564,-11.7337],[131.2813,-11.7401],[131.3326,-11.6825],[131.3803,-11.5837],[131.4266,-11.6143],[131.472,-11.6066],[131.4561,-11.5806],[131.4614,-11.514],[131.4984,-11.4688],[131.5275,-11.4766],[131.5437,-11.4529],[131.523,-11.3943],[131.4656,-11.386],[131.4627,-11.328],[131.4298,-11.3037],[131.4371,-11.2669],[131.4009,-11.2591],[131.4007,-11.2911],[131.3825,-11.299],[131.3527,-11.25],[131.3033,-11.2737],[131.316,-11.2289],[131.2763,-11.1897],[131.2043,-11.2365],[131.1909,-11.3026],[131.2192,-11.3085],[131.2094,-11.3438],[131.2081,-11.3111],[131.1876,-11.3349],[131.1684,-11.3134],[131.1483,-11.2499],[131.113,-11.2589],[131.0919,-11.304],[131.0405,-11.3186],[131.052,-11.342],[131.0325,-11.3672],[130.8993,-11.3093],[130.8491,-11.3547],[130.7048,-11.385],[130.6967,-11.4266],[130.7333,-11.4269],[130.8104,-11.5274],[130.7519,-11.4779],[130.7223,-11.4697],[130.7109,-11.4887],[130.7016,-11.4411],[130.685,-11.4432],[130.6607,-11.4034]]],[[[130.6151,-11.7355],[130.5535,-11.6911],[130.469,-11.6667],[130.4646,-11.5761],[130.3762,-11.5076],[130.4006,-11.4241],[130.3386,-11.318],[130.2522,-11.3456],[130.2567,-11.3984],[130.2415,-11.3937],[130.2445,-11.3665],[130.2264,-11.4117],[130.1857,-11.4237],[130.1483,-11.4817],[130.186,-11.4846],[130.2038,-11.511],[130.2312,-11.4969],[130.2357,-11.5201],[130.2613,-11.5266],[130.2639,-11.562],[130.2253,-11.5035],[130.1953,-11.5172],[130.175,-11.5584],[130.2011,-11.5863],[130.1909,-11.6403],[130.2298,-11.6425],[130.2555,-11.6743],[130.2642,-11.6617],[130.2463,-11.6786],[130.2607,-11.6977],[130.2939,-11.6952],[130.3032,-11.7276],[130.285,-11.6991],[130.2618,-11.7074],[130.2205,-11.6701],[130.2076,-11.6927],[130.2261,-11.6999],[130.2342,-11.7405],[130.2104,-11.7186],[130.2227,-11.7027],[130.2043,-11.6955],[130.2023,-11.6494],[130.1512,-11.7069],[130.0763,-11.6689],[130.0736,-11.7648],[130.0335,-11.7557],[130.0205,-11.7764],[130.0495,-11.824],[130.1313,-11.825],[130.3135,-11.7707],[130.4995,-11.8296],[130.5683,-11.8112],[130.6058,-11.827],[130.6408,-11.7603],[130.6151,-11.7355]]],[[[132.5857,-11.1443],[132.6139,-11.1288],[132.5796,-11.012],[132.5949,-10.9702],[132.5646,-10.9794],[132.5482,-11.0417],[132.5028,-11.0588],[132.4621,-11.0387],[132.5135,-11.0909],[132.5081,-11.1419],[132.4702,-11.1581],[132.5429,-11.2511],[132.5564,-11.3136],[132.5883,-11.3566],[132.6001,-11.3003],[132.6196,-11.2868],[132.6033,-11.2023],[132.6315,-11.1868],[132.5866,-11.1763],[132.5857,-11.1443]]],[[[135.5604,-12.0364],[135.5666,-12.0717],[135.6366,-12.0183],[135.7359,-12.002],[135.7426,-11.9752],[135.7978,-11.9642],[135.9384,-11.8044],[135.9283,-11.7756],[135.8757,-11.7566],[135.8661,-11.7838],[135.8893,-11.8038],[135.8709,-11.8342],[135.8516,-11.8489],[135.8352,-11.8383],[135.8039,-11.8894],[135.7336,-11.9394],[135.6655,-11.9364],[135.6562,-11.9659],[135.631,-11.9749],[135.594,-11.9506],[135.5604,-12.0364]]],[[[136.4973,-11.4131],[136.4974,-11.4358],[136.474,-11.4491],[136.4932,-11.4614],[136.5166,-11.4324],[136.5346,-11.4435],[136.5888,-11.3835],[136.6274,-11.3288],[136.626,-11.2843],[136.6844,-11.2493],[136.6671,-11.2251],[136.7199,-11.1947],[136.7602,-11.0184],[136.7371,-11.0341],[136.746,-11.0481],[136.7133,-11.0547],[136.7374,-11.078],[136.726,-11.0985],[136.7002,-11.093],[136.7222,-11.1099],[136.7164,-11.125],[136.6942,-11.1189],[136.7059,-11.1701],[136.687,-11.1936],[136.6617,-11.1845],[136.6442,-11.2099],[136.6261,-11.2063],[136.5833,-11.2818],[136.5775,-11.3314],[136.4983,-11.3915],[136.4973,-11.4131]]],[[[136.3134,-11.5978],[136.2808,-11.6049],[136.2644,-11.5722],[136.2434,-11.6196],[136.2231,-11.6184],[136.2308,-11.6458],[136.1662,-11.6445],[136.1803,-11.6779],[136.1591,-11.6933],[136.2144,-11.6742],[136.224,-11.6526],[136.2306,-11.6684],[136.2631,-11.6628],[136.2731,-11.6297],[136.2566,-11.6318],[136.2725,-11.6159],[136.2965,-11.6417],[136.3169,-11.6176],[136.3326,-11.6234],[136.3766,-11.5868],[136.3656,-11.5543],[136.3421,-11.5902],[136.2955,-11.5799],[136.3134,-11.5978]]],[[[136.1412,-12.0446],[136.1429,-12.0607],[136.1185,-12.0515],[136.1282,-12.0745],[136.1937,-12.0771],[136.1993,-12.0601],[136.3086,-12.0127],[136.3136,-11.9742],[136.2783,-11.977],[136.2706,-12.0033],[136.218,-12.0363],[136.1988,-12.0208],[136.2029,-11.9962],[136.1894,-12.0012],[136.1927,-12.0281],[136.171,-12.0138],[136.1562,-12.0414],[136.1333,-12.0257],[136.1412,-12.0446]]],[[[133.3595,-11.6369],[133.3691,-11.6821],[133.4017,-11.6616],[133.3876,-11.6343],[133.4136,-11.6257],[133.4205,-11.6463],[133.4463,-11.618],[133.4814,-11.619],[133.4656,-11.5922],[133.4081,-11.5852],[133.3484,-11.6242],[133.3595,-11.6369]]],[[[135.9923,-11.7157],[136.0493,-11.6447],[136.0246,-11.6386],[135.9531,-11.6794],[135.9531,-11.7007],[135.9923,-11.7157]]],[[[134.9286,-12.0972],[134.9099,-12.0684],[134.8471,-12.0453],[134.869,-12.127],[134.9015,-12.1402],[134.9286,-12.0972]]],[[[132.3364,-12.0935],[132.3899,-12.1397],[132.422,-12.1206],[132.4014,-12.0761],[132.3364,-12.0935]]],[[[136.3727,-11.5642],[136.4503,-11.5322],[136.4736,-11.4671],[136.3857,-11.5254],[136.3828,-11.546],[136.3666,-11.5342],[136.3727,-11.5642]]],[[[133.3911,-11.4954],[133.3848,-11.5477],[133.436,-11.5063],[133.4925,-11.515],[133.4668,-11.4647],[133.3911,-11.4954]]],[[[130.5179,-12.5692],[130.4848,-12.5804],[130.4867,-12.6236],[130.5397,-12.7099],[130.5423,-12.6812],[130.503,-12.6102],[130.5179,-12.5692]]],[[[134.9094,-12.0334],[134.9585,-12.0661],[134.9907,-12.0366],[134.9548,-12.0155],[134.9094,-12.0334]]],[[[136.5162,-11.7972],[136.5846,-11.7867],[136.6279,-11.7408],[136.5874,-11.7444],[136.5879,-11.7646],[136.5655,-11.7605],[136.5727,-11.7782],[136.558,-11.7678],[136.559,-11.7816],[136.5342,-11.7609],[136.5162,-11.7972]]],[[[136.4698,-11.8488],[136.4638,-11.9045],[136.4859,-11.8862],[136.4976,-11.7942],[136.4774,-11.8011],[136.4698,-11.8488]]],[[[135.0557,-11.9539],[135.1221,-11.927],[135.0557,-11.9188],[135.0557,-11.9539]]],[[[131.046,-12.094],[131.0546,-12.109],[131.0321,-12.0953],[131.0021,-12.1179],[131.0651,-12.1255],[131.046,-12.094]]],[[[132.1111,-11.6116],[132.1326,-11.6281],[132.1498,-11.609],[132.1306,-11.5652],[132.1111,-11.6116]]],[[[136.7979,-12.1186],[136.8144,-12.1414],[136.8278,-12.135],[136.8237,-12.0725],[136.797,-12.0884],[136.7979,-12.1186]]],[[[131.0325,-12.0583],[131.0641,-12.0341],[131.0019,-12.0524],[131.0325,-12.0583]]],[[[132.9037,-11.1434],[132.857,-11.148],[132.8763,-11.1708],[132.9204,-11.1697],[132.9178,-11.1405],[132.9037,-11.1434]]],[[[136.4107,-11.861],[136.4103,-11.8787],[136.3669,-11.9041],[136.4312,-11.8942],[136.4107,-11.861]]],[[[136.1494,-12.1746],[136.1185,-12.1693],[136.1043,-12.1899],[136.1506,-12.1955],[136.1494,-12.1746]]],[[[131.0687,-12.0719],[131.1267,-12.0594],[131.0943,-12.0535],[131.0687,-12.0719]]],[[[135.9388,-11.7491],[135.9411,-11.7662],[135.9587,-11.7621],[135.9772,-11.7328],[135.9388,-11.7491]]],[[[134.85,-12.0127],[134.837,-12.0076],[134.8291,-12.0291],[134.863,-12.0314],[134.85,-12.0127]]],[[[131.0803,-12.0164],[131.1355,-12.0147],[131.1271,-12.0009],[131.0803,-12.0164]]],[[[135.9462,-11.905],[135.9922,-11.8508],[135.9417,-11.8802],[135.9462,-11.905]]],[[[132.2999,-11.5933],[132.3188,-11.5987],[132.3249,-11.5817],[132.3044,-11.5637],[132.2999,-11.5933]]],[[[130.3801,-12.6416],[130.3964,-12.6266],[130.3778,-12.6167],[130.3649,-12.6258],[130.3801,-12.6416]]],[[[136.1548,-11.698],[136.1376,-11.6828],[136.1309,-11.7255],[136.1548,-11.698]]],[[[136.0269,-12.1498],[136.0469,-12.1029],[136.0352,-12.0933],[136.0269,-12.1498]]],[[[130.4096,-12.5827],[130.4344,-12.5798],[130.4207,-12.5636],[130.4096,-12.5827]]],[[[132.6508,-11.2046],[132.6427,-11.2103],[132.648,-11.2133],[132.6562,-11.2078],[132.6612,-11.2117],[132.6686,-11.2],[132.6728,-11.1982],[132.675,-11.1996],[132.6747,-11.1975],[132.6771,-11.1941],[132.6814,-11.1938],[132.6824,-11.1885],[132.6789,-11.1881],[132.6717,-11.1841],[132.6619,-11.1867],[132.659,-11.1886],[132.6571,-11.1921],[132.6531,-11.1938],[132.6508,-11.2046]]],[[[134.8124,-12.0245],[134.8031,-12.0142],[134.7963,-12.0308],[134.8316,-12.0472],[134.8124,-12.0245]]],[[[134.9915,-12.0957],[135.0006,-12.0783],[134.978,-12.0663],[134.9915,-12.0957]]],[[[132.3562,-12.1566],[132.3541,-12.1552],[132.3541,-12.1567],[132.3504,-12.1577],[132.3459,-12.1651],[132.3445,-12.1721],[132.3459,-12.1842],[132.352,-12.189],[132.3587,-12.1845],[132.3583,-12.1767],[132.3602,-12.1739],[132.3584,-12.1602],[132.3562,-12.1566]]],[[[130.3941,-12.5976],[130.4162,-12.595],[130.4008,-12.5809],[130.3941,-12.5976]]],[[[136.4365,-11.9145],[136.454,-11.9177],[136.4582,-11.8971],[136.4365,-11.9145]]],[[[136.0446,-12.3024],[136.0476,-12.307],[136.0477,-12.311],[136.051,-12.3107],[136.0546,-12.3053],[136.0543,-12.2963],[136.056,-12.2921],[136.0606,-12.2901],[136.0621,-12.2926],[136.0655,-12.2894],[136.0708,-12.2785],[136.0706,-12.2766],[136.0649,-12.2793],[136.0633,-12.2834],[136.0476,-12.2856],[136.0463,-12.2896],[136.0471,-12.2934],[136.0435,-12.3005],[136.0446,-12.3024]]],[[[134.1718,-12.1131],[134.185,-12.0972],[134.1839,-12.089],[134.1824,-12.0871],[134.1726,-12.0901],[134.1648,-12.1013],[134.1651,-12.1048],[134.1718,-12.1131]]],[[[136.0736,-11.771],[136.075,-11.773],[136.0808,-11.7724],[136.0836,-11.7661],[136.0885,-11.7627],[136.0919,-11.7536],[136.0959,-11.7536],[136.0978,-11.7506],[136.1033,-11.749],[136.104,-11.746],[136.101,-11.7418],[136.0994,-11.7411],[136.0993,-11.7429],[136.0932,-11.7488],[136.0858,-11.748],[136.0765,-11.7527],[136.08,-11.7559],[136.0799,-11.7603],[136.0785,-11.7644],[136.0731,-11.769],[136.0736,-11.771]]],[[[134.9442,-12.0806],[134.9572,-12.0958],[134.9545,-12.0738],[134.9442,-12.0806]]],[[[136.2051,-11.6186],[136.1925,-11.6141],[136.2076,-11.6411],[136.2051,-11.6186]]],[[[136.8192,-11.6682],[136.8142,-11.6701],[136.8099,-11.6744],[136.8177,-11.6738],[136.8252,-11.6765],[136.8285,-11.6745],[136.8298,-11.6716],[136.836,-11.6705],[136.8377,-11.6652],[136.8347,-11.6579],[136.8329,-11.6572],[136.8282,-11.6609],[136.8235,-11.6591],[136.8228,-11.6648],[136.8198,-11.6652],[136.8192,-11.6682]]],[[[132.7791,-11.3885],[132.803,-11.3888],[132.7787,-11.3731],[132.7791,-11.3885]]],[[[136.6963,-12.2096],[136.7014,-12.2311],[136.7115,-12.2107],[136.6963,-12.2096]]],[[[136.1063,-11.563],[136.1082,-11.5639],[136.1084,-11.5676],[136.1144,-11.5661],[136.1147,-11.5632],[136.1168,-11.5617],[136.1209,-11.5544],[136.1224,-11.5442],[136.1114,-11.546],[136.1056,-11.5588],[136.1063,-11.563]]],[[[135.1523,-11.7],[135.1684,-11.7067],[135.1567,-11.6859],[135.1523,-11.7]]],[[[136.6599,-11.8344],[136.6428,-11.8395],[136.6885,-11.8218],[136.6599,-11.8344]]],[[[136.0781,-11.6044],[136.0806,-11.6052],[136.0855,-11.6013],[136.0904,-11.5855],[136.0885,-11.5818],[136.0858,-11.5817],[136.0768,-11.5865],[136.0753,-11.5927],[136.0772,-11.5932],[136.0782,-11.5958],[136.0781,-11.6044]]],[[[130.4044,-12.6082],[130.3917,-12.6008],[130.385,-12.6025],[130.3857,-12.6084],[130.388,-12.6108],[130.3932,-12.613],[130.404,-12.6146],[130.4084,-12.6095],[130.4074,-12.6069],[130.4044,-12.6082]]],[[[136.0479,-11.7881],[136.0501,-11.7876],[136.0502,-11.7854],[136.0471,-11.7858],[136.0429,-11.7829],[136.0406,-11.7831],[136.038,-11.7871],[136.0385,-11.7908],[136.0325,-11.8067],[136.0278,-11.8126],[136.0385,-11.8066],[136.0427,-11.8019],[136.043,-11.7953],[136.0469,-11.7919],[136.0479,-11.7881]]],[[[131.9482,-11.4783],[131.9511,-11.484],[131.9594,-11.4887],[131.9626,-11.4873],[131.9636,-11.4837],[131.965,-11.4844],[131.9624,-11.478],[131.9552,-11.473],[131.9515,-11.4726],[131.9488,-11.4739],[131.9482,-11.4783]]],[[[131.3524,-12.0972],[131.3511,-12.0961],[131.3495,-12.0969],[131.3443,-12.1047],[131.3444,-12.1097],[131.348,-12.1125],[131.3537,-12.1121],[131.3573,-12.109],[131.3556,-12.1017],[131.3524,-12.0972]]],[[[134.9189,-12.06],[134.9253,-12.0651],[134.9308,-12.0671],[134.9324,-12.0629],[134.9304,-12.0576],[134.9267,-12.0542],[134.92,-12.0527],[134.9179,-12.0546],[134.9189,-12.06]]],[[[136.0552,-11.642],[136.0595,-11.6479],[136.0628,-11.6473],[136.0642,-11.6408],[136.0678,-11.6363],[136.062,-11.6275],[136.0621,-11.6315],[136.0588,-11.6332],[136.0569,-11.6374],[136.0544,-11.6393],[136.0539,-11.641],[136.0552,-11.642]]],[[[136.3227,-11.9617],[136.3238,-11.9639],[136.3254,-11.9631],[136.3268,-11.9642],[136.3342,-11.9629],[136.3355,-11.9608],[136.3327,-11.9454],[136.3278,-11.9487],[136.3297,-11.9492],[136.3299,-11.9521],[136.3328,-11.9555],[136.327,-11.9556],[136.3233,-11.9576],[136.3227,-11.9617]]],[[[130.8649,-12.5456],[130.8631,-12.5472],[130.8651,-12.5497],[130.8623,-12.5532],[130.8639,-12.5541],[130.8613,-12.5571],[130.8619,-12.5622],[130.864,-12.5592],[130.8683,-12.5587],[130.8725,-12.5526],[130.8717,-12.5473],[130.867,-12.5451],[130.8649,-12.5456]]],[[[132.3316,-11.5377],[132.3312,-11.5389],[132.3331,-11.5405],[132.3382,-11.5406],[132.3376,-11.5354],[132.3401,-11.5238],[132.3361,-11.5148],[132.3361,-11.528],[132.3318,-11.5326],[132.3316,-11.5377]]],[[[134.2129,-11.9576],[134.2081,-11.9623],[134.2097,-11.9636],[134.2175,-11.964],[134.2222,-11.9594],[134.2226,-11.9541],[134.2196,-11.9522],[134.214,-11.9535],[134.2123,-11.955],[134.2129,-11.9576]]],[[[130.6513,-11.8145],[130.6494,-11.8122],[130.6472,-11.8145],[130.6462,-11.8091],[130.6468,-11.8214],[130.658,-11.819],[130.6611,-11.8156],[130.6608,-11.8143],[130.6585,-11.8176],[130.6558,-11.8154],[130.6575,-11.8145],[130.6563,-11.8122],[130.6523,-11.8103],[130.6513,-11.8145]]],[[[132.7305,-11.2963],[132.7333,-11.2916],[132.7328,-11.2849],[132.7304,-11.2858],[132.7246,-11.284],[132.7196,-11.2846],[132.7215,-11.2863],[132.7198,-11.2897],[132.7235,-11.2904],[132.7305,-11.2963]]],[[[130.9524,-12.6356],[130.9537,-12.6276],[130.948,-12.6173],[130.9455,-12.6193],[130.945,-12.622],[130.9474,-12.6291],[130.9524,-12.6356]]],[[[132.4529,-11.6263],[132.4547,-11.6247],[132.4561,-11.628],[132.4595,-11.6287],[132.4638,-11.621],[132.4599,-11.6212],[132.4512,-11.6172],[132.4506,-11.6199],[132.4482,-11.6204],[132.4484,-11.6231],[132.4522,-11.6236],[132.4513,-11.6248],[132.4529,-11.6263]]],[[[130.4558,-12.6318],[130.4546,-12.6324],[130.4566,-12.6338],[130.4576,-12.6377],[130.4606,-12.6382],[130.463,-12.6365],[130.4635,-12.6306],[130.46,-12.628],[130.4569,-12.6224],[130.4568,-12.627],[130.455,-12.629],[130.4558,-12.6318]]],[[[136.0278,-12.174],[136.0278,-12.1686],[136.0261,-12.1666],[136.0211,-12.1889],[136.0208,-12.1963],[136.0243,-12.1915],[136.0234,-12.19],[136.026,-12.176],[136.0278,-12.174]]],[[[130.6566,-11.3213],[130.6583,-11.3221],[130.6612,-11.3277],[130.6651,-11.3267],[130.6609,-11.3146],[130.6568,-11.3175],[130.6566,-11.3213]]],[[[130.4327,-12.5241],[130.4374,-12.5216],[130.4403,-12.5182],[130.4381,-12.5134],[130.4298,-12.5218],[130.4305,-12.5237],[130.4327,-12.5241]]],[[[136.6938,-11.1399],[136.6968,-11.138],[136.686,-11.1325],[136.6819,-11.1358],[136.689,-11.1394],[136.6938,-11.1399]]],[[[132.1691,-11.5873],[132.1726,-11.5879],[132.1753,-11.5858],[132.172,-11.5772],[132.1683,-11.5795],[132.1691,-11.5873]]],[[[136.5715,-11.8702],[136.5794,-11.8689],[136.5797,-11.8654],[136.5749,-11.8631],[136.57,-11.8652],[136.5703,-11.8692],[136.5715,-11.8702]]],[[[136.3229,-11.966],[136.3167,-11.9623],[136.3148,-11.9632],[136.3187,-11.9718],[136.3232,-11.9712],[136.3221,-11.9686],[136.3229,-11.966]]],[[[130.9984,-12.1612],[131.0041,-12.1553],[131.0007,-12.1528],[130.9959,-12.1549],[130.9961,-12.1602],[130.9984,-12.1612]]],[[[133.3155,-11.6674],[133.3207,-11.6671],[133.3223,-11.6607],[133.3184,-11.6618],[133.3158,-11.6592],[133.3156,-11.6636],[133.3134,-11.6662],[133.3155,-11.6674]]],[[[136.0196,-12.4812],[136.0246,-12.4747],[136.0257,-12.4707],[136.0243,-12.4684],[136.0211,-12.4714],[136.0196,-12.4812]]],[[[131.0156,-12.1502],[131.0241,-12.1456],[131.0203,-12.1437],[131.0155,-12.148],[131.0156,-12.1502]]],[[[132.1567,-11.564],[132.155,-11.5614],[132.1526,-11.5657],[132.1538,-11.5721],[132.1553,-11.5718],[132.1567,-11.564]]],[[[136.1692,-12.3695],[136.1679,-12.3727],[136.1747,-12.3713],[136.1736,-12.3685],[136.1692,-12.3695]]],[[[136.1589,-12.1809],[136.1575,-12.1772],[136.1531,-12.1782],[136.1547,-12.1805],[136.1589,-12.1809]]],[[[130.4075,-11.4288],[130.4098,-11.4275],[130.4085,-11.422],[130.4066,-11.4264],[130.4075,-11.4288]]],[[[130.4189,-12.5388],[130.4219,-12.5373],[130.4212,-12.5328],[130.4183,-12.5375],[130.4189,-12.5388]]],[[[136.0977,-12.0691],[136.0968,-12.0756],[136.0988,-12.0726],[136.0991,-12.0675],[136.0977,-12.0691]]],[[[136.3201,-11.9838],[136.3213,-11.9824],[136.3203,-11.9791],[136.3166,-11.9829],[136.3201,-11.9838]]],[[[132.7249,-11.4777],[132.7269,-11.4757],[132.7268,-11.4738],[132.7233,-11.4733],[132.7249,-11.4777]]],[[[136.0159,-12.2134],[136.0147,-12.2193],[136.0179,-12.212],[136.0177,-12.2093],[136.0159,-12.2134]]],[[[136.9092,-12.2583],[136.9106,-12.2595],[136.9138,-12.258],[136.9077,-12.2569],[136.9092,-12.2583]]],[[[135.5053,-12.0211],[135.5075,-12.0234],[135.5063,-12.0182],[135.5048,-12.0191],[135.5053,-12.0211]]],[[[130.9443,-12.6174],[130.9464,-12.6157],[130.9442,-12.6137],[130.9443,-12.6174]]],[[[135.5154,-12.0605],[135.5182,-12.0562],[135.5155,-12.0565],[135.5154,-12.0605]]],[[[136.6967,-12.2385],[136.6944,-12.2419],[136.7001,-12.2381],[136.6967,-12.2385]]],[[[130.5679,-11.3623],[130.5703,-11.3643],[130.5703,-11.3612],[130.5679,-11.3623]]],[[[132.1893,-11.1199],[132.191,-11.1168],[132.1903,-11.1153],[132.1886,-11.1173],[132.1893,-11.1199]]],[[[134.2128,-11.8923],[134.2129,-11.8899],[134.2114,-11.8894],[134.2128,-11.8923]]],[[[136.6855,-11.2269],[136.6873,-11.2268],[136.6852,-11.2243],[136.6855,-11.2269]]],[[[136.6734,-12.1855],[136.6746,-12.1835],[136.6728,-12.1818],[136.6734,-12.1855]]],[[[136.7853,-12.0438],[136.7877,-12.0424],[136.7845,-12.0427],[136.7853,-12.0438]]],[[[130.6118,-11.7365],[130.6141,-11.7354],[130.6113,-11.7352],[130.6118,-11.7365]]],[[[130.9526,-12.5379],[130.9543,-12.5366],[130.9515,-12.5365],[130.9526,-12.5379]]],[[[130.9424,-12.5269],[130.9424,-12.5292],[130.9434,-12.5279],[130.9424,-12.5269]]],[[[136.7503,-12.1623],[136.7521,-12.1607],[136.7494,-12.1621],[136.7503,-12.1623]]],[[[132.7839,-11.3169],[132.7857,-11.3161],[132.7823,-11.3161],[132.7839,-11.3169]]],[[[136.6743,-12.2445],[136.675,-12.2432],[136.6738,-12.2429],[136.6743,-12.2445]]],[[[134.6676,-11.9186],[134.6683,-11.9179],[134.6669,-11.9172],[134.6676,-11.9186]]]]},"properties":{"iso3":"AUS","shapeId":"82085004B70364588595557","regionId":"AUS.6_1","name":"Northern Territory"}},{"type":"Feature","geometry":{"type":"Polygon","coordinates":[[[149.2318,-35.222],[149.205,-35.2291],[149.1856,-35.1611],[149.121,-35.1244],[148.8101,-35.3074],[148.7936,-35.3391],[148.8087,-35.3824],[148.7667,-35.4672],[148.7888,-35.5883],[148.7684,-35.6033],[148.7834,-35.6285],[148.7675,-35.6474],[148.7985,-35.6666],[148.7963,-35.7093],[148.8575,-35.7614],[148.8867,-35.7192],[148.9033,-35.7579],[148.8867,-35.8101],[148.9616,-35.8967],[149.0496,-35.9199],[149.096,-35.8442],[149.0907,-35.7656],[149.1094,-35.6966],[149.0782,-35.5864],[149.1427,-35.5928],[149.1315,-35.5536],[149.1507,-35.5098],[149.1351,-35.454],[149.1551,-35.436],[149.1385,-35.4285],[149.1472,-35.4142],[149.2072,-35.3453],[149.2476,-35.3307],[149.3515,-35.3512],[149.398,-35.3252],[149.3948,-35.3032],[149.3617,-35.309],[149.3153,-35.2762],[149.2718,-35.2735],[149.2318,-35.222]]]},"properties":{"iso3":"AUS","shapeId":"82085004B40257551482390","regionId":"AUS.2_1","name":"Australian Capital Territory"}},{"type":"Feature","geometry":{"type":"MultiPolygon","coordinates":[[[[167.9475,-29.1276],[167.9659,-29.1167],[167.944,-29.1148],[167.9475,-29.1276]]],[[[96.9151,-12.1404],[96.9132,-12.1411],[96.9164,-12.1413],[96.9168,-12.1441],[96.9188,-12.1436],[96.9146,-12.1369],[96.9114,-12.1354],[96.9107,-12.1364],[96.9121,-12.1358],[96.9141,-12.1372],[96.914,-12.1399],[96.916,-12.1399],[96.9151,-12.1404]]],[[[96.9089,-12.1347],[96.9117,-12.1333],[96.908,-12.1342],[96.9089,-12.1347]]],[[[96.9097,-12.131],[96.9088,-12.1319],[96.9106,-12.1306],[96.9097,-12.131]]],[[[96.9083,-12.1286],[96.909,-12.1268],[96.9071,-12.1258],[96.906,-12.1272],[96.9081,-12.1266],[96.907,-12.1281],[96.9083,-12.1286]]],[[[96.8937,-12.1165],[96.8936,-12.1214],[96.9008,-12.1203],[96.9038,-12.1236],[96.9056,-12.1231],[96.9019,-12.1175],[96.8962,-12.1147],[96.8883,-12.1071],[96.8889,-12.1123],[96.8919,-12.1132],[96.8937,-12.1165]]],[[[96.8784,-12.0891],[96.8772,-12.0909],[96.8825,-12.0897],[96.8853,-12.0913],[96.8863,-12.0944],[96.8876,-12.0934],[96.8867,-12.0898],[96.8839,-12.0877],[96.8802,-12.087],[96.8784,-12.0891]]],[[[96.8463,-12.0796],[96.8453,-12.0766],[96.8413,-12.0726],[96.8353,-12.0731],[96.8317,-12.075],[96.8354,-12.079],[96.8372,-12.0787],[96.8426,-12.0821],[96.8452,-12.0819],[96.8463,-12.0796]]],[[[96.8172,-11.8282],[96.8173,-11.8304],[96.8203,-11.8338],[96.8251,-11.8338],[96.8272,-11.8312],[96.8262,-11.8264],[96.8232,-11.8269],[96.8253,-11.8287],[96.8253,-11.8316],[96.8206,-11.8325],[96.8189,-11.8294],[96.8209,-11.8268],[96.8231,-11.8185],[96.8249,-11.8182],[96.825,-11.82],[96.8264,-11.8193],[96.8279,-11.8254],[96.8248,-11.8229],[96.8244,-11.8243],[96.8292,-11.8264],[96.8288,-11.8202],[96.8258,-11.8152],[96.8237,-11.8146],[96.8208,-11.8161],[96.8172,-11.8282]]],[[[105.6697,-10.4294],[105.6061,-10.4671],[105.5518,-10.4419],[105.5583,-10.4757],[105.5339,-10.5135],[105.6243,-10.5151],[105.641,-10.5647],[105.6661,-10.568],[105.6743,-10.5017],[105.7126,-10.467],[105.7025,-10.4135],[105.6697,-10.4294]]],[[[150.6957,-35.183],[150.6943,-35.1824],[150.6941,-35.1845],[150.6957,-35.183]]],[[[96.9148,-12.1459],[96.9192,-12.1462],[96.9185,-12.1478],[96.9199,-12.1484],[96.9188,-12.1485],[96.9199,-12.1497],[96.9187,-12.1503],[96.9157,-12.1482],[96.9153,-12.1492],[96.9189,-12.1506],[96.9208,-12.1501],[96.9214,-12.1479],[96.92,-12.1451],[96.9157,-12.1443],[96.9144,-12.1447],[96.9148,-12.1459]]],[[[150.5945,-35.184],[150.6826,-35.1654],[150.6951,-35.2009],[150.7556,-35.1707],[150.7649,-35.1241],[150.7384,-35.1372],[150.6614,-35.1178],[150.6338,-35.1489],[150.594,-35.1438],[150.6062,-35.1553],[150.5945,-35.184]]],[[[150.7684,-35.1229],[150.7708,-35.1219],[150.7723,-35.1187],[150.7707,-35.1132],[150.7684,-35.1123],[150.7643,-35.1191],[150.7649,-35.1237],[150.7663,-35.1224],[150.7684,-35.1229]]],[[[167.9633,-29.0721],[167.9643,-29.0747],[167.9658,-29.0707],[167.9632,-29.0706],[167.9617,-29.0727],[167.9633,-29.0721]]],[[[96.9152,-12.1531],[96.918,-12.1551],[96.9198,-12.1544],[96.9189,-12.1528],[96.9137,-12.1522],[96.9152,-12.1531]]],[[[96.9158,-12.1554],[96.9145,-12.1555],[96.9175,-12.1554],[96.9158,-12.1554]]],[[[167.9332,-29.054],[167.9858,-29.0569],[167.9974,-29.0272],[167.9196,-28.9953],[167.9187,-29.0514],[167.9332,-29.054]]],[[[96.817,-12.1442],[96.8199,-12.183],[96.8621,-12.2017],[96.8211,-12.1812],[96.833,-12.167],[96.817,-12.1442]]],[[[96.889,-12.2009],[96.922,-12.1972],[96.9207,-12.1594],[96.9203,-12.1964],[96.889,-12.2009]]],[[[96.8517,-12.1952],[96.8507,-12.196],[96.8555,-12.1955],[96.8482,-12.1946],[96.8454,-12.1959],[96.8517,-12.1952]]]]},"properties":{"iso3":"AUS","shapeId":"82085004B12086860067424","regionId":null,"name":"Other Territories"}}]}