{"type":"FeatureCollection","features":[{"type":"Feature","geometry":{"type":"Polygon","coordinates":[[[-75.8674,5.4882],[-75.8507,5.4133],[-75.8604,5.3725],[-75.8092,5.3621],[-75.7259,5.3975],[-75.6367,5.3381],[-75.6352,5.3157],[-75.6925,5.2557],[-75.748,5.2844],[-75.8235,5.2703],[-75.8025,5.2016],[-75.8362,5.1155],[-75.8471,5.1055],[-75.8891,5.1292],[-75.9135,5.0844],[-75.9226,5.0413],[-75.9035,5.0243],[-75.8956,4.9626],[-75.8151,4.9191],[-75.7923,4.9376],[-75.781,5.011],[-75.7478,5.0458],[-75.6993,4.9444],[-75.6529,4.9468],[-75.6391,4.9761],[-75.6225,4.9714],[-75.6176,4.932],[-75.4809,4.917],[-75.4275,4.8177],[-75.3753,4.8039],[-75.3217,4.8719],[-75.3516,4.934],[-75.3527,4.9657],[-75.3174,5.0053],[-75.348,5.0566],[-75.3429,5.0822],[-75.2875,5.1383],[-75.2353,5.1248],[-75.1938,5.1642],[-75.1159,5.16],[-75.0563,5.275],[-75.0098,5.2937],[-74.9391,5.3126],[-74.8723,5.2944],[-74.8271,5.319],[-74.7339,5.2863],[-74.6998,5.3531],[-74.7073,5.3712],[-74.6787,5.3742],[-74.6759,5.4383],[-74.6517,5.4437],[-74.6741,5.5121],[-74.6404,5.5393],[-74.6526,5.5745],[-74.6234,5.6965],[-74.6605,5.7279],[-74.6575,5.7753],[-74.6814,5.779],[-74.7125,5.7746],[-74.7386,5.7005],[-74.7737,5.6886],[-74.8649,5.7478],[-74.9932,5.7154],[-75.0138,5.6787],[-75.0935,5.6558],[-75.0925,5.5839],[-75.1375,5.527],[-75.2194,5.5033],[-75.2763,5.4186],[-75.2815,5.4766],[-75.3167,5.4699],[-75.3105,5.5081],[-75.3285,5.5245],[-75.3408,5.6034],[-75.3831,5.6218],[-75.3683,5.6397],[-75.3764,5.6738],[-75.4273,5.6963],[-75.478,5.6635],[-75.5346,5.6904],[-75.5432,5.7205],[-75.599,5.7386],[-75.5995,5.6804],[-75.5723,5.6658],[-75.5896,5.6447],[-75.5702,5.521],[-75.6859,5.5251],[-75.7307,5.5635],[-75.7859,5.5405],[-75.8313,5.4881],[-75.8674,5.4882]]]},"properties":{"iso3":"COL","shapeId":"13589884B36646919284035","regionId":"COL.7_1","name":"Caldas"}},{"type":"Feature","geometry":{"type":"Polygon","coordinates":[[[-74.3876,-0.5593],[-74.3595,-0.6301],[-74.3739,-0.6537],[-74.3379,-0.6775],[-74.343,-0.7008],[-74.3767,-0.719],[-74.3702,-0.7372],[-74.3444,-0.7583],[-74.3157,-0.7542],[-74.3125,-0.7934],[-74.2791,-0.779],[-74.2922,-0.8157],[-74.2795,-0.8282],[-74.2434,-0.8208],[-74.2703,-0.8806],[-74.3015,-0.8651],[-74.3205,-0.8807],[-74.2793,-0.8991],[-74.2622,-0.9411],[-74.2726,-0.9788],[-74.0649,-1.0536],[-74.0181,-1.0057],[-74.0268,-1.0615],[-74.0061,-1.0989],[-73.9784,-1.1064],[-73.9648,-1.0818],[-73.9499,-1.0978],[-73.9582,-1.1311],[-73.9121,-1.1165],[-73.8613,-1.2293],[-73.8102,-1.2495],[-73.7831,-1.2394],[-73.7702,-1.2616],[-73.7439,-1.2005],[-73.7269,-1.2484],[-73.6739,-1.2406],[-73.6485,-1.2672],[-73.6194,-1.2638],[-73.6111,-1.3187],[-73.5687,-1.3217],[-73.5779,-1.3615],[-73.5524,-1.4169],[-73.5766,-1.4133],[-73.5799,-1.4282],[-73.536,-1.4323],[-73.5246,-1.4733],[-73.4909,-1.4836],[-73.4962,-1.5098],[-73.4779,-1.5235],[-73.4903,-1.5708],[-73.4573,-1.5753],[-73.5103,-1.6302],[-73.5386,-1.7006],[-73.4543,-1.7419],[-73.4278,-1.7905],[-73.3867,-1.7721],[-73.3151,-1.8275],[-73.2999,-1.7775],[-73.2466,-1.7824],[-73.2561,-1.8064],[-73.2355,-1.8026],[-73.2178,-1.7486],[-73.1944,-1.7886],[-73.1463,-1.8054],[-73.1507,-1.8629],[-73.1083,-1.8858],[-73.1301,-1.9916],[-73.0921,-2.0416],[-73.1136,-2.0718],[-73.0693,-2.0933],[-73.1165,-2.1307],[-73.1309,-2.1833],[-73.1681,-2.1862],[-73.1653,-2.2367],[-73.1156,-2.289],[-73.1196,-2.3272],[-73.0962,-2.3242],[-73.0581,-2.361],[-73.0327,-2.3137],[-73.0029,-2.3603],[-72.9526,-2.337],[-72.9563,-2.386],[-72.9313,-2.4182],[-72.9309,-2.4572],[-72.896,-2.4347],[-72.8573,-2.4397],[-72.7771,-2.3853],[-72.7445,-2.4277],[-72.7117,-2.3864],[-72.6812,-2.452],[-72.6381,-2.3918],[-72.6352,-2.3585],[-72.5915,-2.37],[-72.5663,-2.4011],[-72.4486,-2.4337],[-72.408,-2.4142],[-72.3686,-2.4908],[-72.2885,-2.4702],[-72.2801,-2.4528],[-72.2592,-2.4596],[-72.2593,-2.4322],[-72.2165,-2.4488],[-72.1714,-2.4265],[-72.1573,-2.4799],[-72.1289,-2.41],[-72.045,-2.3357],[-72.0054,-2.3706],[-71.9449,-2.3558],[-71.9224,-2.3807],[-71.9393,-2.3161],[-71.8809,-2.3088],[-71.8289,-2.1874],[-71.7965,-2.2048],[-71.7345,-2.141],[-71.719,-2.156],[-71.7209,-2.2309],[-71.6524,-2.1999],[-71.5992,-2.239],[-71.5202,-2.2491],[-71.4964,-2.356],[-71.4792,-2.3341],[-71.4951,-2.2762],[-71.4527,-2.28],[-71.3918,-2.3551],[-71.4069,-2.392],[-71.3932,-2.4105],[-71.3535,-2.3795],[-71.3166,-2.3791],[-71.2964,-2.3363],[-71.2756,-2.3484],[-71.2809,-2.3894],[-71.232,-2.3368],[-71.1762,-2.3822],[-71.1616,-2.3329],[-71.1288,-2.3388],[-71.1327,-2.2859],[-71.0461,-2.2649],[-70.9939,-2.3066],[-71.0204,-2.2293],[-71.0008,-2.2102],[-70.9415,-2.2553],[-70.8775,-2.2215],[-70.8325,-2.2947],[-70.7678,-2.2978],[-70.7505,-2.3288],[-70.6634,-2.355],[-70.6773,-2.4054],[-70.6272,-2.3958],[-70.6317,-2.4747],[-70.5577,-2.4721],[-70.5532,-2.4489],[-70.5978,-2.4217],[-70.5704,-2.4184],[-70.5086,-2.4764],[-70.4719,-2.4541],[-70.433,-2.5241],[-70.368,-2.4918],[-70.3029,-2.5015],[-70.3001,-2.5273],[-70.3482,-2.5426],[-70.3535,-2.5681],[-70.3146,-2.5772],[-70.2467,-2.5521],[-70.2122,-2.6548],[-70.1654,-2.6365],[-70.1604,-2.6909],[-70.1355,-2.7038],[-70.0809,-2.6551],[-70.0588,-2.7573],[-70.0741,-2.7904],[-70.7132,-3.7965],[-70.6851,-3.794],[-70.6165,-3.8435],[-70.5775,-3.8166],[-70.5149,-3.8807],[-70.3476,-3.8003],[-70.284,-3.8238],[-70.2476,-3.8967],[-70.1803,-3.9306],[-70.1263,-4.0352],[-70.0619,-4.0827],[-69.9479,-4.2317],[-69.9333,-4.2197],[-69.4509,-1.5325],[-69.4566,-1.4912],[-69.4326,-1.4542],[-69.436,-1.4009],[-69.3973,-1.3651],[-69.4306,-1.2276],[-69.3952,-1.1255],[-69.4247,-1.0773],[-69.4479,-1.0699],[-69.4689,-1.0886],[-69.4603,-1.1365],[-69.4893,-1.1497],[-69.4648,-1.1769],[-69.4784,-1.2115],[-69.5635,-1.1938],[-69.5939,-1.1463],[-69.6358,-1.1682],[-69.6403,-1.2179],[-69.6615,-1.2272],[-69.6806,-1.1993],[-69.681,-1.1217],[-69.652,-1.1332],[-69.6489,-1.1183],[-69.7001,-1.0518],[-69.7497,-1.0269],[-69.7707,-1.0358],[-69.7337,-1.0841],[-69.7585,-1.0974],[-69.8345,-1.0277],[-69.8786,-1.0793],[-69.9576,-1.0949],[-69.9718,-1.0745],[-69.9415,-1.0311],[-69.9545,-0.9952],[-69.9034,-0.969],[-69.9395,-0.9463],[-70.0005,-0.9743],[-70.0168,-0.9356],[-70.0342,-0.9785],[-70.0829,-0.9456],[-70.1263,-0.9763],[-70.1341,-1.0164],[-70.0889,-1.0113],[-70.0784,-1.0358],[-70.1266,-1.1076],[-70.168,-1.1129],[-70.1779,-1.0738],[-70.2278,-1.0469],[-70.1968,-0.985],[-70.2186,-0.9832],[-70.2534,-1.0189],[-70.3073,-0.9658],[-70.2952,-0.9352],[-70.2616,-0.9369],[-70.2213,-0.8832],[-70.2962,-0.7933],[-70.2895,-0.7508],[-70.2488,-0.7369],[-70.264,-0.5821],[-70.2943,-0.5549],[-70.3125,-0.5883],[-70.3266,-0.5637],[-70.245,-0.4687],[-70.2027,-0.472],[-70.2116,-0.4401],[-70.2492,-0.4435],[-70.2889,-0.4123],[-70.3074,-0.4397],[-70.3656,-0.4537],[-70.3521,-0.4718],[-70.3219,-0.4698],[-70.3345,-0.4984],[-70.3789,-0.4969],[-70.3983,-0.4624],[-70.4572,-0.4948],[-70.4539,-0.437],[-70.5197,-0.3566],[-70.5311,-0.3742],[-70.5603,-0.3644],[-70.5807,-0.3915],[-70.627,-0.322],[-70.6762,-0.3514],[-70.7356,-0.2871],[-70.7806,-0.3117],[-70.7589,-0.3285],[-70.8265,-0.3644],[-70.8782,-0.2828],[-70.8836,-0.2133],[-70.9149,-0.2019],[-70.947,-0.1537],[-70.8918,-0.1161],[-70.9272,-0.0868],[-70.9275,-0.0505],[-70.9598,-0.04],[-70.982,-0.0035],[-71.0163,-0.0128],[-71.0127,-0.0427],[-71.027,-0.0485],[-71.0511,-0.0337],[-71.0378,-0.0051],[-71.0963,-0.0069],[-71.1039,0.0269],[-71.132,0.0037],[-71.147,0.066],[-71.1866,0.0982],[-71.2267,0.055],[-71.2954,0.0706],[-71.2912,0.0984],[-71.3227,0.1118],[-71.3977,0.0308],[-71.6181,-0.0162],[-71.7203,-0.1012],[-71.7313,-0.1632],[-71.7173,-0.2251],[-71.75,-0.2515],[-71.8286,-0.272],[-72.0384,-0.2675],[-72.0707,-0.3244],[-72.1532,-0.3631],[-72.1939,-0.4704],[-72.233,-0.4911],[-72.2419,-0.611],[-72.349,-0.6401],[-72.4055,-0.6039],[-72.4116,-0.5646],[-72.4336,-0.5653],[-72.5564,-0.7066],[-72.6744,-0.6356],[-72.7532,-0.556],[-72.8155,-0.6009],[-72.9069,-0.6176],[-72.9361,-0.6067],[-72.9721,-0.5489],[-73.0249,-0.5288],[-73.0553,-0.553],[-73.0753,-0.6236],[-73.1232,-0.6056],[-73.2084,-0.6255],[-73.3297,-0.5066],[-73.3805,-0.5351],[-73.4284,-0.512],[-73.4875,-0.529],[-73.5145,-0.5234],[-73.534,-0.4883],[-73.5675,-0.5182],[-73.5826,-0.4475],[-73.6514,-0.4579],[-73.6403,-0.4177],[-73.6748,-0.4226],[-73.7166,-0.3807],[-73.7629,-0.4087],[-73.8413,-0.398],[-74.3876,-0.5593]]]},"properties":{"iso3":"COL","shapeId":"13589884B76063723503478","regionId":"COL.1_1","name":"Amazonas"}},{"type":"Feature","geometry":{"type":"Polygon","coordinates":[[[-74.9339,2.9067],[-74.835,2.9101],[-74.7947,2.9332],[-74.7657,2.8768],[-74.6769,2.8901],[-74.6656,2.8111],[-74.6377,2.7543],[-74.6174,2.7483],[-74.6384,2.7044],[-74.5903,2.6597],[-74.6858,2.5458],[-74.6508,2.4955],[-74.6711,2.4282],[-74.7267,2.3555],[-74.7327,2.273],[-74.7214,2.2617],[-74.6766,2.2848],[-74.6868,2.2692],[-74.6574,2.2121],[-74.5901,2.1955],[-74.6095,2.0708],[-74.5682,1.9533],[-74.5646,1.8492],[-74.4776,1.8072],[-74.4152,1.8124],[-74.3834,1.7905],[-74.3168,1.7864],[-74.2705,1.7535],[-74.2154,1.7667],[-74.2059,1.7147],[-74.1743,1.7209],[-74.1123,1.6961],[-74.0905,1.6425],[-73.9996,1.6579],[-73.9814,1.6018],[-73.9441,1.6454],[-73.8583,1.6583],[-73.779,1.6552],[-73.6588,1.6145],[-73.6562,2.295],[-73.6286,2.2964],[-73.635,2.3242],[-73.6139,2.3419],[-73.6331,2.3617],[-73.6162,2.378],[-73.5851,2.39],[-73.5717,2.3551],[-73.5277,2.3876],[-73.5111,2.3333],[-73.5003,2.359],[-73.4685,2.3618],[-73.4469,2.3423],[-73.4554,2.3831],[-73.4418,2.3876],[-73.4375,2.327],[-73.4144,2.3564],[-73.3888,2.3506],[-73.3966,2.3327],[-73.3817,2.3243],[-73.3616,2.3684],[-73.3448,2.3568],[-73.3577,2.3248],[-73.3323,2.3341],[-73.3316,2.3605],[-73.301,2.3364],[-73.2689,2.3589],[-73.2432,2.3471],[-73.24,2.3698],[-73.268,2.38],[-73.2167,2.4056],[-73.2174,2.3864],[-73.2,2.3833],[-73.1677,2.4001],[-73.1621,2.3652],[-73.124,2.3788],[-73.1407,2.3976],[-73.1242,2.4121],[-73.1093,2.381],[-73.0654,2.4285],[-73.0413,2.4378],[-73.0333,2.4118],[-72.9849,2.4526],[-72.9646,2.4491],[-72.9632,2.4798],[-72.9337,2.4646],[-72.9316,2.4944],[-72.9546,2.4953],[-72.9548,2.5171],[-72.9224,2.5309],[-72.9132,2.5676],[-72.8212,2.6118],[-72.7454,2.5689],[-72.6827,2.6227],[-72.651,2.5717],[-72.6413,2.6116],[-72.6153,2.6258],[-72.5885,2.5828],[-72.5839,2.6456],[-72.5566,2.6489],[-72.5703,2.6751],[-72.5354,2.683],[-72.535,2.7026],[-72.4703,2.689],[-72.4665,2.7339],[-72.4059,2.7255],[-72.3202,2.7992],[-72.2759,2.7769],[-72.2582,2.8241],[-72.2148,2.774],[-72.1916,2.7725],[-72.2039,2.8632],[-72.184,2.8753],[-72.1492,2.863],[-72.1351,2.8885],[-72.0792,2.8222],[-72.0042,2.8285],[-71.9827,2.8009],[-71.9441,2.8324],[-71.8289,2.8366],[-71.8215,2.8676],[-71.8512,2.8704],[-71.8236,2.8784],[-71.7876,2.8671],[-71.7805,2.8172],[-71.7597,2.8542],[-71.7633,2.8966],[-71.701,2.839],[-71.6813,2.87],[-71.6595,2.8698],[-71.6731,2.8242],[-71.6468,2.8184],[-71.6208,2.841],[-71.5749,2.8452],[-71.5821,2.873],[-71.5029,2.8754],[-71.4703,2.8527],[-71.4642,2.8986],[-71.3936,2.8465],[-71.3821,2.8874],[-71.3594,2.8901],[-71.3494,2.858],[-71.3186,2.9248],[-71.2878,2.8682],[-71.2605,2.8843],[-71.2449,2.8613],[-71.2242,2.8653],[-71.1849,2.9042],[-71.1533,2.8723],[-71.1362,2.9022],[-71.1111,2.8732],[-71.0774,2.8821],[-71.0775,4.9246],[-71.2138,4.8156],[-71.2899,4.804],[-71.4365,4.7181],[-71.5763,4.6756],[-71.6029,4.6412],[-71.7326,4.5756],[-71.8084,4.5827],[-71.9864,4.3867],[-72.0551,4.3763],[-72.0792,4.4151],[-72.1407,4.4396],[-72.237,4.4352],[-72.2885,4.4155],[-72.3165,4.3742],[-72.4049,4.319],[-72.4291,4.355],[-72.4706,4.3173],[-72.5301,4.3444],[-72.5727,4.3358],[-72.5704,4.3043],[-72.675,4.3172],[-72.6969,4.286],[-72.7417,4.3088],[-72.778,4.3512],[-72.7687,4.3654],[-72.8015,4.378],[-72.7849,4.3995],[-72.8088,4.3892],[-72.8114,4.4315],[-72.844,4.4309],[-72.8903,4.4727],[-73.0375,4.6647],[-73.0508,4.7372],[-73.1365,4.2151],[-73.2035,4.2738],[-73.351,4.3211],[-73.413,4.3123],[-73.4679,4.2784],[-73.5433,4.3035],[-73.5734,4.4204],[-73.6041,4.4615],[-73.5673,4.5253],[-73.6199,4.5601],[-73.6612,4.545],[-73.8116,4.4082],[-73.7843,4.3016],[-73.7444,4.2673],[-73.7638,4.2384],[-73.7418,4.2002],[-73.8108,4.2023],[-73.8197,4.1766],[-73.8595,4.1726],[-73.897,4.1432],[-73.9334,4.1483],[-73.9713,4.0971],[-74.0241,4.1019],[-74.0344,4.0615],[-74.0682,4.0594],[-74.1285,4.0005],[-74.1644,4.0178],[-74.218,4.0082],[-74.2571,3.9304],[-74.319,3.8788],[-74.2967,3.8192],[-74.3366,3.8233],[-74.3925,3.7723],[-74.3887,3.752],[-74.5026,3.6407],[-74.5539,3.5346],[-74.593,3.5218],[-74.6344,3.4691],[-74.6111,3.4382],[-74.6374,3.3657],[-74.6155,3.3261],[-74.6702,3.2007],[-74.7134,3.1811],[-74.7585,3.0989],[-74.7894,3.0869],[-74.7921,3.0614],[-74.9339,2.9067]]]},"properties":{"iso3":"COL","shapeId":"13589884B75246552958907","regionId":"COL.20_1","name":"Meta"}},{"type":"Feature","geometry":{"type":"Polygon","coordinates":[[[-74.7339,5.2863],[-74.7167,5.0933],[-74.7432,5.0071],[-74.7072,4.9814],[-74.7504,4.9543],[-74.7318,4.8928],[-74.7539,4.887],[-74.769,4.8417],[-74.7455,4.8254],[-74.744,4.79],[-74.8198,4.7243],[-74.8029,4.7038],[-74.8083,4.6701],[-74.7867,4.6537],[-74.8168,4.6129],[-74.7938,4.592],[-74.8145,4.5817],[-74.7865,4.5059],[-74.8092,4.4512],[-74.8325,4.4452],[-74.856,4.3353],[-74.8907,4.2903],[-74.8765,4.2659],[-74.8121,4.2944],[-74.7792,4.2837],[-74.7668,4.251],[-74.7513,4.259],[-74.6809,4.2023],[-74.6576,4.2154],[-74.6547,4.1983],[-74.5886,4.2674],[-74.5619,4.2715],[-74.5205,4.2396],[-74.482,4.175],[-74.4755,4.1161],[-74.5283,4.0443],[-74.5315,3.9698],[-74.5128,3.9355],[-74.5394,3.8448],[-74.4511,3.8104],[-74.4516,3.7243],[-74.3651,3.8969],[-74.3563,3.9703],[-74.3741,3.9861],[-74.3287,4.1297],[-74.2566,4.089],[-74.2436,4.1982],[-74.2037,4.2415],[-74.2179,4.3783],[-74.16,4.5078],[-74.1795,4.5234],[-74.1835,4.5962],[-74.2217,4.6187],[-74.2215,4.6437],[-74.1585,4.6627],[-74.1769,4.703],[-74.1262,4.7293],[-74.1138,4.7883],[-74.0873,4.796],[-74.0754,4.837],[-73.9997,4.8059],[-74.0181,4.7668],[-74.0032,4.6746],[-74.033,4.636],[-74.0151,4.6358],[-73.9974,4.6021],[-74.0061,4.562],[-74.0296,4.5578],[-74.0448,4.5123],[-74.073,4.5108],[-74.0758,4.4653],[-74.1124,4.4326],[-74.0981,4.3506],[-74.1513,4.2543],[-74.1093,4.1824],[-74.1065,4.138],[-74.1284,4.1246],[-74.1438,4.0032],[-74.1034,4.0116],[-74.0682,4.0594],[-74.0344,4.0615],[-74.0241,4.1019],[-73.9713,4.0971],[-73.9334,4.1483],[-73.897,4.1432],[-73.8595,4.1726],[-73.8197,4.1766],[-73.8108,4.2023],[-73.743,4.1989],[-73.7638,4.2384],[-73.7444,4.2673],[-73.7843,4.3016],[-73.8116,4.4082],[-73.7852,4.4445],[-73.7408,4.4568],[-73.7129,4.5134],[-73.6199,4.5601],[-73.5673,4.5253],[-73.6041,4.4615],[-73.5734,4.4204],[-73.5433,4.3035],[-73.4679,4.2784],[-73.413,4.3123],[-73.351,4.3211],[-73.2035,4.2738],[-73.1365,4.2151],[-73.0508,4.7372],[-73.0713,4.7392],[-73.1051,4.6605],[-73.2208,4.6775],[-73.2335,4.6952],[-73.2225,4.7313],[-73.3052,4.7307],[-73.3217,4.7786],[-73.3693,4.7989],[-73.3657,4.8242],[-73.4021,4.8786],[-73.4713,4.8936],[-73.5196,4.8779],[-73.5379,4.8954],[-73.5437,4.9476],[-73.5072,4.9963],[-73.5233,5.0299],[-73.4792,5.0547],[-73.4946,5.1073],[-73.4779,5.1475],[-73.5107,5.1619],[-73.5332,5.2807],[-73.6024,5.3181],[-73.5928,5.3989],[-73.6579,5.4179],[-73.6801,5.4545],[-73.7172,5.4562],[-73.7191,5.4772],[-73.7429,5.4693],[-73.748,5.4905],[-73.771,5.4885],[-73.8047,5.5736],[-73.8898,5.513],[-73.9085,5.5262],[-73.8993,5.4495],[-73.9732,5.4188],[-73.9915,5.3747],[-74.0226,5.365],[-74.0212,5.3878],[-74.09,5.4279],[-74.0969,5.4699],[-74.1127,5.4729],[-74.1251,5.4328],[-74.2014,5.497],[-74.2449,5.4754],[-74.2542,5.4866],[-74.2437,5.5452],[-74.294,5.5729],[-74.3148,5.6231],[-74.2773,5.6947],[-74.3012,5.7176],[-74.2891,5.746],[-74.3108,5.7795],[-74.3024,5.7978],[-74.3347,5.8367],[-74.4328,5.7602],[-74.5108,5.7944],[-74.5952,5.7457],[-74.6298,5.7614],[-74.6479,5.7363],[-74.6569,5.7537],[-74.6605,5.7279],[-74.6234,5.6965],[-74.6526,5.5745],[-74.6404,5.5393],[-74.6741,5.5121],[-74.6517,5.4437],[-74.6759,5.4383],[-74.6787,5.3742],[-74.7073,5.3712],[-74.6998,5.3531],[-74.7339,5.2863]]]},"properties":{"iso3":"COL","shapeId":"13589884B23733272568917","regionId":"COL.14_1","name":"Cundinamarca"}},{"type":"Feature","geometry":{"type":"Polygon","coordinates":[[[-75.3753,4.8039],[-75.378,4.7296],[-75.4232,4.6561],[-75.4212,4.6104],[-75.4682,4.5989],[-75.5146,4.5557],[-75.5248,4.4956],[-75.5779,4.4537],[-75.597,4.2793],[-75.6585,4.2247],[-75.6934,4.1357],[-75.7472,4.0947],[-75.7386,4.0536],[-75.7918,4.0079],[-75.8102,3.9244],[-75.859,3.8802],[-75.867,3.8322],[-75.9606,3.7057],[-75.9517,3.6739],[-75.9937,3.6375],[-75.9851,3.5601],[-76.0418,3.4371],[-76.0306,3.3854],[-76.0594,3.3538],[-76.0394,3.2508],[-76.0606,3.2029],[-76.0901,3.201],[-76.0735,3.1234],[-76.1085,3.1042],[-76.0225,3.0034],[-76.0312,2.9406],[-76.0223,2.9732],[-75.9888,2.9824],[-75.9539,2.9173],[-75.9268,2.9218],[-75.857,2.8713],[-75.799,2.8881],[-75.6941,2.9946],[-75.6579,2.9888],[-75.622,3.0088],[-75.5997,3.0487],[-75.6221,3.0754],[-75.577,3.1424],[-75.5771,3.2239],[-75.5213,3.3014],[-75.5262,3.3198],[-75.4879,3.3271],[-75.4784,3.3611],[-75.4419,3.3471],[-75.4154,3.3725],[-75.3782,3.3736],[-75.3683,3.4071],[-75.3334,3.3995],[-75.32,3.4196],[-75.253,3.3666],[-75.2284,3.4146],[-75.1996,3.4085],[-75.184,3.3818],[-75.1476,3.4355],[-75.061,3.4319],[-75.0402,3.4277],[-75.0339,3.3859],[-75.0585,3.3811],[-75.0727,3.2961],[-75.0008,3.2768],[-74.9078,3.29],[-74.7651,3.4426],[-74.7824,3.4995],[-74.7277,3.5542],[-74.7386,3.5898],[-74.7008,3.6167],[-74.6741,3.671],[-74.5927,3.7254],[-74.537,3.8185],[-74.5121,3.9514],[-74.5315,3.9698],[-74.5283,4.0443],[-74.4755,4.1161],[-74.482,4.175],[-74.5205,4.2396],[-74.5619,4.2715],[-74.5886,4.2674],[-74.6547,4.1983],[-74.6576,4.2154],[-74.6809,4.2023],[-74.7513,4.259],[-74.7668,4.251],[-74.7792,4.2837],[-74.8121,4.2944],[-74.8765,4.2659],[-74.8907,4.2903],[-74.856,4.3353],[-74.8325,4.4452],[-74.8092,4.4512],[-74.7865,4.5059],[-74.8145,4.5817],[-74.7938,4.592],[-74.8168,4.6129],[-74.7867,4.6537],[-74.8083,4.6701],[-74.8029,4.7038],[-74.8198,4.7243],[-74.744,4.79],[-74.7455,4.8254],[-74.769,4.8417],[-74.7539,4.887],[-74.7318,4.8928],[-74.7504,4.9543],[-74.7072,4.9814],[-74.7432,5.0071],[-74.7167,5.0933],[-74.7339,5.2863],[-74.8271,5.319],[-74.8723,5.2944],[-74.9391,5.3126],[-75.0098,5.2937],[-75.0563,5.275],[-75.1159,5.16],[-75.1938,5.1642],[-75.2353,5.1248],[-75.2875,5.1383],[-75.3429,5.0822],[-75.348,5.0566],[-75.3174,5.0053],[-75.3527,4.9657],[-75.3516,4.934],[-75.3217,4.8719],[-75.3753,4.8039]]]},"properties":{"iso3":"COL","shapeId":"13589884B56780975975491","regionId":"COL.29_1","name":"Tolima"}},{"type":"Feature","geometry":{"type":"MultiPolygon","coordinates":[[[[-74.6575,5.7753],[-74.6366,5.8731],[-74.5863,5.8986],[-74.6109,5.9712],[-74.5611,6.0022],[-74.5613,6.0757],[-74.6024,6.0951],[-74.6065,6.1421],[-74.5391,6.2661],[-74.466,6.3131],[-74.4283,6.3892],[-74.3679,6.4087],[-74.4048,6.4694],[-74.4003,6.5907],[-74.3613,6.6329],[-74.3302,6.6296],[-74.2295,6.7117],[-74.1702,6.7287],[-74.0048,6.9133],[-73.8838,7.0037],[-73.8883,7.0703],[-73.9388,7.174],[-73.9134,7.2978],[-74.2444,7.0042],[-74.3546,7.0109],[-74.3517,7.0824],[-74.4094,7.2022],[-74.3875,7.2763],[-74.4008,7.3392],[-74.3417,7.4258],[-74.3717,7.4788],[-74.4121,7.461],[-74.412,7.3907],[-74.4889,7.3432],[-74.5982,7.4609],[-74.5902,7.511],[-74.5684,7.5181],[-74.5622,7.6449],[-74.5363,7.6638],[-74.4911,7.6623],[-74.4615,7.7239],[-74.5248,7.7818],[-74.5209,7.904],[-74.6031,8.0371],[-74.6563,8.054],[-74.7253,8.117],[-74.812,8.1437],[-74.825,8.1992],[-74.8755,8.1979],[-74.8799,8.1395],[-74.9312,8.0744],[-74.9678,8.0942],[-75.0457,8.052],[-75.2242,8.06],[-75.2609,7.9972],[-75.3163,7.9453],[-75.3362,7.9498],[-75.3508,7.8835],[-75.4177,7.8352],[-75.4542,7.8336],[-75.4919,7.7246],[-75.5572,7.6942],[-75.5734,7.6185],[-75.6026,7.5821],[-75.6738,7.5973],[-75.7115,7.5819],[-75.7415,7.6111],[-75.7589,7.6052],[-75.7889,7.459],[-75.8267,7.4345],[-75.8409,7.3632],[-75.9663,7.3572],[-76.3839,7.3923],[-76.5026,7.5604],[-76.4954,7.7504],[-76.4663,7.8565],[-76.4198,7.9103],[-76.416,8.0706],[-76.3451,8.1742],[-76.321,8.2765],[-76.2724,8.3444],[-76.1912,8.3925],[-76.2346,8.5455],[-76.2228,8.5733],[-76.2497,8.5792],[-76.2834,8.6487],[-76.3414,8.6459],[-76.3657,8.7185],[-76.4121,8.7478],[-76.3845,8.7909],[-76.4136,8.8897],[-76.4206,8.8599],[-76.5101,8.8032],[-76.5146,8.7804],[-76.6298,8.7313],[-76.6491,8.6712],[-76.8842,8.6222],[-76.9379,8.5449],[-76.9254,8.5264],[-76.9317,8.5441],[-76.8259,8.4967],[-76.7593,8.3977],[-76.7535,8.3267],[-76.7739,8.2651],[-76.7385,8.1655],[-76.7546,8.1229],[-76.74,8.1121],[-76.7431,8.065],[-76.7286,8.0914],[-76.7153,8.0625],[-76.7375,8.0183],[-76.7265,7.9815],[-76.7484,7.9206],[-76.7733,7.9087],[-76.8627,7.9003],[-76.9229,7.9182],[-76.9241,8.0272],[-76.8921,8.046],[-76.8737,8.0215],[-76.8417,8.0186],[-76.8754,8.0521],[-76.8298,8.0487],[-76.8726,8.0694],[-76.8295,8.0906],[-76.8549,8.0917],[-76.8529,8.1215],[-76.8068,8.1286],[-76.8929,8.1323],[-76.8875,8.1154],[-76.9313,8.0913],[-76.9505,8.1448],[-76.9111,8.1792],[-76.9398,8.1801],[-76.9279,8.2076],[-76.9421,8.2092],[-76.9392,8.1818],[-76.9568,8.1845],[-76.9684,8.2437],[-76.9428,8.2486],[-76.98,8.2548],[-76.9501,8.1706],[-76.9554,8.12],[-76.9772,8.1324],[-76.9863,8.1057],[-76.9479,8.0669],[-76.9546,8.0419],[-76.9943,8.0236],[-77.0311,7.8802],[-77.0951,7.8244],[-77.1263,7.8308],[-77.1229,7.7885],[-77.0746,7.7515],[-76.9872,7.6318],[-76.8294,7.5213],[-76.7171,7.3676],[-76.577,7.301],[-76.5327,7.258],[-76.5054,7.1545],[-76.4829,7.1333],[-76.5081,7.1387],[-76.5474,7.0027],[-76.5719,6.9783],[-76.5937,7.0121],[-76.6451,7.0083],[-76.6761,7.0279],[-76.8346,6.9993],[-76.8427,6.9881],[-76.8189,6.9754],[-76.8286,6.9553],[-76.8003,6.9489],[-76.7911,6.8678],[-76.8306,6.8579],[-76.819,6.835],[-76.9157,6.8458],[-76.9318,6.8137],[-76.9731,6.8061],[-76.9581,6.7928],[-76.9665,6.7411],[-76.9333,6.7112],[-76.9639,6.6816],[-76.9398,6.6847],[-76.9281,6.6492],[-76.8999,6.6703],[-76.9099,6.6302],[-76.8597,6.6231],[-76.8902,6.605],[-76.8929,6.5676],[-76.8526,6.5611],[-76.8417,6.5219],[-76.8199,6.5245],[-76.8201,6.4874],[-76.7991,6.5072],[-76.7672,6.4777],[-76.7952,6.4448],[-76.7626,6.4334],[-76.7952,6.4212],[-76.7655,6.3897],[-76.786,6.3791],[-76.7719,6.3624],[-76.79,6.3218],[-76.781,6.2882],[-76.7493,6.2792],[-76.7574,6.2537],[-76.724,6.2365],[-76.718,6.1722],[-76.644,6.1682],[-76.5835,6.1935],[-76.4825,6.162],[-76.4687,6.1766],[-76.4199,6.1657],[-76.3776,6.1953],[-76.2392,6.2097],[-76.2009,6.1606],[-76.197,6.0802],[-76.1653,6.007],[-76.1319,5.9998],[-76.1117,6.0209],[-76.0667,5.978],[-76.0992,5.8421],[-76.0662,5.754],[-76.087,5.6886],[-76.0052,5.6219],[-76.0091,5.568],[-75.9834,5.5194],[-75.9301,5.5087],[-75.9055,5.4804],[-75.8313,5.4881],[-75.7859,5.5405],[-75.7307,5.5635],[-75.6859,5.5251],[-75.5702,5.521],[-75.5896,5.6447],[-75.5723,5.6658],[-75.5995,5.6804],[-75.599,5.7386],[-75.5432,5.7205],[-75.5346,5.6904],[-75.478,5.6635],[-75.4273,5.6963],[-75.3764,5.6738],[-75.3683,5.6397],[-75.3831,5.6218],[-75.3408,5.6034],[-75.3285,5.5245],[-75.3105,5.5081],[-75.3167,5.4699],[-75.2815,5.4766],[-75.2763,5.4186],[-75.2194,5.5033],[-75.1375,5.527],[-75.0925,5.5839],[-75.0935,5.6558],[-75.0138,5.6787],[-74.9932,5.7154],[-74.8649,5.7478],[-74.7737,5.6886],[-74.7386,5.7005],[-74.7125,5.7746],[-74.6575,5.7753]]],[[[-76.9214,8.1958],[-76.9324,8.1814],[-76.9113,8.1806],[-76.9214,8.1958]]]]},"properties":{"iso3":"COL","shapeId":"13589884B3780741375954","regionId":"COL.2_1","name":"Antioquia"}},{"type":"Feature","geometry":{"type":"Polygon","coordinates":[[[-75.2216,10.7972],[-75.2671,10.6879],[-75.2237,10.6278],[-75.237,10.5697],[-75.2234,10.5505],[-75.2513,10.4846],[-75.1701,10.474],[-75.1758,10.4553],[-75.1308,10.3979],[-75.0733,10.4086],[-74.9804,10.341],[-74.9078,10.2532],[-74.8159,10.4269],[-74.8095,10.4781],[-74.7391,10.5426],[-74.7249,10.6039],[-74.7464,10.648],[-74.723,10.6722],[-74.7408,10.8373],[-74.7134,10.8829],[-74.7539,10.9357],[-74.7648,10.9962],[-74.8364,11.0568],[-74.8549,11.1065],[-74.8527,11.0537],[-74.9213,11.0455],[-74.9593,10.99],[-75.0494,10.9471],[-75.0259,10.9465],[-75.0474,10.8983],[-75.2216,10.7972]]]},"properties":{"iso3":"COL","shapeId":"13589884B77991835419453","regionId":"COL.4_1","name":"Atlántico"}},{"type":"Feature","geometry":{"type":"MultiPolygon","coordinates":[[[[-76.1905,9.3842],[-76.1786,9.3778],[-76.1731,9.3982],[-76.1905,9.3842]]],[[[-75.8575,9.7935],[-75.8562,9.7908],[-75.8569,9.7887],[-75.8555,9.7881],[-75.8506,9.7898],[-75.8282,9.79],[-75.8264,9.7941],[-75.8282,9.7962],[-75.8308,9.7955],[-75.8427,9.7991],[-75.8441,9.7986],[-75.8444,9.7964],[-75.8413,9.7971],[-75.8413,9.7961],[-75.8445,9.796],[-75.845,9.7928],[-75.8453,9.795],[-75.8473,9.7933],[-75.8501,9.7955],[-75.8475,9.7973],[-75.847,9.795],[-75.8461,9.797],[-75.8453,9.7958],[-75.8446,9.7995],[-75.8474,9.7991],[-75.8504,9.8008],[-75.8512,9.8051],[-75.8563,9.7994],[-75.8552,9.7976],[-75.8556,9.7987],[-75.8536,9.7985],[-75.8542,9.8001],[-75.8527,9.7996],[-75.8524,9.7954],[-75.8511,9.801],[-75.85,9.797],[-75.8517,9.7965],[-75.8518,9.7915],[-75.8523,9.7942],[-75.8536,9.7916],[-75.8548,9.7925],[-75.8554,9.7894],[-75.8558,9.7944],[-75.857,9.7949],[-75.8565,9.7926],[-75.8575,9.7935]]],[[[-73.9134,7.2978],[-73.8946,7.4186],[-73.9156,7.4874],[-73.8492,7.5381],[-73.811,7.6178],[-73.8184,7.6421],[-73.7987,7.6517],[-73.8325,7.728],[-73.7989,7.7736],[-73.8373,7.9478],[-73.8645,7.98],[-73.8675,8.0408],[-73.8425,8.0931],[-73.775,8.1434],[-73.777,8.2137],[-73.7501,8.271],[-73.7495,8.4649],[-73.7786,8.5185],[-73.7708,8.5577],[-73.8196,8.6481],[-73.8117,8.7301],[-73.7889,8.7517],[-73.7952,8.8111],[-73.8656,8.885],[-73.8912,8.9811],[-73.9797,8.9859],[-74.0029,8.9976],[-73.9851,9.0099],[-74.0035,9.0304],[-74.0278,9.0269],[-74.0354,9.0448],[-74.0548,9.0198],[-74.1012,9.0206],[-74.1154,9.041],[-74.137,9.029],[-74.1186,9.0488],[-74.1561,9.0572],[-74.2474,9.1644],[-74.2981,9.1599],[-74.2967,9.2029],[-74.3487,9.2333],[-74.4025,9.2137],[-74.4337,9.2732],[-74.517,9.2348],[-74.5639,9.3131],[-74.6133,9.3402],[-74.6177,9.3715],[-74.6597,9.3869],[-74.6714,9.4133],[-74.7324,9.4197],[-74.7649,9.465],[-74.8058,9.4475],[-74.7904,9.5269],[-74.8042,9.5546],[-74.7722,9.6056],[-74.8037,9.6686],[-74.7854,9.6938],[-74.8142,9.7305],[-74.8065,9.7807],[-74.8488,9.8212],[-74.8731,9.9349],[-74.7899,9.9718],[-74.7861,10.0078],[-74.8586,10.0958],[-74.9429,10.1216],[-74.9078,10.2532],[-74.9635,10.3248],[-75.0733,10.4086],[-75.1308,10.3979],[-75.1758,10.4553],[-75.1701,10.474],[-75.2513,10.4846],[-75.2234,10.5505],[-75.237,10.5697],[-75.2237,10.6278],[-75.2671,10.6879],[-75.2216,10.7972],[-75.2617,10.8006],[-75.282,10.7086],[-75.3943,10.6826],[-75.4525,10.6269],[-75.4619,10.5909],[-75.5138,10.5699],[-75.4914,10.4883],[-75.5664,10.3966],[-75.5449,10.3903],[-75.549,10.4223],[-75.5064,10.3842],[-75.5032,10.3013],[-75.5297,10.3085],[-75.5339,10.2768],[-75.5652,10.2611],[-75.5867,10.298],[-75.5842,10.2619],[-75.6222,10.2514],[-75.5864,10.2256],[-75.6047,10.2388],[-75.6542,10.1638],[-75.7046,10.1414],[-75.6689,10.138],[-75.6372,10.1886],[-75.5409,10.2442],[-75.5225,10.2368],[-75.5498,10.2162],[-75.5242,10.221],[-75.5204,10.173],[-75.5486,10.1792],[-75.5322,10.1614],[-75.5652,10.1225],[-75.4987,10.1485],[-75.5448,10.046],[-75.5167,10.0254],[-75.4833,10.0371],[-75.4629,9.9617],[-75.4809,9.9055],[-75.4631,9.913],[-75.3683,9.8701],[-75.3429,9.9105],[-75.3232,9.8765],[-75.3492,9.8103],[-75.3345,9.7926],[-75.3644,9.7235],[-75.3731,9.6296],[-75.3443,9.6435],[-75.3296,9.6125],[-75.2765,9.6863],[-75.2319,9.646],[-75.1646,9.6463],[-75.1886,9.6303],[-75.1806,9.6018],[-75.1657,9.6126],[-75.136,9.5972],[-75.0792,9.5337],[-75.015,9.53],[-75.0308,9.5139],[-75.0288,9.4575],[-74.8822,9.4338],[-74.9133,9.4149],[-74.9477,9.3445],[-74.9295,9.3261],[-74.9468,9.2921],[-74.9113,9.2376],[-74.9164,9.1954],[-74.8528,9.1325],[-74.8206,9.0551],[-74.7518,9.0449],[-74.738,9.0167],[-74.683,9.0113],[-74.6392,8.9776],[-74.5708,8.8543],[-74.5582,8.8026],[-74.5715,8.7723],[-74.6099,8.7611],[-74.6086,8.728],[-74.5893,8.6695],[-74.594,8.5919],[-74.5626,8.5691],[-74.5792,8.5426],[-74.5343,8.4766],[-74.5395,8.4348],[-74.5611,8.3901],[-74.6098,8.4033],[-74.6135,8.3472],[-74.6479,8.3137],[-74.6526,8.2808],[-74.7142,8.3029],[-74.7311,8.282],[-74.7487,8.3073],[-74.7702,8.28],[-74.8084,8.2747],[-74.793,8.246],[-74.8341,8.2166],[-74.812,8.1437],[-74.7253,8.117],[-74.6563,8.054],[-74.6031,8.0371],[-74.5209,7.904],[-74.5248,7.7818],[-74.4615,7.7239],[-74.4911,7.6623],[-74.5363,7.6638],[-74.5622,7.6449],[-74.5684,7.5181],[-74.5902,7.511],[-74.5982,7.4609],[-74.4889,7.3432],[-74.412,7.3907],[-74.4121,7.461],[-74.3717,7.4788],[-74.3417,7.4258],[-74.4008,7.3392],[-74.3875,7.2763],[-74.4094,7.2022],[-74.3517,7.0824],[-74.3546,7.0109],[-74.2444,7.0042],[-73.9134,7.2978]]],[[[-75.7491,10.1826],[-75.7475,10.1726],[-75.7443,10.1708],[-75.7371,10.1721],[-75.7346,10.1759],[-75.7263,10.178],[-75.7236,10.1813],[-75.7261,10.1825],[-75.7258,10.1839],[-75.7299,10.1811],[-75.7362,10.1825],[-75.7374,10.1843],[-75.7371,10.1813],[-75.7391,10.1802],[-75.7442,10.1818],[-75.7443,10.1804],[-75.7455,10.1806],[-75.7459,10.1841],[-75.7491,10.1826]]],[[[-75.5936,10.3476],[-75.5817,10.3183],[-75.5374,10.357],[-75.5755,10.3815],[-75.5936,10.3476]]]]},"properties":{"iso3":"COL","shapeId":"13589884B96168520946689","regionId":"COL.5_1","name":"Bolívar"}},{"type":"Feature","geometry":{"type":"Polygon","coordinates":[[[-73.775,8.1434],[-73.7181,8.0048],[-73.7231,7.9696],[-73.6721,7.9284],[-73.6719,7.8921],[-73.7512,7.8245],[-73.7373,7.783],[-73.7616,7.7709],[-73.7529,7.7506],[-73.5875,7.7415],[-73.4899,7.6764],[-73.4318,7.7011],[-73.3509,7.7953],[-73.3505,7.8937],[-73.305,7.9072],[-73.2761,7.945],[-73.2814,7.9932],[-73.2976,7.9844],[-73.3093,8.0157],[-73.3662,8.0127],[-73.3771,8.1056],[-73.4355,8.147],[-73.4042,8.2463],[-73.3697,8.2772],[-73.375,8.3202],[-73.35,8.3327],[-73.3496,8.414],[-73.3773,8.4613],[-73.4141,8.4598],[-73.3931,8.3829],[-73.4561,8.3455],[-73.4834,8.3808],[-73.5268,8.383],[-73.4724,8.4476],[-73.4754,8.4682],[-73.5497,8.4726],[-73.578,8.5],[-73.5172,8.5273],[-73.5077,8.6315],[-73.5216,8.6577],[-73.4578,8.7495],[-73.4141,8.7665],[-73.4485,8.8707],[-73.4262,8.898],[-73.4391,8.9746],[-73.4173,9.0317],[-73.428,9.107],[-73.4111,9.1547],[-73.3683,9.1614],[-73.353,9.2175],[-73.3338,9.2131],[-73.2998,9.266],[-73.2611,9.3703],[-73.1893,9.4455],[-73.2033,9.4693],[-73.172,9.4806],[-73.1768,9.5004],[-73.1443,9.543],[-73.0852,9.5563],[-73.0548,9.6783],[-72.9454,9.8376],[-72.9928,9.875],[-72.9775,9.8888],[-72.999,9.9239],[-72.9528,10.0264],[-72.9541,10.066],[-72.9116,10.1127],[-72.9216,10.1381],[-72.8973,10.2174],[-72.9076,10.3451],[-72.8858,10.384],[-72.8946,10.4338],[-72.986,10.4007],[-73.085,10.4264],[-73.1446,10.3983],[-73.1431,10.4375],[-73.1806,10.4656],[-73.1373,10.5299],[-73.0999,10.5498],[-73.0766,10.6373],[-73.161,10.7106],[-73.2072,10.7045],[-73.2365,10.7403],[-73.2775,10.7255],[-73.252,10.8139],[-73.2899,10.8624],[-73.3124,10.8464],[-73.3371,10.8618],[-73.4786,10.8674],[-73.6018,10.8353],[-73.638,10.7886],[-73.5421,10.7549],[-73.5941,10.705],[-73.617,10.645],[-73.5966,10.6372],[-73.5947,10.6009],[-73.613,10.5651],[-73.5706,10.5427],[-73.5613,10.5086],[-73.646,10.4983],[-73.6514,10.4597],[-73.7029,10.4633],[-73.7037,10.4294],[-73.7397,10.4354],[-73.7783,10.3958],[-73.8836,10.3928],[-73.9321,10.3656],[-73.9607,10.3362],[-73.9625,10.2912],[-74.0409,10.2198],[-74.0844,10.0732],[-73.9969,9.9416],[-73.9576,9.9313],[-73.8946,9.8338],[-73.8425,9.7968],[-73.8352,9.7298],[-73.8098,9.6913],[-73.805,9.6417],[-74.0588,9.5901],[-74.0999,9.5222],[-74.1398,9.4955],[-73.9762,9.3913],[-73.9917,9.324],[-73.9431,9.2896],[-73.958,9.1869],[-73.8648,9.1815],[-73.8753,9.1305],[-73.798,9.0583],[-73.8695,8.9171],[-73.8656,8.885],[-73.7952,8.8111],[-73.7889,8.7517],[-73.8117,8.7301],[-73.8184,8.6374],[-73.7708,8.5577],[-73.7786,8.5185],[-73.7495,8.4649],[-73.7501,8.271],[-73.777,8.2137],[-73.775,8.1434]]]},"properties":{"iso3":"COL","shapeId":"13589884B76435085510886","regionId":"COL.11_1","name":"Cesar"}},{"type":"Feature","geometry":{"type":"Polygon","coordinates":[[[-74.9078,10.2532],[-74.9429,10.1216],[-74.8586,10.0958],[-74.7861,10.0078],[-74.7899,9.9718],[-74.8731,9.9349],[-74.8488,9.8212],[-74.8065,9.7807],[-74.8142,9.7305],[-74.7854,9.6938],[-74.8037,9.6686],[-74.7722,9.6056],[-74.8042,9.5546],[-74.7904,9.5269],[-74.8058,9.4475],[-74.7649,9.465],[-74.7324,9.4197],[-74.6714,9.4133],[-74.6597,9.3869],[-74.6177,9.3715],[-74.6133,9.3402],[-74.5639,9.3131],[-74.517,9.2348],[-74.4337,9.2732],[-74.4025,9.2137],[-74.3487,9.2333],[-74.2967,9.2029],[-74.2981,9.1599],[-74.2474,9.1644],[-74.1561,9.0572],[-74.1186,9.0488],[-74.137,9.029],[-74.1154,9.041],[-74.1012,9.0206],[-74.0548,9.0198],[-74.0354,9.0448],[-74.0278,9.0269],[-74.0035,9.0304],[-73.9851,9.0099],[-74.0029,8.9976],[-73.9797,8.9859],[-73.8912,8.9811],[-73.8695,8.9171],[-73.798,9.0583],[-73.8753,9.1305],[-73.8648,9.1815],[-73.958,9.1869],[-73.9431,9.2896],[-73.9917,9.324],[-73.9762,9.3913],[-74.1398,9.4955],[-74.0999,9.5222],[-74.0588,9.5901],[-73.805,9.6417],[-73.8098,9.6913],[-73.8352,9.7298],[-73.8425,9.7968],[-73.8946,9.8338],[-73.9576,9.9313],[-73.9969,9.9416],[-74.0844,10.0732],[-74.0409,10.2198],[-73.9625,10.2912],[-73.9607,10.3362],[-73.9321,10.3656],[-73.8836,10.3928],[-73.7783,10.3958],[-73.7397,10.4354],[-73.7037,10.4294],[-73.7029,10.4633],[-73.6514,10.4597],[-73.646,10.4983],[-73.5613,10.5086],[-73.5706,10.5427],[-73.613,10.5651],[-73.5947,10.6009],[-73.5966,10.6372],[-73.617,10.645],[-73.5941,10.705],[-73.5421,10.7549],[-73.638,10.7886],[-73.6013,10.8409],[-73.6646,10.9898],[-73.6359,11.0418],[-73.6535,11.1374],[-73.5899,11.1774],[-73.5647,11.2552],[-73.7892,11.2562],[-73.9794,11.34],[-74.0458,11.3487],[-74.057,11.3281],[-74.065,11.3454],[-74.0826,11.3155],[-74.1052,11.3474],[-74.1069,11.3182],[-74.124,11.3343],[-74.135,11.3156],[-74.1448,11.3368],[-74.1608,11.3238],[-74.1473,11.2995],[-74.1943,11.3037],[-74.2066,11.2742],[-74.1914,11.2644],[-74.2417,11.2209],[-74.2139,11.0719],[-74.2613,11.01],[-74.3477,10.9767],[-74.5443,10.9934],[-74.8531,11.1066],[-74.8364,11.0568],[-74.7741,11.009],[-74.7539,10.9357],[-74.7151,10.898],[-74.7408,10.8373],[-74.723,10.6722],[-74.7464,10.648],[-74.7249,10.6039],[-74.7391,10.5426],[-74.8095,10.4781],[-74.8159,10.4269],[-74.9078,10.2532]]]},"properties":{"iso3":"COL","shapeId":"13589884B85940101840667","regionId":"COL.19_1","name":"Magdalena"}},{"type":"Feature","geometry":{"type":"Polygon","coordinates":[[[-75.5652,10.1225],[-75.5818,10.121],[-75.5752,9.9731],[-75.6188,9.8768],[-75.6233,9.8056],[-75.6437,9.7579],[-75.7038,9.6993],[-75.6114,9.6932],[-75.5778,9.636],[-75.5726,9.5701],[-75.6249,9.4414],[-75.673,9.405],[-75.6963,9.4118],[-75.687,9.3909],[-75.7118,9.3594],[-75.6819,9.3634],[-75.6486,9.33],[-75.6255,9.3525],[-75.5445,9.2587],[-75.5033,9.2762],[-75.4912,9.2459],[-75.4582,9.2572],[-75.4687,9.1937],[-75.4222,9.1648],[-75.4251,9.1383],[-75.3815,9.1501],[-75.2929,9.0976],[-75.2955,9.0679],[-75.2465,9.0735],[-75.2083,9.0475],[-75.2319,9.0219],[-75.1748,8.9635],[-75.2048,8.9675],[-75.2039,8.9173],[-75.2673,8.8991],[-75.3007,8.8634],[-75.3133,8.8803],[-75.374,8.8574],[-75.3691,8.7921],[-75.3158,8.7502],[-75.3377,8.7404],[-75.3472,8.6693],[-75.3288,8.6547],[-75.3413,8.6375],[-75.3183,8.5897],[-75.3273,8.5416],[-75.3117,8.4854],[-75.2432,8.4607],[-75.1835,8.3978],[-75.0481,8.4686],[-74.9339,8.4906],[-74.8896,8.4522],[-74.8719,8.4017],[-74.8313,8.3911],[-74.8015,8.3572],[-74.7944,8.2805],[-74.7702,8.28],[-74.7452,8.3081],[-74.7311,8.282],[-74.7142,8.3029],[-74.6526,8.2808],[-74.6479,8.3137],[-74.6135,8.3472],[-74.6098,8.4033],[-74.5611,8.3901],[-74.5332,8.4649],[-74.5792,8.5426],[-74.5626,8.5691],[-74.594,8.5919],[-74.6099,8.7611],[-74.5715,8.7723],[-74.5575,8.8106],[-74.6086,8.9306],[-74.6698,9.0058],[-74.8206,9.0551],[-74.8528,9.1325],[-74.9164,9.1954],[-74.9113,9.2376],[-74.9468,9.2921],[-74.9295,9.3261],[-74.9477,9.3445],[-74.9133,9.4149],[-74.8822,9.4338],[-75.0288,9.4575],[-75.0308,9.5139],[-75.015,9.53],[-75.0792,9.5337],[-75.136,9.5972],[-75.1657,9.6126],[-75.1806,9.6018],[-75.1886,9.6303],[-75.1646,9.6463],[-75.2319,9.646],[-75.2765,9.6863],[-75.3296,9.6125],[-75.3443,9.6435],[-75.3731,9.6296],[-75.3644,9.7235],[-75.3345,9.7926],[-75.3492,9.8103],[-75.3232,9.8765],[-75.3429,9.9105],[-75.3683,9.8701],[-75.4631,9.913],[-75.4809,9.9055],[-75.4629,9.9617],[-75.4833,10.0371],[-75.5167,10.0254],[-75.5448,10.046],[-75.4987,10.1485],[-75.5652,10.1225]]]},"properties":{"iso3":"COL","shapeId":"13589884B67390718500375","regionId":"COL.28_1","name":"Sucre"}},{"type":"Feature","geometry":{"type":"Polygon","coordinates":[[[-74.825,8.1992],[-74.8336,8.2208],[-74.7918,8.2493],[-74.8084,8.2747],[-74.7851,8.276],[-74.8046,8.3077],[-74.8015,8.3572],[-74.8313,8.3911],[-74.8719,8.4017],[-74.8896,8.4522],[-74.9339,8.4906],[-75.0481,8.4686],[-75.1835,8.3978],[-75.2432,8.4607],[-75.3117,8.4854],[-75.3273,8.5416],[-75.3183,8.5897],[-75.3413,8.6375],[-75.3288,8.6547],[-75.3472,8.6693],[-75.3377,8.7404],[-75.3158,8.7502],[-75.3691,8.7921],[-75.374,8.8574],[-75.3133,8.8803],[-75.3007,8.8634],[-75.2673,8.8991],[-75.2039,8.9173],[-75.2048,8.9675],[-75.1748,8.9635],[-75.2319,9.0219],[-75.2083,9.0475],[-75.2465,9.0735],[-75.2955,9.0679],[-75.2929,9.0976],[-75.3815,9.1501],[-75.4251,9.1383],[-75.4222,9.1648],[-75.4687,9.1937],[-75.4582,9.2572],[-75.4912,9.2459],[-75.5033,9.2762],[-75.5445,9.2587],[-75.6255,9.3525],[-75.6486,9.33],[-75.6819,9.3634],[-75.7118,9.3594],[-75.687,9.3909],[-75.6963,9.4118],[-75.7446,9.4203],[-75.7834,9.3931],[-75.8284,9.3936],[-75.8342,9.4081],[-75.7913,9.4116],[-75.7941,9.4287],[-75.8843,9.4235],[-75.9478,9.4434],[-75.9702,9.3821],[-76.082,9.3363],[-76.109,9.3033],[-76.107,9.2656],[-76.1708,9.2295],[-76.1872,9.1186],[-76.2499,9.0579],[-76.2652,8.9972],[-76.3202,8.9573],[-76.3371,8.9199],[-76.4136,8.8897],[-76.3845,8.7909],[-76.4164,8.7553],[-76.3657,8.7185],[-76.3414,8.6459],[-76.2834,8.6487],[-76.2497,8.5792],[-76.2228,8.5733],[-76.2346,8.5455],[-76.1902,8.4002],[-76.3019,8.3154],[-76.3451,8.1742],[-76.416,8.0706],[-76.4198,7.9103],[-76.4663,7.8565],[-76.4954,7.7504],[-76.5026,7.5604],[-76.3839,7.3923],[-75.9663,7.3572],[-75.8409,7.3632],[-75.8267,7.4345],[-75.7889,7.459],[-75.7589,7.6052],[-75.7415,7.6111],[-75.7115,7.5819],[-75.6738,7.5973],[-75.6026,7.5821],[-75.5734,7.6185],[-75.5572,7.6942],[-75.4919,7.7246],[-75.4542,7.8336],[-75.4177,7.8352],[-75.3508,7.8835],[-75.3362,7.9498],[-75.3163,7.9453],[-75.2609,7.9972],[-75.2242,8.06],[-75.0457,8.052],[-74.9678,8.0942],[-74.9312,8.0744],[-74.8799,8.1395],[-74.8755,8.1979],[-74.825,8.1992]]]},"properties":{"iso3":"COL","shapeId":"13589884B54743798138783","regionId":"COL.13_1","name":"Córdoba"}},{"type":"Feature","geometry":{"type":"Polygon","coordinates":[[[-72.8946,10.4338],[-72.8456,10.4858],[-72.8206,10.5702],[-72.7351,10.6515],[-72.7112,10.7025],[-72.7166,10.7401],[-72.68,10.764],[-72.6491,10.8794],[-72.6124,10.8827],[-72.5538,10.9402],[-72.526,11.0119],[-72.4816,11.0591],[-72.4976,11.0859],[-72.4436,11.1277],[-72.4379,11.1153],[-72.3493,11.1514],[-72.2494,11.1402],[-71.9714,11.6463],[-71.3784,11.8121],[-71.3899,11.8271],[-71.3236,11.8531],[-71.2902,11.9132],[-71.3283,11.9014],[-71.3282,11.9217],[-71.2822,11.9078],[-71.2204,11.9654],[-71.1361,12.0027],[-71.1153,12.086],[-71.2277,12.2999],[-71.3002,12.3526],[-71.4377,12.381],[-71.5247,12.4363],[-71.6686,12.4573],[-71.7187,12.436],[-71.7354,12.409],[-71.6845,12.4449],[-71.6992,12.417],[-71.6526,12.4355],[-71.6745,12.405],[-71.6266,12.4088],[-71.6953,12.3923],[-71.6851,12.372],[-71.6988,12.3606],[-71.6815,12.3699],[-71.7014,12.3588],[-71.699,12.3727],[-71.724,12.3754],[-71.7237,12.4104],[-71.762,12.3793],[-71.7384,12.372],[-71.7427,12.3462],[-71.7938,12.3285],[-71.8039,12.3053],[-71.8398,12.3395],[-71.8083,12.3701],[-71.86,12.3561],[-71.9554,12.2731],[-71.8935,12.2767],[-71.8617,12.2167],[-71.8689,12.1908],[-71.9222,12.1816],[-71.9294,12.1504],[-71.9858,12.1487],[-71.982,12.1725],[-72.001,12.1865],[-71.9613,12.2577],[-72.0835,12.2308],[-72.1393,12.2401],[-72.1789,12.2167],[-72.1485,12.1997],[-72.1387,12.1043],[-72.2409,11.8952],[-72.219,11.9076],[-72.2281,11.8868],[-72.2465,11.8756],[-72.2493,11.8903],[-72.4443,11.7798],[-72.5155,11.7764],[-72.5578,11.7436],[-72.5954,11.7451],[-72.6404,11.7131],[-72.7697,11.6784],[-72.8806,11.5662],[-73.029,11.4917],[-73.2774,11.2851],[-73.3606,11.2624],[-73.5676,11.2582],[-73.5899,11.1774],[-73.6535,11.1374],[-73.6359,11.0418],[-73.6646,10.9898],[-73.6424,10.9678],[-73.6018,10.8353],[-73.4786,10.8674],[-73.3371,10.8618],[-73.3124,10.8464],[-73.2795,10.857],[-73.2513,10.8037],[-73.2775,10.7255],[-73.2365,10.7403],[-73.2072,10.7045],[-73.161,10.7106],[-73.0766,10.6373],[-73.0999,10.5498],[-73.1373,10.5299],[-73.1806,10.4656],[-73.1431,10.4375],[-73.1446,10.3983],[-73.085,10.4264],[-72.986,10.4007],[-72.8946,10.4338]]]},"properties":{"iso3":"COL","shapeId":"13589884B66570655136682","regionId":"COL.18_1","name":"La Guajira"}},{"type":"Feature","geometry":{"type":"MultiPolygon","coordinates":[[[[-76.98,8.2548],[-77.037,8.2528],[-77.1305,8.4121],[-77.249,8.4728],[-77.2751,8.5073],[-77.2868,8.572],[-77.3654,8.6559],[-77.3583,8.6754],[-77.3708,8.6378],[-77.4089,8.6454],[-77.3936,8.5894],[-77.4449,8.555],[-77.4477,8.4722],[-77.3978,8.4621],[-77.3556,8.3944],[-77.3663,8.3539],[-77.3496,8.3472],[-77.3502,8.2978],[-77.3296,8.2667],[-77.2947,8.2664],[-77.2797,8.209],[-77.2513,8.1872],[-77.2582,8.1565],[-77.2278,8.1371],[-77.218,8.0865],[-77.2306,8.0677],[-77.219,8.0372],[-77.2352,8.0256],[-77.1394,7.9542],[-77.179,7.9591],[-77.1533,7.9294],[-77.1774,7.9333],[-77.1787,7.9175],[-77.2986,7.9122],[-77.3348,7.8936],[-77.3446,7.8461],[-77.3665,7.8305],[-77.3422,7.7657],[-77.399,7.7724],[-77.398,7.7253],[-77.4404,7.6584],[-77.4657,7.6627],[-77.4912,7.5671],[-77.5166,7.5827],[-77.5649,7.5078],[-77.6123,7.5417],[-77.6452,7.6515],[-77.6907,7.6926],[-77.7286,7.7],[-77.7486,7.6135],[-77.7015,7.5069],[-77.7544,7.4615],[-77.8182,7.4725],[-77.8935,7.223],[-77.7484,7.0879],[-77.7581,7.1071],[-77.7194,7.0736],[-77.7082,7.0845],[-77.6808,7.0414],[-77.6566,6.9651],[-77.6986,6.9393],[-77.7021,6.8422],[-77.69,6.8351],[-77.684,6.8719],[-77.6657,6.8752],[-77.5873,6.8179],[-77.5269,6.6482],[-77.5045,6.6509],[-77.4937,6.704],[-77.4063,6.6869],[-77.4003,6.6207],[-77.3253,6.55],[-77.376,6.4251],[-77.3586,6.394],[-77.4121,6.3839],[-77.3701,6.3571],[-77.3953,6.2359],[-77.409,6.2282],[-77.4731,6.2963],[-77.4827,6.1917],[-77.3508,5.995],[-77.3632,6.0592],[-77.3478,6.0388],[-77.3071,5.8733],[-77.2512,5.7891],[-77.2487,5.8105],[-77.2354,5.7631],[-77.2424,5.743],[-77.2557,5.7823],[-77.2687,5.7052],[-77.3158,5.6706],[-77.3374,5.6187],[-77.3621,5.6061],[-77.4041,5.6304],[-77.4605,5.5961],[-77.4876,5.608],[-77.5068,5.5283],[-77.5395,5.4811],[-77.4916,5.4686],[-77.4622,5.4898],[-77.4294,5.4697],[-77.4244,5.4325],[-77.4083,5.4558],[-77.3895,5.442],[-77.3849,5.389],[-77.4123,5.4041],[-77.4009,5.3487],[-77.387,5.3675],[-77.3781,5.3447],[-77.4043,5.3261],[-77.3608,5.3293],[-77.3769,5.3231],[-77.3563,5.2922],[-77.3712,5.2677],[-77.3435,5.248],[-77.364,5.2603],[-77.374,5.2357],[-77.3655,5.2582],[-77.3885,5.2887],[-77.3958,5.1692],[-77.3848,5.1587],[-77.3785,5.1937],[-77.3397,5.206],[-77.3774,5.1798],[-77.3578,5.1431],[-77.3556,5.1753],[-77.3529,5.1405],[-77.3255,5.1481],[-77.3498,5.1342],[-77.3771,5.15],[-77.3641,5.1216],[-77.3864,5.1514],[-77.3632,5.0913],[-77.3794,5.0799],[-77.3756,4.9603],[-77.3219,4.9623],[-77.3407,4.9669],[-77.368,4.9308],[-77.3359,4.8564],[-77.3499,4.8789],[-77.3621,4.863],[-77.3483,4.8018],[-77.3273,4.8083],[-77.3472,4.7832],[-77.3097,4.7813],[-77.2857,4.7406],[-77.3272,4.7359],[-77.328,4.6859],[-77.304,4.6773],[-77.3049,4.6437],[-77.3181,4.6736],[-77.3274,4.6583],[-77.3365,4.5359],[-77.3197,4.5241],[-77.3395,4.5128],[-77.3515,4.4344],[-77.3344,4.4306],[-77.4392,4.3107],[-77.4126,4.2926],[-77.4896,4.254],[-77.4829,4.2925],[-77.5147,4.279],[-77.5262,4.1279],[-77.4497,4.0649],[-77.4287,4.0919],[-77.4379,4.1425],[-77.3909,4.1479],[-77.3517,4.1972],[-77.3047,4.1664],[-77.2589,4.2341],[-77.2243,4.1579],[-77.1574,4.1821],[-77.1073,4.1025],[-77.0198,4.0975],[-76.9903,4.1187],[-76.9482,4.1179],[-76.9023,4.0923],[-76.8672,4.0328],[-76.8319,4.0365],[-76.8156,4.008],[-76.6852,3.9647],[-76.6241,4.0089],[-76.5957,3.9966],[-76.5911,3.9698],[-76.5385,4.0159],[-76.5244,4.0673],[-76.4944,4.0695],[-76.4449,4.1757],[-76.455,4.2295],[-76.5041,4.2521],[-76.5222,4.2842],[-76.5547,4.3989],[-76.4805,4.4147],[-76.3642,4.4913],[-76.3969,4.5386],[-76.3822,4.558],[-76.346,4.5596],[-76.3184,4.6079],[-76.2879,4.7123],[-76.3046,4.7588],[-76.2109,4.8302],[-76.1371,4.8419],[-76.0975,4.9217],[-76.0963,5.0345],[-76.0741,5.0597],[-76.061,5.1302],[-76.1292,5.18],[-76.2115,5.3473],[-76.1835,5.4112],[-76.087,5.4454],[-76.0748,5.5466],[-76.0142,5.5641],[-76.0026,5.6008],[-76.0115,5.6306],[-76.087,5.6886],[-76.0662,5.754],[-76.0992,5.8421],[-76.0667,5.978],[-76.1117,6.0209],[-76.1319,5.9998],[-76.1653,6.007],[-76.197,6.0802],[-76.2009,6.1606],[-76.2256,6.1947],[-76.2392,6.2097],[-76.2839,6.1933],[-76.3264,6.2026],[-76.4052,6.1856],[-76.4199,6.1657],[-76.4687,6.1766],[-76.4765,6.1616],[-76.5835,6.1935],[-76.644,6.1682],[-76.718,6.1722],[-76.724,6.2365],[-76.7574,6.2537],[-76.7493,6.2792],[-76.781,6.2882],[-76.79,6.3218],[-76.7719,6.3624],[-76.786,6.3791],[-76.7655,6.3897],[-76.7952,6.4212],[-76.7626,6.4334],[-76.7952,6.4448],[-76.7672,6.4777],[-76.7991,6.5072],[-76.8201,6.4874],[-76.8199,6.5245],[-76.8417,6.5219],[-76.8526,6.5611],[-76.8929,6.5676],[-76.8902,6.605],[-76.8586,6.6192],[-76.9099,6.6302],[-76.8999,6.6703],[-76.9281,6.6492],[-76.9398,6.6847],[-76.9639,6.6816],[-76.9333,6.7112],[-76.9665,6.7411],[-76.971,6.8121],[-76.9318,6.8137],[-76.9189,6.8438],[-76.8985,6.8338],[-76.8779,6.8518],[-76.819,6.835],[-76.8306,6.8579],[-76.7911,6.8678],[-76.8003,6.9489],[-76.8286,6.9553],[-76.8189,6.9754],[-76.8427,6.9881],[-76.8346,6.9993],[-76.6761,7.0279],[-76.6451,7.0083],[-76.5937,7.0121],[-76.5719,6.9783],[-76.5474,7.0027],[-76.5081,7.1387],[-76.4829,7.1333],[-76.5054,7.1545],[-76.5327,7.258],[-76.577,7.301],[-76.7171,7.3676],[-76.8294,7.5213],[-76.9872,7.6318],[-77.0746,7.7515],[-77.1229,7.7885],[-77.1263,7.8308],[-77.0951,7.8244],[-77.0311,7.8802],[-76.9943,8.0236],[-76.9546,8.0419],[-76.9479,8.0669],[-76.9863,8.1057],[-76.9772,8.1324],[-76.9554,8.12],[-76.9501,8.1706],[-76.98,8.2548]]],[[[-77.6942,7.0386],[-77.6914,7.0366],[-77.6862,7.037],[-77.7028,7.05],[-77.708,7.0629],[-77.7096,7.06],[-77.7111,7.06],[-77.7096,7.0626],[-77.7145,7.0628],[-77.7158,7.0659],[-77.7189,7.0669],[-77.7205,7.0703],[-77.7225,7.0695],[-77.7223,7.0716],[-77.7251,7.0714],[-77.7313,7.0772],[-77.7329,7.0766],[-77.7334,7.0784],[-77.7373,7.0795],[-77.7368,7.0812],[-77.7383,7.081],[-77.7378,7.082],[-77.743,7.0856],[-77.7438,7.0879],[-77.7443,7.0866],[-77.7448,7.0879],[-77.7466,7.0869],[-77.7199,7.0651],[-77.6942,7.0386]]]]},"properties":{"iso3":"COL","shapeId":"13589884B53668371411224","regionId":"COL.12_1","name":"Chocó"}},{"type":"Feature","geometry":{"type":"Polygon","coordinates":[[[-75.7532,4.077],[-75.8398,4.1017],[-75.8238,4.226],[-75.7872,4.2934],[-75.8011,4.3915],[-75.8956,4.4258],[-75.865,4.4543],[-75.8803,4.4647],[-75.8813,4.5313],[-75.8643,4.6153],[-75.8256,4.6634],[-75.7057,4.6547],[-75.7143,4.713],[-75.8314,4.7372],[-75.8565,4.7275],[-75.8507,4.7788],[-75.8889,4.7547],[-75.9221,4.7595],[-75.9177,4.7942],[-75.9362,4.807],[-75.9121,4.8145],[-75.9008,4.8543],[-75.9148,4.8745],[-75.9449,4.8565],[-75.9888,4.8733],[-75.9882,4.9116],[-76.0271,4.9379],[-76.0497,5.008],[-76.0919,5.0369],[-76.0905,4.9471],[-76.1371,4.8419],[-76.2109,4.8302],[-76.3046,4.7588],[-76.2879,4.7123],[-76.3184,4.6079],[-76.346,4.5596],[-76.3822,4.558],[-76.3969,4.5386],[-76.3642,4.4913],[-76.4805,4.4147],[-76.5547,4.3989],[-76.5222,4.2842],[-76.5041,4.2521],[-76.455,4.2295],[-76.4449,4.1757],[-76.4944,4.0695],[-76.5244,4.0673],[-76.5385,4.0159],[-76.5911,3.9698],[-76.5957,3.9966],[-76.6241,4.0089],[-76.6852,3.9647],[-76.8156,4.008],[-76.8319,4.0365],[-76.8672,4.0328],[-76.9023,4.0923],[-76.9482,4.1179],[-76.9903,4.1187],[-77.0198,4.0975],[-77.1073,4.1025],[-77.1574,4.1821],[-77.2243,4.1579],[-77.2589,4.2341],[-77.3047,4.1664],[-77.3517,4.1972],[-77.3909,4.1479],[-77.4379,4.1425],[-77.4237,4.0521],[-77.4367,4.011],[-77.3891,3.9896],[-77.3587,3.9267],[-77.3249,3.9731],[-77.3087,4.0398],[-77.2821,4.0623],[-77.2785,4.044],[-77.2511,4.0758],[-77.2569,4.0526],[-77.2136,4.071],[-77.1836,4.0528],[-77.2099,4.0085],[-77.2491,3.9881],[-77.2347,3.9689],[-77.2654,3.9505],[-77.2526,3.9769],[-77.2732,3.9865],[-77.2977,3.9505],[-77.3172,3.9515],[-77.3207,3.9022],[-77.275,3.8967],[-77.3042,3.8742],[-77.2813,3.8395],[-77.1811,3.8314],[-77.1831,3.8509],[-77.1123,3.8753],[-77.0936,3.8951],[-77.107,3.9079],[-77.0446,3.9055],[-77.0601,3.8521],[-77.0677,3.8636],[-77.1061,3.8484],[-77.1085,3.8158],[-77.137,3.8101],[-77.1229,3.7933],[-77.1476,3.8092],[-77.1264,3.7716],[-77.1446,3.7702],[-77.1381,3.7518],[-77.1947,3.7482],[-77.1891,3.6779],[-77.1726,3.698],[-77.1471,3.64],[-77.1876,3.6553],[-77.1949,3.6117],[-77.2334,3.5771],[-77.3024,3.5653],[-77.3698,3.4801],[-77.3645,3.4505],[-77.4135,3.3576],[-77.4465,3.343],[-77.4345,3.3602],[-77.4927,3.3063],[-77.5425,3.2395],[-77.5401,3.2177],[-77.4759,3.2091],[-77.4709,3.236],[-77.4285,3.2532],[-77.3805,3.2019],[-77.3634,3.1447],[-77.3451,3.1404],[-77.3165,3.1741],[-77.2335,3.1075],[-77.1595,3.1739],[-77.1306,3.1611],[-77.1002,3.1853],[-76.9961,3.1543],[-76.9723,3.1189],[-76.939,3.1143],[-76.9083,3.2005],[-76.8078,3.2095],[-76.7734,3.2338],[-76.7333,3.125],[-76.6665,3.0992],[-76.6295,3.1271],[-76.6074,3.0911],[-76.5741,3.1285],[-76.5462,3.1029],[-76.53,3.1262],[-76.5134,3.1208],[-76.5328,3.1363],[-76.5005,3.1438],[-76.5086,3.1591],[-76.487,3.1691],[-76.4996,3.2002],[-76.4603,3.2466],[-76.4869,3.2804],[-76.4716,3.2886],[-76.4943,3.2926],[-76.4886,3.3055],[-76.4766,3.2936],[-76.4781,3.3206],[-76.4692,3.3106],[-76.4607,3.329],[-76.3734,3.2881],[-76.2296,3.2759],[-76.1912,3.2281],[-76.0622,3.2134],[-76.0394,3.2508],[-76.0594,3.3538],[-76.0306,3.3854],[-76.0418,3.4371],[-75.9851,3.5601],[-75.9937,3.6375],[-75.9517,3.6739],[-75.9606,3.7057],[-75.867,3.8322],[-75.859,3.8802],[-75.8102,3.9244],[-75.7918,4.0079],[-75.7386,4.0536],[-75.7532,4.077]]]},"properties":{"iso3":"COL","shapeId":"13589884B83777567082486","regionId":"COL.30_1","name":"Valle del Cauca"}},{"type":"Feature","geometry":{"type":"Polygon","coordinates":[[[-73.6374,7.7495],[-73.5751,7.7261],[-73.5473,7.6888],[-73.555,7.6717],[-73.5254,7.6658],[-73.4903,7.5916],[-73.4134,7.5658],[-73.3848,7.5798],[-73.3552,7.5445],[-73.2827,7.5496],[-73.2559,7.5308],[-73.2587,7.5878],[-73.2207,7.6329],[-73.1235,7.6069],[-72.9828,7.6204],[-72.9777,7.5294],[-72.8956,7.4805],[-72.9005,7.4348],[-72.8376,7.3585],[-72.8344,7.3035],[-72.8766,7.2662],[-72.8558,7.2175],[-72.8315,7.2075],[-72.8586,7.1548],[-72.8383,7.0986],[-72.7895,7.049],[-72.7496,7.0599],[-72.7341,6.9879],[-72.7217,7.0057],[-72.677,7.0082],[-72.6659,6.9723],[-72.6516,6.9967],[-72.5627,7.0005],[-72.5442,6.8893],[-72.5079,6.8861],[-72.4835,6.9301],[-72.4622,6.9005],[-72.3917,6.8731],[-72.3213,6.9237],[-72.2758,7.0146],[-72.2498,7.0054],[-72.2462,6.9767],[-72.2005,7.007],[-72.1852,7.0528],[-72.132,7.031],[-72.0481,7.0379],[-72.1738,7.2521],[-72.1538,7.327],[-72.1965,7.3842],[-72.294,7.3911],[-72.3257,7.3759],[-72.3539,7.3968],[-72.4394,7.4033],[-72.447,7.4618],[-72.476,7.4879],[-72.4528,7.5597],[-72.4765,7.6326],[-72.4738,7.7586],[-72.4444,7.8576],[-72.4877,7.9437],[-72.4192,7.9954],[-72.4162,8.0339],[-72.3831,8.0343],[-72.3519,8.0045],[-72.3472,8.016],[-72.3509,8.08],[-72.3737,8.1058],[-72.3523,8.1575],[-72.3937,8.2524],[-72.3879,8.3459],[-72.6192,8.578],[-72.617,8.5951],[-72.6551,8.6147],[-72.7664,9.1056],[-72.7963,9.1032],[-72.8219,9.1405],[-72.8244,9.1216],[-72.8812,9.133],[-72.8873,9.1029],[-72.9477,9.0917],[-72.9869,9.1424],[-72.9559,9.1812],[-72.9708,9.2131],[-72.9962,9.2208],[-72.9858,9.2529],[-73.0106,9.2913],[-73.0515,9.2583],[-73.073,9.2634],[-73.0904,9.2256],[-73.1313,9.2283],[-73.1766,9.1772],[-73.2138,9.1836],[-73.2501,9.1582],[-73.3473,9.1734],[-73.3495,9.2134],[-73.3683,9.1614],[-73.4066,9.1611],[-73.4238,9.1243],[-73.4173,9.0317],[-73.4391,8.9746],[-73.4262,8.898],[-73.4483,8.8632],[-73.4141,8.7665],[-73.4578,8.7495],[-73.5216,8.6577],[-73.5077,8.6315],[-73.5172,8.5273],[-73.578,8.5],[-73.5497,8.4726],[-73.4754,8.4682],[-73.4724,8.4476],[-73.5268,8.383],[-73.4834,8.3808],[-73.442,8.3409],[-73.4333,8.3659],[-73.3931,8.3829],[-73.4141,8.4598],[-73.3773,8.4613],[-73.3621,8.4431],[-73.35,8.3327],[-73.375,8.3202],[-73.3697,8.2772],[-73.4042,8.2463],[-73.4355,8.147],[-73.3771,8.1056],[-73.3662,8.0127],[-73.3093,8.0157],[-73.2976,7.9844],[-73.2814,7.9932],[-73.2761,7.945],[-73.305,7.9072],[-73.3505,7.8937],[-73.3509,7.7953],[-73.4405,7.6951],[-73.4899,7.6764],[-73.5808,7.7391],[-73.6374,7.7495]]]},"properties":{"iso3":"COL","shapeId":"13589884B27060143959141","regionId":"COL.22_1","name":"Norte de Santander"}},{"type":"Feature","geometry":{"type":"Polygon","coordinates":[[[-75.3885,4.7162],[-75.4837,4.6646],[-75.5521,4.7025],[-75.6597,4.6995],[-75.7031,4.7213],[-75.7057,4.6547],[-75.8226,4.664],[-75.8488,4.6376],[-75.8811,4.5353],[-75.8803,4.4647],[-75.865,4.4543],[-75.8864,4.4474],[-75.8954,4.4168],[-75.8034,4.3955],[-75.7872,4.2934],[-75.8431,4.1525],[-75.8371,4.0985],[-75.7551,4.0756],[-75.6934,4.1357],[-75.6585,4.2247],[-75.597,4.2793],[-75.5779,4.4537],[-75.5248,4.4956],[-75.5146,4.5557],[-75.4682,4.5989],[-75.4212,4.6104],[-75.4232,4.6561],[-75.3885,4.7162]]]},"properties":{"iso3":"COL","shapeId":"13589884B61455559641217","regionId":"COL.24_1","name":"Quindío"}},{"type":"Feature","geometry":{"type":"Polygon","coordinates":[[[-71.0774,2.8821],[-71.0598,2.8529],[-71.0128,2.8563],[-70.9886,2.8281],[-70.9519,2.8395],[-70.9495,2.7868],[-70.9264,2.8107],[-70.9324,2.8581],[-70.8678,2.7752],[-70.8186,2.8127],[-70.7961,2.7911],[-70.8106,2.7593],[-70.7213,2.7935],[-70.7105,2.7368],[-70.6402,2.8015],[-70.658,2.8562],[-70.6347,2.8472],[-70.6222,2.7936],[-70.5851,2.8411],[-70.4973,2.7859],[-70.4932,2.8131],[-70.3554,2.8529],[-70.3535,2.9148],[-70.278,2.9337],[-70.3018,3.0338],[-70.254,3.0446],[-70.3211,3.0822],[-70.2814,3.0901],[-70.287,3.1212],[-70.2511,3.1469],[-70.2471,3.1766],[-70.2068,3.1721],[-70.2142,3.2076],[-70.1908,3.1721],[-70.1651,3.1805],[-70.1752,3.2354],[-70.156,3.2273],[-70.149,3.1913],[-70.129,3.1989],[-70.132,3.2453],[-70.1574,3.2741],[-70.1404,3.294],[-70.115,3.2787],[-70.11,3.2962],[-70.1723,3.3495],[-70.1308,3.3654],[-70.1256,3.4002],[-70.0783,3.3868],[-70.0307,3.4181],[-70.0047,3.3717],[-69.9466,3.3928],[-69.9558,3.4587],[-69.901,3.4235],[-69.8701,3.4383],[-69.8598,3.48],[-69.8943,3.5351],[-69.8715,3.5359],[-69.8512,3.4909],[-69.8163,3.4763],[-69.8433,3.548],[-69.8199,3.5574],[-69.7992,3.5072],[-69.783,3.5625],[-69.7147,3.5466],[-69.7394,3.5915],[-69.7051,3.5723],[-69.6969,3.5391],[-69.6599,3.586],[-69.628,3.5689],[-69.6079,3.5963],[-69.5908,3.5684],[-69.5693,3.6706],[-69.5902,3.6818],[-69.5048,3.6777],[-69.4926,3.6501],[-69.4792,3.6931],[-69.4533,3.7095],[-69.4193,3.6633],[-69.3868,3.6842],[-69.3702,3.6648],[-69.304,3.7166],[-69.2938,3.6441],[-69.2692,3.6786],[-69.2824,3.7254],[-69.2468,3.7183],[-69.2337,3.6739],[-69.2066,3.703],[-69.1995,3.6684],[-69.1695,3.673],[-69.1846,3.6324],[-69.1178,3.6763],[-69.1,3.6391],[-69.0751,3.656],[-69.0578,3.6371],[-68.9942,3.6935],[-68.9403,3.6821],[-68.9484,3.7325],[-68.9343,3.7422],[-68.9225,3.6857],[-68.8632,3.7063],[-68.8312,3.6686],[-68.8514,3.739],[-68.7968,3.72],[-68.7575,3.7813],[-68.6684,3.777],[-68.6489,3.7607],[-68.6478,3.7774],[-68.6811,3.7943],[-68.6707,3.8106],[-68.632,3.7736],[-68.5759,3.7902],[-68.5507,3.7628],[-68.5725,3.8161],[-68.5091,3.7782],[-68.5134,3.8217],[-68.4801,3.8507],[-68.442,3.8397],[-68.4436,3.8846],[-68.3958,3.8495],[-68.3933,3.8729],[-68.4372,3.9103],[-68.4166,3.926],[-68.3757,3.9116],[-68.3467,3.9234],[-68.3426,3.9925],[-68.2089,3.9611],[-68.2049,3.9954],[-68.1342,3.9981],[-68.1205,3.9851],[-68.1306,3.9443],[-68.1128,3.9419],[-68.0818,3.9807],[-68.0772,3.9367],[-68.0333,4.0106],[-68.0257,3.9774],[-67.9346,3.9615],[-67.9132,3.907],[-67.7182,4.036],[-67.7356,4.1281],[-67.7766,4.1721],[-67.7984,4.2366],[-67.804,4.3273],[-67.7616,4.3493],[-67.78,4.3842],[-67.7732,4.419],[-67.7978,4.4371],[-67.8011,4.487],[-67.8572,4.5247],[-67.8393,4.5575],[-67.8449,4.6451],[-67.8178,4.7072],[-67.8387,4.9435],[-67.8059,5.054],[-67.8543,5.1352],[-67.8244,5.1961],[-67.8239,5.251],[-67.8493,5.2739],[-67.8495,5.304],[-67.8003,5.3582],[-67.625,5.476],[-67.5989,5.5441],[-67.6201,5.566],[-67.6379,5.675],[-67.5971,5.8282],[-67.5324,5.9043],[-67.4101,5.9943],[-67.4946,6.1309],[-67.491,6.1601],[-67.4568,6.1933],[-67.467,6.2094],[-67.5475,6.2663],[-67.5866,6.2625],[-67.6253,6.2914],[-67.7615,6.2913],[-67.8103,6.3243],[-67.93,6.2362],[-68.0275,6.1961],[-68.0777,6.2271],[-68.1419,6.2287],[-68.2574,6.197],[-68.307,6.163],[-68.4486,6.1877],[-68.5101,6.1791],[-68.542,6.149],[-68.5885,6.1663],[-68.6446,6.1291],[-68.7067,6.1521],[-68.7927,6.1474],[-68.8299,6.18],[-68.8825,6.1674],[-69.0142,6.1929],[-69.0462,6.2217],[-69.1235,6.1911],[-69.2386,6.0795],[-69.3089,6.0887],[-69.3498,6.1399],[-69.5415,6.0437],[-69.7167,6.0421],[-69.7998,6.0605],[-69.8428,6.0301],[-69.8619,5.975],[-70.1299,5.6208],[-70.287,5.5609],[-70.3562,5.5919],[-70.5769,5.4284],[-70.6892,5.3821],[-70.6764,5.3247],[-70.6914,5.2889],[-70.8446,5.1585],[-70.9398,5.1301],[-71.0068,4.9703],[-71.0775,4.9246],[-71.0774,2.8821]]]},"properties":{"iso3":"COL","shapeId":"13589884B14692588923622","regionId":"COL.32_1","name":"Vichada"}},{"type":"Feature","geometry":{"type":"Polygon","coordinates":[[[-69.4329,-1.0714],[-69.4183,-1.0449],[-69.4449,-1.0234],[-69.4186,-0.9983],[-69.4588,-0.9939],[-69.4712,-0.9575],[-69.528,-0.9251],[-69.5258,-0.8679],[-69.5727,-0.8392],[-69.5594,-0.815],[-69.6249,-0.7467],[-69.5618,-0.6369],[-69.603,-0.5953],[-69.5911,-0.5612],[-69.6137,-0.5343],[-69.6078,-0.5008],[-69.7265,-0.4459],[-69.7736,-0.3913],[-69.8282,-0.3757],[-69.8446,-0.3373],[-69.9205,-0.3257],[-70.0432,-0.19],[-70.047,0.5628],[-70.0055,0.5441],[-70.0001,0.5738],[-69.9778,0.5778],[-69.9356,0.5527],[-69.9163,0.59],[-69.8874,0.5769],[-69.8227,0.5913],[-69.8027,0.5716],[-69.6711,0.6676],[-69.6053,0.6133],[-69.606,0.6341],[-69.587,0.6402],[-69.597,0.6542],[-69.5616,0.684],[-69.5352,0.6789],[-69.532,0.7021],[-69.48,0.7358],[-69.4334,0.7126],[-69.3557,0.6153],[-69.3361,0.6428],[-69.3197,0.6262],[-69.2891,0.65],[-69.2948,0.6039],[-69.1997,0.6059],[-69.2037,0.6318],[-69.1812,0.6534],[-69.1225,0.6328],[-69.1182,0.6555],[-69.19,0.7406],[-69.1488,0.7675],[-69.1661,0.8427],[-69.1423,0.848],[-69.1358,0.872],[-69.1885,0.9132],[-69.1886,0.933],[-69.1646,0.9416],[-69.2168,0.9725],[-69.1977,0.9997],[-69.2449,1.0566],[-69.2873,1.0524],[-69.3203,1.0886],[-69.3764,1.0879],[-69.4231,1.0426],[-69.4394,1.0739],[-69.562,1.0708],[-69.6099,1.0983],[-69.7039,1.0751],[-69.7096,1.1182],[-69.7737,1.1034],[-69.8063,1.0636],[-69.8427,1.0727],[-69.8427,1.7149],[-70.0511,1.774],[-70.1489,1.8669],[-70.1765,1.8691],[-70.1635,1.9307],[-70.1377,1.9349],[-70.14,1.9775],[-70.1115,2.0026],[-70.1104,2.0796],[-70.1513,2.0713],[-70.1806,2.0241],[-70.2488,2.0301],[-70.2594,2.0138],[-70.3177,2.0127],[-70.3513,1.9831],[-70.3679,2.0039],[-70.3869,1.9846],[-70.4352,1.9995],[-70.4869,1.9457],[-70.5319,1.9572],[-70.579,1.9281],[-70.6209,1.9298],[-70.6372,1.9028],[-70.662,1.914],[-70.6904,1.8974],[-70.7335,1.924],[-70.7609,1.9096],[-70.7702,1.9273],[-70.8009,1.9051],[-70.8467,1.9205],[-70.8657,1.9087],[-70.8769,1.9325],[-70.8937,1.9277],[-70.9066,1.891],[-70.9629,1.8412],[-70.9998,1.8153],[-71.0936,1.801],[-71.0943,1.7791],[-71.1251,1.7822],[-71.1797,1.7461],[-71.2538,1.6682],[-71.3151,1.7144],[-71.3613,1.7023],[-71.39,1.7352],[-71.3904,1.5991],[-71.4231,1.5834],[-71.456,1.4711],[-71.4896,1.4475],[-71.478,1.4041],[-71.5264,1.2783],[-71.5528,1.2773],[-71.5394,1.2303],[-71.5533,1.2078],[-71.5345,1.2065],[-71.4853,1.1102],[-71.5238,1.1148],[-71.5313,1.1603],[-71.5558,1.1567],[-71.5405,1.1149],[-71.5837,1.127],[-71.5857,1.046],[-71.6179,1.0365],[-71.6635,0.9727],[-71.742,0.9855],[-71.7697,0.9608],[-71.7794,0.9038],[-72.0327,0.6678],[-71.9806,0.6323],[-72.0115,0.5968],[-71.9888,0.5864],[-71.9896,0.5634],[-71.9526,0.5392],[-71.9417,0.5701],[-71.9295,0.5535],[-71.913,0.5137],[-71.9283,0.4863],[-71.901,0.4707],[-71.9186,0.4507],[-71.8904,0.4458],[-71.8868,0.4684],[-71.8554,0.4553],[-71.8474,0.4153],[-71.8244,0.4064],[-71.8529,0.3516],[-71.8242,0.3388],[-71.8019,0.3527],[-71.8151,0.3727],[-71.7662,0.3697],[-71.7871,0.3335],[-71.753,0.332],[-71.7377,0.2856],[-71.7029,0.3171],[-71.7228,0.2745],[-71.6974,0.2369],[-71.6229,0.2154],[-71.6163,0.1953],[-71.636,0.1839],[-71.6057,0.1834],[-71.5588,0.2166],[-71.5881,0.1662],[-71.5297,0.1659],[-71.5329,0.1214],[-71.4943,0.1345],[-71.4718,0.1855],[-71.4545,0.1749],[-71.4658,0.1497],[-71.4192,0.1431],[-71.4009,0.1866],[-71.374,0.174],[-71.3666,0.1466],[-71.3429,0.1381],[-71.3335,0.1538],[-71.3282,0.1137],[-71.2891,0.0948],[-71.2954,0.0706],[-71.2247,0.055],[-71.1776,0.0955],[-71.1452,0.0627],[-71.132,0.0037],[-71.1039,0.0269],[-71.0963,-0.0069],[-71.0378,-0.0051],[-71.0511,-0.0337],[-71.027,-0.0485],[-71.0127,-0.0427],[-71.0163,-0.0128],[-70.9694,-0.0084],[-70.973,-0.0261],[-70.9275,-0.0505],[-70.9272,-0.0868],[-70.8923,-0.1115],[-70.9004,-0.1326],[-70.9426,-0.1396],[-70.943,-0.1638],[-70.8836,-0.2133],[-70.8782,-0.2828],[-70.8265,-0.3644],[-70.7589,-0.3285],[-70.7806,-0.3117],[-70.7356,-0.2871],[-70.6762,-0.3514],[-70.627,-0.322],[-70.5807,-0.3915],[-70.5603,-0.3644],[-70.5311,-0.3742],[-70.5197,-0.3566],[-70.4539,-0.437],[-70.4572,-0.4948],[-70.3983,-0.4624],[-70.3789,-0.4969],[-70.3345,-0.4984],[-70.3219,-0.4698],[-70.3521,-0.4718],[-70.3656,-0.4537],[-70.3074,-0.4397],[-70.2889,-0.4123],[-70.2492,-0.4435],[-70.2116,-0.4401],[-70.2027,-0.472],[-70.245,-0.4687],[-70.3266,-0.5637],[-70.3125,-0.5883],[-70.2943,-0.5549],[-70.264,-0.5821],[-70.2488,-0.7369],[-70.2895,-0.7508],[-70.2962,-0.7933],[-70.2213,-0.8832],[-70.2616,-0.9369],[-70.2952,-0.9352],[-70.3073,-0.9658],[-70.2534,-1.0189],[-70.2186,-0.9832],[-70.1968,-0.985],[-70.2278,-1.0469],[-70.1779,-1.0738],[-70.168,-1.1129],[-70.1266,-1.1076],[-70.0784,-1.0358],[-70.0889,-1.0113],[-70.1341,-1.0164],[-70.1263,-0.9763],[-70.0829,-0.9456],[-70.0342,-0.9785],[-70.0168,-0.9356],[-70.0005,-0.9743],[-69.9395,-0.9463],[-69.9034,-0.969],[-69.9545,-0.9952],[-69.9415,-1.0311],[-69.9718,-1.0745],[-69.9576,-1.0949],[-69.8786,-1.0793],[-69.8345,-1.0277],[-69.7585,-1.0974],[-69.7337,-1.0841],[-69.7707,-1.0358],[-69.7497,-1.0269],[-69.7001,-1.0518],[-69.6489,-1.1183],[-69.652,-1.1332],[-69.681,-1.1217],[-69.6806,-1.1993],[-69.6615,-1.2272],[-69.6403,-1.2179],[-69.6358,-1.1682],[-69.5939,-1.1463],[-69.5635,-1.1938],[-69.4784,-1.2115],[-69.4648,-1.1769],[-69.4893,-1.1497],[-69.4603,-1.1365],[-69.4644,-1.0801],[-69.4329,-1.0714]]]},"properties":{"iso3":"COL","shapeId":"13589884B22408468869829","regionId":"COL.31_1","name":"Vaupés"}},{"type":"Feature","geometry":{"type":"Polygon","coordinates":[[[-74.5211,6.2756],[-74.5095,6.2188],[-74.471,6.1998],[-74.4777,6.1589],[-74.4491,6.0979],[-74.4056,6.0848],[-74.38,6.0406],[-74.3472,6.0406],[-74.2975,6.0821],[-74.2598,6.0649],[-74.2586,6.0113],[-74.2228,5.9672],[-74.2386,5.944],[-74.2317,5.9058],[-74.2799,5.8645],[-74.2627,5.8263],[-74.1972,5.855],[-74.1806,5.9114],[-74.1351,5.8769],[-74.1034,5.8754],[-74.0799,5.8201],[-74.0255,5.8069],[-73.982,5.7206],[-73.9611,5.739],[-73.8896,5.7389],[-73.8742,5.7068],[-73.8264,5.7397],[-73.8129,5.7144],[-73.7581,5.7701],[-73.7154,5.7811],[-73.6469,5.7122],[-73.5999,5.8684],[-73.6302,5.9143],[-73.6038,5.9358],[-73.5847,6.0067],[-73.5409,6.0359],[-73.4978,6.1089],[-73.4143,6.0746],[-73.3714,6.0044],[-73.4065,5.8902],[-73.4417,5.8863],[-73.4329,5.8499],[-73.4613,5.8485],[-73.4714,5.8188],[-73.4345,5.7934],[-73.431,5.7676],[-73.3892,5.7515],[-73.3467,5.8426],[-73.3693,5.8716],[-73.3295,5.8512],[-73.2789,5.855],[-73.2479,5.8157],[-73.1957,5.8337],[-73.1959,5.8715],[-73.241,5.9013],[-73.2,6.0038],[-73.1566,5.9824],[-73.1469,6.0248],[-73.1375,5.9974],[-73.0938,5.9905],[-73.0315,6.0249],[-73.0092,5.966],[-72.9162,6.1076],[-72.8725,6.1257],[-72.8689,6.1447],[-72.8312,6.1471],[-72.8045,6.2156],[-72.7446,6.229],[-72.7602,6.303],[-72.7257,6.3719],[-72.7379,6.4415],[-72.7249,6.4582],[-72.7363,6.4915],[-72.767,6.5002],[-72.8083,6.5592],[-72.764,6.5831],[-72.7192,6.5533],[-72.6482,6.4362],[-72.5397,6.4883],[-72.5435,6.5834],[-72.4858,6.659],[-72.4985,6.7969],[-72.4765,6.8422],[-72.5017,6.873],[-72.5008,6.9087],[-72.5164,6.8816],[-72.546,6.8909],[-72.5627,7.0005],[-72.6516,6.9967],[-72.6659,6.9723],[-72.677,7.0082],[-72.7217,7.0057],[-72.7341,6.9879],[-72.7496,7.0599],[-72.7895,7.049],[-72.8383,7.0986],[-72.8586,7.1548],[-72.8315,7.2075],[-72.8558,7.2175],[-72.8766,7.2662],[-72.8344,7.3035],[-72.8376,7.3585],[-72.9005,7.4348],[-72.8956,7.4805],[-72.9777,7.5294],[-72.9828,7.6204],[-73.1235,7.6069],[-73.2207,7.6329],[-73.2587,7.5878],[-73.2559,7.5308],[-73.2827,7.5496],[-73.3552,7.5445],[-73.3848,7.5798],[-73.4134,7.5658],[-73.4903,7.5916],[-73.5254,7.6658],[-73.555,7.6717],[-73.5473,7.6888],[-73.5751,7.7261],[-73.6374,7.7495],[-73.7529,7.7506],[-73.7616,7.7709],[-73.7373,7.783],[-73.7512,7.8245],[-73.6719,7.8921],[-73.6721,7.9284],[-73.7231,7.9696],[-73.7181,8.0048],[-73.775,8.1434],[-73.8425,8.0931],[-73.8675,8.0408],[-73.8645,7.98],[-73.8373,7.9478],[-73.7989,7.7736],[-73.8325,7.728],[-73.7987,7.6517],[-73.8184,7.6421],[-73.811,7.6178],[-73.8492,7.5381],[-73.9156,7.4874],[-73.8946,7.4138],[-73.9388,7.174],[-73.8883,7.0703],[-73.8838,7.0037],[-74.0048,6.9133],[-74.1702,6.7287],[-74.2295,6.7117],[-74.3302,6.6296],[-74.3613,6.6329],[-74.4003,6.5907],[-74.4048,6.4694],[-74.3679,6.4087],[-74.4283,6.3892],[-74.466,6.3131],[-74.5211,6.2756]]]},"properties":{"iso3":"COL","shapeId":"13589884B55612798068582","regionId":"COL.27_1","name":"Santander"}},{"type":"Feature","geometry":{"type":"Polygon","coordinates":[[[-75.8674,5.4882],[-75.9055,5.4804],[-75.9301,5.5087],[-75.9834,5.5194],[-76.0091,5.568],[-76.0368,5.5651],[-76.0748,5.5466],[-76.087,5.4454],[-76.1041,5.451],[-76.1213,5.4208],[-76.1835,5.4112],[-76.1958,5.3926],[-76.2115,5.3473],[-76.1292,5.18],[-76.061,5.1302],[-76.0741,5.0597],[-76.0963,5.0345],[-76.0497,5.008],[-76.0271,4.9379],[-75.9882,4.9116],[-75.9888,4.8733],[-75.9449,4.8565],[-75.9148,4.8745],[-75.9008,4.8543],[-75.9121,4.8145],[-75.9362,4.807],[-75.9177,4.7942],[-75.9221,4.7595],[-75.8889,4.7547],[-75.8507,4.7788],[-75.8565,4.7275],[-75.5521,4.7025],[-75.4837,4.6646],[-75.4422,4.6816],[-75.378,4.7296],[-75.3753,4.8039],[-75.4275,4.8177],[-75.4809,4.917],[-75.6176,4.932],[-75.6225,4.9714],[-75.6391,4.9761],[-75.6529,4.9468],[-75.6993,4.9444],[-75.7478,5.0458],[-75.781,5.011],[-75.7923,4.9376],[-75.8151,4.9191],[-75.8956,4.9626],[-75.9035,5.0243],[-75.9226,5.0413],[-75.9135,5.0844],[-75.8891,5.1292],[-75.8471,5.1055],[-75.8362,5.1155],[-75.8025,5.2016],[-75.8235,5.2703],[-75.748,5.2844],[-75.6925,5.2557],[-75.6352,5.3157],[-75.6367,5.3381],[-75.7259,5.3975],[-75.8092,5.3621],[-75.8604,5.3725],[-75.8507,5.4133],[-75.8674,5.4882]]]},"properties":{"iso3":"COL","shapeId":"13589884B85526028135750","regionId":"COL.25_1","name":"Risaralda"}},{"type":"Feature","geometry":{"type":"Polygon","coordinates":[[[-73.8413,-0.398],[-73.8828,-0.3688],[-74.0054,-0.3421],[-74.0389,-0.3067],[-74.0439,-0.273],[-74.0836,-0.2786],[-74.119,-0.2317],[-74.1639,-0.2672],[-74.1866,-0.2611],[-74.2009,-0.2093],[-74.2409,-0.2347],[-74.288,-0.2025],[-74.2649,-0.1453],[-74.3055,-0.1466],[-74.3486,-0.1071],[-74.4486,-0.1388],[-74.4225,-0.1038],[-74.4542,-0.0713],[-74.4686,-0.1207],[-74.4961,-0.1382],[-74.5163,-0.089],[-74.5348,-0.0946],[-74.5304,-0.1269],[-74.6329,-0.0878],[-74.6155,-0.0606],[-74.6449,-0.0379],[-74.6786,-0.0602],[-74.6558,-0.0112],[-74.703,0.0447],[-74.6644,0.0509],[-74.6545,0.072],[-74.7124,0.0915],[-74.6745,0.0975],[-74.6768,0.1593],[-74.7259,0.2069],[-74.8464,0.2149],[-74.9035,0.2525],[-74.9599,0.2415],[-75.0036,0.2732],[-75.0093,0.2929],[-74.9796,0.3099],[-75.0066,0.3366],[-75.0166,0.3849],[-74.9817,0.405],[-75.0195,0.4757],[-75.1044,0.4733],[-75.1053,0.5136],[-75.151,0.4829],[-75.2196,0.4833],[-75.1978,0.5061],[-75.2337,0.5612],[-75.2096,0.5923],[-75.2166,0.6274],[-75.2742,0.6655],[-75.2608,0.7192],[-75.3232,0.7446],[-75.3376,0.7722],[-75.408,0.7363],[-75.4703,0.7588],[-75.4833,0.7816],[-75.5124,0.7702],[-75.5373,0.7875],[-75.5401,0.8307],[-75.6079,0.8377],[-75.6142,0.8644],[-75.643,0.8785],[-75.6785,0.8582],[-75.734,0.8603],[-75.7607,0.8371],[-75.7981,0.8941],[-75.8334,0.8769],[-75.8602,0.8868],[-75.8629,0.9199],[-75.8946,0.9356],[-75.9057,0.9707],[-75.9482,0.9767],[-75.9204,1.029],[-75.9943,1.0714],[-75.9946,1.0267],[-76.0059,1.0564],[-76.0883,1.0578],[-76.0799,1.0211],[-76.1252,1.0066],[-76.1735,1.0296],[-76.2044,1.0172],[-76.1894,0.9958],[-76.2359,0.9819],[-76.2357,0.9646],[-76.2771,0.9825],[-76.3299,0.9586],[-76.3351,0.9807],[-76.4453,0.9692],[-76.4927,1.028],[-76.5462,1.0381],[-76.5672,1.087],[-76.5381,1.2099],[-76.5835,1.2814],[-76.5744,1.3877],[-76.6673,1.4673],[-76.8871,1.372],[-76.9206,1.3456],[-76.9029,1.3183],[-76.9228,1.2747],[-76.9749,1.3216],[-76.9828,1.3014],[-77.049,1.2717],[-77.0807,1.2236],[-77.1222,1.2154],[-77.0857,1.1807],[-77.0905,1.0712],[-77.0591,1.0346],[-77.0392,1.0465],[-77.0266,1.0124],[-77.0781,0.9632],[-77.0902,0.9151],[-77.1185,0.9006],[-77.1017,0.834],[-77.14,0.8199],[-77.1868,0.631],[-77.1174,0.593],[-77.1297,0.5262],[-77.0882,0.3965],[-77.1133,0.3723],[-77.0761,0.2843],[-77.0274,0.2774],[-77.0067,0.2943],[-76.9857,0.266],[-76.9333,0.2768],[-76.9076,0.246],[-76.8456,0.239],[-76.7975,0.2644],[-76.7561,0.2482],[-76.7674,0.2635],[-76.7329,0.2886],[-76.7125,0.269],[-76.6557,0.2707],[-76.6532,0.2511],[-76.6256,0.2619],[-76.5863,0.2187],[-76.5328,0.2587],[-76.504,0.2364],[-76.4468,0.2394],[-76.4346,0.2577],[-76.4216,0.2351],[-76.4114,0.3796],[-76.3701,0.3943],[-76.344,0.3812],[-76.3142,0.4339],[-76.2969,0.4212],[-76.2783,0.4371],[-76.2574,0.4009],[-76.2313,0.4017],[-76.2264,0.3768],[-76.1814,0.3717],[-76.1585,0.3883],[-76.1329,0.3712],[-76.1134,0.3159],[-76.0679,0.336],[-76.0037,0.2965],[-75.9824,0.2563],[-76.0054,0.2479],[-75.9592,0.2383],[-75.9546,0.2031],[-75.8978,0.1622],[-75.9055,0.1395],[-75.882,0.1388],[-75.8783,0.1184],[-75.8546,0.1325],[-75.8066,0.0508],[-75.6521,0.0313],[-75.6334,0.0471],[-75.6095,0.0167],[-75.5819,0.0143],[-75.5745,-0.0266],[-75.5301,-0.0189],[-75.4285,-0.0865],[-75.3551,-0.0918],[-75.2734,-0.1251],[-75.2113,-0.0492],[-75.1621,-0.0447],[-75.0775,-0.0818],[-75.0119,-0.1487],[-74.9727,-0.155],[-74.9279,-0.2257],[-74.912,-0.2024],[-74.8833,-0.2433],[-74.7935,-0.1888],[-74.7286,-0.2969],[-74.7284,-0.3428],[-74.6791,-0.3311],[-74.6604,-0.3745],[-74.6081,-0.352],[-74.6163,-0.3776],[-74.5537,-0.4077],[-74.5371,-0.4586],[-74.4979,-0.4619],[-74.497,-0.4877],[-74.4737,-0.4727],[-74.4224,-0.4993],[-74.4204,-0.5599],[-74.3978,-0.54],[-74.3876,-0.5593],[-73.8413,-0.398]]]},"properties":{"iso3":"COL","shapeId":"13589884B42325644495938","regionId":"COL.23_1","name":"Putumayo"}},{"type":"Feature","geometry":{"type":"MultiPolygon","coordinates":[[[[-78.7541,1.8191],[-78.7483,1.8042],[-78.7222,1.8242],[-78.7541,1.8191]]],[[[-78.82,1.4645],[-78.8159,1.4655],[-78.8175,1.4674],[-78.8207,1.4662],[-78.8334,1.4579],[-78.8345,1.456],[-78.833,1.4504],[-78.8235,1.4512],[-78.8173,1.4548],[-78.8224,1.4605],[-78.8223,1.4628],[-78.82,1.4645]]],[[[-76.9206,1.3456],[-76.9302,1.5005],[-76.858,1.5227],[-76.835,1.6154],[-76.9017,1.6626],[-76.936,1.7292],[-77.023,1.7143],[-77.073,1.6686],[-77.1368,1.6548],[-77.1509,1.686],[-77.2384,1.6568],[-77.3311,1.6822],[-77.2943,1.7655],[-77.3089,1.8038],[-77.2882,1.8492],[-77.2556,1.8688],[-77.2453,1.9114],[-77.2167,1.9194],[-77.2035,1.9506],[-77.2213,1.9884],[-77.2604,1.9955],[-77.3353,2.0544],[-77.3081,2.1069],[-77.3229,2.2223],[-77.3588,2.2624],[-77.3857,2.2559],[-77.4594,2.2862],[-77.479,2.2737],[-77.4879,2.1953],[-77.5562,2.2025],[-77.6036,2.1647],[-77.6456,2.1685],[-77.7394,2.1336],[-77.8386,2.1782],[-77.8479,2.2606],[-77.9188,2.4167],[-77.9173,2.607],[-77.9279,2.6401],[-77.933,2.6196],[-77.975,2.6422],[-77.971,2.6616],[-78.0387,2.6437],[-78.0567,2.6183],[-78.0256,2.5789],[-78.0503,2.5559],[-78.0701,2.5694],[-78.0571,2.5953],[-78.0806,2.6362],[-78.1031,2.647],[-78.1219,2.6235],[-78.1509,2.6835],[-78.2096,2.6656],[-78.1895,2.6438],[-78.1861,2.5832],[-78.2374,2.6299],[-78.245,2.6653],[-78.3033,2.6595],[-78.286,2.6046],[-78.311,2.5882],[-78.3428,2.6279],[-78.3325,2.6551],[-78.3957,2.6041],[-78.4487,2.5945],[-78.5037,2.5273],[-78.511,2.4903],[-78.545,2.4918],[-78.5575,2.4418],[-78.5707,2.448],[-78.6181,2.3795],[-78.6153,2.3486],[-78.6657,2.2753],[-78.6543,2.2527],[-78.6804,2.2462],[-78.7112,2.1732],[-78.7031,2.1146],[-78.6687,2.1231],[-78.6597,2.0978],[-78.6879,2.1068],[-78.6791,2.0593],[-78.6466,2.0486],[-78.6721,2.046],[-78.6718,1.9758],[-78.6469,1.9797],[-78.6368,2.0122],[-78.6013,1.9938],[-78.5851,1.963],[-78.6029,1.9469],[-78.5969,1.8936],[-78.5527,1.9006],[-78.5341,1.8583],[-78.5489,1.8195],[-78.5307,1.7989],[-78.5609,1.7939],[-78.5539,1.7572],[-78.5818,1.7406],[-78.5687,1.7513],[-78.5892,1.7714],[-78.6025,1.7453],[-78.612,1.7878],[-78.5997,1.7924],[-78.6507,1.7932],[-78.6543,1.776],[-78.6877,1.7819],[-78.6865,1.7493],[-78.6922,1.7844],[-78.7002,1.7702],[-78.7167,1.7937],[-78.727,1.737],[-78.749,1.7428],[-78.7258,1.7627],[-78.7613,1.8247],[-78.7863,1.8013],[-78.8016,1.8207],[-78.8096,1.8075],[-78.8412,1.8111],[-78.8318,1.8187],[-78.9277,1.7376],[-78.9554,1.6829],[-79.0078,1.6522],[-78.9891,1.6469],[-79.0053,1.6351],[-78.9919,1.6042],[-78.9228,1.5708],[-78.9038,1.5422],[-78.8711,1.5554],[-78.8722,1.5041],[-78.8514,1.4775],[-78.7994,1.4855],[-78.8215,1.4615],[-78.784,1.4472],[-78.7924,1.4094],[-78.7837,1.4222],[-78.7628,1.4111],[-78.7805,1.4139],[-78.778,1.3924],[-78.7566,1.394],[-78.6621,1.3186],[-78.6192,1.2485],[-78.5514,1.2491],[-78.547,1.2267],[-78.5144,1.2128],[-78.5158,1.1874],[-78.4952,1.1979],[-78.4552,1.1761],[-78.438,1.1941],[-78.4256,1.1387],[-78.4176,1.16],[-78.3948,1.1527],[-78.3106,1.1911],[-78.2822,1.1114],[-78.2511,1.0995],[-78.2818,1.0559],[-78.2064,1.0022],[-78.1849,0.9372],[-78.1118,0.9322],[-78.0879,0.8969],[-77.9362,0.8164],[-77.8427,0.8022],[-77.8035,0.8311],[-77.7135,0.8508],[-77.6647,0.8177],[-77.6769,0.7923],[-77.6612,0.7899],[-77.6979,0.7416],[-77.6754,0.7372],[-77.6662,0.7053],[-77.5598,0.6503],[-77.4795,0.6556],[-77.4808,0.605],[-77.5212,0.5307],[-77.5265,0.4012],[-77.4308,0.4387],[-77.3891,0.3876],[-77.3708,0.4008],[-77.2876,0.3632],[-77.2152,0.3626],[-77.1787,0.3904],[-77.1133,0.3723],[-77.0882,0.3965],[-77.1297,0.5262],[-77.1174,0.593],[-77.1868,0.631],[-77.14,0.8199],[-77.1017,0.834],[-77.1185,0.9006],[-77.0902,0.9151],[-77.0781,0.9632],[-77.0266,1.0124],[-77.0392,1.0465],[-77.0591,1.0346],[-77.0905,1.0712],[-77.0857,1.1807],[-77.1222,1.2154],[-77.0807,1.2236],[-77.049,1.2717],[-76.9828,1.3014],[-76.9749,1.3216],[-76.9228,1.2747],[-76.9029,1.3183],[-76.9206,1.3456]]],[[[-78.6311,2.3284],[-78.6248,2.3392],[-78.625,2.3462],[-78.6226,2.3535],[-78.62,2.3559],[-78.6207,2.3582],[-78.6229,2.3575],[-78.6269,2.3478],[-78.6319,2.3308],[-78.6311,2.3284]]],[[[-78.0474,2.5878],[-78.067,2.5781],[-78.0487,2.5627],[-78.0337,2.5722],[-78.0474,2.5878]]]]},"properties":{"iso3":"COL","shapeId":"13589884B81785725414319","regionId":"COL.21_1","name":"Nariño"}},{"type":"Feature","geometry":{"type":"Polygon","coordinates":[[[-73.6588,1.6145],[-73.6577,1.5764],[-73.555,1.4539],[-73.5403,1.4025],[-73.4831,1.3729],[-73.4551,1.3089],[-73.4247,1.2895],[-73.4178,1.1917],[-73.3927,1.1492],[-73.2794,1.0497],[-73.2455,1.0396],[-73.2396,1.0122],[-73.176,0.9971],[-73.188,0.9678],[-73.1372,0.9164],[-73.1104,0.9225],[-73.0794,0.8947],[-73.026,0.9206],[-73.009,0.9121],[-72.9882,0.959],[-72.9369,0.9859],[-72.9324,1.0146],[-72.8693,1.0266],[-72.8789,1.0475],[-72.8595,1.044],[-72.8609,1.0688],[-72.8848,1.0747],[-72.8705,1.0843],[-72.8834,1.0982],[-72.8511,1.1049],[-72.8719,1.1384],[-72.8514,1.144],[-72.8541,1.1621],[-72.8272,1.1517],[-72.8192,1.1794],[-72.7719,1.1829],[-72.7787,1.1488],[-72.7508,1.1292],[-72.7232,1.1504],[-72.7263,1.1865],[-72.6606,1.1516],[-72.6488,1.1823],[-72.6248,1.1385],[-72.5111,1.0676],[-72.4562,1.0796],[-72.3996,1.004],[-72.4002,0.9664],[-72.3762,0.96],[-72.3921,0.9193],[-72.3385,0.9252],[-72.3276,0.8391],[-72.322,0.8757],[-72.2889,0.8745],[-72.3009,0.8418],[-72.2856,0.8192],[-72.3094,0.8092],[-72.2699,0.7637],[-72.2711,0.7945],[-72.2483,0.788],[-72.2201,0.7054],[-72.2024,0.7012],[-72.1897,0.7264],[-72.1636,0.7139],[-72.1646,0.7347],[-72.1412,0.7177],[-72.1269,0.7386],[-72.109,0.703],[-72.0699,0.6921],[-72.0859,0.6566],[-72.0515,0.6543],[-71.7794,0.9038],[-71.7697,0.9608],[-71.742,0.9855],[-71.6635,0.9727],[-71.6179,1.0365],[-71.5857,1.046],[-71.5837,1.127],[-71.5405,1.1149],[-71.5558,1.1567],[-71.5313,1.1603],[-71.5238,1.1148],[-71.4853,1.1102],[-71.5345,1.2065],[-71.5533,1.2078],[-71.5394,1.2303],[-71.5528,1.2773],[-71.5264,1.2783],[-71.478,1.4041],[-71.4896,1.4475],[-71.456,1.4711],[-71.4231,1.5834],[-71.3904,1.5991],[-71.39,1.7352],[-71.3613,1.7023],[-71.3151,1.7144],[-71.2538,1.6682],[-71.1797,1.7461],[-71.1251,1.7822],[-71.0943,1.7791],[-71.0936,1.801],[-70.9998,1.8153],[-70.9629,1.8412],[-70.8788,1.933],[-70.8657,1.9087],[-70.8467,1.9205],[-70.8009,1.9051],[-70.7702,1.9273],[-70.7609,1.9096],[-70.7335,1.924],[-70.6904,1.8974],[-70.662,1.914],[-70.6372,1.9028],[-70.6209,1.9298],[-70.579,1.9281],[-70.5319,1.9572],[-70.4869,1.9457],[-70.4352,1.9995],[-70.3869,1.9846],[-70.3679,2.0039],[-70.3513,1.9831],[-70.3177,2.0127],[-70.2594,2.0138],[-70.2488,2.0301],[-70.1806,2.0241],[-70.1513,2.0713],[-70.1087,2.0813],[-70.1187,2.1113],[-70.0996,2.1305],[-70.0548,2.1624],[-70.033,2.1585],[-70.0359,2.1823],[-70.0066,2.1815],[-69.9945,2.2207],[-70.0643,2.296],[-70.0852,2.2632],[-70.1467,2.2777],[-70.1417,2.2512],[-70.1597,2.2651],[-70.1568,2.2399],[-70.1745,2.2374],[-70.1914,2.2526],[-70.1944,2.2298],[-70.2473,2.2433],[-70.2435,2.2653],[-70.2736,2.2374],[-70.3055,2.2529],[-70.2928,2.2285],[-70.3122,2.2083],[-70.342,2.2479],[-70.3659,2.2355],[-70.399,2.2678],[-70.4968,2.2337],[-70.5143,2.2451],[-70.5112,2.2595],[-70.4886,2.2529],[-70.511,2.2828],[-70.5307,2.2684],[-70.6299,2.3136],[-70.6787,2.4419],[-70.7323,2.485],[-70.7537,2.5374],[-70.7914,2.5207],[-70.8303,2.5332],[-70.8532,2.57],[-70.9241,2.5668],[-70.9425,2.6067],[-70.5068,2.7865],[-70.5851,2.8411],[-70.6178,2.7924],[-70.6347,2.8472],[-70.658,2.8562],[-70.6402,2.8015],[-70.7105,2.7368],[-70.7213,2.7935],[-70.8106,2.7593],[-70.7961,2.7911],[-70.8186,2.8127],[-70.8678,2.7752],[-70.9324,2.8581],[-70.9264,2.8107],[-70.9495,2.7868],[-70.9585,2.8421],[-70.9886,2.8281],[-71.0128,2.8563],[-71.0598,2.8529],[-71.081,2.8835],[-71.1111,2.8732],[-71.1362,2.9022],[-71.1468,2.8736],[-71.1849,2.9042],[-71.2242,2.8653],[-71.2449,2.8613],[-71.2605,2.8843],[-71.2878,2.8682],[-71.3186,2.9248],[-71.3452,2.86],[-71.3768,2.8905],[-71.3875,2.8473],[-71.4642,2.8986],[-71.4703,2.8527],[-71.5029,2.8754],[-71.5821,2.873],[-71.5749,2.8452],[-71.6208,2.841],[-71.6468,2.8184],[-71.6731,2.8242],[-71.6595,2.8698],[-71.6813,2.87],[-71.701,2.839],[-71.7633,2.8966],[-71.7597,2.8542],[-71.7805,2.8172],[-71.7876,2.8671],[-71.8236,2.8784],[-71.8512,2.8704],[-71.8215,2.8676],[-71.8289,2.8366],[-71.9441,2.8324],[-71.9827,2.8009],[-72.0042,2.8285],[-72.0792,2.8222],[-72.1351,2.8885],[-72.1492,2.863],[-72.184,2.8753],[-72.2039,2.8632],[-72.1916,2.7725],[-72.2148,2.774],[-72.2582,2.8241],[-72.2759,2.7769],[-72.3202,2.7992],[-72.4059,2.7255],[-72.4665,2.7339],[-72.4703,2.689],[-72.535,2.7026],[-72.5354,2.683],[-72.5703,2.6751],[-72.5566,2.6489],[-72.5839,2.6456],[-72.5885,2.5828],[-72.6153,2.6258],[-72.6413,2.6116],[-72.651,2.5717],[-72.6827,2.6227],[-72.7454,2.5689],[-72.8212,2.6118],[-72.9132,2.5676],[-72.9224,2.5309],[-72.9548,2.5171],[-72.9546,2.4953],[-72.9316,2.4944],[-72.9337,2.4646],[-72.9632,2.4798],[-72.9646,2.4491],[-72.9849,2.4526],[-73.0333,2.4118],[-73.0413,2.4378],[-73.0654,2.4285],[-73.1093,2.381],[-73.1242,2.4121],[-73.1407,2.3976],[-73.124,2.3788],[-73.1621,2.3652],[-73.1677,2.4001],[-73.2,2.3833],[-73.2174,2.3864],[-73.2167,2.4056],[-73.268,2.38],[-73.24,2.3698],[-73.2432,2.3471],[-73.2689,2.3589],[-73.301,2.3364],[-73.3316,2.3605],[-73.3323,2.3341],[-73.3577,2.3248],[-73.3448,2.3568],[-73.3616,2.3684],[-73.3817,2.3243],[-73.3966,2.3327],[-73.3888,2.3506],[-73.4144,2.3564],[-73.4375,2.327],[-73.4418,2.3876],[-73.4554,2.3831],[-73.4469,2.3423],[-73.4685,2.3618],[-73.5003,2.359],[-73.5111,2.3333],[-73.5277,2.3876],[-73.5717,2.3551],[-73.5851,2.39],[-73.6162,2.378],[-73.6331,2.3617],[-73.6139,2.3419],[-73.635,2.3242],[-73.6286,2.2964],[-73.6562,2.295],[-73.6588,1.6145]]]},"properties":{"iso3":"COL","shapeId":"13589884B51885004571697","regionId":"COL.16_1","name":"Guaviare"}},{"type":"Feature","geometry":{"type":"Polygon","coordinates":[[[-70.5068,2.7865],[-70.9413,2.6023],[-70.9241,2.5668],[-70.8532,2.57],[-70.8071,2.524],[-70.7493,2.5339],[-70.7323,2.485],[-70.6787,2.4419],[-70.6299,2.3136],[-70.5307,2.2684],[-70.511,2.2828],[-70.4886,2.2529],[-70.5112,2.2595],[-70.5143,2.2451],[-70.4968,2.2337],[-70.399,2.2678],[-70.3659,2.2355],[-70.342,2.2479],[-70.3122,2.2083],[-70.2928,2.2285],[-70.3055,2.2529],[-70.2736,2.2374],[-70.2435,2.2653],[-70.2473,2.2433],[-70.1944,2.2298],[-70.1914,2.2526],[-70.1745,2.2374],[-70.1568,2.2399],[-70.1597,2.2651],[-70.1417,2.2512],[-70.1467,2.2777],[-70.0852,2.2632],[-70.0699,2.2939],[-70.0465,2.294],[-70.0539,2.279],[-70.0267,2.2729],[-70.025,2.2366],[-69.9952,2.2244],[-69.9947,2.2063],[-70.0066,2.1815],[-70.0359,2.1823],[-70.033,2.1585],[-70.0548,2.1624],[-70.1187,2.1113],[-70.1039,2.0945],[-70.1223,2.04],[-70.1115,2.0026],[-70.1807,1.8848],[-70.0425,1.7702],[-69.9746,1.742],[-69.9201,1.7486],[-69.8601,1.7085],[-69.839,1.7189],[-69.7824,1.6924],[-69.745,1.7295],[-69.6286,1.723],[-69.5346,1.7769],[-69.4761,1.7435],[-69.4665,1.7572],[-69.3911,1.7294],[-68.1645,1.7294],[-68.1933,1.7375],[-68.1778,1.7661],[-68.1921,1.7797],[-68.2395,1.7704],[-68.2269,1.8292],[-68.2855,1.8308],[-68.2123,1.9568],[-68.1958,2.0348],[-68.1803,1.9767],[-68.1442,1.9785],[-68.0904,1.8977],[-68.0335,1.8912],[-67.9908,1.8505],[-67.9459,1.8443],[-67.9016,1.8117],[-67.8903,1.8621],[-67.8366,1.9023],[-67.835,1.9471],[-67.8139,1.9726],[-67.732,2.0285],[-67.6216,2.0276],[-67.5509,2.0477],[-67.4952,2.1631],[-67.4492,2.1696],[-67.4369,2.2213],[-67.3974,2.2297],[-67.3677,2.2085],[-67.37,2.1744],[-67.3496,2.1569],[-67.359,2.1],[-67.3267,2.0639],[-67.353,2.0053],[-67.3308,1.9416],[-67.2283,1.8413],[-67.1538,1.8315],[-67.1592,1.675],[-67.1273,1.6399],[-67.1404,1.6035],[-67.1181,1.5817],[-67.1279,1.543],[-67.0826,1.4544],[-67.0802,1.3855],[-67.134,1.3441],[-67.1392,1.32],[-67.0996,1.2583],[-67.0868,1.167],[-66.8512,1.229],[-66.8812,1.2866],[-66.8554,1.3214],[-66.8549,1.3698],[-66.911,1.4236],[-66.9191,1.531],[-66.9639,1.5912],[-66.9597,1.632],[-67.0331,1.7864],[-67.0653,1.9206],[-67.123,1.9769],[-67.0972,2.0513],[-67.108,2.1193],[-67.1217,2.137],[-67.1616,2.1328],[-67.222,2.2542],[-67.1879,2.3503],[-67.2218,2.3986],[-67.2971,2.4419],[-67.3425,2.5225],[-67.4676,2.6194],[-67.4901,2.6631],[-67.5232,2.6734],[-67.5633,2.6569],[-67.5632,2.7231],[-67.6123,2.8102],[-67.6558,2.7958],[-67.7356,2.8169],[-67.7504,2.8375],[-67.8154,2.8313],[-67.8371,2.7943],[-67.8641,2.7894],[-67.8643,2.8662],[-67.4349,3.2485],[-67.3827,3.2455],[-67.3816,3.2926],[-67.3108,3.3779],[-67.3392,3.451],[-67.4015,3.48],[-67.412,3.5389],[-67.4441,3.5852],[-67.448,3.6765],[-67.4792,3.7048],[-67.5013,3.7674],[-67.6068,3.7521],[-67.6344,3.7856],[-67.7096,4.0474],[-67.9132,3.907],[-67.9346,3.9615],[-68.0257,3.9774],[-68.0333,4.0106],[-68.0772,3.9367],[-68.0818,3.9807],[-68.1128,3.9419],[-68.1306,3.9443],[-68.1205,3.9851],[-68.1342,3.9981],[-68.2049,3.9954],[-68.2089,3.9611],[-68.3426,3.9925],[-68.3467,3.9234],[-68.3757,3.9116],[-68.4166,3.926],[-68.4372,3.9103],[-68.3933,3.8729],[-68.3958,3.8495],[-68.4436,3.8846],[-68.442,3.8397],[-68.4801,3.8507],[-68.5134,3.8217],[-68.5091,3.7782],[-68.5725,3.8161],[-68.5507,3.7628],[-68.5759,3.7902],[-68.632,3.7736],[-68.6707,3.8106],[-68.6811,3.7943],[-68.6478,3.7774],[-68.6489,3.7607],[-68.6684,3.777],[-68.7575,3.7813],[-68.7968,3.72],[-68.8514,3.739],[-68.8312,3.6686],[-68.8632,3.7063],[-68.9225,3.6857],[-68.9343,3.7422],[-68.9484,3.7325],[-68.9403,3.6821],[-68.9942,3.6935],[-69.0578,3.6371],[-69.0751,3.656],[-69.1,3.6391],[-69.1178,3.6763],[-69.1846,3.6324],[-69.1695,3.673],[-69.1995,3.6684],[-69.2066,3.703],[-69.2337,3.6739],[-69.2468,3.7183],[-69.2824,3.7254],[-69.2692,3.6786],[-69.2938,3.6441],[-69.304,3.7166],[-69.3702,3.6648],[-69.3868,3.6842],[-69.4193,3.6633],[-69.4533,3.7095],[-69.4792,3.6931],[-69.4926,3.6501],[-69.5048,3.6777],[-69.5902,3.6818],[-69.5693,3.6706],[-69.5908,3.5684],[-69.6079,3.5963],[-69.628,3.5689],[-69.6599,3.586],[-69.6969,3.5391],[-69.7051,3.5723],[-69.7394,3.5915],[-69.7147,3.5466],[-69.783,3.5625],[-69.7992,3.5072],[-69.8199,3.5574],[-69.8433,3.548],[-69.8163,3.4763],[-69.8512,3.4909],[-69.8715,3.5359],[-69.8943,3.5351],[-69.8598,3.48],[-69.8701,3.4383],[-69.901,3.4235],[-69.9558,3.4587],[-69.9466,3.3928],[-70.0047,3.3717],[-70.0307,3.4181],[-70.0783,3.3868],[-70.1256,3.4002],[-70.1308,3.3654],[-70.1723,3.3495],[-70.11,3.2962],[-70.115,3.2787],[-70.1404,3.294],[-70.1574,3.2741],[-70.132,3.2453],[-70.129,3.1989],[-70.149,3.1913],[-70.156,3.2273],[-70.1752,3.2354],[-70.1651,3.1805],[-70.1908,3.1721],[-70.2142,3.2076],[-70.2068,3.1721],[-70.2471,3.1766],[-70.2511,3.1469],[-70.287,3.1212],[-70.2814,3.0901],[-70.3211,3.0822],[-70.254,3.0446],[-70.3018,3.0338],[-70.278,2.9337],[-70.3535,2.9148],[-70.3554,2.8529],[-70.4932,2.8131],[-70.5068,2.7865]]]},"properties":{"iso3":"COL","shapeId":"13589884B67034552102836","regionId":"COL.15_1","name":"Guainía"}},{"type":"Feature","geometry":{"type":"Polygon","coordinates":[[[-74.1438,4.0032],[-74.1284,4.1246],[-74.1065,4.138],[-74.1093,4.1824],[-74.1513,4.2543],[-74.0981,4.3506],[-74.1124,4.4326],[-74.0758,4.4653],[-74.073,4.5108],[-74.0448,4.5123],[-74.0296,4.5578],[-74.0061,4.562],[-73.9974,4.6021],[-74.0151,4.6358],[-74.033,4.636],[-74.0032,4.6746],[-74.0181,4.7668],[-73.9997,4.8059],[-74.0754,4.837],[-74.0873,4.796],[-74.1138,4.7883],[-74.1262,4.7293],[-74.1769,4.703],[-74.1585,4.6627],[-74.2215,4.6437],[-74.2217,4.6187],[-74.1835,4.5962],[-74.1795,4.5234],[-74.16,4.5078],[-74.2179,4.3783],[-74.2037,4.2415],[-74.2436,4.1982],[-74.2566,4.089],[-74.3287,4.1297],[-74.3741,3.9861],[-74.3563,3.9703],[-74.3601,3.9136],[-74.3983,3.8197],[-74.4504,3.7525],[-74.4415,3.7284],[-74.4,3.7395],[-74.3925,3.7723],[-74.3366,3.8233],[-74.2967,3.8192],[-74.319,3.8788],[-74.2571,3.9304],[-74.218,4.0082],[-74.1644,4.0178],[-74.1438,4.0032]]]},"properties":{"iso3":"COL","shapeId":"13589884B40908771570386","regionId":null,"name":"Bogota Capital District"}},{"type":"Feature","geometry":{"type":"Polygon","coordinates":[[[-69.4305,6.1078],[-70.1179,6.9797],[-70.2243,6.9747],[-70.2658,6.9412],[-70.3224,6.9346],[-70.3721,6.9809],[-70.4167,6.9809],[-70.4311,7.0073],[-70.5023,7.0057],[-70.5563,7.0793],[-70.6419,7.0688],[-70.6872,7.1044],[-70.7609,7.0977],[-70.7771,7.0768],[-70.8538,7.0779],[-70.8491,7.057],[-70.8863,7.0644],[-70.9065,7.0419],[-70.9182,7.053],[-70.9216,7.0237],[-70.9698,7.0164],[-71.0222,6.9743],[-71.1117,6.9899],[-71.1036,7.0086],[-71.1298,7.0329],[-71.2279,7.0274],[-71.2409,7.0118],[-71.2643,7.0327],[-71.3698,7.0154],[-71.4246,7.039],[-71.4651,7.0119],[-71.5271,7.035],[-71.5883,7.0155],[-71.5877,7.0552],[-71.705,7.0325],[-71.7462,7.0657],[-71.8111,7.0637],[-71.835,7.0257],[-71.946,7.0108],[-72.0505,6.7706],[-72.0979,6.746],[-72.0894,6.6453],[-72.127,6.5106],[-72.1717,6.4998],[-72.1813,6.4592],[-72.2073,6.4652],[-72.2222,6.4359],[-72.2611,6.4315],[-72.3177,6.3347],[-72.3529,6.3436],[-72.3682,6.2918],[-72.3439,6.2249],[-72.2817,6.1925],[-72.2747,6.1333],[-72.1368,6.0665],[-71.9547,6.1719],[-71.902,6.1566],[-71.8205,6.1912],[-71.6718,6.1881],[-71.6365,6.2279],[-71.5712,6.1892],[-71.5733,6.2102],[-71.5507,6.1957],[-71.533,6.2252],[-71.5089,6.196],[-71.4953,6.2171],[-71.4854,6.2022],[-71.4569,6.2241],[-71.4386,6.2163],[-71.4486,6.2465],[-71.419,6.2248],[-71.4156,6.2435],[-71.3829,6.2428],[-71.3782,6.2254],[-71.2938,6.2738],[-71.2715,6.2607],[-71.2685,6.2834],[-71.2325,6.2641],[-71.2215,6.2987],[-71.1567,6.2628],[-71.0925,6.2791],[-71.0598,6.2546],[-71.0341,6.2664],[-70.9845,6.2292],[-70.8973,6.236],[-70.8673,6.2208],[-70.8611,6.2393],[-70.801,6.2546],[-70.7249,6.2162],[-70.5789,6.2492],[-70.5294,6.2292],[-70.4311,6.291],[-70.3806,6.3011],[-70.271,6.2733],[-70.195,6.2949],[-70.1746,6.279],[-70.1598,6.2979],[-70.1157,6.2348],[-70.0599,6.2092],[-70.057,6.1838],[-70.0354,6.1865],[-70.058,6.1604],[-69.9989,6.1466],[-69.9876,6.1674],[-69.9863,6.1387],[-69.949,6.1436],[-69.9061,6.1],[-69.8916,6.0521],[-69.8613,6.0392],[-69.7941,6.0606],[-69.7167,6.0421],[-69.5415,6.0437],[-69.4305,6.1078]]]},"properties":{"iso3":"COL","shapeId":"13589884B25788978851461","regionId":"COL.3_1","name":"Arauca"}},{"type":"Feature","geometry":{"type":"Polygon","coordinates":[[[-74.6593,5.7514],[-74.6479,5.7363],[-74.6298,5.7614],[-74.5952,5.7457],[-74.5108,5.7944],[-74.4328,5.7602],[-74.3347,5.8367],[-74.3024,5.7978],[-74.3108,5.7795],[-74.2891,5.746],[-74.3012,5.7176],[-74.2773,5.6947],[-74.3148,5.6231],[-74.294,5.5729],[-74.2437,5.5452],[-74.2542,5.4866],[-74.2449,5.4754],[-74.2014,5.497],[-74.1251,5.4328],[-74.1127,5.4729],[-74.0969,5.4699],[-74.09,5.4279],[-74.0212,5.3878],[-74.0226,5.365],[-73.9915,5.3747],[-73.9732,5.4188],[-73.8993,5.4495],[-73.9085,5.5262],[-73.8898,5.513],[-73.8047,5.5736],[-73.771,5.4885],[-73.748,5.4905],[-73.7429,5.4693],[-73.7191,5.4772],[-73.7172,5.4562],[-73.6801,5.4545],[-73.6579,5.4179],[-73.5928,5.3989],[-73.6024,5.3181],[-73.5332,5.2807],[-73.5107,5.1619],[-73.4779,5.1475],[-73.4946,5.1073],[-73.4792,5.0547],[-73.5233,5.0299],[-73.5072,4.9963],[-73.5437,4.9476],[-73.5379,4.8954],[-73.5196,4.8779],[-73.4713,4.8936],[-73.4021,4.8786],[-73.3657,4.8242],[-73.3693,4.7989],[-73.3217,4.7786],[-73.3052,4.7307],[-73.234,4.7357],[-73.2208,4.6775],[-73.1051,4.6605],[-73.0713,4.7392],[-73.0467,4.7452],[-73.0739,4.8179],[-73.0427,4.876],[-73.0304,4.9825],[-73.0164,5.0026],[-72.9725,4.9759],[-72.9032,5.0687],[-72.9088,5.1035],[-72.927,5.0971],[-72.9734,5.1492],[-72.9086,5.2501],[-72.8775,5.3594],[-72.8533,5.3479],[-72.7968,5.3952],[-72.7004,5.2735],[-72.6365,5.3406],[-72.5803,5.3526],[-72.568,5.3751],[-72.5828,5.3822],[-72.5067,5.4391],[-72.4173,5.5673],[-72.3968,5.5704],[-72.3443,5.507],[-72.2989,5.6],[-72.2809,5.6056],[-72.2637,5.6692],[-72.2993,5.6879],[-72.2556,5.7932],[-72.3289,5.7957],[-72.3927,5.8236],[-72.3664,5.8275],[-72.3242,5.8871],[-72.3401,5.9983],[-72.3659,6.0372],[-72.3175,6.0793],[-72.3694,6.0809],[-72.3653,6.1021],[-72.3918,6.1287],[-72.3737,6.1505],[-72.3938,6.188],[-72.4188,6.1852],[-72.3868,6.2619],[-72.4004,6.2729],[-72.351,6.3455],[-72.3177,6.3347],[-72.2611,6.4315],[-72.2222,6.4359],[-72.2073,6.4652],[-72.1813,6.4592],[-72.1717,6.4998],[-72.127,6.5106],[-72.0894,6.6453],[-72.0979,6.746],[-72.0505,6.7706],[-71.946,7.0108],[-72.0794,7.0451],[-72.132,7.031],[-72.1752,7.0548],[-72.1978,7.043],[-72.219,6.9861],[-72.2462,6.9767],[-72.2498,7.0054],[-72.2812,7.0111],[-72.3213,6.9237],[-72.3917,6.8731],[-72.4879,6.9292],[-72.5019,6.8815],[-72.4765,6.8422],[-72.4985,6.7969],[-72.4858,6.659],[-72.5435,6.5834],[-72.5382,6.4899],[-72.6482,6.4362],[-72.7192,6.5533],[-72.764,6.5831],[-72.8083,6.5592],[-72.767,6.5002],[-72.7363,6.4915],[-72.7249,6.4582],[-72.7379,6.4415],[-72.7257,6.3719],[-72.7602,6.303],[-72.7446,6.229],[-72.8045,6.2156],[-72.8312,6.1471],[-72.8689,6.1447],[-72.8725,6.1257],[-72.9162,6.1076],[-73.0092,5.966],[-73.0315,6.0249],[-73.0938,5.9905],[-73.1375,5.9974],[-73.1469,6.0248],[-73.1566,5.9824],[-73.2,6.0038],[-73.2408,5.9075],[-73.1883,5.8585],[-73.206,5.8262],[-73.2479,5.8157],[-73.2789,5.855],[-73.3295,5.8512],[-73.3693,5.8716],[-73.3467,5.8426],[-73.3779,5.7643],[-73.3892,5.7515],[-73.431,5.7676],[-73.4345,5.7934],[-73.4714,5.8188],[-73.4613,5.8485],[-73.4329,5.8499],[-73.4417,5.8863],[-73.4065,5.8902],[-73.3714,6.0044],[-73.4143,6.0746],[-73.4978,6.1089],[-73.5409,6.0359],[-73.5847,6.0067],[-73.6038,5.9358],[-73.6302,5.9143],[-73.5999,5.8684],[-73.6469,5.7122],[-73.7154,5.7811],[-73.7581,5.7701],[-73.8129,5.7144],[-73.8264,5.7397],[-73.8742,5.7068],[-73.8896,5.7389],[-73.9611,5.739],[-73.982,5.7206],[-74.0255,5.8069],[-74.0799,5.8201],[-74.1034,5.8754],[-74.1351,5.8769],[-74.1806,5.9114],[-74.1972,5.855],[-74.2627,5.8263],[-74.2799,5.8645],[-74.2317,5.9058],[-74.2386,5.944],[-74.2228,5.9672],[-74.2586,6.0113],[-74.2598,6.0649],[-74.2975,6.0821],[-74.3472,6.0406],[-74.38,6.0406],[-74.4056,6.0848],[-74.4491,6.0979],[-74.4777,6.1589],[-74.471,6.1998],[-74.5095,6.2188],[-74.5211,6.2756],[-74.6111,6.1307],[-74.6024,6.0951],[-74.5613,6.0757],[-74.5611,6.0022],[-74.6109,5.9712],[-74.5863,5.8986],[-74.6366,5.8731],[-74.6593,5.7514]]]},"properties":{"iso3":"COL","shapeId":"13589884B62290921297491","regionId":"COL.6_1","name":"Boyacá"}},{"type":"Feature","geometry":{"type":"Polygon","coordinates":[[[-71.0775,4.9246],[-71.0068,4.9703],[-70.9398,5.1301],[-70.8446,5.1585],[-70.6914,5.2889],[-70.6764,5.3247],[-70.6861,5.3845],[-70.5769,5.4284],[-70.3562,5.5919],[-70.287,5.5609],[-70.1299,5.6208],[-70.0515,5.7147],[-70.044,5.7474],[-69.9865,5.7982],[-69.9648,5.8552],[-69.8619,5.975],[-69.8265,6.0436],[-69.8916,6.0521],[-69.9061,6.1],[-69.949,6.1436],[-69.9863,6.1387],[-69.9876,6.1674],[-69.9989,6.1466],[-70.058,6.1604],[-70.0354,6.1865],[-70.057,6.1838],[-70.0599,6.2092],[-70.1157,6.2348],[-70.1598,6.2979],[-70.1746,6.279],[-70.195,6.2949],[-70.271,6.2733],[-70.3806,6.3011],[-70.4311,6.291],[-70.5294,6.2292],[-70.5789,6.2492],[-70.7249,6.2162],[-70.801,6.2546],[-70.8611,6.2393],[-70.8673,6.2208],[-70.8973,6.236],[-70.9845,6.2292],[-71.0341,6.2664],[-71.0598,6.2546],[-71.0925,6.2791],[-71.1567,6.2628],[-71.2215,6.2987],[-71.2325,6.2641],[-71.2685,6.2834],[-71.2715,6.2607],[-71.2938,6.2738],[-71.3782,6.2254],[-71.3829,6.2428],[-71.4156,6.2435],[-71.419,6.2248],[-71.4486,6.2465],[-71.4386,6.2163],[-71.4569,6.2241],[-71.4854,6.2022],[-71.4953,6.2171],[-71.5089,6.196],[-71.533,6.2252],[-71.5507,6.1957],[-71.5733,6.2102],[-71.5712,6.1892],[-71.6365,6.2279],[-71.6718,6.1881],[-71.8205,6.1912],[-71.902,6.1566],[-71.9547,6.1719],[-72.1368,6.0665],[-72.2747,6.1333],[-72.2817,6.1925],[-72.3439,6.2249],[-72.3746,6.3054],[-72.4004,6.2729],[-72.3868,6.2619],[-72.4188,6.1852],[-72.3938,6.188],[-72.3737,6.1505],[-72.3918,6.1287],[-72.3653,6.1021],[-72.3694,6.0809],[-72.318,6.0814],[-72.3659,6.0372],[-72.3401,5.9983],[-72.3242,5.8871],[-72.3664,5.8275],[-72.3927,5.8236],[-72.3289,5.7957],[-72.2556,5.7932],[-72.2993,5.6879],[-72.2637,5.6692],[-72.2809,5.6056],[-72.2989,5.6],[-72.3443,5.507],[-72.3968,5.5704],[-72.4173,5.5673],[-72.5067,5.4391],[-72.5828,5.3822],[-72.568,5.3751],[-72.5803,5.3526],[-72.6365,5.3406],[-72.7004,5.2735],[-72.7968,5.3952],[-72.8533,5.3479],[-72.8775,5.3594],[-72.9086,5.2501],[-72.9734,5.1492],[-72.927,5.0971],[-72.9088,5.1035],[-72.9032,5.0687],[-72.9725,4.9759],[-73.0196,5.0015],[-73.0733,4.8016],[-73.0462,4.7582],[-73.0541,4.7006],[-73.0375,4.6647],[-72.8903,4.4727],[-72.844,4.4309],[-72.8114,4.4315],[-72.8071,4.387],[-72.7849,4.3995],[-72.8015,4.378],[-72.7687,4.3654],[-72.7686,4.334],[-72.6969,4.286],[-72.675,4.3172],[-72.5648,4.3059],[-72.5613,4.3428],[-72.4706,4.3173],[-72.4291,4.355],[-72.4049,4.319],[-72.3165,4.3742],[-72.2885,4.4155],[-72.237,4.4352],[-72.1407,4.4396],[-72.0792,4.4151],[-72.0551,4.3763],[-71.9864,4.3867],[-71.8084,4.5827],[-71.7326,4.5756],[-71.6029,4.6412],[-71.5763,4.6756],[-71.4365,4.7181],[-71.2899,4.804],[-71.2138,4.8156],[-71.0775,4.9246]]]},"properties":{"iso3":"COL","shapeId":"13589884B21818736641406","regionId":"COL.9_1","name":"Casanare"}},{"type":"Feature","geometry":{"type":"Polygon","coordinates":[[[-76.0565,3.2239],[-76.068,3.2112],[-76.1912,3.2281],[-76.2296,3.2759],[-76.3734,3.2881],[-76.4607,3.329],[-76.4692,3.3106],[-76.4781,3.3206],[-76.4766,3.2936],[-76.4886,3.3055],[-76.4943,3.2926],[-76.4716,3.2886],[-76.4869,3.2804],[-76.4603,3.2466],[-76.4996,3.2002],[-76.487,3.1691],[-76.5086,3.1591],[-76.5005,3.1438],[-76.5328,3.1363],[-76.5134,3.1208],[-76.53,3.1262],[-76.5462,3.1029],[-76.5741,3.1285],[-76.6074,3.0911],[-76.6295,3.1271],[-76.6665,3.0992],[-76.7333,3.125],[-76.7734,3.2338],[-76.8078,3.2095],[-76.9083,3.2005],[-76.939,3.1143],[-76.9723,3.1189],[-76.9961,3.1543],[-77.1002,3.1853],[-77.1306,3.1611],[-77.1595,3.1739],[-77.2335,3.1075],[-77.3165,3.1741],[-77.3451,3.1404],[-77.3634,3.1447],[-77.3805,3.2019],[-77.4285,3.2532],[-77.4709,3.236],[-77.4759,3.2091],[-77.5401,3.2177],[-77.5771,3.1398],[-77.6669,3.0456],[-77.7032,2.9685],[-77.6799,2.9935],[-77.6613,2.9778],[-77.6725,2.9643],[-77.6546,2.9413],[-77.681,2.9346],[-77.6991,2.8968],[-77.6663,2.854],[-77.705,2.8626],[-77.7215,2.8193],[-77.7637,2.795],[-77.7345,2.7712],[-77.7966,2.7521],[-77.7971,2.7013],[-77.7772,2.6873],[-77.7885,2.6523],[-77.7721,2.6517],[-77.8047,2.6388],[-77.7926,2.647],[-77.8083,2.6891],[-77.8421,2.7036],[-77.8508,2.6851],[-77.8823,2.6896],[-77.8786,2.669],[-77.9074,2.6806],[-77.8863,2.6121],[-77.9279,2.6401],[-77.9188,2.4167],[-77.8479,2.2606],[-77.8386,2.1782],[-77.7394,2.1336],[-77.6456,2.1685],[-77.6036,2.1647],[-77.5562,2.2025],[-77.4879,2.1953],[-77.479,2.2737],[-77.4594,2.2862],[-77.352,2.2569],[-77.3082,2.1962],[-77.3081,2.1069],[-77.3353,2.0544],[-77.2604,1.9955],[-77.2213,1.9884],[-77.2035,1.9506],[-77.2167,1.9194],[-77.2453,1.9114],[-77.2556,1.8688],[-77.2882,1.8492],[-77.3089,1.8038],[-77.2943,1.7655],[-77.3311,1.6822],[-77.2384,1.6568],[-77.1509,1.686],[-77.1368,1.6548],[-77.073,1.6686],[-77.023,1.7143],[-76.936,1.7292],[-76.9017,1.6626],[-76.8342,1.6073],[-76.858,1.5227],[-76.9302,1.5005],[-76.9206,1.3456],[-76.6757,1.4668],[-76.6467,1.4551],[-76.5744,1.3877],[-76.5835,1.2814],[-76.5381,1.2099],[-76.5672,1.087],[-76.5462,1.0381],[-76.4927,1.028],[-76.4263,0.9604],[-76.3707,0.9839],[-76.3351,0.9807],[-76.3299,0.9586],[-76.2771,0.9825],[-76.2357,0.9646],[-76.2359,0.9819],[-76.1894,0.9958],[-76.2044,1.0172],[-76.1669,1.03],[-76.1252,1.0066],[-76.0749,1.0334],[-76.0936,1.0531],[-76.0804,1.0643],[-76.1232,1.0999],[-76.259,1.1238],[-76.3018,1.176],[-76.2896,1.2076],[-76.3025,1.2375],[-76.2154,1.3218],[-76.2012,1.4226],[-76.177,1.451],[-76.1827,1.4898],[-76.1488,1.5454],[-76.1585,1.5779],[-76.1985,1.5801],[-76.2171,1.6652],[-76.2665,1.6582],[-76.2909,1.6868],[-76.3365,1.6631],[-76.3836,1.6646],[-76.374,1.7494],[-76.4241,1.7231],[-76.4329,1.792],[-76.4806,1.8242],[-76.5485,1.8365],[-76.586,1.8721],[-76.6243,1.9738],[-76.5727,2.0221],[-76.5902,2.0985],[-76.5518,2.1385],[-76.4888,2.1268],[-76.4666,2.1011],[-76.4299,2.1217],[-76.4346,2.1875],[-76.407,2.1975],[-76.3738,2.2791],[-76.2991,2.2825],[-76.2091,2.199],[-76.1439,2.2044],[-76.1211,2.2245],[-76.1466,2.2934],[-76.1261,2.3802],[-76.0908,2.4155],[-76.0379,2.4015],[-75.9779,2.5031],[-75.9241,2.4794],[-75.8858,2.4283],[-75.861,2.4288],[-75.8141,2.4839],[-75.8369,2.5684],[-75.7475,2.719],[-75.7603,2.7502],[-75.8572,2.786],[-76.0343,2.9448],[-76.0225,3.0034],[-76.1085,3.1042],[-76.0735,3.1234],[-76.0915,3.1979],[-76.0606,3.2029],[-76.0565,3.2239]]]},"properties":{"iso3":"COL","shapeId":"13589884B79790550435280","regionId":"COL.10_1","name":"Cauca"}},{"type":"Feature","geometry":{"type":"Polygon","coordinates":[[[-71.3227,0.1118],[-71.3335,0.1538],[-71.3429,0.1381],[-71.3666,0.1466],[-71.374,0.174],[-71.4009,0.1866],[-71.4192,0.1431],[-71.4658,0.1497],[-71.4545,0.1749],[-71.4718,0.1855],[-71.4943,0.1345],[-71.5329,0.1214],[-71.5297,0.1659],[-71.5881,0.1662],[-71.5588,0.2166],[-71.6057,0.1834],[-71.636,0.1839],[-71.6163,0.1953],[-71.6229,0.2154],[-71.6974,0.2369],[-71.7228,0.2745],[-71.7029,0.3171],[-71.7377,0.2856],[-71.753,0.332],[-71.7871,0.3335],[-71.7662,0.3697],[-71.8151,0.3727],[-71.8019,0.3527],[-71.8242,0.3388],[-71.8511,0.3494],[-71.8244,0.4064],[-71.8474,0.4153],[-71.8554,0.4553],[-71.8868,0.4684],[-71.8904,0.4458],[-71.9212,0.4541],[-71.901,0.4707],[-71.9283,0.4863],[-71.913,0.5137],[-71.9394,0.5702],[-71.9526,0.5392],[-72.0115,0.5968],[-71.9806,0.6323],[-71.9976,0.6575],[-72.0859,0.6566],[-72.0699,0.6921],[-72.109,0.703],[-72.1269,0.7386],[-72.1412,0.7177],[-72.1646,0.7347],[-72.1636,0.7139],[-72.1897,0.7264],[-72.2024,0.7012],[-72.2201,0.7054],[-72.2483,0.788],[-72.2711,0.7945],[-72.2699,0.7637],[-72.3094,0.8092],[-72.2856,0.8192],[-72.3009,0.8418],[-72.2889,0.8745],[-72.322,0.8757],[-72.3276,0.8391],[-72.3385,0.9252],[-72.3921,0.9193],[-72.3762,0.96],[-72.4002,0.9664],[-72.3996,1.004],[-72.4562,1.0796],[-72.5111,1.0676],[-72.6248,1.1385],[-72.6488,1.1823],[-72.6606,1.1516],[-72.7263,1.1865],[-72.7232,1.1504],[-72.7508,1.1292],[-72.7787,1.1488],[-72.7719,1.1829],[-72.8192,1.1794],[-72.8272,1.1517],[-72.8541,1.1621],[-72.8514,1.144],[-72.8717,1.1429],[-72.8506,1.1079],[-72.8834,1.0982],[-72.8705,1.0843],[-72.8848,1.0747],[-72.8609,1.0688],[-72.8595,1.044],[-72.8789,1.0475],[-72.8693,1.0266],[-72.9324,1.0146],[-72.9369,0.9859],[-72.9882,0.959],[-73.009,0.9121],[-73.026,0.9206],[-73.0794,0.8947],[-73.1104,0.9225],[-73.1435,0.9215],[-73.188,0.9678],[-73.176,0.9971],[-73.2396,1.0122],[-73.2455,1.0396],[-73.2794,1.0497],[-73.3927,1.1492],[-73.4178,1.1917],[-73.4247,1.2895],[-73.4551,1.3089],[-73.4831,1.3729],[-73.5403,1.4025],[-73.555,1.4539],[-73.6577,1.5764],[-73.6588,1.6145],[-73.779,1.6552],[-73.8583,1.6583],[-73.9441,1.6454],[-73.9814,1.6018],[-73.9996,1.6579],[-74.0905,1.6425],[-74.1123,1.6961],[-74.1743,1.7209],[-74.2059,1.7147],[-74.2154,1.7667],[-74.2705,1.7535],[-74.3168,1.7864],[-74.3834,1.7905],[-74.4152,1.8124],[-74.4776,1.8072],[-74.5646,1.8492],[-74.5682,1.9533],[-74.6095,2.0708],[-74.5901,2.1955],[-74.6574,2.2121],[-74.6868,2.2692],[-74.6766,2.2848],[-74.7214,2.2617],[-74.7327,2.273],[-74.7267,2.3555],[-74.6711,2.4282],[-74.6508,2.4955],[-74.6858,2.5458],[-74.5906,2.6662],[-74.6384,2.7044],[-74.6174,2.7483],[-74.6377,2.7543],[-74.6656,2.8111],[-74.6769,2.8901],[-74.7657,2.8768],[-74.7947,2.9332],[-74.835,2.9101],[-74.9339,2.9067],[-75.0644,2.7457],[-75.1475,2.7217],[-75.1524,2.7029],[-75.1336,2.6901],[-75.1549,2.6422],[-75.1343,2.599],[-75.1765,2.5168],[-75.2285,2.5147],[-75.2257,2.4782],[-75.3071,2.3615],[-75.3321,2.3577],[-75.3536,2.3194],[-75.3851,2.3149],[-75.408,2.248],[-75.437,2.2254],[-75.4226,2.1889],[-75.4428,2.1527],[-75.5317,2.1186],[-75.5546,2.058],[-75.6228,1.9813],[-75.7392,1.7852],[-75.8624,1.7152],[-75.9073,1.7148],[-76.0478,1.5718],[-76.1203,1.5555],[-76.1683,1.5872],[-76.1488,1.5454],[-76.1827,1.4898],[-76.177,1.451],[-76.2012,1.4226],[-76.2154,1.3218],[-76.3058,1.2289],[-76.2896,1.2076],[-76.3018,1.176],[-76.259,1.1238],[-76.1281,1.1024],[-76.0844,1.057],[-76.0059,1.0564],[-75.9971,1.0267],[-75.9943,1.0714],[-75.9204,1.029],[-75.9482,0.9767],[-75.9057,0.9707],[-75.8512,0.8795],[-75.7981,0.8941],[-75.7572,0.8366],[-75.734,0.8603],[-75.6785,0.8582],[-75.643,0.8785],[-75.6142,0.8644],[-75.6079,0.8377],[-75.5401,0.8307],[-75.5373,0.7875],[-75.5124,0.7702],[-75.4833,0.7816],[-75.4703,0.7588],[-75.408,0.7363],[-75.3376,0.7722],[-75.3232,0.7446],[-75.2665,0.7252],[-75.2563,0.7058],[-75.2742,0.6655],[-75.2263,0.6453],[-75.2096,0.5923],[-75.2354,0.5736],[-75.1978,0.5061],[-75.2196,0.4833],[-75.151,0.4829],[-75.1053,0.5136],[-75.1044,0.4733],[-75.0277,0.482],[-74.9835,0.4155],[-75.0166,0.3849],[-75.0066,0.3366],[-74.9796,0.3099],[-75.0093,0.2929],[-75.0036,0.2732],[-74.9599,0.2415],[-74.9035,0.2525],[-74.8464,0.2149],[-74.7259,0.2069],[-74.6768,0.1593],[-74.6745,0.0975],[-74.7124,0.0915],[-74.6545,0.072],[-74.7039,0.0379],[-74.6558,-0.0112],[-74.6786,-0.0602],[-74.6449,-0.0379],[-74.6186,-0.0531],[-74.6329,-0.0878],[-74.5304,-0.1269],[-74.5348,-0.0946],[-74.5163,-0.089],[-74.4961,-0.1382],[-74.4686,-0.1207],[-74.4542,-0.0713],[-74.4225,-0.1038],[-74.4486,-0.1388],[-74.3486,-0.1071],[-74.3055,-0.1466],[-74.2649,-0.1453],[-74.288,-0.2025],[-74.2337,-0.2379],[-74.2009,-0.2093],[-74.1806,-0.2647],[-74.119,-0.2317],[-74.0836,-0.2786],[-74.0439,-0.273],[-74.0389,-0.3067],[-74.0054,-0.3421],[-73.8828,-0.3688],[-73.8241,-0.409],[-73.7629,-0.4087],[-73.7166,-0.3807],[-73.6748,-0.4226],[-73.6403,-0.4177],[-73.6514,-0.4579],[-73.5826,-0.4475],[-73.5675,-0.5182],[-73.534,-0.4883],[-73.5145,-0.5234],[-73.4875,-0.529],[-73.4284,-0.512],[-73.3805,-0.5351],[-73.3297,-0.5066],[-73.2024,-0.6271],[-73.1232,-0.6056],[-73.0753,-0.6236],[-73.0553,-0.553],[-73.0142,-0.5281],[-72.9721,-0.5489],[-72.9206,-0.6162],[-72.8155,-0.6009],[-72.7488,-0.5569],[-72.6744,-0.6356],[-72.5628,-0.7064],[-72.4336,-0.5653],[-72.4116,-0.5646],[-72.4055,-0.6039],[-72.349,-0.6401],[-72.2629,-0.6242],[-72.2303,-0.5903],[-72.233,-0.4911],[-72.1939,-0.4704],[-72.1532,-0.3631],[-72.0707,-0.3244],[-72.0384,-0.2675],[-71.8286,-0.272],[-71.75,-0.2515],[-71.7173,-0.2251],[-71.7318,-0.1407],[-71.6877,-0.069],[-71.5968,-0.0064],[-71.3977,0.0308],[-71.3227,0.1118]]]},"properties":{"iso3":"COL","shapeId":"13589884B16144547040567","regionId":"COL.8_1","name":"Caquetá"}},{"type":"Feature","geometry":{"type":"Polygon","coordinates":[[[-74.416,3.7407],[-74.4516,3.7243],[-74.4511,3.8104],[-74.5394,3.8448],[-74.5568,3.7681],[-74.6741,3.671],[-74.7008,3.6167],[-74.7386,3.5898],[-74.7277,3.5542],[-74.7824,3.4995],[-74.7651,3.4426],[-74.9078,3.29],[-75.0008,3.2768],[-75.0727,3.2961],[-75.0585,3.3811],[-75.0339,3.3859],[-75.0436,3.4292],[-75.1476,3.4355],[-75.184,3.3818],[-75.1996,3.4085],[-75.2284,3.4146],[-75.253,3.3666],[-75.32,3.4196],[-75.3334,3.3995],[-75.3649,3.4089],[-75.3782,3.3736],[-75.4154,3.3725],[-75.4419,3.3471],[-75.4784,3.3611],[-75.4879,3.3271],[-75.5262,3.3198],[-75.5213,3.3014],[-75.5771,3.2239],[-75.577,3.1424],[-75.6221,3.0754],[-75.5997,3.0487],[-75.6342,2.995],[-75.6941,2.9946],[-75.7027,2.97],[-75.76,2.9428],[-75.7658,2.9148],[-75.8449,2.8705],[-75.9268,2.9218],[-75.9539,2.9173],[-75.9888,2.9824],[-76.0223,2.9732],[-76.0292,2.9408],[-75.963,2.874],[-75.8572,2.786],[-75.7534,2.7429],[-75.7574,2.6834],[-75.8381,2.5652],[-75.8141,2.4839],[-75.861,2.4288],[-75.8858,2.4283],[-75.9241,2.4794],[-75.9779,2.5031],[-76.0379,2.4015],[-76.1034,2.4067],[-76.1466,2.2934],[-76.1211,2.2245],[-76.1533,2.1989],[-76.2091,2.199],[-76.2786,2.2758],[-76.3738,2.2791],[-76.407,2.1975],[-76.4346,2.1875],[-76.432,2.12],[-76.4666,2.1011],[-76.4888,2.1268],[-76.556,2.1374],[-76.5902,2.0985],[-76.5756,2.0125],[-76.6243,1.9738],[-76.586,1.8721],[-76.5485,1.8365],[-76.4806,1.8242],[-76.4329,1.792],[-76.4241,1.7231],[-76.374,1.7494],[-76.3836,1.6646],[-76.3365,1.6631],[-76.2909,1.6868],[-76.2665,1.6582],[-76.2171,1.6652],[-76.1985,1.5801],[-76.1573,1.5847],[-76.1203,1.5555],[-76.0308,1.5821],[-75.9812,1.656],[-75.9011,1.7188],[-75.8624,1.7152],[-75.7392,1.7852],[-75.6228,1.9813],[-75.5546,2.058],[-75.5317,2.1186],[-75.4428,2.1527],[-75.4226,2.1889],[-75.437,2.2254],[-75.408,2.248],[-75.3851,2.3149],[-75.3536,2.3194],[-75.3321,2.3577],[-75.3071,2.3615],[-75.2257,2.4782],[-75.2285,2.5147],[-75.1765,2.5168],[-75.1343,2.599],[-75.1549,2.6422],[-75.1336,2.6901],[-75.1524,2.7029],[-75.1475,2.7217],[-75.0644,2.7457],[-74.9902,2.8502],[-74.7921,3.0614],[-74.7894,3.0869],[-74.7585,3.0989],[-74.7134,3.1811],[-74.6702,3.2007],[-74.6155,3.3261],[-74.6374,3.3657],[-74.6111,3.4382],[-74.6344,3.4691],[-74.593,3.5218],[-74.5539,3.5346],[-74.5026,3.6407],[-74.4293,3.7058],[-74.416,3.7407]]]},"properties":{"iso3":"COL","shapeId":"13589884B32024052187233","regionId":"COL.17_1","name":"Huila"}},{"type":"Feature","geometry":{"type":"MultiPolygon","coordinates":[[[[-81.7332,12.5377],[-81.7301,12.4802],[-81.7071,12.5722],[-81.6873,12.5814],[-81.7039,12.5949],[-81.7332,12.5377]]],[[[-81.3941,13.3438],[-81.3882,13.3204],[-81.3595,13.3343],[-81.3545,13.3775],[-81.385,13.3701],[-81.3941,13.3438]]],[[[-81.3764,13.3815],[-81.3707,13.3824],[-81.3684,13.386],[-81.3713,13.3872],[-81.3709,13.392],[-81.369,13.3939],[-81.3714,13.3946],[-81.3795,13.3914],[-81.3808,13.3859],[-81.3764,13.3815]]]]},"properties":{"iso3":"COL","shapeId":"13589884B18807997781037","regionId":null,"name":"Archipiélago de San Andrés, Providencia y Santa Catalina"}}]}