{"type":"FeatureCollection","features":[{"type":"Feature","geometry":{"type":"MultiPolygon","coordinates":[[[[135.3906,34.6688],[135.3879,34.6677],[135.3868,34.6626],[135.4097,34.659],[135.4109,34.6656],[135.4088,34.6659],[135.4093,34.6688],[135.4026,34.6732],[135.3906,34.6688]]],[[[135.2383,34.4532],[135.2004,34.428],[135.2293,34.4308],[135.2275,34.4133],[135.2651,34.4374],[135.2332,34.4316],[135.2554,34.4502],[135.2383,34.4532]]],[[[135.3305,34.453],[135.3271,34.4484],[135.3287,34.4474],[135.3273,34.4484],[135.3282,34.4498],[135.3331,34.4447],[135.346,34.4545],[135.3473,34.4587],[135.3406,34.4665],[135.3305,34.453]]],[[[135.3998,34.6196],[135.4203,34.613],[135.3897,34.6283],[135.3998,34.6196]]],[[[135.4347,34.643],[135.3966,34.6289],[135.4326,34.6242],[135.4347,34.643]]],[[[135.3839,34.6428],[135.4045,34.6537],[135.3794,34.66],[135.3839,34.6428]]],[[[135.4073,34.6971],[135.4221,34.6795],[135.4082,34.6719],[135.4263,34.6679],[135.4142,34.6516],[135.4527,34.6349],[135.4472,34.6147],[135.4234,34.619],[135.4468,34.6062],[135.4255,34.5934],[135.4659,34.5821],[135.4503,34.5837],[135.453,34.5655],[135.4261,34.5897],[135.4209,34.5697],[135.4022,34.6001],[135.4096,34.5549],[135.3672,34.5171],[135.3758,34.4732],[135.2182,34.3446],[135.092,34.315],[135.1114,34.2718],[135.1843,34.2788],[135.208,34.3082],[135.249,34.3144],[135.2828,34.3179],[135.2934,34.2993],[135.3382,34.3353],[135.397,34.3304],[135.4854,34.3628],[135.5078,34.3365],[135.5771,34.376],[135.6762,34.4002],[135.6643,34.4232],[135.6863,34.448],[135.6847,34.4854],[135.6771,34.5252],[135.6503,34.5441],[135.6817,34.5849],[135.6501,34.6078],[135.673,34.7016],[135.7041,34.7238],[135.7097,34.7804],[135.7266,34.7759],[135.746,34.8036],[135.6949,34.8483],[135.6495,34.9251],[135.5993,34.9283],[135.6133,34.9712],[135.5727,34.9712],[135.5573,34.9347],[135.5811,34.937],[135.5813,34.9225],[135.5413,34.9152],[135.4811,34.9497],[135.4931,34.9891],[135.3817,35.0102],[135.3801,35.039],[135.35,35.0512],[135.3302,35.0352],[135.3547,35.0248],[135.3464,34.9647],[135.4685,34.9263],[135.4187,34.9089],[135.4458,34.8972],[135.416,34.8177],[135.4603,34.7331],[135.4073,34.6971]]]]},"properties":{"iso3":"JPN","shapeId":"47310658B55038426470858","regionId":"JPN.33_1","name":"Osaka"}},{"type":"Feature","geometry":{"type":"MultiPolygon","coordinates":[[[[131.6963,33.7315],[131.6675,33.7402],[131.6311,33.7185],[131.6963,33.7315]]],[[[131.9237,32.7701],[131.9246,32.7737],[131.9233,32.7752],[131.9207,32.7753],[131.9191,32.777],[131.917,32.776],[131.91,32.7792],[131.911,32.7752],[131.9098,32.7732],[131.9079,32.7732],[131.9077,32.7712],[131.9105,32.7692],[131.9237,32.7701]]],[[[132.0672,32.9591],[132.0809,32.96],[132.0747,32.9778],[132.0672,32.9591]]],[[[131.9248,33.0029],[131.9164,32.9813],[131.9452,32.996],[131.9262,32.9969],[131.9435,33.0161],[131.9248,33.0029]]],[[[131.1868,33.6183],[131.1723,33.583],[131.1885,33.5478],[131.1663,33.5274],[131.1773,33.5072],[131.0296,33.5189],[130.9729,33.5055],[130.8949,33.4462],[130.8864,33.3797],[130.8353,33.3435],[130.8573,33.3269],[130.8663,33.2921],[130.8521,33.2775],[130.868,33.2641],[130.8287,33.2575],[130.8263,33.2368],[130.8594,33.2295],[130.8365,33.2106],[130.8875,33.1865],[130.8431,33.0938],[130.8862,33.0875],[130.9159,33.0535],[130.9909,33.0238],[131.024,33.0875],[130.9783,33.1409],[130.9922,33.1832],[131.1033,33.1872],[131.1612,33.1408],[131.1745,33.0831],[131.2161,33.0542],[131.2236,33.0172],[131.2635,32.9766],[131.2458,32.9397],[131.2642,32.8791],[131.3438,32.8311],[131.3573,32.8045],[131.4753,32.8372],[131.5175,32.8008],[131.5113,32.7703],[131.5366,32.7587],[131.5684,32.7541],[131.5925,32.7753],[131.7111,32.7724],[131.7357,32.8311],[131.767,32.8389],[131.859,32.821],[131.847,32.7359],[131.8857,32.7459],[131.8684,32.7738],[131.8796,32.7916],[131.8963,32.7644],[131.8899,32.8047],[131.8966,32.7871],[131.9202,32.7852],[131.9253,32.8011],[131.9364,32.7844],[131.9472,32.8063],[131.9715,32.7918],[132.008,32.8266],[131.986,32.8463],[131.9831,32.8252],[131.9632,32.8383],[131.963,32.8187],[131.9422,32.8348],[132.0156,32.8906],[131.9863,32.8894],[131.9759,32.9221],[132.0096,32.9058],[132.027,32.9358],[132.0835,32.9312],[132.0814,32.9439],[132.0332,32.954],[132.0037,32.9323],[132.0024,32.9592],[131.9823,32.9393],[131.9751,32.9637],[131.9599,32.9456],[131.9271,32.9547],[131.9277,32.9749],[131.8895,32.9914],[131.9297,33.0526],[132.0179,33.0596],[131.9956,33.0798],[132.0028,33.0963],[131.974,33.0621],[131.943,33.0695],[131.9407,33.0969],[131.9126,33.0665],[131.9111,33.0826],[131.8857,33.0729],[131.8525,33.0884],[131.901,33.1102],[131.9155,33.1251],[131.9013,33.1346],[131.8434,33.1143],[131.7984,33.1271],[131.8286,33.1502],[131.8328,33.1811],[131.8691,33.2013],[131.8758,33.2445],[131.9032,33.2677],[131.8061,33.2419],[131.7547,33.2525],[131.7594,33.2402],[131.6921,33.2795],[131.5895,33.2457],[131.5092,33.2711],[131.4989,33.3603],[131.5968,33.3498],[131.5969,33.3718],[131.65,33.3839],[131.6317,33.4258],[131.7031,33.4071],[131.7396,33.4663],[131.7405,33.5614],[131.6659,33.6683],[131.5859,33.6926],[131.5644,33.6715],[131.5607,33.6869],[131.5229,33.6845],[131.5294,33.6731],[131.4997,33.6713],[131.5068,33.6565],[131.4697,33.6144],[131.424,33.5918],[131.4307,33.5681],[131.2822,33.5801],[131.2577,33.6124],[131.2328,33.6013],[131.1868,33.6183]]]]},"properties":{"iso3":"JPN","shapeId":"47310658B53666900505284","regionId":"JPN.30_1","name":"Oita"}},{"type":"Feature","geometry":{"type":"MultiPolygon","coordinates":[[[[134.8243,34.1783],[134.8121,34.1564],[134.8305,34.1645],[134.8243,34.1783]]],[[[134.6614,34.2774],[134.6765,34.2551],[134.6588,34.2408],[134.7226,34.2555],[134.6998,34.2217],[134.7314,34.1888],[134.7974,34.1973],[134.9525,34.2673],[134.8936,34.3522],[134.895,34.4167],[134.9867,34.5115],[135.0242,34.589],[134.9836,34.6033],[134.935,34.5494],[134.8763,34.5224],[134.8389,34.4689],[134.7978,34.449],[134.7301,34.33],[134.6738,34.3175],[134.6614,34.2774]]],[[[135.326,34.7103],[135.3387,34.7109],[135.3407,34.718],[135.3346,34.7213],[135.3302,34.7217],[135.3249,34.717],[135.326,34.7103]]],[[[135.3168,34.7103],[135.3194,34.7102],[135.3207,34.712],[135.3221,34.7085],[135.3221,34.7164],[135.3062,34.7132],[135.3069,34.7062],[135.3097,34.7077],[135.3114,34.7057],[135.3209,34.7048],[135.3221,34.7079],[135.3185,34.7091],[135.3175,34.7077],[135.3159,34.7084],[135.318,34.7092],[135.3168,34.7103]]],[[[135.2933,34.7143],[135.2922,34.7103],[135.2934,34.7048],[135.304,34.7057],[135.3033,34.7169],[135.2946,34.7186],[135.2952,34.7155],[135.2933,34.7143]]],[[[135.2775,34.6981],[135.2522,34.6933],[135.2545,34.6778],[135.2905,34.6816],[135.2775,34.6981]]],[[[134.8502,34.7066],[134.8365,34.6973],[134.8535,34.694],[134.8502,34.7066]]],[[[135.2847,34.7117],[135.2714,34.7064],[135.2717,34.7024],[135.288,34.704],[135.2868,34.7119],[135.2847,34.7117]]],[[[135.2092,34.6301],[135.2287,34.6306],[135.2388,34.6323],[135.2406,34.6331],[135.2404,34.6349],[135.2385,34.6353],[135.236,34.6418],[135.228,34.6399],[135.2272,34.6411],[135.2133,34.64],[135.2088,34.6338],[135.2092,34.6301]]],[[[134.517,34.6448],[134.5154,34.6596],[134.5008,34.6437],[134.517,34.6448]]],[[[134.4726,34.6452],[134.5001,34.644],[134.496,34.668],[134.4638,34.6642],[134.4585,34.6453],[134.4726,34.6452]]],[[[135.2072,34.6772],[135.2043,34.6562],[135.2452,34.6508],[135.2072,34.6772]]],[[[134.57,34.6538],[134.5898,34.669],[134.5691,34.6757],[134.57,34.6538]]],[[[134.5231,34.681],[134.5081,34.6773],[134.5419,34.6582],[134.5459,34.6798],[134.5231,34.681]]],[[[134.8806,34.6951],[134.8724,34.7004],[134.8649,34.7028],[134.8638,34.7007],[134.8704,34.6985],[134.869,34.6958],[134.8616,34.6971],[134.8572,34.692],[134.8776,34.6845],[134.8833,34.691],[134.8862,34.6895],[134.8806,34.6951]]],[[[135.3712,35.0453],[135.4043,35.0889],[135.388,35.0971],[135.3898,35.1288],[135.3425,35.1359],[135.3405,35.1501],[135.2878,35.1426],[135.2898,35.1718],[135.274,35.1773],[135.2062,35.1607],[135.1869,35.1732],[135.1971,35.203],[135.1548,35.2265],[135.1575,35.2611],[135.1088,35.2663],[135.0679,35.2374],[135.0568,35.2646],[134.9216,35.3151],[134.9336,35.4071],[134.9911,35.3856],[135.0492,35.4077],[135.0322,35.4972],[135.0452,35.5087],[135.03,35.5403],[134.9269,35.5125],[134.9146,35.5453],[134.8537,35.5891],[134.8739,35.6209],[134.8656,35.6592],[134.841,35.642],[134.7986,35.6705],[134.7675,35.6597],[134.7637,35.6747],[134.663,35.6482],[134.6638,35.6668],[134.6184,35.6394],[134.5398,35.6704],[134.4331,35.6205],[134.3699,35.6146],[134.4218,35.5625],[134.4127,35.5149],[134.4309,35.5025],[134.44,35.4429],[134.4801,35.427],[134.4723,35.3783],[134.5139,35.3535],[134.5019,35.3265],[134.5154,35.2773],[134.4635,35.2368],[134.4028,35.241],[134.3824,35.2216],[134.383,35.1944],[134.4118,35.186],[134.4116,35.152],[134.3674,35.147],[134.3503,35.091],[134.3189,35.0833],[134.3169,35.0435],[134.2644,35.0166],[134.2867,34.9961],[134.2541,34.9377],[134.2949,34.9041],[134.2628,34.8843],[134.2527,34.8519],[134.3348,34.7691],[134.313,34.7384],[134.3217,34.7219],[134.3636,34.7408],[134.3587,34.7585],[134.3741,34.7308],[134.4141,34.729],[134.4331,34.7662],[134.4639,34.7639],[134.4658,34.809],[134.4743,34.7552],[134.5274,34.7829],[134.57,34.7579],[134.6054,34.7795],[134.6239,34.7694],[134.6225,34.7838],[134.6439,34.7834],[134.6288,34.7639],[134.6456,34.7668],[134.6557,34.7885],[134.6504,34.7706],[134.6623,34.7842],[134.6675,34.7707],[134.745,34.7691],[134.8207,34.7286],[134.8089,34.7184],[134.8316,34.6982],[134.8444,34.7226],[134.8219,34.7308],[134.9668,34.645],[135.0456,34.6248],[135.1833,34.6494],[135.1901,34.6855],[135.3223,34.7258],[135.3486,34.7222],[135.3713,34.6808],[135.4012,34.6992],[135.3739,34.6786],[135.392,34.6801],[135.4603,34.7331],[135.416,34.8177],[135.4458,34.8972],[135.4187,34.9089],[135.4685,34.9263],[135.3464,34.9647],[135.3547,35.0248],[135.3302,35.0352],[135.3712,35.0453]]]]},"properties":{"iso3":"JPN","shapeId":"47310658B99690886618857","regionId":"JPN.13_1","name":"Hyogo"}},{"type":"Feature","geometry":{"type":"Polygon","coordinates":[[[135.4866,35.5579],[135.4494,35.526],[135.4762,35.5055],[135.4583,35.4683],[135.502,35.42],[135.5258,35.4204],[135.5276,35.3801],[135.7009,35.3437],[135.7596,35.3531],[135.8075,35.3854],[135.8137,35.4133],[135.8532,35.4115],[135.8647,35.3944],[135.8906,35.4032],[135.9396,35.5205],[135.9812,35.4866],[136.0043,35.491],[136.0265,35.5295],[136.1065,35.529],[136.1138,35.5829],[136.1698,35.5659],[136.1768,35.5984],[136.1345,35.6694],[136.1509,35.6982],[136.1911,35.7025],[136.2807,35.6586],[136.324,35.7167],[136.3279,35.7751],[136.3767,35.7952],[136.4857,35.7765],[136.5059,35.7503],[136.5228,35.7882],[136.5707,35.7774],[136.6452,35.8068],[136.6577,35.7835],[136.7234,35.8082],[136.7893,35.7994],[136.802,35.8437],[136.8323,35.8593],[136.8137,35.9109],[136.7839,35.9257],[136.7932,35.946],[136.7529,35.9565],[136.7522,35.9886],[136.7267,35.9959],[136.7328,36.0489],[136.765,36.0694],[136.7543,36.0863],[136.6623,36.0676],[136.5598,36.1532],[136.488,36.1591],[136.4566,36.1363],[136.4093,36.1722],[136.358,36.1651],[136.3357,36.1849],[136.3323,36.2298],[136.2441,36.2953],[136.1702,36.2519],[136.1233,36.2501],[136.1299,36.1924],[136.1079,36.1736],[136.1128,36.2053],[136.0922,36.1522],[136.0279,36.0958],[136.0107,36.0336],[135.9577,35.9825],[135.9974,35.9348],[135.9933,35.8876],[136.1003,35.7783],[136.0723,35.6607],[136.0457,35.6577],[136.0255,35.6803],[136.0444,35.7055],[136.0175,35.7641],[135.9542,35.722],[135.9757,35.6977],[135.9632,35.657],[135.9861,35.6425],[135.9782,35.6276],[135.8678,35.6081],[135.8147,35.6422],[135.8388,35.6208],[135.8319,35.6033],[135.8556,35.6004],[135.8387,35.5627],[135.8014,35.5713],[135.8337,35.5358],[135.7984,35.525],[135.7659,35.5573],[135.7571,35.5433],[135.7499,35.5666],[135.7146,35.5699],[135.6886,35.5462],[135.7168,35.5407],[135.7179,35.5197],[135.765,35.5339],[135.7157,35.4835],[135.5812,35.4896],[135.6268,35.4887],[135.6423,35.507],[135.631,35.5222],[135.6694,35.5246],[135.6609,35.5477],[135.5746,35.4928],[135.5258,35.4914],[135.5072,35.5064],[135.5164,35.5513],[135.499,35.5537],[135.5043,35.5226],[135.4686,35.5303],[135.4866,35.5579]]]},"properties":{"iso3":"JPN","shapeId":"47310658B56113460554138","regionId":"JPN.6_1","name":"Fukui"}},{"type":"Feature","geometry":{"type":"Polygon","coordinates":[[[135.7688,35.356],[135.8296,35.2767],[135.8608,35.283],[135.8293,35.2203],[135.8568,35.1536],[135.8349,35.0556],[135.8148,35.0452],[135.8345,35.0221],[135.8202,35.0152],[135.8366,35.0012],[135.8269,34.9912],[135.8493,34.9917],[135.8787,34.947],[135.8629,34.9034],[135.885,34.8755],[135.941,34.8937],[135.9464,34.8516],[136.004,34.8443],[136.0279,34.8217],[136.0112,34.7959],[136.0281,34.7906],[136.0906,34.8122],[136.0861,34.8376],[136.1264,34.8619],[136.0856,34.8772],[136.1108,34.9019],[136.2507,34.8577],[136.366,34.9049],[136.3727,34.9423],[136.4158,34.9805],[136.4178,35.0495],[136.4416,35.0663],[136.4356,35.1308],[136.4546,35.1621],[136.4087,35.1872],[136.4151,35.2177],[136.3773,35.2433],[136.397,35.2577],[136.391,35.29],[136.4223,35.3484],[136.412,35.3701],[136.4444,35.3894],[136.4118,35.4186],[136.4205,35.466],[136.3867,35.4888],[136.4004,35.5301],[136.3728,35.5597],[136.346,35.5361],[136.3175,35.5474],[136.3237,35.6164],[136.2886,35.6206],[136.2805,35.6613],[136.1911,35.7025],[136.1509,35.6982],[136.1345,35.6694],[136.1768,35.5984],[136.1698,35.5659],[136.1138,35.5829],[136.1065,35.529],[136.0265,35.5295],[136.0043,35.491],[135.9812,35.4866],[135.9396,35.5205],[135.8906,35.4032],[135.8647,35.3944],[135.8532,35.4115],[135.8137,35.4133],[135.8075,35.3854],[135.7688,35.356]]]},"properties":{"iso3":"JPN","shapeId":"47310658B66619598690773","regionId":"JPN.36_1","name":"Shiga"}},{"type":"Feature","geometry":{"type":"Polygon","coordinates":[[[135.6511,34.3832],[135.6727,34.2816],[135.7162,34.2656],[135.7302,34.2284],[135.708,34.2082],[135.6481,34.219],[135.6219,34.1584],[135.5903,34.1487],[135.5784,34.1158],[135.5463,34.0981],[135.5398,34.0752],[135.5805,34.0579],[135.5938,34.013],[135.6222,34.0097],[135.6387,33.9851],[135.6372,33.9506],[135.6169,33.9538],[135.6011,33.9026],[135.6229,33.898],[135.618,33.8721],[135.686,33.904],[135.7561,33.8852],[135.8163,33.9056],[135.8513,33.8943],[135.8722,33.859],[135.8827,33.8789],[135.8611,33.8871],[135.8659,33.9221],[135.8851,33.9069],[135.9091,33.9185],[135.8924,33.9458],[135.9266,33.9814],[135.975,33.9861],[136.0375,34.0409],[136.1041,34.0258],[136.0933,34.0829],[136.1187,34.0824],[136.0994,34.1189],[136.1147,34.16],[136.0927,34.1902],[136.1318,34.2519],[136.0949,34.3015],[136.1295,34.3162],[136.0691,34.3943],[136.0959,34.4352],[136.2062,34.4487],[136.2299,34.4929],[136.2152,34.529],[136.1675,34.52],[136.1555,34.5597],[136.1143,34.5459],[136.0498,34.5802],[136.0736,34.6348],[136.0396,34.6614],[136.0644,34.6519],[136.0865,34.6753],[136.0537,34.7045],[136.0711,34.7148],[136.0555,34.7386],[136.0139,34.7078],[135.9863,34.7152],[135.9761,34.7411],[135.9256,34.7403],[135.9244,34.7577],[135.8902,34.7083],[135.8492,34.706],[135.7555,34.7275],[135.7119,34.7814],[135.6501,34.6078],[135.6817,34.5849],[135.6503,34.5441],[135.6771,34.5252],[135.687,34.4515],[135.6643,34.4232],[135.6762,34.4002],[135.6511,34.3832]]]},"properties":{"iso3":"JPN","shapeId":"47310658B6129583352403","regionId":"JPN.28_1","name":"Nara"}},{"type":"Feature","geometry":{"type":"Polygon","coordinates":[[[136.2807,35.6586],[136.2886,35.6206],[136.3237,35.6164],[136.3175,35.5474],[136.346,35.5361],[136.3728,35.5597],[136.4004,35.5301],[136.3867,35.4888],[136.4205,35.466],[136.4118,35.4186],[136.4444,35.3894],[136.412,35.3701],[136.4223,35.3484],[136.391,35.29],[136.397,35.2577],[136.3773,35.2433],[136.4422,35.2171],[136.5342,35.2571],[136.5474,35.2203],[136.6238,35.1458],[136.6452,35.1446],[136.6464,35.1658],[136.6728,35.1348],[136.6781,35.2422],[136.7619,35.3611],[136.834,35.3559],[136.9221,35.3792],[136.9687,35.4221],[136.9932,35.4242],[136.9783,35.4032],[137.047,35.3661],[137.0472,35.3368],[137.0682,35.3357],[137.0813,35.2922],[137.1652,35.2834],[137.1865,35.2531],[137.3081,35.2912],[137.4298,35.2229],[137.5189,35.2833],[137.5618,35.2832],[137.557,35.3099],[137.6039,35.3332],[137.5985,35.379],[137.5752,35.4],[137.6349,35.4012],[137.593,35.447],[137.6317,35.47],[137.6316,35.5099],[137.5739,35.5447],[137.5713,35.5842],[137.5376,35.5845],[137.5138,35.608],[137.5454,35.6511],[137.4972,35.6885],[137.4648,35.7564],[137.3933,35.7777],[137.3918,35.7986],[137.3246,35.812],[137.3808,35.8924],[137.4349,35.9055],[137.4765,35.8942],[137.5435,35.9829],[137.5948,36.0129],[137.6139,36.0764],[137.5502,36.1129],[137.5547,36.1402],[137.5951,36.172],[137.5731,36.2187],[137.6478,36.2891],[137.6454,36.3417],[137.5871,36.372],[137.5873,36.3898],[137.5409,36.3914],[137.5115,36.4237],[137.4453,36.413],[137.4039,36.4271],[137.3899,36.4599],[137.3129,36.4253],[137.317,36.4608],[137.2785,36.465],[137.2056,36.4276],[137.1917,36.4552],[137.1607,36.4566],[137.0949,36.384],[137.0594,36.3734],[137.0515,36.3281],[136.9753,36.2744],[136.9577,36.2779],[136.9733,36.3099],[136.9549,36.3394],[136.9075,36.3608],[136.8748,36.3428],[136.8712,36.3676],[136.8651,36.3497],[136.8371,36.3472],[136.8324,36.3068],[136.7923,36.2992],[136.8518,36.2471],[136.7984,36.1726],[136.7664,36.1626],[136.7808,36.1417],[136.7562,36.0991],[136.765,36.0694],[136.7328,36.0489],[136.7267,35.9959],[136.7522,35.9886],[136.7529,35.9565],[136.7932,35.946],[136.7839,35.9257],[136.8137,35.9109],[136.8323,35.8593],[136.802,35.8437],[136.7893,35.7994],[136.7234,35.8082],[136.6577,35.7835],[136.6452,35.8068],[136.5707,35.7774],[136.5228,35.7882],[136.5059,35.7503],[136.4857,35.7765],[136.3767,35.7952],[136.3279,35.7751],[136.324,35.7167],[136.2807,35.6586]]]},"properties":{"iso3":"JPN","shapeId":"47310658B28580642450327","regionId":"JPN.9_1","name":"Gifu"}},{"type":"Feature","geometry":{"type":"MultiPolygon","coordinates":[[[[136.8897,34.5343],[136.846,34.5078],[136.904,34.5195],[136.8897,34.5343]]],[[[136.765,34.2774],[136.7498,34.2699],[136.802,34.2527],[136.8475,34.2467],[136.8614,34.2622],[136.765,34.2774]]],[[[136.8939,34.4971],[136.8736,34.4834],[136.8884,34.4766],[136.9099,34.5012],[136.8939,34.4971]]],[[[136.0223,34.7916],[136.0286,34.7575],[136.0681,34.7238],[136.0537,34.7045],[136.0865,34.6753],[136.0644,34.6519],[136.0396,34.6614],[136.0736,34.6348],[136.0498,34.5802],[136.1143,34.5459],[136.1555,34.5597],[136.1675,34.52],[136.2152,34.529],[136.2299,34.4929],[136.2062,34.4487],[136.0959,34.4352],[136.0691,34.3943],[136.1295,34.3162],[136.0949,34.3015],[136.1318,34.2519],[136.0927,34.1902],[136.1147,34.16],[136.0994,34.1189],[136.1187,34.0824],[136.0933,34.0829],[136.1041,34.0258],[136.0184,34.0358],[135.9953,34.0007],[136.0119,33.9668],[135.9772,33.9666],[135.9679,33.9283],[135.9291,33.9414],[135.9174,33.9235],[135.9336,33.9175],[135.8939,33.9203],[135.8789,33.9088],[135.8976,33.8697],[135.8668,33.86],[135.8621,33.8765],[135.8533,33.8623],[135.856,33.8193],[135.9384,33.7571],[135.9418,33.735],[135.9764,33.7233],[135.9795,33.7369],[136.0181,33.7296],[136.0783,33.8597],[136.1187,33.8994],[136.1307,33.885],[136.1492,33.8973],[136.1495,33.931],[136.1797,33.9128],[136.1988,33.9202],[136.1818,33.9395],[136.2131,33.9309],[136.2315,33.9461],[136.2219,33.9743],[136.1916,33.9711],[136.2154,33.9833],[136.2108,33.9994],[136.2516,33.9852],[136.2378,33.9692],[136.2722,33.9725],[136.2569,33.9978],[136.2729,34.0048],[136.2421,34.0145],[136.2811,34.0226],[136.2447,34.0382],[136.2526,34.062],[136.2009,34.076],[136.2365,34.0867],[136.2276,34.1],[136.2684,34.129],[136.25,34.0938],[136.2978,34.0866],[136.3156,34.1154],[136.2842,34.1179],[136.2778,34.1608],[136.3345,34.1812],[136.3413,34.2],[136.3222,34.1961],[136.353,34.2122],[136.364,34.1891],[136.3903,34.219],[136.3988,34.2027],[136.4524,34.2195],[136.4553,34.2427],[136.4399,34.2473],[136.4661,34.2572],[136.4641,34.2312],[136.508,34.2292],[136.4847,34.2396],[136.5049,34.2431],[136.5007,34.2591],[136.5192,34.2405],[136.5057,34.279],[136.5307,34.2732],[136.526,34.2593],[136.5411,34.2784],[136.5483,34.2498],[136.549,34.2826],[136.5909,34.2949],[136.5956,34.2815],[136.5709,34.275],[136.6052,34.2584],[136.6775,34.3155],[136.6369,34.3088],[136.6726,34.3242],[136.6619,34.3457],[136.6911,34.3454],[136.6832,34.3236],[136.692,34.3479],[136.7266,34.3433],[136.694,34.3191],[136.6871,34.2841],[136.7218,34.3044],[136.7638,34.2924],[136.7624,34.3159],[136.7987,34.2899],[136.8116,34.2984],[136.792,34.309],[136.8111,34.328],[136.8056,34.3082],[136.8478,34.3142],[136.8268,34.3011],[136.8665,34.2886],[136.8337,34.2916],[136.8329,34.2703],[136.8548,34.2813],[136.8686,34.262],[136.9018,34.2783],[136.8775,34.3341],[136.9092,34.3652],[136.8668,34.3427],[136.864,34.3646],[136.8264,34.3527],[136.8125,34.3676],[136.8578,34.3637],[136.8881,34.3926],[136.9126,34.3758],[136.9282,34.4133],[136.911,34.4557],[136.8758,34.4287],[136.8849,34.45],[136.8643,34.4608],[136.8772,34.4745],[136.8459,34.4773],[136.8328,34.5061],[136.8151,34.4848],[136.81,34.5082],[136.6679,34.5575],[136.6301,34.5979],[136.5271,34.6105],[136.5575,34.6714],[136.5226,34.6866],[136.5308,34.7447],[136.6258,34.8684],[136.6448,34.9342],[136.6668,34.9369],[136.6338,34.9489],[136.6505,34.9915],[136.6675,34.9733],[136.6753,35.0021],[136.6517,34.9931],[136.6656,35.0056],[136.7399,35.0326],[136.7727,35.0244],[136.7501,35.0802],[136.6555,35.1613],[136.6452,35.1446],[136.6156,35.1499],[136.5342,35.2571],[136.506,35.2351],[136.416,35.2203],[136.4087,35.1872],[136.4546,35.1621],[136.4356,35.1308],[136.4416,35.0663],[136.4178,35.0495],[136.4158,34.9805],[136.3727,34.9423],[136.366,34.9049],[136.2507,34.8577],[136.1108,34.9019],[136.0856,34.8772],[136.1264,34.8619],[136.0861,34.8376],[136.0906,34.8122],[136.0223,34.7916]]]]},"properties":{"iso3":"JPN","shapeId":"47310658B36253982271084","regionId":"JPN.23_1","name":"Mie"}},{"type":"Feature","geometry":{"type":"MultiPolygon","coordinates":[[[[135.8349,33.4547],[135.863,33.4726],[135.8003,33.4742],[135.8349,33.4547]]],[[[135.0001,34.2822],[134.9989,34.2797],[135.0025,34.2792],[135.0046,34.2767],[135.0068,34.2775],[135.011,34.2759],[135.0119,34.2794],[135.0162,34.2797],[135.0179,34.2847],[135.0202,34.2857],[135.0206,34.291],[135.024,34.2926],[135.0261,34.2909],[135.0275,34.2934],[135.0199,34.293],[135.0126,34.2838],[135.0038,34.2848],[135.0001,34.2822]]],[[[135.8748,33.8616],[135.9013,33.8854],[135.8853,33.8839],[135.8659,33.9221],[135.8748,33.8616]]],[[[135.0929,34.3121],[135.0742,34.3054],[135.0615,34.2633],[135.1327,34.2299],[135.1003,34.2358],[135.1105,34.2269],[135.1449,34.2271],[135.1403,34.1879],[135.1804,34.1694],[135.1801,34.1872],[135.1842,34.1484],[135.2115,34.1489],[135.1256,34.1367],[135.146,34.1108],[135.1156,34.1199],[135.0951,34.0918],[135.1055,34.0818],[135.0785,34.0741],[135.1353,34.0652],[135.1715,34.0278],[135.0677,33.977],[135.0791,33.956],[135.1181,33.9602],[135.0647,33.9272],[135.0832,33.9102],[135.0589,33.9049],[135.0577,33.8798],[135.1411,33.8853],[135.2348,33.7816],[135.3138,33.7691],[135.3273,33.7421],[135.3567,33.7409],[135.3525,33.7246],[135.3996,33.7224],[135.3778,33.6828],[135.3357,33.6953],[135.3296,33.6705],[135.3915,33.6426],[135.3877,33.5994],[135.4045,33.5786],[135.5924,33.498],[135.6297,33.5091],[135.7005,33.4944],[135.7087,33.4779],[135.766,33.482],[135.7765,33.4626],[135.7508,33.4511],[135.7626,33.4331],[135.798,33.4453],[135.7812,33.4633],[135.7988,33.4993],[135.9598,33.5821],[135.9621,33.5952],[135.9262,33.6048],[135.9537,33.622],[135.9371,33.6427],[135.9858,33.6551],[135.9717,33.6726],[136.0116,33.7237],[135.9418,33.735],[135.9384,33.7571],[135.8635,33.8109],[135.8513,33.8943],[135.8086,33.9065],[135.7561,33.8852],[135.686,33.904],[135.618,33.8721],[135.6229,33.898],[135.6011,33.9026],[135.6169,33.9538],[135.6372,33.9506],[135.6387,33.9851],[135.6222,34.0097],[135.5938,34.013],[135.5805,34.0579],[135.5398,34.0752],[135.5463,34.0981],[135.5784,34.1158],[135.5903,34.1487],[135.6219,34.1584],[135.6481,34.219],[135.708,34.2082],[135.7302,34.2284],[135.7162,34.2656],[135.6727,34.2816],[135.6511,34.3832],[135.5771,34.376],[135.5078,34.3365],[135.4854,34.3628],[135.397,34.3304],[135.3382,34.3353],[135.2934,34.2993],[135.2828,34.3179],[135.208,34.3082],[135.2051,34.2883],[135.1538,34.2743],[135.1114,34.2718],[135.0929,34.3121]]],[[[135.9091,33.9185],[135.9336,33.9175],[135.9174,33.9235],[135.9291,33.9414],[135.9679,33.9283],[135.9772,33.9666],[136.0119,33.9668],[135.9953,34.0007],[136.0069,34.0078],[135.9159,33.9728],[135.8924,33.9458],[135.9091,33.9185]]],[[[135.0487,34.299],[135.0472,34.2975],[135.0456,34.2986],[135.037,34.2985],[135.0325,34.2952],[135.0438,34.2919],[135.0603,34.2976],[135.0562,34.2992],[135.0487,34.299]]]]},"properties":{"iso3":"JPN","shapeId":"47310658B18585040133157","regionId":"JPN.44_1","name":"Wakayama"}},{"type":"Feature","geometry":{"type":"MultiPolygon","coordinates":[[[[141.4542,24.2385],[141.455,24.2254],[141.472,24.233],[141.4542,24.2385]]],[[[153.9849,24.2919],[153.984,24.2975],[153.9711,24.2848],[153.9856,24.2813],[153.9866,24.2834],[153.9849,24.2919]]],[[[141.3282,24.8118],[141.2859,24.7887],[141.2848,24.7457],[141.3463,24.7789],[141.3282,24.8118]]],[[[141.2911,25.4237],[141.2821,25.4489],[141.2734,25.4232],[141.2911,25.4237]]],[[[142.1596,26.5567],[142.1613,26.5594],[142.1607,26.5613],[142.1561,26.5624],[142.1557,26.5647],[142.1528,26.5643],[142.1516,26.5623],[142.1536,26.5597],[142.1521,26.5586],[142.1532,26.5557],[142.1551,26.5549],[142.1533,26.5541],[142.1552,26.5503],[142.1526,26.5473],[142.1521,26.5485],[142.1508,26.548],[142.1513,26.5466],[142.1534,26.5467],[142.1545,26.5437],[142.157,26.5432],[142.1579,26.5469],[142.1609,26.5481],[142.1596,26.5567]]],[[[142.2071,26.5545],[142.2153,26.5568],[142.2183,26.5632],[142.2125,26.5645],[142.206,26.5617],[142.2032,26.5621],[142.2043,26.56],[142.2016,26.5567],[142.2016,26.5535],[142.2071,26.5545]]],[[[142.1335,26.6072],[142.1328,26.6101],[142.1308,26.6107],[142.1298,26.6087],[142.1272,26.6104],[142.1258,26.6095],[142.1262,26.6076],[142.1234,26.6071],[142.1227,26.6037],[142.1251,26.6036],[142.1266,26.6014],[142.1254,26.6004],[142.1275,26.5996],[142.1257,26.5985],[142.1253,26.5956],[142.1272,26.5959],[142.1278,26.5982],[142.129,26.595],[142.1335,26.5968],[142.1359,26.6014],[142.1335,26.6072]]],[[[142.145,26.6749],[142.1785,26.6075],[142.1712,26.6431],[142.1891,26.6594],[142.1642,26.6602],[142.1685,26.6899],[142.1466,26.6851],[142.165,26.7024],[142.1234,26.7142],[142.145,26.6749]]],[[[142.184,27.0704],[142.1862,27.0397],[142.2297,27.0362],[142.2187,27.1011],[142.1833,27.1034],[142.2084,27.0835],[142.184,27.0704]]],[[[142.2017,27.1144],[142.2361,27.1118],[142.1912,27.1442],[142.2017,27.1144]]],[[[142.185,27.1451],[142.2021,27.1664],[142.1891,27.1901],[142.185,27.1451]]],[[[140.8735,27.2544],[140.8704,27.2504],[140.8732,27.2472],[140.8728,27.24],[140.8786,27.2382],[140.8865,27.2399],[140.8879,27.244],[140.8864,27.252],[140.8829,27.2522],[140.8801,27.2542],[140.8735,27.2544]]],[[[142.1787,27.6309],[142.1782,27.6337],[142.176,27.6339],[142.1751,27.6359],[142.173,27.633],[142.1698,27.6342],[142.1729,27.6293],[142.1715,27.6268],[142.1757,27.6234],[142.175,27.622],[142.1772,27.6232],[142.1777,27.6265],[142.1804,27.6227],[142.1818,27.6219],[142.1818,27.6233],[142.1855,27.6195],[142.1875,27.6221],[142.1858,27.6228],[142.1858,27.6266],[142.1842,27.6271],[142.1831,27.6304],[142.1787,27.6309]]],[[[142.1251,27.6856],[142.1239,27.6835],[142.1265,27.684],[142.1311,27.6784],[142.1317,27.6797],[142.1331,27.6789],[142.133,27.681],[142.1346,27.6817],[142.1354,27.6801],[142.1388,27.679],[142.1381,27.6769],[142.1395,27.6761],[142.1378,27.6744],[142.1394,27.6721],[142.1416,27.6728],[142.1409,27.6715],[142.1456,27.6706],[142.1485,27.6729],[142.1482,27.6834],[142.1432,27.6864],[142.1425,27.6889],[142.1401,27.6886],[142.1403,27.6867],[142.1387,27.6856],[142.1362,27.6874],[142.1326,27.6856],[142.133,27.6889],[142.1311,27.6893],[142.1253,27.6871],[142.1251,27.6856]]],[[[140.3135,30.4836],[140.3144,30.487],[140.313,30.4894],[140.3071,30.4951],[140.3037,30.496],[140.2937,30.4937],[140.2863,30.4847],[140.2904,30.4788],[140.2982,30.4729],[140.3089,30.4746],[140.3138,30.4818],[140.3135,30.4836]]],[[[139.7606,32.4725],[139.7546,32.4513],[139.7801,32.4483],[139.7606,32.4725]]],[[[139.8306,33.0469],[139.839,33.0752],[139.8587,33.0792],[139.8466,33.117],[139.7723,33.1589],[139.7432,33.1538],[139.7537,33.1051],[139.7795,33.1008],[139.7836,33.0701],[139.8306,33.0469]]],[[[139.7007,33.1174],[139.6973,33.1277],[139.6899,33.1313],[139.6873,33.136],[139.6831,33.1366],[139.679,33.1342],[139.6767,33.1364],[139.6753,33.1334],[139.6766,33.132],[139.6751,33.1308],[139.6809,33.1256],[139.6842,33.1181],[139.6888,33.1162],[139.6958,33.1174],[139.6986,33.1155],[139.7007,33.1174]]],[[[139.5965,33.8546],[139.632,33.8698],[139.6047,33.9011],[139.5768,33.8793],[139.5965,33.8546]]],[[[139.4926,34.1017],[139.4731,34.0775],[139.5019,34.0451],[139.5319,34.0466],[139.568,34.0804],[139.5398,34.1243],[139.4937,34.1196],[139.4926,34.1017]]],[[[139.1309,34.185],[139.1753,34.2045],[139.1677,34.2341],[139.1376,34.2424],[139.1194,34.1939],[139.1309,34.185]]],[[[139.2186,34.3209],[139.2129,34.3369],[139.1941,34.32],[139.2186,34.3209]]],[[[139.2677,34.5243],[139.2774,34.511],[139.2931,34.5246],[139.2677,34.5243]]],[[[139.3945,34.6869],[139.4426,34.6812],[139.449,34.7415],[139.4233,34.7811],[139.3605,34.7991],[139.3525,34.7188],[139.3945,34.6869]]],[[[139.2432,34.3653],[139.2724,34.3299],[139.2876,34.4281],[139.2432,34.3653]]],[[[139.8121,35.6029],[139.7933,35.5928],[139.8322,35.5889],[139.8121,35.6029]]],[[[139.7905,35.5958],[139.7916,35.5939],[139.819,35.6088],[139.8106,35.6132],[139.7985,35.6068],[139.7905,35.5958]]],[[[139.7901,35.6062],[139.7926,35.6096],[139.781,35.6239],[139.785,35.6264],[139.7765,35.6363],[139.7714,35.6343],[139.7708,35.6331],[139.7727,35.6325],[139.7751,35.6346],[139.777,35.6317],[139.7676,35.6258],[139.7677,35.6221],[139.7706,35.6187],[139.7735,35.6203],[139.7729,35.6185],[139.7751,35.6162],[139.7731,35.6153],[139.7751,35.6161],[139.7867,35.6018],[139.7901,35.6062]]],[[[139.8339,35.6146],[139.8401,35.6321],[139.8259,35.6307],[139.8339,35.6146]]],[[[139.7714,35.5751],[139.7577,35.5744],[139.7585,35.5684],[139.7656,35.5649],[139.7738,35.5746],[139.7714,35.5751]]],[[[139.8934,35.7835],[139.7675,35.8175],[139.738,35.7802],[139.6534,35.8002],[139.623,35.7669],[139.5888,35.7785],[139.5472,35.7534],[139.5477,35.7742],[139.5164,35.7656],[139.543,35.7798],[139.5417,35.8073],[139.4968,35.7782],[139.3921,35.7633],[139.3699,35.7917],[139.3252,35.7956],[139.3009,35.835],[139.1924,35.8403],[139.024,35.8973],[138.9429,35.8602],[139.0248,35.7197],[139.1616,35.6679],[139.1791,35.6456],[139.2115,35.6491],[139.2522,35.6017],[139.2857,35.6129],[139.3998,35.5844],[139.4687,35.502],[139.4878,35.5279],[139.4733,35.5769],[139.4898,35.5843],[139.491,35.5614],[139.5076,35.5751],[139.4493,35.6118],[139.463,35.6248],[139.4997,35.6054],[139.5255,35.6427],[139.6645,35.5895],[139.7022,35.537],[139.7569,35.5445],[139.8025,35.5209],[139.8263,35.5416],[139.8068,35.5312],[139.7855,35.5705],[139.742,35.5703],[139.7874,35.5795],[139.7688,35.5822],[139.7526,35.6344],[139.761,35.6519],[139.7988,35.6218],[139.8065,35.6403],[139.8835,35.6451],[139.8869,35.6793],[139.919,35.6991],[139.8795,35.7675],[139.8934,35.7835]]]]},"properties":{"iso3":"JPN","shapeId":"47310658B199342310790","regionId":"JPN.41_1","name":"Tokyo"}},{"type":"Feature","geometry":{"type":"MultiPolygon","coordinates":[[[[130.3075,33.6305],[130.3077,33.6352],[130.3041,33.6379],[130.3003,33.6376],[130.2982,33.6352],[130.2993,33.6239],[130.2945,33.6169],[130.2949,33.613],[130.2995,33.6071],[130.3027,33.6068],[130.3084,33.6088],[130.3106,33.611],[130.3089,33.6117],[130.311,33.6123],[130.3112,33.6111],[130.3123,33.6148],[130.3144,33.6153],[130.3136,33.6229],[130.3075,33.6305]]],[[[130.4092,33.6701],[130.3968,33.658],[130.4281,33.6642],[130.4092,33.6701]]],[[[130.225,33.6928],[130.2247,33.6905],[130.2273,33.6867],[130.2334,33.6814],[130.2328,33.6827],[130.2351,33.6821],[130.2352,33.6831],[130.2376,33.6839],[130.2379,33.6827],[130.235,33.6812],[130.2373,33.6816],[130.2372,33.6823],[130.238,33.6826],[130.2383,33.6834],[130.2378,33.6891],[130.2358,33.6925],[130.2291,33.6948],[130.225,33.6928]]],[[[130.3653,33.7589],[130.3678,33.7612],[130.3765,33.7598],[130.3785,33.7581],[130.3811,33.7596],[130.378,33.7596],[130.3767,33.7623],[130.3723,33.765],[130.3634,33.7672],[130.3593,33.7626],[130.3593,33.7595],[130.3624,33.7554],[130.3647,33.7549],[130.3643,33.7581],[130.3654,33.7584],[130.3651,33.7573],[130.3668,33.7596],[130.3653,33.7589]]],[[[130.7243,34.0133],[130.7258,34.0099],[130.7287,34.0087],[130.7282,34.0073],[130.7343,34.0059],[130.7376,34.0149],[130.7316,34.0164],[130.727,34.0156],[130.726,34.0189],[130.7239,34.0191],[130.722,34.0172],[130.7243,34.0133]]],[[[131.1868,33.6183],[131.0934,33.6237],[131.0114,33.7312],[131.019,33.7467],[131.0005,33.7572],[131.0177,33.7681],[130.9926,33.7743],[131.002,33.7951],[130.9852,33.7848],[130.9962,33.8099],[131.0219,33.8033],[131.0118,33.8196],[130.9665,33.8095],[130.9568,33.8295],[130.9934,33.851],[130.9982,33.8683],[130.9821,33.8671],[131.0047,33.8916],[130.9872,33.8999],[131.0158,33.9195],[131.0002,33.926],[131.02,33.9624],[130.9628,33.9622],[130.9318,33.9079],[130.8915,33.8876],[130.8776,33.8895],[130.8877,33.902],[130.8632,33.896],[130.8841,33.9052],[130.8719,33.9159],[130.8482,33.9054],[130.8692,33.9175],[130.8505,33.9149],[130.857,33.9289],[130.8251,33.9206],[130.8001,33.8739],[130.8032,33.8915],[130.7412,33.8749],[130.8145,33.9023],[130.8074,33.9315],[130.7535,33.9197],[130.7688,33.9473],[130.7358,33.9266],[130.683,33.9376],[130.6573,33.9097],[130.6734,33.891],[130.5909,33.8778],[130.5252,33.8901],[130.5176,33.8603],[130.4773,33.8577],[130.4724,33.8173],[130.4439,33.8149],[130.4503,33.7848],[130.4673,33.8047],[130.4636,33.7451],[130.3881,33.6795],[130.3243,33.6601],[130.2902,33.6874],[130.2987,33.6603],[130.3569,33.6434],[130.3679,33.6649],[130.4301,33.6871],[130.4345,33.6623],[130.405,33.6522],[130.4221,33.6473],[130.3995,33.6006],[130.2738,33.5824],[130.2452,33.5955],[130.2749,33.61],[130.2323,33.6163],[130.237,33.6491],[130.2078,33.667],[130.1992,33.6405],[130.157,33.6284],[130.1471,33.5955],[130.0876,33.5819],[130.0982,33.5642],[130.137,33.5675],[130.1156,33.5464],[130.164,33.5611],[130.1541,33.5372],[130.1242,33.5256],[130.1266,33.5101],[130.0454,33.4963],[130.0396,33.4698],[130.275,33.4797],[130.3967,33.4274],[130.411,33.395],[130.4766,33.4385],[130.5358,33.4401],[130.536,33.343],[130.4796,33.3306],[130.4894,33.3159],[130.456,33.3014],[130.468,33.2873],[130.4497,33.2651],[130.431,33.2923],[130.4134,33.2513],[130.3892,33.2578],[130.3698,33.2381],[130.3784,33.2213],[130.3396,33.2045],[130.3558,33.1405],[130.3774,33.1423],[130.3729,33.1202],[130.4252,33.0528],[130.4079,33.0172],[130.4236,33.0119],[130.3967,33.0],[130.506,33.0027],[130.4967,33.0518],[130.5656,33.0871],[130.5769,33.115],[130.6596,33.1095],[130.68,33.1713],[130.6921,33.1515],[130.7324,33.1545],[130.7709,33.1243],[130.8533,33.1091],[130.8875,33.1865],[130.8365,33.2106],[130.8594,33.2295],[130.8263,33.2368],[130.8287,33.2575],[130.868,33.2641],[130.8521,33.2775],[130.8663,33.2921],[130.8573,33.3269],[130.8353,33.3435],[130.8864,33.3797],[130.8949,33.4462],[130.9729,33.5055],[131.0296,33.5189],[131.1773,33.5072],[131.1663,33.5274],[131.1885,33.5478],[131.1723,33.583],[131.1868,33.6183]]],[[[131.0274,33.8435],[131.0415,33.821],[131.0343,33.8579],[131.0274,33.8435]]],[[[130.4297,33.8872],[130.4461,33.9149],[130.4081,33.9113],[130.4297,33.8872]]],[[[130.7814,33.9405],[130.7841,33.9405],[130.7841,33.935],[130.8099,33.9326],[130.8122,33.9313],[130.8144,33.9342],[130.8223,33.9303],[130.8451,33.9392],[130.8324,33.9498],[130.8143,33.9434],[130.812,33.9478],[130.8097,33.947],[130.8085,33.9493],[130.7998,33.9461],[130.7774,33.9461],[130.7774,33.9404],[130.7814,33.9405]]],[[[130.4952,33.9038],[130.4954,33.898],[130.4979,33.8989],[130.5001,33.8955],[130.5021,33.895],[130.5021,33.8964],[130.5042,33.8952],[130.5054,33.8971],[130.5086,33.896],[130.5064,33.901],[130.499,33.9064],[130.4967,33.9121],[130.4887,33.9135],[130.4858,33.9112],[130.4909,33.908],[130.492,33.9043],[130.494,33.9055],[130.4952,33.9038]]]]},"properties":{"iso3":"JPN","shapeId":"47310658B84955483384411","regionId":"JPN.7_1","name":"Fukuoka"}},{"type":"Feature","geometry":{"type":"MultiPolygon","coordinates":[[[[139.8934,35.7835],[139.9003,35.8642],[139.8257,35.9728],[139.8147,36.0377],[139.7762,36.0908],[139.7298,36.0878],[139.6943,36.1905],[139.6621,36.2145],[139.6249,36.1866],[139.5878,36.2104],[139.4619,36.1896],[139.3593,36.2532],[139.3212,36.2366],[139.2441,36.2444],[139.1297,36.2834],[139.0634,36.1963],[139.0624,36.1533],[139.0415,36.1275],[138.9584,36.1242],[138.9451,36.0946],[138.8648,36.0773],[138.8284,36.0373],[138.7544,36.0345],[138.7125,35.9853],[138.7393,35.9391],[138.7344,35.904],[138.7793,35.8999],[138.8136,35.8624],[138.8559,35.8651],[138.8922,35.8398],[139.0188,35.8984],[139.1924,35.8403],[139.3009,35.835],[139.3252,35.7956],[139.3699,35.7917],[139.3921,35.7633],[139.4968,35.7782],[139.5417,35.8073],[139.543,35.7798],[139.5164,35.7656],[139.5477,35.7742],[139.5472,35.7534],[139.5888,35.7785],[139.623,35.7669],[139.6534,35.8002],[139.738,35.7802],[139.7675,35.8175],[139.8934,35.7835]]],[[[139.2616,36.2442],[139.2637,36.2437],[139.264,36.2448],[139.2622,36.2455],[139.2616,36.2442]]]]},"properties":{"iso3":"JPN","shapeId":"47310658B92659408322453","regionId":"JPN.35_1","name":"Saitama"}},{"type":"Feature","geometry":{"type":"Polygon","coordinates":[[[139.6808,37.847],[139.7146,37.8529],[139.7415,37.8177],[139.6579,37.755],[139.6272,37.6883],[139.5493,37.649],[139.5851,37.5129],[139.4292,37.5147],[139.3975,37.4598],[139.3625,37.47],[139.2236,37.4492],[139.1974,37.4111],[139.2315,37.3879],[139.2336,37.3436],[139.2123,37.2862],[139.1647,37.2374],[139.1966,37.194],[139.2207,37.2092],[139.2538,37.165],[139.2351,37.1105],[139.2603,37.0477],[139.2434,37.0151],[139.2499,36.9558],[139.2299,36.94],[139.2408,36.9293],[139.2661,36.9412],[139.3933,36.9108],[139.4303,36.9259],[139.4612,36.9707],[139.5353,36.9806],[139.6733,37.0577],[139.7518,37.0702],[139.7749,37.0919],[139.8221,37.0851],[139.815,37.1166],[139.8318,37.1336],[139.9024,37.1543],[140.0232,37.1433],[140.1374,37.1064],[140.1934,37.0651],[140.2031,37.024],[140.2494,37.0256],[140.2406,36.9462],[140.3652,36.8843],[140.377,36.8381],[140.4385,36.8215],[140.4642,36.7914],[140.538,36.8589],[140.592,36.873],[140.5649,36.9129],[140.5754,36.9425],[140.6155,36.9033],[140.7861,36.8562],[140.8164,36.9082],[140.9031,36.9447],[140.9249,36.9353],[140.9695,36.9732],[141.0025,37.2002],[141.0288,37.238],[141.0164,37.2302],[141.0126,37.2518],[141.0386,37.3187],[141.0255,37.3248],[141.0435,37.4817],[141.018,37.6608],[141.041,37.665],[141.0148,37.6752],[140.9873,37.8227],[140.9766,37.8373],[140.981,37.7786],[140.964,37.7889],[140.9711,37.8167],[140.9494,37.8189],[140.9758,37.8279],[140.9494,37.853],[140.9679,37.8594],[140.9464,37.8534],[140.931,37.8962],[140.8562,37.8909],[140.8579,37.8029],[140.775,37.8064],[140.7644,37.7969],[140.8032,37.7799],[140.7921,37.7733],[140.6943,37.8033],[140.6792,37.8363],[140.6901,37.8882],[140.6626,37.9002],[140.5664,37.9228],[140.4888,37.8995],[140.4695,37.9179],[140.4749,37.9468],[140.4074,37.9737],[140.3486,37.9502],[140.28,37.9766],[140.2621,37.8344],[140.2988,37.8078],[140.2355,37.7459],[140.1664,37.7573],[140.1276,37.7339],[140.0514,37.7793],[139.9865,37.7604],[139.937,37.8283],[139.8866,37.8092],[139.8577,37.8265],[139.81,37.8032],[139.7829,37.832],[139.7413,37.8203],[139.7156,37.8542],[139.6808,37.847]]]},"properties":{"iso3":"JPN","shapeId":"47310658B52822170400832","regionId":"JPN.8_1","name":"Fukushima"}},{"type":"Feature","geometry":{"type":"Polygon","coordinates":[[[139.6879,36.1997],[139.8218,36.2398],[139.848,36.3107],[139.8807,36.323],[139.9103,36.3009],[139.9143,36.3367],[139.9645,36.3509],[139.9735,36.3785],[140.0482,36.3756],[140.0664,36.4038],[140.101,36.3941],[140.1318,36.4149],[140.1851,36.3983],[140.2294,36.5021],[140.2602,36.5175],[140.2409,36.6509],[140.2201,36.6845],[140.2922,36.7126],[140.2549,36.76],[140.2674,36.8178],[140.2487,36.9089],[140.2642,36.9333],[140.2406,36.9462],[140.2494,37.0256],[140.2031,37.024],[140.1934,37.0651],[140.1374,37.1064],[139.9539,37.1551],[139.8663,37.1472],[139.815,37.1166],[139.8221,37.0851],[139.7749,37.0919],[139.5353,36.9806],[139.4612,36.9707],[139.4303,36.9259],[139.408,36.9266],[139.3561,36.8778],[139.3485,36.8527],[139.4067,36.8269],[139.353,36.7736],[139.3725,36.7463],[139.3369,36.6924],[139.3296,36.6277],[139.3982,36.602],[139.4652,36.6066],[139.4835,36.5819],[139.439,36.5507],[139.4179,36.4947],[139.4365,36.466],[139.4082,36.458],[139.3664,36.3705],[139.4228,36.3323],[139.417,36.3133],[139.4627,36.2721],[139.526,36.2847],[139.5623,36.2669],[139.6325,36.2712],[139.6415,36.2355],[139.6879,36.1997]]]},"properties":{"iso3":"JPN","shapeId":"47310658B20461581662238","regionId":"JPN.39_1","name":"Tochigi"}},{"type":"Feature","geometry":{"type":"Polygon","coordinates":[[[141.6827,40.4503],[141.5761,40.543],[141.4941,40.5305],[141.5244,40.5326],[141.4836,40.5613],[141.4242,40.7092],[141.3949,40.9243],[141.3758,40.9367],[141.394,40.9369],[141.3917,41.1829],[141.465,41.4296],[141.3878,41.3757],[141.2721,41.3544],[141.1981,41.3835],[141.1126,41.463],[141.0019,41.4857],[140.9133,41.5465],[140.8973,41.5259],[140.9086,41.4944],[140.8376,41.4203],[140.801,41.3279],[140.7642,41.1456],[140.8113,41.1276],[140.8545,41.1614],[140.9454,41.1739],[140.9804,41.1992],[141.0582,41.1834],[141.1521,41.241],[141.1567,41.2627],[141.1332,41.244],[141.1599,41.2782],[141.1998,41.292],[141.1774,41.2774],[141.2338,41.2414],[141.2791,41.1583],[141.2463,41.1039],[141.2263,40.9841],[141.1636,40.8905],[141.1014,40.873],[141.0648,40.9132],[140.9718,40.9348],[140.9847,40.9596],[140.9487,40.9924],[140.8789,41.0099],[140.8627,40.9575],[140.8379,40.9534],[140.8723,40.9438],[140.8598,40.8881],[140.7961,40.8364],[140.733,40.8302],[140.6813,40.8759],[140.6618,40.9423],[140.6315,41.0978],[140.6331,41.1907],[140.5502,41.2296],[140.4639,41.1823],[140.3422,41.2611],[140.3218,41.1481],[140.3034,41.1313],[140.2487,41.1338],[140.3057,41.1068],[140.3238,41.0609],[140.3015,40.915],[140.2534,40.8045],[140.1215,40.742],[140.0538,40.7692],[140.0001,40.7454],[139.9296,40.6434],[139.9024,40.6458],[139.8599,40.6117],[139.8691,40.584],[139.9184,40.5858],[139.9401,40.553],[139.9363,40.4282],[139.995,40.4351],[140.0194,40.4198],[140.0227,40.4513],[140.0536,40.4678],[140.1116,40.4354],[140.3107,40.4363],[140.3877,40.4871],[140.4357,40.48],[140.4401,40.45],[140.5296,40.4305],[140.5236,40.4106],[140.5405,40.4027],[140.5671,40.3986],[140.5534,40.4206],[140.5897,40.4361],[140.6526,40.4034],[140.6992,40.4294],[140.7336,40.4158],[140.7339,40.4395],[140.769,40.4538],[140.8036,40.4487],[140.82,40.4953],[140.8783,40.511],[140.8715,40.436],[140.9851,40.4272],[140.9954,40.3534],[140.9621,40.3471],[140.944,40.2963],[140.9575,40.2824],[140.9457,40.2581],[140.9795,40.2198],[141.1042,40.2558],[141.0998,40.281],[141.2185,40.3152],[141.316,40.3726],[141.351,40.3311],[141.4417,40.3761],[141.5372,40.3474],[141.5856,40.3783],[141.5869,40.407],[141.6827,40.4503]]]},"properties":{"iso3":"JPN","shapeId":"47310658B70834199776359","regionId":"JPN.3_1","name":"Aomori"}},{"type":"Feature","geometry":{"type":"MultiPolygon","coordinates":[[[[130.0396,33.4698],[130.0248,33.4468],[129.9678,33.4559],[129.9657,33.4826],[129.9559,33.4678],[129.9375,33.4801],[129.9691,33.5111],[129.9577,33.5295],[129.8968,33.5494],[129.8744,33.516],[129.8776,33.5367],[129.8459,33.5561],[129.857,33.5193],[129.8399,33.5224],[129.8574,33.5054],[129.8281,33.5182],[129.8455,33.4796],[129.8317,33.475],[129.859,33.4541],[129.835,33.4423],[129.8393,33.4622],[129.8066,33.4858],[129.7937,33.472],[129.808,33.4582],[129.7833,33.4513],[129.8316,33.422],[129.8235,33.412],[129.8707,33.4049],[129.8487,33.3369],[129.8277,33.3376],[129.8496,33.3297],[129.8284,33.3095],[129.8595,33.2814],[129.7908,33.3404],[129.759,33.2909],[129.8145,33.2423],[129.8171,33.1845],[129.8879,33.1562],[129.9433,33.1645],[129.9567,33.118],[129.9224,33.0905],[129.9943,33.0479],[130.0083,33.0197],[130.0887,32.974],[130.2177,32.9505],[130.2233,32.9736],[130.1912,32.9902],[130.1403,33.0829],[130.1492,33.1124],[130.2465,33.2031],[130.2879,33.1471],[130.3558,33.1405],[130.3396,33.2045],[130.3784,33.2213],[130.3733,33.2443],[130.3941,33.2606],[130.4134,33.2513],[130.431,33.2923],[130.4497,33.2651],[130.468,33.2873],[130.456,33.3014],[130.4894,33.3159],[130.4796,33.3306],[130.536,33.343],[130.537,33.4383],[130.4766,33.4385],[130.411,33.395],[130.3967,33.4274],[130.275,33.4797],[130.0396,33.4698]]],[[[129.9763,33.5418],[129.974,33.5436],[129.9713,33.5429],[129.9644,33.538],[129.9654,33.5372],[129.9696,33.5408],[129.9717,33.5392],[129.9698,33.5385],[129.9701,33.5356],[129.9644,33.5297],[129.9673,33.527],[129.9739,33.5285],[129.9769,33.5312],[129.9782,33.5387],[129.9763,33.5418]]],[[[129.8763,33.5495],[129.8933,33.5551],[129.8822,33.5675],[129.8763,33.5495]]],[[[129.8512,33.6031],[129.8643,33.5875],[129.8647,33.6174],[129.8512,33.6031]]],[[[129.7419,33.5742],[129.7391,33.5734],[129.7459,33.5694],[129.7505,33.5689],[129.7513,33.5671],[129.754,33.5667],[129.7554,33.5638],[129.7603,33.5629],[129.7629,33.5637],[129.7659,33.5689],[129.7721,33.5711],[129.7735,33.5736],[129.7731,33.5768],[129.7689,33.582],[129.7605,33.5828],[129.7559,33.5811],[129.7539,33.5778],[129.7509,33.5795],[129.749,33.5788],[129.7499,33.5817],[129.7463,33.5822],[129.7417,33.579],[129.7447,33.576],[129.7419,33.5742]]]]},"properties":{"iso3":"JPN","shapeId":"47310658B53717877461658","regionId":"JPN.34_1","name":"Saga"}},{"type":"Feature","geometry":{"type":"MultiPolygon","coordinates":[[[[128.3478,31.9923],[128.349,31.9888],[128.352,31.9911],[128.3544,31.9886],[128.3551,31.9894],[128.3517,31.9957],[128.3531,31.999],[128.3555,31.9991],[128.3553,32.0016],[128.3584,32.0031],[128.3563,32.0084],[128.3484,32.0046],[128.3456,32.0065],[128.3438,32.0054],[128.3502,31.9972],[128.3478,31.9923]]],[[[128.4083,32.0504],[128.4065,32.049],[128.4033,32.0512],[128.4016,32.0502],[128.3926,32.0548],[128.3914,32.0429],[128.3803,32.0412],[128.3806,32.0386],[128.3834,32.0398],[128.3859,32.0386],[128.3878,32.0402],[128.3918,32.0383],[128.3996,32.0425],[128.4054,32.0372],[128.4095,32.0447],[128.4126,32.0474],[128.4146,32.0473],[128.4138,32.0505],[128.4164,32.051],[128.4132,32.053],[128.4126,32.0505],[128.4083,32.0504]]],[[[128.628,32.6403],[128.6345,32.6799],[128.6152,32.6551],[128.628,32.6403]]],[[[128.5907,32.7258],[128.5991,32.7111],[128.609,32.7402],[128.5907,32.7258]]],[[[128.9354,32.9118],[128.9704,32.9108],[128.9372,32.9257],[128.9354,32.9118]]],[[[128.9566,32.9149],[128.9573,32.9161],[128.9605,32.9162],[128.9627,32.919],[128.967,32.9185],[128.9657,32.9225],[128.9691,32.9257],[128.9691,32.9297],[128.9637,32.9325],[128.9602,32.931],[128.9574,32.9275],[128.9583,32.9225],[128.9566,32.9149]]],[[[128.8882,32.8712],[128.8727,32.8616],[128.9201,32.8432],[128.9288,32.8233],[128.9143,32.8208],[128.9351,32.8288],[128.9432,32.8],[128.9415,32.8273],[128.9647,32.8514],[128.9524,32.8775],[128.9405,32.884],[128.9425,32.8489],[128.9226,32.8702],[128.9326,32.8378],[128.9163,32.8701],[128.8882,32.8712]]],[[[128.9783,32.9591],[128.9833,32.9438],[128.997,32.9616],[128.9783,32.9591]]],[[[129.9022,32.9256],[129.9073,32.9208],[129.9064,32.9156],[129.9127,32.91],[129.9164,32.9042],[129.9188,32.9033],[129.921,32.9068],[129.9235,32.9051],[129.9267,32.9074],[129.9236,32.9108],[129.9261,32.913],[129.9173,32.921],[129.9147,32.9192],[129.9042,32.9292],[129.9004,32.9284],[129.9022,32.9256]]],[[[129.6068,32.887],[129.6025,32.8874],[129.6056,32.8892],[129.6063,32.888],[129.6073,32.8903],[129.6018,32.8913],[129.5904,32.8829],[129.5903,32.881],[129.5998,32.8802],[129.6031,32.882],[129.6068,32.887]]],[[[128.9675,32.8711],[129.0133,32.8684],[129.0276,32.8449],[129.0333,32.8952],[129.0166,32.9227],[128.9826,32.9302],[128.9805,32.904],[129.0013,32.9026],[129.0044,32.8814],[128.9616,32.9036],[128.9675,32.8711]]],[[[129.5937,32.9332],[129.6108,32.9161],[129.6256,32.9265],[129.6028,32.9503],[129.5937,32.9332]]],[[[129.775,32.5636],[129.7753,32.5492],[129.7914,32.5572],[129.775,32.5636]]],[[[128.899,32.5607],[128.905,32.5615],[128.9068,32.5636],[128.9077,32.5664],[128.904,32.5723],[128.9027,32.571],[128.9046,32.5711],[128.9048,32.5697],[128.898,32.5711],[128.8923,32.5693],[128.8924,32.5634],[128.8961,32.5608],[128.899,32.5607]]],[[[129.7571,32.6656],[129.7548,32.6661],[129.7542,32.6647],[129.7522,32.6647],[129.7511,32.6674],[129.7462,32.6615],[129.7545,32.6507],[129.7542,32.6486],[129.7572,32.651],[129.7585,32.6548],[129.7555,32.6587],[129.7596,32.6636],[129.7571,32.6656]]],[[[128.8331,32.6048],[128.8308,32.6053],[128.8297,32.6026],[128.8264,32.6008],[128.8269,32.5986],[128.8309,32.5965],[128.8403,32.5953],[128.8419,32.5986],[128.8396,32.6051],[128.8362,32.6037],[128.8331,32.6048]]],[[[129.9752,32.7592],[129.9737,32.7603],[129.9669,32.7599],[129.9643,32.7623],[129.9655,32.7574],[129.9682,32.7548],[129.9672,32.7537],[129.9704,32.752],[129.9697,32.7486],[129.974,32.7501],[129.9787,32.7473],[129.9833,32.7485],[129.9841,32.7461],[129.9869,32.7474],[129.9896,32.7514],[129.9875,32.753],[129.9879,32.7504],[129.9854,32.7526],[129.9809,32.7503],[129.9779,32.7526],[129.9807,32.76],[129.9784,32.7606],[129.9775,32.7588],[129.9768,32.7603],[129.9752,32.7592]]],[[[128.6498,32.6954],[128.6502,32.6791],[128.6792,32.672],[128.6633,32.667],[128.6715,32.6513],[128.6498,32.6573],[128.6672,32.6451],[128.6438,32.654],[128.6551,32.6421],[128.6358,32.6284],[128.6661,32.6272],[128.6418,32.6034],[128.6263,32.6274],[128.6125,32.6211],[128.6115,32.647],[128.5981,32.6132],[128.6382,32.5928],[128.7354,32.6074],[128.7719,32.5739],[128.7938,32.5993],[128.7617,32.6198],[128.7702,32.6447],[128.8973,32.6507],[128.849,32.6888],[128.8519,32.7502],[128.8037,32.752],[128.8261,32.7602],[128.8043,32.7749],[128.8106,32.7981],[128.7657,32.7617],[128.7964,32.7613],[128.7733,32.7505],[128.7786,32.7346],[128.7551,32.7694],[128.7386,32.7368],[128.7422,32.7509],[128.7245,32.7469],[128.7375,32.7575],[128.6921,32.7393],[128.6971,32.7666],[128.6572,32.7805],[128.6403,32.7612],[128.664,32.7006],[128.6498,32.6954]]],[[[128.8967,32.6954],[128.8974,32.694],[128.8982,32.6958],[128.9,32.6949],[128.902,32.6959],[128.8983,32.6979],[128.9015,32.6999],[128.8986,32.7024],[128.9048,32.7025],[128.9058,32.7049],[128.9036,32.7081],[128.902,32.7077],[128.9029,32.706],[128.8989,32.7059],[128.898,32.7078],[128.9001,32.7093],[128.8982,32.7119],[128.8949,32.7111],[128.8935,32.7082],[128.8967,32.6954]]],[[[129.7699,32.7041],[129.7695,32.703],[129.7755,32.7017],[129.7804,32.7046],[129.7748,32.7099],[129.772,32.7082],[129.7698,32.7103],[129.767,32.7102],[129.7686,32.713],[129.7656,32.712],[129.7638,32.7146],[129.7598,32.7155],[129.7615,32.709],[129.7699,32.7041]]],[[[128.9921,32.7833],[128.988,32.7566],[128.9633,32.7467],[129.0045,32.7506],[128.9921,32.7833]]],[[[128.9674,32.7683],[128.9617,32.7717],[128.958,32.777],[128.9537,32.7735],[128.9554,32.7642],[128.9571,32.7626],[128.9661,32.762],[128.9678,32.7639],[128.9674,32.7683]]],[[[128.8371,32.7833],[128.8829,32.7647],[128.9059,32.8134],[128.8617,32.8438],[128.879,32.8147],[128.8626,32.8018],[128.8627,32.8334],[128.8375,32.8381],[128.8371,32.7833]]],[[[129.6386,33.7363],[129.64,33.7356],[129.6401,33.7397],[129.6431,33.7374],[129.6443,33.7424],[129.6424,33.7432],[129.6409,33.7411],[129.6378,33.7414],[129.6387,33.7438],[129.6363,33.7452],[129.6364,33.7425],[129.6328,33.742],[129.629,33.7437],[129.6281,33.7417],[129.6301,33.7352],[129.6287,33.732],[129.6294,33.7334],[129.6312,33.7317],[129.6326,33.7339],[129.6372,33.7341],[129.6386,33.7363]]],[[[129.7266,33.8499],[129.689,33.8572],[129.6697,33.8266],[129.6887,33.8055],[129.6495,33.8072],[129.6859,33.7594],[129.6424,33.7674],[129.6567,33.7379],[129.6741,33.7591],[129.6891,33.742],[129.677,33.7277],[129.7163,33.704],[129.7329,33.7384],[129.7886,33.7408],[129.7988,33.7616],[129.7577,33.7744],[129.7991,33.7857],[129.7486,33.8066],[129.7727,33.8427],[129.7266,33.8499]]],[[[129.3177,34.2772],[129.2983,34.2821],[129.3102,34.3082],[129.2965,34.3005],[129.2774,34.327],[129.2655,34.3211],[129.2911,34.2785],[129.2799,34.306],[129.2567,34.292],[129.2559,34.3115],[129.2222,34.2902],[129.2279,34.3241],[129.2046,34.3311],[129.1675,34.1016],[129.1837,34.1186],[129.2142,34.113],[129.2146,34.0839],[129.2311,34.114],[129.24,34.1015],[129.2544,34.1263],[129.2824,34.1306],[129.2741,34.1464],[129.2976,34.1854],[129.2829,34.1874],[129.2994,34.1945],[129.2974,34.2215],[129.3258,34.226],[129.3166,34.2612],[129.3525,34.2769],[129.3479,34.2975],[129.3151,34.2989],[129.3177,34.2772]]],[[[129.3774,34.2911],[129.369,34.3027],[129.3474,34.2856],[129.3596,34.2706],[129.3936,34.2999],[129.374,34.3033],[129.3774,34.2911]]],[[[129.331,34.3072],[129.3267,34.3363],[129.2973,34.337],[129.2907,34.3234],[129.331,34.3072]]],[[[129.375,34.3114],[129.3643,34.3385],[129.4064,34.3354],[129.413,34.3628],[129.3891,34.3397],[129.3651,34.3447],[129.3936,34.3597],[129.3738,34.3889],[129.3914,34.383],[129.3992,34.4126],[129.3518,34.3858],[129.3795,34.4116],[129.369,34.4399],[129.3857,34.4276],[129.3684,34.4522],[129.4732,34.555],[129.4793,34.5954],[129.4332,34.6172],[129.4578,34.6125],[129.4466,34.6317],[129.4796,34.6172],[129.4912,34.645],[129.4654,34.6541],[129.4974,34.667],[129.4493,34.7066],[129.4152,34.692],[129.435,34.673],[129.4084,34.6782],[129.3836,34.6495],[129.397,34.6396],[129.3197,34.647],[129.2858,34.5625],[129.3065,34.5678],[129.3449,34.532],[129.3182,34.5367],[129.2741,34.4691],[129.2818,34.4484],[129.3046,34.4641],[129.3121,34.45],[129.2946,34.4329],[129.2742,34.4412],[129.2766,34.373],[129.2511,34.3547],[129.2274,34.3623],[129.2878,34.339],[129.2989,34.3546],[129.278,34.3639],[129.2927,34.3732],[129.2813,34.3834],[129.3092,34.3858],[129.3088,34.3368],[129.3203,34.3703],[129.3549,34.3749],[129.3401,34.3564],[129.3608,34.3398],[129.3433,34.3367],[129.3542,34.3183],[129.3382,34.3235],[129.3344,34.3053],[129.3559,34.3104],[129.3529,34.2953],[129.3716,34.3117],[129.3607,34.3187],[129.375,34.3114]]],[[[129.7265,33.4143],[129.7932,33.4302],[129.7529,33.4702],[129.7598,33.4549],[129.7265,33.4143]]],[[[129.5271,33.4524],[129.5069,33.4243],[129.5448,33.4404],[129.5271,33.4524]]],[[[129.5507,33.4696],[129.5835,33.4952],[129.5538,33.4893],[129.5474,33.5088],[129.4966,33.4719],[129.5284,33.4865],[129.5507,33.4696]]],[[[129.2415,33.0178],[129.2217,33.0009],[129.2401,33.001],[129.2339,32.9887],[129.2611,33.0204],[129.2415,33.0178]]],[[[129.0811,33.0468],[129.0859,33.0226],[129.0696,33.0197],[129.0682,33.046],[129.0423,33.0277],[129.0438,32.9864],[129.0658,32.9819],[129.0543,32.9583],[129.0477,32.9762],[129.03,32.9606],[129.0123,32.9765],[128.9917,32.9438],[129.0143,32.9491],[129.0228,32.932],[129.0355,32.9453],[129.0262,32.9195],[129.0678,32.9044],[129.038,32.9085],[129.06,32.889],[129.0398,32.8817],[129.0432,32.8224],[129.0594,32.8163],[129.0659,32.8628],[129.1002,32.8599],[129.0812,32.8958],[129.0967,32.9149],[129.0843,32.9268],[129.1094,32.9264],[129.1016,32.9613],[129.1404,32.9368],[129.1831,32.973],[129.1833,33.0022],[129.1655,33.0088],[129.087,32.9841],[129.1202,33.0989],[129.103,33.1242],[129.115,33.1641],[129.0943,33.1214],[129.1077,33.0882],[129.0855,33.0761],[129.0811,33.0468]]],[[[129.7908,33.3404],[129.7809,33.3733],[129.7667,33.3521],[129.7454,33.3672],[129.717,33.3482],[129.678,33.3514],[129.6725,33.3996],[129.6596,33.3672],[129.6306,33.3607],[129.5694,33.3777],[129.576,33.3323],[129.5622,33.3245],[129.5872,33.3047],[129.6225,33.31],[129.5839,33.2921],[129.5923,33.2769],[129.5719,33.2739],[129.5526,33.2177],[129.5959,33.2089],[129.6146,33.2242],[129.6006,33.2071],[129.6217,33.2166],[129.6264,33.1882],[129.6388,33.2236],[129.6571,33.1934],[129.6356,33.167],[129.6738,33.168],[129.6981,33.1424],[129.657,33.1315],[129.6657,33.1016],[129.6749,33.1201],[129.7117,33.1159],[129.6954,33.1618],[129.7169,33.1666],[129.7314,33.1242],[129.7546,33.1473],[129.794,33.1384],[129.7981,33.0664],[129.8376,33.0591],[129.8214,33.037],[129.8747,33.0654],[129.9448,33.0161],[129.9308,32.9237],[130.005,32.8404],[129.8807,32.8822],[129.869,32.8444],[129.8508,32.8591],[129.848,32.8318],[129.7889,32.8681],[129.8109,32.895],[129.783,32.9081],[129.7834,32.9412],[129.7984,32.9545],[129.8098,32.917],[129.8226,32.9819],[129.7641,33.0219],[129.7599,32.9935],[129.7387,32.9886],[129.7329,33.0166],[129.7622,33.049],[129.7497,33.0603],[129.7263,33.0465],[129.7297,33.0754],[129.6773,33.0993],[129.6599,33.0699],[129.6784,33.0624],[129.6469,33.0374],[129.6618,33.0005],[129.6269,32.9781],[129.6337,32.9255],[129.6626,32.9163],[129.7017,32.8311],[129.7376,32.8056],[129.7459,32.8221],[129.7771,32.819],[129.7654,32.8],[129.802,32.7766],[129.8048,32.7442],[129.8297,32.7441],[129.815,32.7179],[129.8456,32.7201],[129.8727,32.7506],[129.8367,32.6887],[129.82,32.6951],[129.8301,32.7083],[129.7925,32.695],[129.8029,32.6776],[129.8205,32.6849],[129.8172,32.6547],[129.7388,32.5695],[129.7647,32.5832],[129.7814,32.5716],[129.8391,32.6414],[129.8958,32.6617],[129.9132,32.7126],[129.9566,32.7422],[129.9495,32.7604],[130.0244,32.7584],[130.0841,32.7949],[130.1791,32.7946],[130.1843,32.7632],[130.208,32.753],[130.1713,32.6922],[130.1258,32.6877],[130.1296,32.6408],[130.1683,32.6211],[130.1684,32.5911],[130.1978,32.601],[130.1871,32.6115],[130.2322,32.6111],[130.2592,32.6527],[130.3488,32.6748],[130.3457,32.7085],[130.3766,32.7399],[130.3818,32.7798],[130.3412,32.8548],[130.2945,32.8796],[130.181,32.8432],[130.1425,32.8575],[130.1205,32.8806],[130.2014,32.929],[130.2036,32.9571],[130.0599,32.9866],[129.9224,33.0905],[129.9567,33.118],[129.9433,33.1645],[129.8879,33.1562],[129.8171,33.1845],[129.8145,33.2423],[129.759,33.2909],[129.7908,33.3404]]],[[[129.0235,33.013],[129.0162,33.0143],[129.0151,33.0109],[129.0088,33.0088],[129.0048,33.0027],[129.0093,33.0016],[129.0159,33.0087],[129.0212,33.0077],[129.0226,33.0113],[129.0261,33.0079],[129.0293,33.0099],[129.0322,33.0146],[129.0235,33.013]]],[[[129.359,33.0032],[129.3422,33.0157],[129.3446,32.998],[129.359,33.0032]]],[[[129.1875,33.0085],[129.196,33.018],[129.1743,33.015],[129.1875,33.0085]]],[[[129.7566,33.0565],[129.7815,33.0617],[129.7577,33.0807],[129.7638,33.098],[129.7659,33.0767],[129.7945,33.0859],[129.7837,33.1416],[129.7582,33.1352],[129.7738,33.1272],[129.7608,33.1138],[129.7438,33.1216],[129.7543,33.1001],[129.7289,33.1003],[129.7566,33.0565]]],[[[129.5509,33.1441],[129.5462,33.1512],[129.5438,33.1518],[129.5403,33.1485],[129.5325,33.1491],[129.5293,33.1471],[129.5296,33.1451],[129.5229,33.1454],[129.515,33.1404],[129.5122,33.1421],[129.512,33.1399],[129.5044,33.1417],[129.5037,33.1406],[129.507,33.1383],[129.5129,33.1388],[129.5179,33.136],[129.522,33.1374],[129.5262,33.1358],[129.5292,33.1321],[129.5363,33.1311],[129.5396,33.1377],[129.55,33.1364],[129.5509,33.1441]]],[[[129.5647,33.0115],[129.5561,33.0008],[129.5901,33.0229],[129.5617,33.0305],[129.5754,33.0236],[129.5647,33.0115]]],[[[129.593,33.047],[129.5875,33.0278],[129.6094,33.0221],[129.6385,33.0602],[129.6088,33.0656],[129.593,33.047]]],[[[129.0235,33.2131],[129.0205,33.2112],[129.0144,33.2131],[129.015,33.2104],[129.012,33.2067],[129.0135,33.2053],[129.0117,33.2036],[129.0123,33.2009],[129.0223,33.1997],[129.0255,33.204],[129.0276,33.2041],[129.0261,33.2047],[129.026,33.2076],[129.0279,33.2066],[129.0263,33.2115],[129.0235,33.2131]]],[[[129.0631,33.2597],[129.067,33.2624],[129.0639,33.262],[129.0591,33.2583],[129.0581,33.2559],[129.0604,33.2519],[129.0589,33.2505],[129.0627,33.2469],[129.0679,33.2484],[129.0692,33.2471],[129.0683,33.2455],[129.0713,33.2445],[129.0751,33.2478],[129.0735,33.2548],[129.0675,33.2545],[129.0671,33.2518],[129.0637,33.2515],[129.0641,33.2553],[129.0616,33.2585],[129.0631,33.2597]]],[[[129.1114,33.2879],[129.0856,33.2837],[129.0737,33.2588],[129.1185,33.2452],[129.1568,33.2719],[129.1341,33.3033],[129.1114,33.2879]]],[[[129.1293,33.2067],[129.1149,33.208],[129.1323,33.1585],[129.1436,33.1922],[129.1293,33.2067]]],[[[129.0639,33.2097],[129.0465,33.2194],[129.0284,33.201],[129.0497,33.1828],[129.089,33.1861],[129.0798,33.2081],[129.0995,33.2116],[129.0639,33.2097]]],[[[129.813,33.3983],[129.8123,33.3483],[129.8599,33.3786],[129.7965,33.4148],[129.813,33.3983]]],[[[129.4126,33.3985],[129.3983,33.3587],[129.4359,33.3559],[129.4349,33.4426],[129.4126,33.3985]]],[[[129.5948,33.1852],[129.5792,33.1896],[129.5816,33.1615],[129.5948,33.1852]]],[[[129.4358,33.3106],[129.4471,33.2917],[129.4037,33.2654],[129.4349,33.2357],[129.3983,33.2399],[129.3795,33.2214],[129.4067,33.1978],[129.4004,33.1805],[129.3516,33.2025],[129.3485,33.1823],[129.3702,33.1693],[129.434,33.1909],[129.5012,33.2592],[129.4767,33.288],[129.51,33.2877],[129.5002,33.3006],[129.5321,33.3114],[129.5137,33.3303],[129.5443,33.3308],[129.5702,33.358],[129.5531,33.369],[129.555,33.4093],[129.5178,33.4001],[129.5523,33.3811],[129.5247,33.3802],[129.523,33.3537],[129.5122,33.3817],[129.4986,33.3554],[129.4416,33.3521],[129.4358,33.3106]]]]},"properties":{"iso3":"JPN","shapeId":"47310658B82893106270036","regionId":"JPN.27_1","name":"Nagasaki"}},{"type":"Feature","geometry":{"type":"MultiPolygon","coordinates":[[[[131.8358,32.6656],[131.837,32.6661],[131.8352,32.6699],[131.8366,32.6705],[131.8327,32.6711],[131.8301,32.6681],[131.8219,32.6688],[131.8229,32.6714],[131.822,32.6721],[131.8192,32.6703],[131.8184,32.6743],[131.8166,32.6715],[131.8139,32.6721],[131.8139,32.6706],[131.8085,32.6701],[131.8097,32.6683],[131.8139,32.6695],[131.8125,32.6675],[131.8147,32.6662],[131.8112,32.6653],[131.8091,32.667],[131.8067,32.6655],[131.8085,32.6652],[131.8087,32.6632],[131.8124,32.6625],[131.8115,32.6615],[131.8156,32.6613],[131.8127,32.66],[131.8127,32.6576],[131.8147,32.658],[131.8178,32.6561],[131.8184,32.6575],[131.8229,32.6573],[131.8248,32.6551],[131.8251,32.6565],[131.8273,32.656],[131.8242,32.658],[131.8265,32.6571],[131.83,32.6583],[131.8284,32.6598],[131.8304,32.6638],[131.8358,32.6656]]],[[[131.4159,31.5221],[131.4141,31.5232],[131.4132,31.5274],[131.4141,31.5293],[131.4165,31.5295],[131.4164,31.5317],[131.4122,31.5381],[131.4147,31.5409],[131.4099,31.5422],[131.4085,31.5407],[131.4093,31.5378],[131.4066,31.5363],[131.4033,31.5304],[131.4101,31.5195],[131.4173,31.5115],[131.4159,31.5221]]],[[[131.3295,32.833],[131.2652,32.8265],[131.2345,32.7808],[131.2351,32.7444],[131.18,32.7121],[131.1751,32.6719],[131.1435,32.6763],[131.1155,32.6421],[131.108,32.5818],[131.0519,32.5876],[131.0181,32.5469],[131.0256,32.5211],[131.007,32.4901],[131.0199,32.4387],[131.0436,32.4082],[131.0681,32.4075],[131.0733,32.3589],[131.1119,32.33],[131.0786,32.2812],[131.0505,32.2858],[131.0427,32.2482],[131.1005,32.2015],[131.109,32.1601],[131.0588,32.1548],[131.0121,32.1743],[130.9556,32.1154],[130.906,32.1336],[130.8574,32.0997],[130.7352,32.1089],[130.7034,32.0584],[130.7775,32.0161],[130.7997,31.9499],[130.8656,31.9339],[130.914,31.8858],[130.875,31.8427],[130.8769,31.8157],[130.9901,31.7778],[130.9785,31.7516],[131.0168,31.7473],[131.0256,31.6669],[131.0544,31.6334],[131.0792,31.6601],[131.1178,31.6293],[131.1644,31.6395],[131.1884,31.6246],[131.2008,31.5177],[131.17,31.4999],[131.1601,31.4595],[131.2431,31.4262],[131.2355,31.4053],[131.2539,31.3807],[131.3093,31.3907],[131.3359,31.3607],[131.3504,31.372],[131.3325,31.3964],[131.3712,31.4283],[131.363,31.4718],[131.3896,31.4851],[131.373,31.5067],[131.3815,31.5548],[131.4693,31.6453],[131.4503,31.6797],[131.4688,31.6864],[131.4598,31.7181],[131.4885,31.7849],[131.4546,31.8159],[131.4572,31.8833],[131.484,31.9213],[131.4643,31.9135],[131.5876,32.2967],[131.629,32.3424],[131.6431,32.4081],[131.6887,32.4227],[131.6538,32.4292],[131.6795,32.43],[131.6747,32.4541],[131.6418,32.4391],[131.6568,32.4795],[131.6955,32.4691],[131.7289,32.4921],[131.7144,32.5199],[131.6797,32.5026],[131.6932,32.5669],[131.7554,32.6028],[131.7736,32.6401],[131.7506,32.6453],[131.7641,32.642],[131.7772,32.674],[131.7898,32.662],[131.8266,32.7066],[131.851,32.6933],[131.8501,32.7221],[131.865,32.7164],[131.8581,32.7315],[131.8857,32.7459],[131.847,32.7359],[131.859,32.821],[131.767,32.8389],[131.7357,32.8311],[131.7111,32.7724],[131.5925,32.7753],[131.5684,32.7541],[131.5113,32.7703],[131.5175,32.8008],[131.4753,32.8372],[131.3644,32.8034],[131.3295,32.833]]]]},"properties":{"iso3":"JPN","shapeId":"47310658B9011809709100","regionId":"JPN.25_1","name":"Miyazaki"}},{"type":"Feature","geometry":{"type":"MultiPolygon","coordinates":[[[[130.0168,32.168],[130.0322,32.1752],[130.047,32.1565],[130.0323,32.1912],[130.0168,32.168]]],[[[130.1422,32.2778],[130.1337,32.2722],[130.1319,32.2684],[130.1322,32.2658],[130.1352,32.2626],[130.1458,32.2647],[130.1507,32.2691],[130.1484,32.2746],[130.145,32.275],[130.1422,32.2778]]],[[[130.5729,32.765],[130.5731,32.7627],[130.5819,32.7633],[130.582,32.762],[130.5914,32.7627],[130.5914,32.7636],[130.5935,32.7637],[130.5938,32.764],[130.5944,32.7613],[130.5935,32.7586],[130.5947,32.7587],[130.594,32.764],[130.5936,32.7641],[130.5925,32.7641],[130.5937,32.7646],[130.5916,32.7644],[130.5932,32.7653],[130.5928,32.7692],[130.5741,32.7682],[130.5729,32.765]]],[[[130.4655,32.5536],[130.4639,32.5394],[130.4874,32.5704],[130.4733,32.5881],[130.4655,32.5536]]],[[[130.4925,32.587],[130.511,32.6055],[130.4735,32.6039],[130.4925,32.587]]],[[[130.4298,32.3797],[130.4088,32.3948],[130.418,32.3672],[130.4298,32.3797]]],[[[130.3416,32.3439],[130.3305,32.3127],[130.3004,32.3044],[130.3449,32.3123],[130.3749,32.347],[130.3416,32.3439]]],[[[130.3116,32.3438],[130.3423,32.3556],[130.3134,32.3681],[130.2992,32.3577],[130.324,32.3488],[130.3116,32.3438]]],[[[130.0011,32.3056],[130.0769,32.3102],[130.062,32.277],[130.0501,32.3047],[130.0284,32.2986],[130.0326,32.2744],[130.0262,32.3004],[130.0109,32.2984],[129.9673,32.2435],[129.9993,32.2537],[129.9883,32.2401],[130.0066,32.2426],[130.0147,32.2224],[129.9906,32.1972],[130.0225,32.1885],[130.0288,32.2145],[130.0451,32.1991],[130.0776,32.2121],[130.0797,32.2425],[130.1021,32.2351],[130.0916,32.2541],[130.1367,32.2916],[130.1607,32.2895],[130.1634,32.3018],[130.1396,32.2974],[130.1576,32.3353],[130.1779,32.338],[130.1731,32.3104],[130.2044,32.3252],[130.2256,32.3682],[130.2193,32.3926],[130.1932,32.3879],[130.2171,32.4242],[130.1955,32.4575],[130.2086,32.4722],[130.1875,32.5477],[130.1188,32.5486],[130.046,32.5126],[130.0377,32.5361],[130.0126,32.5297],[130.0473,32.4913],[129.9748,32.3559],[130.0011,32.3056]]],[[[130.355,32.3663],[130.352,32.3692],[130.3484,32.3682],[130.3502,32.3701],[130.3501,32.3734],[130.342,32.3712],[130.3413,32.3665],[130.344,32.3647],[130.3448,32.3657],[130.3457,32.3624],[130.3487,32.3608],[130.3545,32.3636],[130.355,32.3663]]],[[[130.254,32.3948],[130.2709,32.4131],[130.3293,32.3979],[130.3494,32.4217],[130.3551,32.377],[130.4038,32.3943],[130.4022,32.4272],[130.424,32.4325],[130.4063,32.4352],[130.4611,32.5301],[130.4177,32.5247],[130.3946,32.5],[130.3846,32.5243],[130.316,32.5177],[130.2895,32.4837],[130.206,32.4526],[130.2211,32.4157],[130.2461,32.4083],[130.2337,32.3853],[130.254,32.3948]]],[[[130.4298,32.6134],[130.3936,32.5885],[130.4168,32.5818],[130.4038,32.5536],[130.4224,32.5457],[130.4524,32.5522],[130.4423,32.5719],[130.4591,32.5885],[130.4408,32.6018],[130.4577,32.6147],[130.4298,32.6134]]],[[[130.8398,33.1041],[130.7324,33.1545],[130.6921,33.1515],[130.68,33.1713],[130.6596,33.1095],[130.5769,33.115],[130.5656,33.0871],[130.4967,33.0518],[130.506,33.0027],[130.414,33.0023],[130.4298,32.9959],[130.4441,32.9146],[130.5237,32.8814],[130.5269,32.8497],[130.5843,32.8421],[130.6147,32.7922],[130.5976,32.7762],[130.6014,32.7126],[130.4604,32.6333],[130.4596,32.6072],[130.6614,32.6319],[130.6538,32.6128],[130.6177,32.619],[130.634,32.6033],[130.544,32.5382],[130.5362,32.5259],[130.5726,32.5076],[130.5313,32.52],[130.5754,32.4343],[130.4891,32.3663],[130.5071,32.3538],[130.4651,32.3262],[130.4909,32.2988],[130.4646,32.2958],[130.4662,32.2771],[130.4488,32.2876],[130.4241,32.25],[130.435,32.2334],[130.4023,32.2354],[130.3723,32.2025],[130.378,32.1765],[130.3607,32.1821],[130.4024,32.1204],[130.4537,32.1129],[130.4769,32.139],[130.5403,32.1367],[130.6086,32.1874],[130.6227,32.1561],[130.6991,32.107],[130.7594,32.0968],[130.8574,32.0997],[130.906,32.1336],[130.9331,32.1161],[130.9745,32.1208],[131.0121,32.1743],[131.0588,32.1548],[131.109,32.1601],[131.1005,32.2015],[131.0427,32.2482],[131.0505,32.2858],[131.0786,32.2812],[131.1119,32.33],[131.0733,32.3589],[131.0681,32.4075],[131.0436,32.4082],[131.0199,32.4387],[131.007,32.4901],[131.0256,32.5211],[131.0181,32.5469],[131.0519,32.5876],[131.108,32.5818],[131.1155,32.6421],[131.1435,32.6763],[131.1751,32.6719],[131.18,32.7121],[131.2351,32.7444],[131.2345,32.7808],[131.2652,32.8265],[131.3295,32.833],[131.2574,32.8874],[131.246,32.96],[131.2635,32.9766],[131.2236,33.0172],[131.2161,33.0542],[131.1745,33.0831],[131.1612,33.1408],[131.1115,33.1831],[131.06,33.1952],[130.9922,33.1832],[130.9783,33.1409],[131.024,33.0875],[130.9909,33.0238],[130.8398,33.1041]]]]},"properties":{"iso3":"JPN","shapeId":"47310658B50146545060878","regionId":"JPN.21_1","name":"Kumamoto"}},{"type":"Feature","geometry":{"type":"MultiPolygon","coordinates":[[[[128.4269,27.0676],[128.3983,27.0371],[128.4547,27.0214],[128.4535,27.0518],[128.4269,27.0676]]],[[[128.6531,27.422],[128.5953,27.3971],[128.5315,27.4044],[128.5237,27.3601],[128.5764,27.3299],[128.7137,27.4348],[128.6531,27.422]]],[[[128.8964,27.7735],[128.8998,27.736],[128.8809,27.7226],[128.9362,27.661],[128.987,27.6701],[129.038,27.7688],[128.9687,27.8176],[128.9716,27.8554],[128.9558,27.8621],[128.9756,27.8718],[128.9711,27.8927],[128.8897,27.8827],[128.8789,27.8281],[128.8964,27.7735]]],[[[129.215,28.1249],[129.2153,28.077],[129.2524,28.1112],[129.2835,28.0628],[129.2922,28.0912],[129.3236,28.0948],[129.3191,28.0622],[129.3547,28.1047],[129.3413,28.1188],[129.3211,28.1009],[129.3027,28.1222],[129.2923,28.1078],[129.2876,28.126],[129.2604,28.117],[129.275,28.142],[129.2452,28.1221],[129.2615,28.1445],[129.245,28.1488],[129.2745,28.158],[129.2584,28.174],[129.2412,28.1506],[129.2121,28.1639],[129.2052,28.1834],[129.2429,28.1881],[129.2093,28.2013],[129.1758,28.1835],[129.195,28.1449],[129.2196,28.1403],[129.215,28.1249]]],[[[129.2052,28.0372],[129.2573,28.0051],[129.2692,28.0158],[129.2683,28.0357],[129.2338,28.0313],[129.2162,28.055],[129.2052,28.0372]]],[[[129.1445,28.0278],[129.148,28.0138],[129.1654,28.0213],[129.1723,28.0694],[129.1445,28.0278]]],[[[129.9438,28.3284],[129.9132,28.3119],[129.9446,28.2743],[129.9787,28.2889],[130.0333,28.3693],[130.0094,28.3763],[129.9438,28.3284]]],[[[128.9744,28.8028],[128.9724,28.8018],[128.9733,28.7994],[128.9783,28.7931],[128.9834,28.794],[128.9854,28.797],[128.9955,28.7914],[129.0018,28.7937],[129.0033,28.797],[129.002,28.8035],[128.9947,28.8071],[128.9872,28.8021],[128.9847,28.7982],[128.9811,28.7995],[128.9802,28.8013],[128.9785,28.8008],[128.9744,28.8028]]],[[[129.1962,29.1432],[129.2218,29.1279],[129.2199,29.158],[129.1886,29.1564],[129.1962,29.1432]]],[[[129.5951,29.4554],[129.6202,29.4496],[129.5952,29.4772],[129.5951,29.4554]]],[[[129.7265,29.6239],[129.7394,29.6723],[129.6836,29.6522],[129.6976,29.6031],[129.7265,29.6239]]],[[[129.5366,29.6765],[129.5398,29.6858],[129.5381,29.6892],[129.5393,29.6944],[129.5345,29.697],[129.5294,29.6955],[129.5255,29.6859],[129.5265,29.6835],[129.5338,29.6803],[129.5335,29.6782],[129.5366,29.6765]]],[[[129.8503,29.8829],[129.8341,29.86],[129.8601,29.8223],[129.9177,29.8198],[129.8928,29.8697],[129.8503,29.8829]]],[[[129.5464,29.8946],[129.5481,29.8929],[129.5535,29.8949],[129.5545,29.8978],[129.5517,29.9023],[129.5535,29.9043],[129.5489,29.9084],[129.5484,29.9105],[129.5396,29.9126],[129.5371,29.9163],[129.5349,29.9143],[129.5314,29.9149],[129.5302,29.9113],[129.5319,29.9022],[129.5312,29.8967],[129.5343,29.8943],[129.5387,29.8951],[129.54,29.8941],[129.5412,29.8953],[129.5428,29.8925],[129.5464,29.8946]]],[[[129.2024,28.3008],[129.1784,28.2976],[129.2216,28.2837],[129.2024,28.3008]]],[[[129.2138,28.3009],[129.2493,28.2739],[129.2675,28.2886],[129.296,28.2738],[129.2509,28.2527],[129.227,28.2736],[129.2121,28.2526],[129.1808,28.2709],[129.1339,28.254],[129.2472,28.2036],[129.2541,28.2333],[129.2774,28.2314],[129.2624,28.2152],[129.2941,28.2231],[129.2631,28.1831],[129.2833,28.1974],[129.2957,28.1484],[129.3585,28.136],[129.3783,28.109],[129.365,28.1509],[129.3371,28.1687],[129.401,28.1538],[129.4043,28.1923],[129.4756,28.209],[129.4073,28.2486],[129.4459,28.2486],[129.46,28.268],[129.4444,28.2924],[129.5378,28.3065],[129.5335,28.3274],[129.565,28.3347],[129.6129,28.4007],[129.6646,28.3975],[129.7104,28.422],[129.7192,28.4745],[129.6937,28.4904],[129.69,28.5308],[129.6763,28.5269],[129.6458,28.5012],[129.6741,28.4616],[129.6659,28.439],[129.6479,28.4681],[129.6537,28.4225],[129.6463,28.4338],[129.6207,28.418],[129.6205,28.4509],[129.5897,28.4137],[129.6221,28.4782],[129.5596,28.4481],[129.5442,28.4625],[129.5183,28.4411],[129.5229,28.4001],[129.4996,28.3825],[129.4903,28.4128],[129.477,28.3997],[129.463,28.4137],[129.4466,28.3801],[129.395,28.386],[129.401,28.356],[129.389,28.3736],[129.3667,28.3546],[129.339,28.3685],[129.3097,28.3486],[129.3144,28.3332],[129.2138,28.3009]]],[[[129.9024,29.9786],[129.944,29.9522],[129.9167,30.0074],[129.9024,29.9786]]],[[[130.4549,30.2344],[130.5377,30.228],[130.6041,30.2519],[130.6652,30.3155],[130.6717,30.376],[130.5437,30.4474],[130.4996,30.4526],[130.4985,30.4694],[130.4934,30.4544],[130.4641,30.4571],[130.4263,30.3983],[130.3764,30.3828],[130.4132,30.2661],[130.4549,30.2344]]],[[[130.2538,30.4385],[130.2651,30.4481],[130.2352,30.4701],[130.143,30.4896],[130.169,30.4566],[130.1955,30.4623],[130.2098,30.4221],[130.2538,30.4385]]],[[[129.4442,31.1903],[129.4338,31.1758],[129.4527,31.1994],[129.4442,31.1903]]],[[[130.526,31.5027],[130.515,31.4939],[130.5312,31.4843],[130.526,31.5027]]],[[[131.0358,31.3642],[131.0347,31.3751],[131.0324,31.3778],[131.0224,31.377],[131.0204,31.3646],[131.0232,31.3631],[131.0358,31.3642]]],[[[130.21,32.256],[130.2423,32.2532],[130.2689,32.2799],[130.2575,32.3081],[130.2201,32.2918],[130.21,32.256]]],[[[130.1932,32.2245],[130.2055,32.2045],[130.1946,32.2445],[130.1932,32.2245]]],[[[130.1659,32.2294],[130.1898,32.2681],[130.1589,32.245],[130.1659,32.2294]]],[[[130.7206,32.1008],[130.6227,32.1561],[130.6086,32.1874],[130.5917,32.186],[130.5827,32.1549],[130.4769,32.139],[130.4537,32.1129],[130.4024,32.1204],[130.361,32.1681],[130.3508,32.1339],[130.305,32.1029],[130.2671,32.1289],[130.1762,32.1062],[130.1714,32.0783],[130.1929,32.0847],[130.2123,32.0614],[130.1731,31.9921],[130.2031,31.9839],[130.2243,31.9101],[130.1921,31.8586],[130.2063,31.8398],[130.1798,31.8344],[130.167,31.7916],[130.1888,31.7466],[130.212,31.7559],[130.2647,31.7246],[130.252,31.7101],[130.321,31.6503],[130.335,31.5788],[130.3196,31.5049],[130.2711,31.4265],[130.2261,31.3978],[130.1598,31.4402],[130.1359,31.4132],[130.1066,31.4125],[130.132,31.4116],[130.2097,31.3475],[130.1733,31.324],[130.2255,31.3086],[130.1991,31.2957],[130.2294,31.2815],[130.2164,31.2482],[130.2776,31.2466],[130.2868,31.2698],[130.3538,31.2499],[130.4595,31.2513],[130.508,31.2142],[130.5181,31.1659],[130.5547,31.1789],[130.587,31.1552],[130.595,31.1793],[130.6399,31.1895],[130.6297,31.2108],[130.6573,31.2198],[130.65,31.2445],[130.6677,31.2673],[130.6241,31.275],[130.568,31.3176],[130.5435,31.3836],[130.5581,31.3859],[130.5348,31.3947],[130.5134,31.4587],[130.5338,31.4741],[130.5136,31.4908],[130.5589,31.5466],[130.5628,31.5972],[130.6194,31.6575],[130.6093,31.6799],[130.6281,31.7141],[130.688,31.7357],[130.7343,31.7074],[130.795,31.7019],[130.8214,31.6496],[130.7669,31.5635],[130.7065,31.5571],[130.7215,31.5645],[130.7173,31.6025],[130.679,31.6294],[130.6246,31.6199],[130.591,31.5904],[130.6391,31.5452],[130.6985,31.5555],[130.6985,31.4617],[130.7559,31.4253],[130.8031,31.3365],[130.7898,31.2511],[130.7534,31.2113],[130.7668,31.1809],[130.7444,31.1317],[130.6532,31.0705],[130.6782,31.062],[130.6601,30.9943],[130.7449,31.0598],[130.9626,31.1382],[131.017,31.228],[131.0655,31.2274],[131.1297,31.2769],[131.077,31.2715],[131.0736,31.2918],[131.1089,31.3305],[131.0174,31.3568],[131.0164,31.3796],[131.049,31.435],[131.0783,31.4579],[131.0913,31.4486],[131.0839,31.4597],[131.1087,31.4763],[131.1603,31.4619],[131.17,31.4999],[131.2008,31.5177],[131.1889,31.5575],[131.2054,31.5799],[131.1644,31.6395],[131.128,31.6265],[131.0792,31.6601],[131.0544,31.6334],[131.0256,31.6669],[131.0168,31.7473],[130.9785,31.7516],[130.9901,31.7778],[130.8836,31.8059],[130.875,31.8427],[130.914,31.8858],[130.8656,31.9339],[130.7997,31.9499],[130.7775,32.0161],[130.7034,32.0584],[130.7206,32.1008]]],[[[129.6661,31.6407],[129.7141,31.622],[129.7386,31.656],[129.725,31.6685],[129.7387,31.7047],[129.7714,31.7155],[129.8021,31.7852],[129.7818,31.7906],[129.7749,31.7408],[129.6968,31.7165],[129.6822,31.6624],[129.6581,31.6592],[129.6661,31.6407]]],[[[129.8145,31.7945],[129.8286,31.7748],[129.8395,31.819],[129.8145,31.7945]]],[[[129.8736,31.8165],[129.8721,31.8008],[129.9039,31.8249],[129.9256,31.8194],[129.9319,31.8663],[129.9047,31.8686],[129.9107,31.8428],[129.8357,31.8824],[129.8212,31.8433],[129.8356,31.8377],[129.8425,31.8699],[129.8657,31.86],[129.8414,31.8531],[129.8352,31.8255],[129.8591,31.8378],[129.8736,31.8165]]],[[[130.1222,32.2123],[130.1057,32.2138],[130.1219,32.2003],[130.0907,32.1806],[130.1156,32.1571],[130.1111,32.1258],[130.1633,32.0905],[130.1711,32.1337],[130.2095,32.1537],[130.1823,32.1768],[130.2005,32.1976],[130.1752,32.2293],[130.1455,32.2171],[130.1554,32.1971],[130.1222,32.2123]]],[[[130.957,30.3726],[130.9813,30.3988],[130.9628,30.4801],[130.9993,30.548],[131.0348,30.5664],[131.0551,30.6049],[131.0536,30.6659],[131.0786,30.6964],[131.0826,30.789],[131.0564,30.8399],[131.0028,30.7849],[130.9938,30.7264],[130.9401,30.6692],[130.9533,30.5928],[130.9168,30.5195],[130.8723,30.4658],[130.8491,30.4669],[130.8715,30.3452],[130.957,30.3726]]],[[[130.8529,30.7618],[130.8385,30.7267],[130.8652,30.7319],[130.8529,30.7618]]],[[[129.9259,30.8497],[129.9046,30.8384],[129.9116,30.8193],[129.9642,30.8285],[129.9259,30.8497]]],[[[130.2666,30.7878],[130.2778,30.7724],[130.3218,30.7924],[130.3034,30.8085],[130.2666,30.7878]]],[[[130.4296,30.8043],[130.446,30.8099],[130.396,30.8086],[130.4296,30.8043]]]]},"properties":{"iso3":"JPN","shapeId":"47310658B56795339529760","regionId":"JPN.18_1","name":"Kagoshima"}},{"type":"Feature","geometry":{"type":"Polygon","coordinates":[[[139.6641,36.2076],[139.6631,36.2306],[139.6307,36.2548],[139.6417,36.267],[139.5623,36.2669],[139.526,36.2847],[139.4627,36.2721],[139.417,36.3133],[139.4228,36.3323],[139.3664,36.3705],[139.4082,36.458],[139.4365,36.466],[139.4179,36.4947],[139.439,36.5507],[139.4835,36.5819],[139.4652,36.6066],[139.3982,36.602],[139.3296,36.6277],[139.3369,36.6924],[139.3725,36.7463],[139.353,36.7736],[139.4067,36.8269],[139.3485,36.8527],[139.3956,36.9069],[139.2661,36.9412],[139.2408,36.9293],[139.2287,36.9612],[139.1827,36.9617],[139.171,37.002],[139.1113,37.0552],[139.0946,37.0562],[139.0911,37.0197],[139.0474,36.9873],[138.9665,36.9791],[138.9795,36.8918],[138.9231,36.8836],[138.9291,36.8326],[138.8217,36.8176],[138.8178,36.7616],[138.785,36.7449],[138.727,36.7642],[138.7131,36.7392],[138.5143,36.6908],[138.5294,36.6553],[138.4582,36.6337],[138.4041,36.5217],[138.4012,36.4342],[138.457,36.4202],[138.4596,36.4048],[138.5389,36.4025],[138.5924,36.4244],[138.6478,36.4093],[138.6535,36.3031],[138.6003,36.2784],[138.6363,36.1721],[138.5773,36.1681],[138.6008,36.1355],[138.6454,36.1202],[138.632,36.0271],[138.7012,35.988],[138.7357,36.0016],[138.7544,36.0345],[138.8284,36.0373],[138.8648,36.0773],[138.9451,36.0946],[138.9584,36.1242],[139.0415,36.1275],[139.0624,36.1533],[139.0634,36.1963],[139.1297,36.2834],[139.2441,36.2444],[139.3212,36.2366],[139.3593,36.2532],[139.4619,36.1896],[139.5878,36.2104],[139.6249,36.1866],[139.6641,36.2076]],[[139.2616,36.2442],[139.2622,36.2455],[139.264,36.2448],[139.2637,36.2437],[139.2616,36.2442]]]},"properties":{"iso3":"JPN","shapeId":"47310658B57998234967550","regionId":"JPN.10_1","name":"Gunma"}},{"type":"Feature","geometry":{"type":"Polygon","coordinates":[[[135.7286,34.778],[135.7555,34.7275],[135.8492,34.706],[135.8902,34.7083],[135.9244,34.7577],[135.9256,34.7403],[135.9761,34.7411],[135.9863,34.7152],[136.0139,34.7078],[136.0555,34.7386],[136.0286,34.7575],[136.0338,34.7786],[136.0102,34.7997],[136.0279,34.8217],[136.004,34.8443],[135.9464,34.8516],[135.941,34.8937],[135.8979,34.8713],[135.8666,34.8921],[135.8787,34.947],[135.8493,34.9917],[135.8269,34.9912],[135.8366,35.0012],[135.8202,35.0152],[135.8345,35.0221],[135.8148,35.0452],[135.8349,35.0556],[135.8568,35.1536],[135.8293,35.2203],[135.8584,35.2892],[135.8296,35.2767],[135.7688,35.356],[135.7009,35.3437],[135.5276,35.3801],[135.5258,35.4204],[135.502,35.42],[135.4583,35.4683],[135.4762,35.5055],[135.4494,35.526],[135.4866,35.5579],[135.4517,35.5678],[135.4625,35.6038],[135.4266,35.5665],[135.3424,35.5518],[135.3436,35.504],[135.395,35.5168],[135.3982,35.4789],[135.3474,35.4946],[135.3167,35.4512],[135.3319,35.5158],[135.2414,35.5386],[135.2424,35.5601],[135.2748,35.5602],[135.2508,35.5706],[135.2545,35.5996],[135.2043,35.5598],[135.202,35.5375],[135.1854,35.5603],[135.1543,35.5552],[135.1942,35.5816],[135.1879,35.5585],[135.2674,35.6667],[135.3034,35.6629],[135.3066,35.6991],[135.2239,35.7793],[135.0857,35.7398],[135.0273,35.6902],[134.9855,35.6928],[134.9617,35.6614],[134.9009,35.6486],[134.9287,35.6333],[134.91,35.6059],[134.8886,35.6124],[134.9099,35.6328],[134.8879,35.6285],[134.9014,35.6469],[134.8675,35.6581],[134.8739,35.6209],[134.8537,35.5891],[134.9146,35.5453],[134.9269,35.5125],[135.03,35.5403],[135.0452,35.5087],[135.0322,35.4972],[135.0492,35.4077],[134.9911,35.3856],[134.9336,35.4071],[134.9247,35.3117],[135.0568,35.2646],[135.0679,35.2374],[135.1088,35.2663],[135.1575,35.2611],[135.1548,35.2265],[135.1971,35.203],[135.1869,35.1732],[135.2062,35.1607],[135.274,35.1773],[135.2898,35.1718],[135.2878,35.1426],[135.3405,35.1501],[135.3425,35.1359],[135.3898,35.1288],[135.388,35.0971],[135.4043,35.0889],[135.3687,35.0549],[135.3817,35.0102],[135.4931,34.9891],[135.4811,34.9497],[135.5413,34.9152],[135.5813,34.9225],[135.5811,34.937],[135.5573,34.9347],[135.5786,34.9559],[135.5709,34.9698],[135.6133,34.9712],[135.5993,34.9283],[135.6328,34.9347],[135.6758,34.8993],[135.6949,34.8483],[135.746,34.8036],[135.7286,34.778]]]},"properties":{"iso3":"JPN","shapeId":"47310658B94014236912993","regionId":"JPN.22_1","name":"Kyoto"}},{"type":"Feature","geometry":{"type":"MultiPolygon","coordinates":[[[[139.8724,35.6373],[139.8976,35.6166],[139.9395,35.6405],[139.9181,35.6554],[139.9477,35.6695],[139.9291,35.6788],[139.9856,35.681],[140.0028,35.6635],[139.9873,35.6545],[140.0137,35.6574],[140.084,35.5967],[140.083,35.6138],[140.1005,35.6045],[140.089,35.5945],[140.1177,35.5966],[140.1121,35.5705],[140.127,35.5692],[140.0911,35.5645],[140.1156,35.5503],[140.0882,35.552],[140.0962,35.5354],[140.0664,35.5534],[140.0332,35.4917],[140.0098,35.4863],[140.023,35.4676],[140.0025,35.4826],[139.9934,35.4532],[139.9821,35.4748],[139.9657,35.4686],[139.9745,35.4485],[139.9511,35.4561],[139.9003,35.4299],[139.9188,35.3859],[139.8878,35.3709],[139.8979,35.3584],[139.846,35.3753],[139.8629,35.3427],[139.8378,35.359],[139.8216,35.3464],[139.8424,35.3333],[139.8164,35.3241],[139.8337,35.3218],[139.7838,35.3128],[139.8469,35.2907],[139.8695,35.2402],[139.8152,35.1707],[139.8393,35.1306],[139.8235,35.101],[139.8424,35.0865],[139.8192,35.0659],[139.831,35.0409],[139.8104,35.0375],[139.8517,35.0238],[139.8582,34.9992],[139.7528,34.9656],[139.8178,34.9392],[139.8369,34.903],[139.8871,34.8994],[139.9419,34.9175],[139.9831,35.0132],[140.0838,35.0624],[140.1206,35.1154],[140.1911,35.1272],[140.2007,35.1098],[140.2325,35.1148],[140.2985,35.1511],[140.3113,35.1344],[140.3492,35.1801],[140.3843,35.1871],[140.4153,35.3056],[140.3918,35.3562],[140.4058,35.4473],[140.4476,35.5227],[140.5263,35.6031],[140.6738,35.6951],[140.715,35.702],[140.737,35.6939],[140.7284,35.684],[140.8257,35.7136],[140.8655,35.6926],[140.8678,35.7378],[140.8819,35.7309],[140.861,35.7499],[140.872,35.74],[140.818,35.7404],[140.7444,35.7832],[140.7066,35.8363],[140.6307,35.8591],[140.608,35.8958],[140.5112,35.9587],[140.4872,35.9286],[140.5028,35.9055],[140.4584,35.9265],[140.3616,35.8986],[140.3194,35.8646],[140.2783,35.874],[140.1507,35.8434],[140.1246,35.8725],[140.0737,35.8767],[139.938,35.941],[139.9367,35.9664],[139.8842,35.9888],[139.7868,36.1041],[139.7762,36.0908],[139.8173,36.0325],[139.8257,35.9728],[139.9003,35.8642],[139.8795,35.7675],[139.919,35.6991],[139.8869,35.6793],[139.8724,35.6373]]],[[[140.1105,35.5727],[140.0816,35.5883],[140.0861,35.5695],[140.1105,35.5727]]],[[[139.9636,35.6715],[139.9713,35.6704],[139.9706,35.6679],[139.9763,35.667],[139.9708,35.668],[139.9714,35.6707],[139.9794,35.6698],[139.9787,35.6732],[139.9717,35.6744],[139.9712,35.6771],[139.9783,35.6759],[139.9776,35.6795],[139.9711,35.6806],[139.9674,35.679],[139.9626,35.6807],[139.9604,35.6787],[139.9609,35.6759],[139.9585,35.6732],[139.958,35.67],[139.9586,35.6718],[139.9636,35.6715]]]]},"properties":{"iso3":"JPN","shapeId":"47310658B1351727290704","regionId":"JPN.4_1","name":"Chiba"}},{"type":"Feature","geometry":{"type":"Polygon","coordinates":[[[139.7762,36.0908],[139.7984,36.0955],[139.8842,35.9888],[139.9367,35.9664],[139.938,35.941],[140.0737,35.8767],[140.1246,35.8725],[140.1507,35.8434],[140.2783,35.874],[140.3194,35.8646],[140.3616,35.8986],[140.4584,35.9265],[140.5028,35.9055],[140.4872,35.9286],[140.5112,35.9587],[140.608,35.8958],[140.6307,35.8591],[140.7066,35.8363],[140.7444,35.7832],[140.818,35.7404],[140.8499,35.7414],[140.7441,35.8652],[140.7085,35.9206],[140.7126,35.9547],[140.7102,35.9269],[140.6772,35.9118],[140.687,35.8809],[140.6523,35.9266],[140.6939,35.9288],[140.6848,35.9645],[140.7007,35.9626],[140.6705,35.9732],[140.6062,36.094],[140.5589,36.2624],[140.5631,36.298],[140.6269,36.3777],[140.6097,36.4053],[140.6273,36.4416],[140.606,36.4415],[140.6234,36.4818],[140.6117,36.4871],[140.7166,36.6617],[140.7492,36.7858],[140.7751,36.8243],[140.8058,36.8303],[140.7983,36.8578],[140.6155,36.9033],[140.5861,36.9453],[140.5649,36.9129],[140.592,36.873],[140.538,36.8589],[140.4642,36.7914],[140.4385,36.8215],[140.377,36.8381],[140.3652,36.8843],[140.3265,36.8913],[140.303,36.9269],[140.2535,36.9297],[140.2674,36.8178],[140.2549,36.76],[140.2922,36.7126],[140.2201,36.6845],[140.2409,36.6509],[140.2602,36.5175],[140.2294,36.5021],[140.1851,36.3983],[140.1318,36.4149],[140.101,36.3941],[140.0664,36.4038],[140.0482,36.3756],[139.9735,36.3785],[139.9645,36.3509],[139.9143,36.3367],[139.9103,36.3009],[139.8807,36.323],[139.848,36.3107],[139.8218,36.2398],[139.7275,36.2016],[139.6925,36.2065],[139.7298,36.0878],[139.7762,36.0908]]]},"properties":{"iso3":"JPN","shapeId":"47310658B31759366295450","regionId":"JPN.14_1","name":"Ibaraki"}},{"type":"Feature","geometry":{"type":"MultiPolygon","coordinates":[[[[139.6862,35.4106],[139.6712,35.4029],[139.6844,35.395],[139.6862,35.4106]]],[[[139.1313,35.672],[139.1172,35.6545],[139.1299,35.5664],[139.1101,35.5323],[138.9374,35.4489],[138.9158,35.4055],[139.0014,35.3997],[139.019,35.3293],[138.9744,35.2481],[139.0291,35.1501],[139.1609,35.141],[139.136,35.1814],[139.1478,35.2409],[139.2552,35.2944],[139.4352,35.3191],[139.5713,35.2929],[139.5761,35.2536],[139.6274,35.2157],[139.5989,35.1959],[139.63,35.1635],[139.6049,35.1446],[139.6778,35.1388],[139.6566,35.1851],[139.7251,35.2113],[139.7167,35.2461],[139.747,35.2535],[139.691,35.2665],[139.674,35.3006],[139.6607,35.283],[139.6311,35.3],[139.6619,35.3282],[139.6216,35.3233],[139.657,35.3419],[139.6583,35.3785],[139.6286,35.3842],[139.626,35.4016],[139.6455,35.403],[139.6294,35.4132],[139.6696,35.4028],[139.6906,35.4393],[139.6645,35.4328],[139.6658,35.4495],[139.6318,35.4531],[139.6345,35.473],[139.674,35.4845],[139.6759,35.4692],[139.6885,35.4954],[139.7127,35.4642],[139.7419,35.477],[139.7357,35.4942],[139.7844,35.502],[139.765,35.5116],[139.7965,35.5066],[139.7958,35.5234],[139.7569,35.5445],[139.7022,35.537],[139.6645,35.5895],[139.5255,35.6427],[139.4997,35.6054],[139.463,35.6248],[139.4493,35.6118],[139.5076,35.5751],[139.491,35.5614],[139.4898,35.5843],[139.4733,35.5769],[139.4878,35.5279],[139.4687,35.502],[139.3998,35.5844],[139.2857,35.6129],[139.2522,35.6017],[139.2115,35.6491],[139.1791,35.6456],[139.1313,35.672]]],[[[139.6572,35.4415],[139.6661,35.4352],[139.6743,35.4497],[139.6704,35.4513],[139.6641,35.4428],[139.6632,35.4436],[139.6603,35.4412],[139.6575,35.4435],[139.656,35.4425],[139.6572,35.4415]]],[[[139.6734,35.4604],[139.7072,35.4567],[139.6849,35.4586],[139.6924,35.472],[139.6734,35.4604]]]]},"properties":{"iso3":"JPN","shapeId":"47310658B16920518838967","regionId":"JPN.19_1","name":"Kanagawa"}},{"type":"Feature","geometry":{"type":"MultiPolygon","coordinates":[[[[132.5392,34.0672],[132.537,34.0688],[132.5372,34.0714],[132.5341,34.0717],[132.5334,34.0742],[132.5314,34.0735],[132.5317,34.0694],[132.529,34.0682],[132.5288,34.0644],[132.5267,34.0646],[132.5267,34.0581],[132.5227,34.0531],[132.5197,34.0529],[132.5207,34.0499],[132.5227,34.0505],[132.5294,34.0463],[132.5339,34.0468],[132.5392,34.0672]]],[[[132.4052,34.1479],[132.4131,34.1697],[132.3831,34.1769],[132.3874,34.1497],[132.4052,34.1479]]],[[[132.7715,34.1665],[132.8001,34.1752],[132.7812,34.1875],[132.7715,34.1665]]],[[[133.2567,34.3898],[133.2598,34.3937],[133.2617,34.3938],[133.2556,34.4004],[133.2534,34.4015],[133.2505,34.4008],[133.2502,34.3991],[133.2474,34.398],[133.2452,34.3982],[133.2437,34.4002],[133.2454,34.3946],[133.2446,34.391],[133.2523,34.3881],[133.2567,34.3898]]],[[[133.1545,34.381],[133.1726,34.3741],[133.1678,34.39],[133.1545,34.381]]],[[[133.4524,34.3421],[133.4483,34.3415],[133.4412,34.3497],[133.4374,34.3514],[133.4347,34.3513],[133.4334,34.3477],[133.4306,34.3485],[133.4278,34.3448],[133.4305,34.3391],[133.4356,34.3379],[133.4385,34.3387],[133.4458,34.3355],[133.4492,34.3398],[133.4547,34.3377],[133.4524,34.3421]]],[[[133.272,34.3788],[133.271,34.378],[133.2716,34.3791],[133.2681,34.3816],[133.2624,34.3821],[133.2607,34.3842],[133.2573,34.3794],[133.2577,34.3751],[133.2611,34.3703],[133.2591,34.366],[133.264,34.3654],[133.2702,34.3608],[133.2721,34.362],[133.2715,34.3652],[133.2782,34.3727],[133.2794,34.3802],[133.277,34.3812],[133.2761,34.3788],[133.2731,34.3784],[133.2725,34.3801],[133.272,34.3788]]],[[[133.2629,34.3442],[133.2792,34.3349],[133.2885,34.3572],[133.2629,34.3442]]],[[[133.3007,34.3425],[133.3423,34.371],[133.2966,34.3647],[133.3007,34.3425]]],[[[132.4868,34.3366],[132.4869,34.3398],[132.4839,34.3411],[132.4857,34.344],[132.4816,34.347],[132.4771,34.3461],[132.4805,34.3303],[132.4839,34.3322],[132.4868,34.3366]]],[[[133.1129,34.3594],[133.0972,34.3401],[133.1105,34.3172],[133.1262,34.3341],[133.1129,34.3594]]],[[[133.1939,34.3971],[133.1722,34.3928],[133.1744,34.3664],[133.212,34.3562],[133.2394,34.3982],[133.1939,34.3971]]],[[[132.3054,34.2946],[132.2639,34.2564],[132.2742,34.2314],[132.348,34.2822],[132.3333,34.3113],[132.3054,34.2946]]],[[[133.07,34.2774],[133.0938,34.2566],[133.1498,34.2987],[133.1396,34.3154],[133.0899,34.3134],[133.07,34.2774]]],[[[132.8907,34.2617],[132.8838,34.2441],[132.8381,34.2421],[132.856,34.2082],[132.9209,34.2141],[132.9133,34.2348],[132.9421,34.2776],[132.9264,34.2824],[132.9009,34.2466],[132.8907,34.2617]]],[[[132.8682,34.2636],[132.8693,34.2599],[132.8679,34.2592],[132.8693,34.2576],[132.8665,34.2594],[132.8688,34.2569],[132.871,34.2575],[132.8752,34.2547],[132.878,34.2583],[132.8735,34.2613],[132.8739,34.2665],[132.8764,34.2681],[132.8741,34.2694],[132.8734,34.2681],[132.871,34.2684],[132.8692,34.2714],[132.8692,34.2677],[132.8656,34.269],[132.8634,34.2641],[132.8642,34.2629],[132.8682,34.2636]]],[[[132.7943,34.2774],[132.7907,34.2749],[132.7902,34.2727],[132.7987,34.2708],[132.8025,34.2684],[132.8112,34.2758],[132.8091,34.2815],[132.8051,34.2796],[132.8056,34.2821],[132.7943,34.2774]]],[[[132.3114,34.1969],[132.3117,34.1985],[132.3093,34.1988],[132.3046,34.197],[132.3044,34.1948],[132.3021,34.1937],[132.302,34.1958],[132.298,34.1969],[132.2961,34.1995],[132.2933,34.1944],[132.2926,34.1888],[132.2951,34.1871],[132.3005,34.1896],[132.3007,34.1846],[132.3053,34.1844],[132.3079,34.1871],[132.3168,34.1866],[132.3193,34.1899],[132.3168,34.193],[132.3174,34.1945],[132.3137,34.1944],[132.3129,34.1973],[132.3114,34.1969]]],[[[132.8536,34.1885],[132.8229,34.1871],[132.7995,34.1587],[132.8463,34.16],[132.8677,34.1743],[132.8536,34.1885]]],[[[132.5392,34.1075],[132.5578,34.1506],[132.5215,34.1575],[132.5586,34.173],[132.527,34.2003],[132.4948,34.1678],[132.5061,34.1358],[132.4552,34.1152],[132.4477,34.0943],[132.4623,34.0824],[132.5323,34.1039],[132.5508,34.0789],[132.5698,34.1152],[132.5931,34.1152],[132.576,34.1279],[132.5392,34.1075]]],[[[132.7147,34.2016],[132.6855,34.1825],[132.7391,34.1732],[132.7388,34.1578],[132.7655,34.1774],[132.7147,34.2016]]],[[[132.6762,34.175],[132.6724,34.2037],[132.6442,34.171],[132.6762,34.175]]],[[[132.445,34.152],[132.4285,34.1286],[132.49,34.1422],[132.4713,34.1789],[132.4989,34.2671],[132.4796,34.2962],[132.4341,34.2859],[132.4458,34.2666],[132.4331,34.25],[132.471,34.2445],[132.4742,34.2084],[132.4198,34.258],[132.3721,34.2586],[132.4288,34.1731],[132.439,34.1958],[132.4563,34.1795],[132.445,34.152]]],[[[132.9157,34.2922],[132.9141,34.2937],[132.9157,34.2951],[132.9146,34.2971],[132.9184,34.299],[132.9166,34.2987],[132.9155,34.3003],[132.9129,34.299],[132.9113,34.2952],[132.9074,34.2947],[132.9075,34.29],[132.9053,34.2891],[132.9049,34.2848],[132.9054,34.2839],[132.9073,34.2876],[132.9097,34.2831],[132.9116,34.285],[132.9138,34.2845],[132.9121,34.282],[132.9153,34.2834],[132.9141,34.2802],[132.9165,34.2797],[132.9251,34.2855],[132.9256,34.2967],[132.924,34.2976],[132.9187,34.2907],[132.9167,34.2904],[132.9157,34.2922]]],[[[132.433,34.3172],[132.4154,34.2997],[132.4428,34.2969],[132.4441,34.3253],[132.433,34.3172]]],[[[133.1866,34.2774],[133.2109,34.3189],[133.1972,34.3381],[133.1773,34.329],[133.1736,34.3579],[133.1474,34.358],[133.1345,34.3289],[133.1866,34.2774]]],[[[133.0665,34.3258],[133.0646,34.3051],[133.0823,34.304],[133.0809,34.3323],[133.0665,34.3258]]],[[[133.1364,35.0743],[133.0964,35.0854],[133.0331,35.0682],[132.9908,35.1013],[132.9502,35.0754],[132.8729,35.1022],[132.8281,35.0621],[132.8367,35.047],[132.7451,34.9768],[132.7497,34.9603],[132.6852,34.9506],[132.634,34.9048],[132.701,34.8817],[132.6987,34.8429],[132.6147,34.843],[132.5381,34.795],[132.4543,34.8007],[132.4367,34.821],[132.3967,34.7794],[132.3743,34.801],[132.3183,34.8016],[132.2979,34.7766],[132.242,34.8064],[132.2224,34.7495],[132.1308,34.708],[132.1619,34.6831],[132.1163,34.6125],[132.1255,34.5832],[132.0365,34.5019],[132.0597,34.4923],[132.081,34.4432],[132.0698,34.3563],[132.1274,34.3329],[132.1443,34.2368],[132.2049,34.2286],[132.1954,34.2044],[132.2456,34.2107],[132.2207,34.2327],[132.2301,34.2546],[132.2802,34.2836],[132.3289,34.3478],[132.3588,34.3453],[132.3383,34.3541],[132.3993,34.3654],[132.4438,34.3405],[132.4756,34.3671],[132.4826,34.3531],[132.5226,34.3629],[132.4915,34.3384],[132.5147,34.2569],[132.5585,34.2382],[132.5316,34.2222],[132.5438,34.1935],[132.593,34.2127],[132.5963,34.2311],[132.6092,34.2183],[132.6193,34.2312],[132.6176,34.2106],[132.641,34.2015],[132.6591,34.2193],[132.6843,34.2101],[132.7014,34.2374],[132.7606,34.2403],[132.7734,34.2556],[132.7529,34.2597],[132.7489,34.2829],[132.7845,34.2756],[132.8142,34.3167],[132.8345,34.3164],[132.8469,34.2917],[132.9142,34.3371],[133.0401,34.3313],[133.0796,34.3461],[133.0968,34.3794],[133.0808,34.3983],[133.1275,34.3826],[133.2341,34.4115],[133.2421,34.4359],[133.2556,34.4249],[133.2512,34.4414],[133.2757,34.4273],[133.266,34.3923],[133.2815,34.4016],[133.3461,34.3655],[133.3837,34.3814],[133.3983,34.4395],[133.4313,34.4241],[133.4405,34.4364],[133.4082,34.4572],[133.4086,34.4783],[133.3789,34.482],[133.434,34.4783],[133.4149,34.478],[133.4145,34.4592],[133.445,34.4462],[133.4544,34.5315],[133.3847,34.6168],[133.4034,34.6719],[133.3582,34.7333],[133.3781,34.8084],[133.336,34.8348],[133.2952,34.8957],[133.3094,34.937],[133.2973,34.956],[133.3218,35.0061],[133.2496,35.079],[133.1364,35.0743]]]]},"properties":{"iso3":"JPN","shapeId":"47310658B84769036468911","regionId":"JPN.11_1","name":"Hiroshima"}},{"type":"Feature","geometry":{"type":"Polygon","coordinates":[[[134.3699,35.6146],[134.2935,35.5893],[134.266,35.5578],[134.1871,35.5429],[134.1964,35.5327],[134.0341,35.5185],[134.0075,35.5379],[133.9252,35.5101],[133.7795,35.5005],[133.5639,35.5307],[133.4471,35.4948],[133.402,35.4527],[133.2674,35.4962],[133.2446,35.5351],[133.2719,35.5523],[133.2185,35.5463],[133.1985,35.5263],[133.2225,35.4802],[133.3206,35.4103],[133.3245,35.374],[133.2925,35.3206],[133.3106,35.2679],[133.1526,35.2191],[133.1949,35.1698],[133.1485,35.14],[133.1363,35.0696],[133.2496,35.079],[133.2691,35.0577],[133.2908,35.0709],[133.2931,35.1016],[133.3255,35.0935],[133.4118,35.1211],[133.3965,35.1809],[133.5262,35.1829],[133.5055,35.2282],[133.5608,35.2467],[133.5968,35.345],[133.7452,35.3195],[133.8,35.2926],[133.8321,35.2488],[133.8659,35.2723],[133.8621,35.2925],[133.9252,35.3069],[133.9341,35.3351],[134.0148,35.3504],[134.0081,35.3082],[134.0978,35.3057],[134.1398,35.2788],[134.1506,35.258],[134.1373,35.2387],[134.1642,35.228],[134.1529,35.1963],[134.1724,35.1697],[134.2605,35.211],[134.3212,35.2018],[134.3899,35.2522],[134.435,35.2292],[134.4635,35.2368],[134.5154,35.2773],[134.5019,35.3265],[134.5139,35.3535],[134.4723,35.3783],[134.4801,35.427],[134.44,35.4429],[134.4309,35.5025],[134.4127,35.5149],[134.4218,35.5625],[134.3699,35.6146]]]},"properties":{"iso3":"JPN","shapeId":"47310658B78383189487115","regionId":"JPN.42_1","name":"Tottori"}},{"type":"Feature","geometry":{"type":"MultiPolygon","coordinates":[[[[133.1364,35.0743],[133.1485,35.14],[133.1949,35.1698],[133.1526,35.2191],[133.3106,35.2679],[133.2925,35.3206],[133.3245,35.374],[133.3206,35.4103],[133.2225,35.4802],[133.201,35.5352],[133.3268,35.5679],[133.2171,35.5816],[133.2117,35.5672],[133.1918,35.5803],[133.192,35.5622],[133.1418,35.5607],[133.1404,35.581],[133.0901,35.6038],[133.0974,35.5789],[133.0479,35.5782],[133.06,35.5647],[133.0288,35.5557],[133.0282,35.5384],[132.9682,35.5436],[132.971,35.5158],[132.8649,35.5132],[132.7268,35.4706],[132.7535,35.4476],[132.6291,35.4352],[132.6229,35.4184],[132.6706,35.4018],[132.6747,35.3821],[132.6297,35.289],[132.4176,35.1905],[132.3813,35.1468],[132.3894,35.1317],[132.3322,35.0975],[132.3097,35.0569],[132.2342,35.0369],[132.1126,34.9531],[132.0635,34.9052],[132.0568,34.8729],[132.008,34.8686],[132.0079,34.8472],[131.9547,34.8164],[131.9462,34.7924],[131.8648,34.7555],[131.8747,34.7427],[131.8497,34.7116],[131.7471,34.6757],[131.6906,34.681],[131.6948,34.6207],[131.7184,34.6134],[131.7276,34.5764],[131.668,34.5041],[131.6991,34.477],[131.6974,34.4353],[131.7938,34.4362],[131.7636,34.3771],[131.7975,34.3178],[131.8696,34.305],[131.9193,34.3381],[131.9592,34.3065],[132.0135,34.3713],[131.9975,34.4279],[132.0251,34.4624],[132.0686,34.4677],[132.0365,34.5019],[132.0524,34.5303],[132.084,34.5375],[132.1255,34.5832],[132.1163,34.6125],[132.1619,34.6831],[132.1308,34.708],[132.2224,34.7495],[132.242,34.8064],[132.2979,34.7766],[132.3183,34.8016],[132.3743,34.801],[132.3967,34.7794],[132.4367,34.821],[132.4543,34.8007],[132.5381,34.795],[132.6147,34.843],[132.6987,34.8429],[132.701,34.8817],[132.634,34.9048],[132.6852,34.9506],[132.7497,34.9603],[132.7451,34.9768],[132.8367,35.047],[132.8281,35.0621],[132.8729,35.1022],[132.9502,35.0754],[132.9908,35.1013],[133.0331,35.0682],[133.0964,35.0854],[133.1364,35.0743]]],[[[133.0664,36.012],[132.9999,36.0323],[133.0095,36.0018],[133.0417,36.0131],[133.061,35.9939],[133.0664,36.012]]],[[[133.2423,36.1674],[133.2779,36.1695],[133.2799,36.1882],[133.2876,36.1708],[133.3417,36.1703],[133.3356,36.1972],[133.3062,36.1989],[133.3361,36.2012],[133.3452,36.2247],[133.3392,36.1959],[133.3702,36.2058],[133.3859,36.2683],[133.279,36.3489],[133.2634,36.3279],[133.2246,36.3286],[133.2321,36.3181],[133.1912,36.2904],[133.2157,36.2899],[133.2045,36.2796],[133.1793,36.288],[133.1823,36.2122],[133.2449,36.1902],[133.2304,36.1701],[133.2423,36.1674]]],[[[133.0682,36.0353],[133.1039,36.0501],[133.097,36.0723],[133.1527,36.0746],[133.1182,36.0821],[133.1325,36.1112],[133.0988,36.1186],[133.0913,36.0963],[133.083,36.1143],[133.0643,36.1011],[133.0801,36.069],[133.0682,36.0353]]],[[[132.9784,36.0515],[132.9985,36.0381],[132.9765,36.0838],[133.0057,36.1057],[133.0075,36.0742],[133.0463,36.0609],[133.0571,36.083],[133.0412,36.1098],[133.0929,36.1393],[133.0145,36.1376],[133.0067,36.108],[132.9777,36.1147],[132.9459,36.0669],[132.9784,36.0515]]]]},"properties":{"iso3":"JPN","shapeId":"47310658B41093195623763","regionId":"JPN.37_1","name":"Shimane"}},{"type":"Feature","geometry":{"type":"MultiPolygon","coordinates":[[[[138.2713,37.2029],[138.2665,37.2001],[138.2598,37.201],[138.2666,37.2],[138.2714,37.2029],[138.268,37.2004],[138.2717,37.2026],[138.2755,37.1987],[138.2848,37.2047],[138.2777,37.2119],[138.2717,37.2081],[138.2733,37.2064],[138.2701,37.2042],[138.2713,37.2029]]],[[[139.6808,37.847],[139.6384,37.88],[139.6248,37.9181],[139.6547,38.0352],[139.6927,38.057],[139.6918,38.0751],[139.6713,38.0769],[139.6939,38.1158],[139.6823,38.1718],[139.6992,38.2032],[139.7863,38.1922],[139.8579,38.2297],[139.8989,38.293],[139.8489,38.3429],[139.7501,38.3594],[139.7226,38.3938],[139.7098,38.3868],[139.7217,38.4962],[139.5998,38.5221],[139.5493,38.5536],[139.4573,38.3975],[139.4503,38.2385],[139.3689,38.1003],[139.225,38.0009],[139.2457,37.9716],[139.222,37.9704],[139.2291,38.0162],[139.2021,37.9829],[139.0697,37.9529],[138.8428,37.8176],[138.8004,37.757],[138.7483,37.606],[138.6174,37.4841],[138.5435,37.3683],[138.4365,37.3247],[138.2494,37.1825],[138.2567,37.2083],[138.2336,37.175],[138.1511,37.1613],[138.0964,37.173],[138.0476,37.1272],[137.9139,37.0614],[137.635,36.9797],[137.6665,36.9502],[137.7113,36.9441],[137.7301,36.8264],[137.7624,36.7662],[137.82,36.7982],[137.8765,36.8662],[137.8677,36.9157],[138.0137,36.904],[138.0325,36.881],[138.0035,36.8264],[138.0541,36.8001],[138.1124,36.8495],[138.1689,36.845],[138.2138,36.8712],[138.2547,36.87],[138.2876,36.8457],[138.2963,36.9108],[138.3432,36.9208],[138.3947,36.9972],[138.5239,37.0304],[138.5659,37.0213],[138.5867,36.9882],[138.5888,36.914],[138.6932,36.8548],[138.6796,36.8211],[138.6958,36.8079],[138.669,36.7788],[138.6959,36.7385],[138.727,36.7642],[138.7894,36.7449],[138.8269,36.7723],[138.8217,36.8176],[138.9291,36.8326],[138.9231,36.8836],[138.9795,36.8918],[138.9665,36.9791],[139.0474,36.9873],[139.0911,37.0197],[139.097,37.0586],[139.171,37.002],[139.1827,36.9617],[139.2287,36.9612],[139.2416,36.9415],[139.2603,37.0477],[139.2351,37.1105],[139.2538,37.165],[139.2207,37.2092],[139.1966,37.194],[139.1647,37.2374],[139.2123,37.2862],[139.2336,37.3436],[139.2315,37.3879],[139.1974,37.4111],[139.2236,37.4492],[139.3625,37.47],[139.3975,37.4598],[139.4292,37.5147],[139.5851,37.5129],[139.5493,37.649],[139.6272,37.6883],[139.6579,37.755],[139.7415,37.8177],[139.7146,37.8529],[139.6808,37.847]]],[[[138.3399,38.1991],[138.2425,38.0875],[138.2384,38.0278],[138.2204,38.0144],[138.2493,37.9652],[138.2745,38.0029],[138.2983,38.0074],[138.3422,37.9618],[138.2846,37.9195],[138.2898,37.8855],[138.2692,37.8478],[138.2054,37.8285],[138.2158,37.81],[138.3443,37.825],[138.4705,37.8968],[138.5001,37.9203],[138.5746,38.0627],[138.5632,38.0881],[138.4814,38.0621],[138.4342,38.0884],[138.4497,38.1458],[138.4928,38.2036],[138.515,38.3321],[138.4582,38.3218],[138.4352,38.2602],[138.4019,38.2546],[138.3399,38.1991]]],[[[139.2189,38.4477],[139.2228,38.436],[139.2451,38.4504],[139.2642,38.4889],[139.2189,38.4477]]]]},"properties":{"iso3":"JPN","shapeId":"47310658B84734951454670","regionId":"JPN.29_1","name":"Niigata"}},{"type":"Feature","geometry":{"type":"Polygon","coordinates":[[[137.562,35.2893],[137.546,35.2517],[137.5787,35.1984],[137.6446,35.209],[137.6815,35.2352],[137.7953,35.2041],[137.8735,35.2195],[137.8955,35.258],[137.9184,35.2543],[137.9293,35.2755],[138.0197,35.3015],[138.0612,35.3471],[138.096,35.3396],[138.1413,35.3696],[138.1531,35.3972],[138.1198,35.4534],[138.1569,35.46],[138.1647,35.4937],[138.1395,35.5012],[138.1594,35.545],[138.1414,35.5551],[138.162,35.5813],[138.1895,35.5768],[138.2187,35.6445],[138.1801,35.7144],[138.2369,35.758],[138.1856,35.7955],[138.2387,35.8829],[138.2836,35.8593],[138.3705,35.9714],[138.4447,35.9502],[138.4444,35.9178],[138.4716,35.8962],[138.5106,35.9223],[138.591,35.9198],[138.6123,35.9092],[138.6109,35.8736],[138.6762,35.8698],[138.6858,35.8939],[138.729,35.9092],[138.7393,35.9391],[138.7125,35.9853],[138.632,36.0271],[138.6454,36.1202],[138.6008,36.1355],[138.5773,36.1681],[138.6363,36.1721],[138.6003,36.2784],[138.6535,36.3031],[138.6478,36.4093],[138.5924,36.4244],[138.489,36.4009],[138.4012,36.4342],[138.4041,36.5217],[138.4582,36.6337],[138.5241,36.6504],[138.5346,36.6656],[138.5143,36.6908],[138.5436,36.7038],[138.6109,36.7064],[138.6959,36.7385],[138.669,36.7788],[138.6958,36.8079],[138.6796,36.8211],[138.6932,36.8548],[138.5888,36.914],[138.5867,36.9882],[138.5659,37.0213],[138.5141,37.0297],[138.3947,36.9972],[138.3432,36.9208],[138.2963,36.9108],[138.2876,36.8457],[138.2547,36.87],[138.2138,36.8712],[138.1689,36.845],[138.1124,36.8495],[138.0541,36.8001],[138.0035,36.8264],[138.0325,36.881],[138.0137,36.904],[137.8677,36.9157],[137.8765,36.8662],[137.7518,36.7511],[137.751,36.5885],[137.6877,36.5621],[137.7054,36.5178],[137.6687,36.5095],[137.6365,36.4284],[137.5873,36.3898],[137.5871,36.372],[137.6454,36.3417],[137.6531,36.3047],[137.5731,36.2187],[137.5951,36.172],[137.5547,36.1402],[137.5549,36.1055],[137.6139,36.0764],[137.5948,36.0129],[137.5435,35.9829],[137.4765,35.8942],[137.4349,35.9055],[137.3808,35.8924],[137.325,35.8167],[137.4648,35.7564],[137.4972,35.6885],[137.5454,35.6511],[137.5138,35.608],[137.5376,35.5845],[137.5713,35.5842],[137.5739,35.5447],[137.6316,35.5099],[137.6317,35.47],[137.593,35.447],[137.6349,35.4012],[137.5752,35.4],[137.5985,35.379],[137.6039,35.3332],[137.557,35.3099],[137.562,35.2893]]]},"properties":{"iso3":"JPN","shapeId":"47310658B40291932252870","regionId":"JPN.26_1","name":"Nagano"}},{"type":"Feature","geometry":{"type":"MultiPolygon","coordinates":[[[[136.809,35.0127],[136.812,34.996],[136.8217,35.0176],[136.809,35.0127]]],[[[136.8147,35.0493],[136.8108,35.0267],[136.839,35.0302],[136.8147,35.0493]]],[[[136.846,35.0392],[136.855,35.0553],[136.838,35.0518],[136.846,35.0392]]],[[[136.8774,35.0576],[136.8737,35.0718],[136.8653,35.05],[136.8774,35.0576]]],[[[137.3086,34.7231],[137.3118,34.6995],[137.3419,34.7204],[137.3086,34.7231]]],[[[137.0506,34.724],[137.0533,34.724],[137.0541,34.7276],[137.0472,34.7291],[137.039,34.7333],[137.0361,34.7316],[137.0358,34.7283],[137.0306,34.7278],[137.0342,34.7259],[137.0313,34.7232],[137.0376,34.7201],[137.038,34.7245],[137.0419,34.7265],[137.0447,34.7261],[137.0453,34.7224],[137.0502,34.7193],[137.0471,34.7135],[137.0525,34.7156],[137.0532,34.7203],[137.0565,34.7221],[137.0496,34.7236],[137.0506,34.724]]],[[[137.3222,34.7828],[137.3267,34.7864],[137.3245,34.7891],[137.316,34.792],[137.3131,34.7958],[137.3033,34.7929],[137.3087,34.7788],[137.3195,34.7806],[137.3222,34.7828]]],[[[137.3191,34.7433],[137.3192,34.7485],[137.3143,34.7485],[137.3142,34.7446],[137.3119,34.7447],[137.3119,34.7404],[137.3079,34.7403],[137.3079,34.7348],[137.3187,34.7329],[137.3191,34.7433]]],[[[136.8062,34.8774],[136.8083,34.8393],[136.8241,34.8527],[136.8062,34.8774]]],[[[136.8222,34.9531],[136.8257,34.9605],[136.8244,34.9597],[136.8217,34.9612],[136.8226,34.9623],[136.8187,34.9645],[136.8109,34.9548],[136.8203,34.9497],[136.8222,34.9531]]],[[[136.6728,35.1348],[136.7501,35.0802],[136.7697,35.0226],[136.7975,35.012],[136.7784,35.0378],[136.8003,35.0288],[136.7969,35.0515],[136.8555,35.0565],[136.8674,35.0929],[136.8902,35.088],[136.8794,35.0472],[136.8948,35.0402],[136.8691,35.0417],[136.852,35.0164],[136.8728,35.0126],[136.8474,35.0094],[136.8205,34.9662],[136.822,34.8837],[136.8392,34.8836],[136.8666,34.8393],[136.8401,34.7639],[136.8857,34.7223],[136.9778,34.7017],[136.9145,34.7717],[136.9277,34.8649],[136.9642,34.8765],[136.981,34.9569],[136.9838,34.8933],[136.9488,34.8265],[136.997,34.8164],[137.0264,34.7776],[137.17,34.7875],[137.1776,34.7656],[137.192,34.8107],[137.2098,34.8027],[137.2164,34.823],[137.2516,34.8052],[137.3012,34.8102],[137.3368,34.7803],[137.3207,34.7705],[137.3204,34.7327],[137.3532,34.7265],[137.3126,34.6815],[137.2855,34.6781],[137.3015,34.6956],[137.3009,34.7281],[137.2849,34.7309],[137.2619,34.6955],[137.2456,34.7061],[137.2243,34.6758],[137.1304,34.6562],[137.1475,34.6519],[137.1192,34.6341],[137.0707,34.6616],[137.0155,34.5812],[137.0368,34.5778],[137.485,34.6739],[137.4741,34.7499],[137.487,34.8117],[137.5027,34.8335],[137.5873,34.8496],[137.6413,34.8931],[137.6581,34.943],[137.7071,34.9719],[137.7171,35.035],[137.8012,35.106],[137.7928,35.1348],[137.8291,35.1523],[137.8032,35.1835],[137.8381,35.2125],[137.7739,35.2033],[137.7596,35.2221],[137.6815,35.2352],[137.6446,35.209],[137.5787,35.1984],[137.546,35.2517],[137.567,35.2899],[137.5189,35.2833],[137.4298,35.2229],[137.3081,35.2912],[137.1865,35.2531],[137.1652,35.2834],[137.0813,35.2922],[137.0682,35.3357],[137.0472,35.3368],[137.047,35.3661],[136.9783,35.4032],[136.9864,35.4246],[136.9221,35.3792],[136.834,35.3559],[136.7619,35.3611],[136.6781,35.2422],[136.6728,35.1348]]]]},"properties":{"iso3":"JPN","shapeId":"47310658B49885151916407","regionId":"JPN.1_1","name":"Aichi"}},{"type":"Feature","geometry":{"type":"Polygon","coordinates":[[[138.9439,35.8548],[138.8922,35.8398],[138.729,35.9092],[138.6858,35.8939],[138.6762,35.8698],[138.6109,35.8736],[138.6123,35.9092],[138.591,35.9198],[138.5106,35.9223],[138.4716,35.8962],[138.4444,35.9178],[138.4506,35.9454],[138.3814,35.9714],[138.2836,35.8593],[138.2387,35.8829],[138.1852,35.7911],[138.2369,35.758],[138.1801,35.7144],[138.1933,35.6722],[138.2323,35.6401],[138.269,35.5142],[138.244,35.4586],[138.2581,35.4074],[138.232,35.3712],[138.2513,35.3635],[138.2545,35.3204],[138.2842,35.3043],[138.3258,35.3276],[138.3586,35.3175],[138.3987,35.2003],[138.4915,35.1684],[138.5331,35.2007],[138.5121,35.3137],[138.5351,35.3306],[138.5318,35.4093],[138.5589,35.4342],[138.5819,35.4457],[138.6091,35.3932],[138.6636,35.3982],[138.6805,35.3577],[138.8512,35.3905],[138.8743,35.3792],[138.9164,35.4006],[138.9374,35.4489],[139.0275,35.481],[139.0461,35.5097],[139.0858,35.5121],[139.1299,35.5664],[139.1172,35.6545],[139.1313,35.672],[139.0248,35.7197],[138.9439,35.8548]]]},"properties":{"iso3":"JPN","shapeId":"47310658B89229150671737","regionId":"JPN.47_1","name":"Yamanashi"}},{"type":"Feature","geometry":{"type":"MultiPolygon","coordinates":[[[[141.5163,38.4522],[141.5346,38.4439],[141.5175,38.4657],[141.5163,38.4522]]],[[[141.6138,38.8474],[141.6242,38.8302],[141.6372,38.8396],[141.6244,38.8856],[141.6017,38.8737],[141.6138,38.8474]]],[[[141.4599,38.2678],[141.5018,38.246],[141.4751,38.2821],[141.4599,38.2678]]],[[[141.5479,38.3031],[141.5724,38.2701],[141.5863,38.2774],[141.5898,38.302],[141.5479,38.3031]]],[[[141.416,38.3122],[141.4084,38.2849],[141.4296,38.2923],[141.416,38.3122]]],[[[141.127,38.3363],[141.1314,38.3359],[141.1299,38.3381],[141.1324,38.3433],[141.1291,38.3412],[141.1295,38.3396],[141.1273,38.3396],[141.1274,38.3426],[141.1311,38.3449],[141.1297,38.349],[141.1295,38.3473],[141.1279,38.3473],[141.1292,38.345],[141.1249,38.3413],[141.1225,38.3418],[141.1238,38.3395],[141.1217,38.3401],[141.1242,38.3351],[141.1214,38.3346],[141.122,38.3375],[141.1199,38.3395],[141.1155,38.335],[141.1162,38.332],[141.1178,38.3303],[141.1219,38.3297],[141.1215,38.3272],[141.1242,38.3255],[141.1249,38.3269],[141.1272,38.3257],[141.1286,38.3284],[141.1259,38.3294],[141.1259,38.3316],[141.1311,38.3322],[141.1285,38.3325],[141.1294,38.3345],[141.127,38.3363]]],[[[141.1522,38.324],[141.1827,38.3216],[141.1468,38.3569],[141.148,38.3386],[141.1313,38.3385],[141.1522,38.324]]],[[[140.931,37.8962],[140.9149,37.9764],[140.9317,38.1024],[140.9913,38.2248],[141.0233,38.2642],[141.0469,38.2646],[140.9989,38.2731],[141.0416,38.27],[141.088,38.2957],[141.0764,38.3196],[141.0362,38.3066],[141.0455,38.3187],[141.0245,38.3198],[141.0539,38.3306],[141.0376,38.3435],[141.0661,38.3512],[141.0743,38.3778],[141.1053,38.3679],[141.1072,38.3861],[141.1586,38.3536],[141.1729,38.3759],[141.2732,38.42],[141.2863,38.4033],[141.3625,38.4123],[141.3726,38.3832],[141.43,38.3996],[141.4319,38.3735],[141.4589,38.3728],[141.4159,38.3461],[141.4624,38.3514],[141.4742,38.3293],[141.4493,38.3154],[141.4671,38.3059],[141.4719,38.3201],[141.525,38.2726],[141.5344,38.34],[141.5148,38.371],[141.4814,38.3758],[141.5117,38.3914],[141.531,38.3814],[141.5388,38.4008],[141.5138,38.3928],[141.5017,38.4158],[141.4695,38.3944],[141.4745,38.4215],[141.4474,38.4439],[141.5126,38.4502],[141.4764,38.4637],[141.4971,38.4953],[141.4695,38.5211],[141.5373,38.49],[141.5324,38.5489],[141.4945,38.5326],[141.4601,38.5624],[141.4689,38.5461],[141.4538,38.5434],[141.4642,38.5814],[141.5242,38.6092],[141.5303,38.6371],[141.4427,38.6435],[141.4435,38.6734],[141.4943,38.6739],[141.4897,38.6898],[141.514,38.687],[141.529,38.7177],[141.5617,38.6915],[141.5652,38.7396],[141.5352,38.7397],[141.5157,38.7704],[141.5227,38.7901],[141.6037,38.8279],[141.583,38.8486],[141.5936,38.8897],[141.5751,38.9062],[141.6074,38.8796],[141.6384,38.9022],[141.6368,38.885],[141.6745,38.8574],[141.6319,38.9707],[141.5671,38.996],[141.4904,38.998],[141.4918,38.9128],[141.4508,38.8758],[141.4661,38.8563],[141.4498,38.8374],[141.4586,38.814],[141.4293,38.8106],[141.4379,38.7823],[141.4098,38.7678],[141.4148,38.7862],[141.3938,38.7999],[141.3093,38.8222],[141.3045,38.7935],[141.2724,38.797],[141.2325,38.7477],[141.1809,38.7845],[141.1462,38.7844],[141.1424,38.8121],[141.1048,38.8229],[141.1467,38.8563],[141.1398,38.8775],[140.9896,38.8743],[140.9578,38.9081],[140.8244,38.9641],[140.7452,38.9564],[140.6391,38.8832],[140.6136,38.8939],[140.562,38.873],[140.5471,38.8891],[140.54,38.8619],[140.5907,38.8361],[140.6035,38.7837],[140.6464,38.7695],[140.607,38.7213],[140.6244,38.6872],[140.602,38.6406],[140.5466,38.6497],[140.5374,38.6354],[140.5784,38.5701],[140.5541,38.5408],[140.5719,38.5256],[140.5674,38.5013],[140.6199,38.4548],[140.5804,38.4373],[140.5782,38.3928],[140.5263,38.3575],[140.5297,38.3207],[140.4712,38.2694],[140.48,38.1816],[140.4251,38.1219],[140.4176,38.0803],[140.3736,38.057],[140.2776,38.0567],[140.2896,38.0072],[140.2749,37.982],[140.3486,37.9502],[140.4074,37.9737],[140.4749,37.9468],[140.4695,37.9179],[140.4888,37.8995],[140.5664,37.9228],[140.6901,37.8882],[140.6854,37.8156],[140.7269,37.7815],[140.7979,37.7748],[140.7644,37.7969],[140.775,37.8064],[140.8517,37.7953],[140.8562,37.8909],[140.931,37.8962]]]]},"properties":{"iso3":"JPN","shapeId":"47310658B93104231283628","regionId":"JPN.24_1","name":"Miyagi"}},{"type":"Feature","geometry":{"type":"MultiPolygon","coordinates":[[[[140.28,37.9766],[140.2776,38.0567],[140.3736,38.057],[140.4176,38.0803],[140.4251,38.1219],[140.48,38.1816],[140.4712,38.2694],[140.5297,38.3207],[140.5263,38.3575],[140.5782,38.3928],[140.5804,38.4373],[140.6199,38.4548],[140.5674,38.5013],[140.5719,38.5256],[140.5541,38.5408],[140.5784,38.5701],[140.5374,38.6354],[140.5466,38.6497],[140.602,38.6406],[140.6244,38.6872],[140.607,38.7213],[140.6464,38.7695],[140.6035,38.7837],[140.5907,38.8361],[140.54,38.8619],[140.5382,38.9002],[140.5001,38.8949],[140.4621,38.9194],[140.4463,38.9796],[140.3762,38.9945],[140.3622,39.026],[140.3291,39.0348],[140.3107,39.0136],[140.2006,39.0356],[140.1981,39.0613],[140.1518,39.0484],[140.0627,39.0926],[140.0624,39.1335],[139.9944,39.1055],[139.8696,39.1183],[139.8693,39.0584],[139.8189,38.9605],[139.8357,38.9559],[139.8051,38.9307],[139.832,38.9095],[139.8096,38.925],[139.7466,38.775],[139.6271,38.6875],[139.5391,38.5582],[139.5998,38.5221],[139.7217,38.4962],[139.7098,38.3868],[139.7226,38.3938],[139.7501,38.3594],[139.8489,38.3429],[139.8998,38.2873],[139.8579,38.2297],[139.7863,38.1922],[139.6992,38.2032],[139.6823,38.1718],[139.6939,38.1158],[139.6713,38.0769],[139.6918,38.0751],[139.6927,38.057],[139.6547,38.0352],[139.6293,37.8937],[139.6808,37.847],[139.7156,37.8542],[139.7413,37.8203],[139.7829,37.832],[139.81,37.8032],[139.8577,37.8265],[139.9248,37.8135],[139.9313,37.8293],[139.9926,37.7587],[140.0514,37.7793],[140.1154,37.7344],[140.1664,37.7573],[140.2355,37.7459],[140.2988,37.8078],[140.2621,37.8344],[140.28,37.9766]]],[[[139.5453,39.1825],[139.5645,39.1966],[139.5506,39.2085],[139.5453,39.1825]]]]},"properties":{"iso3":"JPN","shapeId":"47310658B1770087263252","regionId":"JPN.45_1","name":"Yamagata"}},{"type":"Feature","geometry":{"type":"Polygon","coordinates":[[[139.9363,40.4282],[140.0108,40.3746],[140.0261,40.3433],[139.9994,40.2203],[140.0254,40.2168],[139.9863,40.2013],[139.9908,40.1713],[139.9491,40.0789],[139.889,40.0032],[139.8183,39.9601],[139.7237,39.9816],[139.701,40.0074],[139.6929,39.9953],[139.7013,39.9612],[139.721,39.9547],[139.7057,39.928],[139.755,39.8568],[139.8613,39.8663],[139.8469,39.8784],[139.8587,39.8957],[139.924,39.8998],[140.0017,39.8515],[140.0381,39.7648],[140.0502,39.7705],[140.0387,39.7594],[140.0585,39.7256],[140.062,39.6203],[140.0242,39.4148],[139.9719,39.301],[139.9154,39.2749],[139.8924,39.2092],[139.9043,39.1782],[139.8696,39.1183],[139.9944,39.1055],[140.0624,39.1335],[140.0627,39.0926],[140.1518,39.0484],[140.1981,39.0613],[140.2006,39.0356],[140.2267,39.0272],[140.2605,39.0352],[140.3107,39.0136],[140.3291,39.0348],[140.3622,39.026],[140.3762,38.9945],[140.4318,38.9919],[140.4621,38.9194],[140.5001,38.8949],[140.5382,38.9002],[140.562,38.873],[140.6541,38.889],[140.7321,38.9493],[140.7736,38.9581],[140.764,39.0002],[140.8102,39.0574],[140.8024,39.0779],[140.7527,39.0862],[140.77,39.1242],[140.7489,39.1381],[140.8077,39.1782],[140.7648,39.1978],[140.7886,39.2384],[140.6936,39.2996],[140.7082,39.3345],[140.679,39.3832],[140.6531,39.391],[140.6584,39.4151],[140.685,39.4245],[140.6819,39.4572],[140.7244,39.4805],[140.7136,39.4989],[140.7413,39.5362],[140.7296,39.5651],[140.7975,39.6041],[140.8223,39.65],[140.8226,39.6882],[140.7748,39.7346],[140.8483,39.7933],[140.7866,39.8234],[140.7822,39.8679],[140.8258,39.8862],[140.8529,39.8658],[140.8781,39.8746],[140.8453,39.975],[140.8445,40.0746],[140.881,40.1137],[140.867,40.1324],[140.8836,40.1573],[140.8592,40.1714],[140.9551,40.2476],[140.944,40.2963],[140.9621,40.3471],[140.9954,40.3534],[140.9851,40.4272],[140.8715,40.436],[140.8783,40.511],[140.82,40.4953],[140.8036,40.4487],[140.769,40.4538],[140.7339,40.4395],[140.7336,40.4158],[140.6992,40.4294],[140.6526,40.4034],[140.5897,40.4361],[140.5534,40.4206],[140.5671,40.3986],[140.5405,40.4027],[140.5236,40.4106],[140.5296,40.4305],[140.4401,40.45],[140.4357,40.48],[140.3877,40.4871],[140.3478,40.4676],[140.3352,40.4394],[140.1116,40.4354],[140.0681,40.4689],[140.0227,40.4513],[140.0194,40.4198],[139.995,40.4351],[139.9363,40.4282]]]},"properties":{"iso3":"JPN","shapeId":"47310658B79582216473080","regionId":"JPN.2_1","name":"Akita"}},{"type":"Feature","geometry":{"type":"Polygon","coordinates":[[[140.9551,40.2476],[140.8592,40.1714],[140.8836,40.1573],[140.867,40.1324],[140.881,40.1137],[140.8445,40.0746],[140.8453,39.975],[140.8781,39.8746],[140.8529,39.8658],[140.8258,39.8862],[140.7822,39.8679],[140.7866,39.8234],[140.8483,39.7933],[140.7748,39.7346],[140.8226,39.6882],[140.8223,39.65],[140.7975,39.6041],[140.7296,39.5651],[140.7413,39.5362],[140.7136,39.4989],[140.7244,39.4805],[140.6819,39.4572],[140.685,39.4245],[140.6584,39.4151],[140.6531,39.391],[140.679,39.3832],[140.7082,39.3345],[140.6936,39.2996],[140.7886,39.2384],[140.7648,39.1978],[140.8082,39.1804],[140.7489,39.1381],[140.77,39.1242],[140.7527,39.0862],[140.8024,39.0779],[140.8102,39.0574],[140.7645,38.9854],[140.7736,38.9581],[140.8244,38.9641],[140.9578,38.9081],[140.9896,38.8743],[141.1398,38.8775],[141.1467,38.8563],[141.1048,38.8229],[141.1238,38.8254],[141.1386,38.7906],[141.1956,38.7768],[141.2158,38.7485],[141.2575,38.7617],[141.2724,38.797],[141.3045,38.7935],[141.3171,38.8232],[141.3938,38.7999],[141.414,38.7681],[141.4396,38.7861],[141.4293,38.8106],[141.4586,38.814],[141.4498,38.8374],[141.4661,38.8563],[141.4508,38.8758],[141.4918,38.9128],[141.4904,38.998],[141.5671,38.996],[141.628,38.9704],[141.6233,39.0034],[141.6712,39.0046],[141.6684,38.9747],[141.705,38.9383],[141.7285,38.9525],[141.6965,38.9698],[141.7176,38.9819],[141.7107,38.9962],[141.7443,38.9904],[141.7097,39.0239],[141.7221,39.0657],[141.74,39.0586],[141.7329,39.0196],[141.7964,39.0434],[141.7993,39.0243],[141.8473,39.0262],[141.8141,39.0576],[141.8759,39.0647],[141.8234,39.0752],[141.8112,39.1119],[141.8806,39.0839],[141.9213,39.1042],[141.8373,39.1468],[141.9219,39.1779],[141.8673,39.1915],[141.8669,39.2064],[141.9475,39.2167],[141.9445,39.2418],[141.971,39.2476],[141.8909,39.2468],[141.9031,39.2566],[141.8892,39.2738],[141.9296,39.2708],[141.8905,39.3077],[141.9709,39.3132],[141.997,39.3507],[141.9153,39.3239],[141.8989,39.3374],[141.9082,39.3558],[141.9575,39.3559],[141.9666,39.3777],[141.9382,39.3852],[141.9746,39.4266],[141.983,39.4082],[142.0443,39.4253],[142.0516,39.4846],[141.9797,39.4392],[141.9545,39.4722],[142.011,39.4766],[142.0335,39.5293],[142.0585,39.5224],[142.0725,39.5468],[142.0575,39.5742],[142.0274,39.575],[142.0248,39.6565],[141.946,39.5867],[141.9856,39.6505],[141.9698,39.6529],[141.9863,39.6853],[141.9671,39.6908],[141.9879,39.7234],[141.972,39.7319],[142.004,39.7517],[141.9885,39.758],[142.0043,39.7758],[141.9836,39.7886],[141.9767,39.8722],[141.94,39.9191],[141.9432,39.9434],[141.9619,39.9459],[141.956,39.9837],[141.8334,40.0745],[141.8292,40.1141],[141.8768,40.144],[141.794,40.1906],[141.8127,40.1892],[141.8019,40.2093],[141.8337,40.2201],[141.8203,40.2627],[141.6827,40.4503],[141.5869,40.407],[141.5856,40.3783],[141.5372,40.3474],[141.4417,40.3761],[141.351,40.3311],[141.316,40.3726],[141.2185,40.3152],[141.0998,40.281],[141.1042,40.2558],[141.0224,40.2203],[140.9795,40.2198],[140.9551,40.2476]]]},"properties":{"iso3":"JPN","shapeId":"47310658B25007192225139","regionId":"JPN.16_1","name":"Iwate"}},{"type":"Feature","geometry":{"type":"Polygon","coordinates":[[[137.5873,36.3898],[137.6365,36.4284],[137.6687,36.5095],[137.7054,36.5178],[137.6877,36.5621],[137.7529,36.5948],[137.7621,36.7704],[137.7301,36.8264],[137.7113,36.9441],[137.6665,36.9502],[137.635,36.9797],[137.491,36.9541],[137.4223,36.9197],[137.3902,36.8043],[137.3321,36.7618],[137.2292,36.7667],[137.2242,36.7512],[137.2259,36.7657],[137.1824,36.7572],[137.1218,36.7795],[137.1361,36.7525],[137.0926,36.7698],[137.1135,36.7813],[137.0702,36.7917],[136.9952,36.8481],[136.9853,36.8774],[137.0327,36.9236],[137.0269,36.9395],[137.0517,36.9592],[137.0377,36.9671],[136.9869,36.9673],[136.9737,36.9443],[136.9309,36.9506],[136.879,36.9063],[136.8492,36.7592],[136.7892,36.719],[136.8238,36.6702],[136.7831,36.6168],[136.791,36.5696],[136.8172,36.5524],[136.7951,36.5108],[136.7967,36.4447],[136.7686,36.4288],[136.8082,36.3587],[136.7847,36.3438],[136.7923,36.2992],[136.8324,36.3068],[136.8371,36.3472],[136.8651,36.3497],[136.8712,36.3676],[136.8748,36.3428],[136.9075,36.3608],[136.9549,36.3394],[136.9733,36.3099],[136.9577,36.2779],[136.9753,36.2744],[137.0515,36.3281],[137.0594,36.3734],[137.0949,36.384],[137.1607,36.4566],[137.1917,36.4552],[137.2056,36.4276],[137.2476,36.462],[137.3085,36.4638],[137.3186,36.4244],[137.3899,36.4599],[137.4097,36.4247],[137.4607,36.4122],[137.5042,36.4257],[137.5409,36.3914],[137.5873,36.3898]]]},"properties":{"iso3":"JPN","shapeId":"47310658B23327126724630","regionId":"JPN.43_1","name":"Toyama"}},{"type":"Feature","geometry":{"type":"Polygon","coordinates":[[[138.9164,35.4006],[138.8743,35.3792],[138.8512,35.3905],[138.6805,35.3577],[138.6636,35.3982],[138.6091,35.3932],[138.5819,35.4457],[138.5318,35.4093],[138.5351,35.3306],[138.5121,35.3137],[138.5331,35.2007],[138.4915,35.1684],[138.4309,35.1804],[138.3945,35.207],[138.3586,35.3175],[138.3258,35.3276],[138.2842,35.3043],[138.2487,35.3316],[138.2513,35.3635],[138.232,35.3712],[138.2581,35.4074],[138.244,35.4586],[138.269,35.5142],[138.2187,35.6445],[138.1895,35.5768],[138.162,35.5813],[138.1414,35.5551],[138.1594,35.545],[138.1395,35.5012],[138.1647,35.4937],[138.1569,35.46],[138.1198,35.4534],[138.1531,35.3972],[138.1413,35.3696],[138.096,35.3396],[138.0612,35.3471],[138.0197,35.3015],[137.9293,35.2755],[137.9184,35.2543],[137.884,35.2499],[137.8735,35.2195],[137.8278,35.2113],[137.8032,35.1835],[137.8291,35.1523],[137.7928,35.1348],[137.8012,35.106],[137.7171,35.035],[137.7071,34.9719],[137.6581,34.943],[137.6413,34.8931],[137.5873,34.8496],[137.5027,34.8335],[137.487,34.8117],[137.4741,34.7499],[137.485,34.6739],[137.6445,34.6745],[137.7961,34.6447],[137.9729,34.6653],[138.2267,34.5947],[138.2344,34.6057],[138.1948,34.6361],[138.1972,34.6691],[138.2272,34.7274],[138.3056,34.7775],[138.2887,34.7812],[138.3377,34.8291],[138.3244,34.8726],[138.3554,34.9135],[138.5192,34.9869],[138.5335,35.0149],[138.5042,35.0154],[138.5034,34.9857],[138.4911,35.0298],[138.5237,35.0426],[138.5568,35.1016],[138.6406,35.1147],[138.6948,35.1447],[138.8184,35.1117],[138.886,35.0462],[138.9073,35.0485],[138.8914,35.017],[138.7874,35.0303],[138.779,35.0168],[138.7772,34.971],[138.7622,34.9724],[138.7898,34.9094],[138.7563,34.8854],[138.7759,34.8536],[138.7598,34.8429],[138.7691,34.823],[138.7512,34.8207],[138.7769,34.7599],[138.7393,34.7266],[138.7391,34.6902],[138.7896,34.6693],[138.7765,34.64],[138.8434,34.6008],[138.9049,34.629],[138.9482,34.6738],[138.9638,34.6731],[138.9567,34.6543],[138.9869,34.6574],[138.9741,34.6958],[138.9975,34.7421],[139.0483,34.7682],[139.083,34.8538],[139.1408,34.8909],[139.1487,34.9361],[139.1468,34.9552],[139.094,34.9778],[139.0829,35.001],[139.1001,35.0092],[139.1005,35.0449],[139.0692,35.0542],[139.0747,35.0935],[139.1118,35.1413],[139.0291,35.1501],[138.9761,35.2356],[138.9755,35.2638],[139.019,35.3293],[139.0014,35.3997],[138.9164,35.4006]]]},"properties":{"iso3":"JPN","shapeId":"47310658B25198997079345","regionId":"JPN.38_1","name":"Shizuoka"}},{"type":"Feature","geometry":{"type":"MultiPolygon","coordinates":[[[[136.7543,36.0863],[136.78,36.1342],[136.7664,36.1626],[136.7984,36.1726],[136.8518,36.2471],[136.7923,36.2992],[136.7847,36.3438],[136.8082,36.3587],[136.7684,36.4234],[136.7967,36.4447],[136.7951,36.5108],[136.8172,36.5524],[136.791,36.5696],[136.7831,36.6168],[136.8226,36.681],[136.7892,36.719],[136.8492,36.7592],[136.8488,36.8132],[136.8956,36.9247],[136.948,36.9554],[136.9737,36.9443],[136.9869,36.9673],[137.0566,36.9679],[137.0581,37.1078],[137.0214,37.101],[137.005,37.0569],[136.9725,37.047],[136.9345,37.0871],[136.9075,37.0894],[136.8882,37.0683],[136.8591,37.0763],[136.872,37.0878],[136.8593,37.1058],[136.8929,37.1108],[136.9007,37.1357],[136.8733,37.1457],[136.9065,37.2033],[136.9297,37.2053],[136.9064,37.2184],[136.9321,37.2206],[136.9244,37.2339],[136.9621,37.2365],[136.946,37.2163],[137.0108,37.1832],[137.0695,37.2179],[137.0985,37.2787],[137.1507,37.3066],[137.2342,37.2946],[137.2304,37.3119],[137.2463,37.3071],[137.2676,37.3363],[137.2374,37.3807],[137.2533,37.4281],[137.3604,37.4505],[137.3278,37.5293],[137.2753,37.5334],[137.1445,37.499],[137.0295,37.4328],[136.9239,37.3949],[136.8431,37.4007],[136.7372,37.3478],[136.7212,37.3204],[136.7339,37.2795],[136.6797,37.207],[136.6696,37.15],[136.7273,37.1353],[136.7191,37.0593],[136.7699,36.997],[136.7439,36.8278],[136.6497,36.6738],[136.5263,36.5339],[136.4036,36.4085],[136.2994,36.3524],[136.2441,36.2953],[136.3323,36.2298],[136.3357,36.1849],[136.358,36.1651],[136.4093,36.1722],[136.4566,36.1363],[136.488,36.1591],[136.5598,36.1532],[136.6623,36.0676],[136.7543,36.0863]]],[[[136.9336,37.1401],[136.9233,37.1303],[136.9241,37.1471],[136.9016,37.1522],[136.9458,37.091],[136.9955,37.1184],[137.0411,37.1171],[137.0543,37.1488],[137.0372,37.1681],[137.0049,37.1353],[136.9675,37.1553],[136.977,37.14],[136.9336,37.1401]]]]},"properties":{"iso3":"JPN","shapeId":"47310658B64524405341851","regionId":"JPN.15_1","name":"Ishikawa"}},{"type":"Feature","geometry":{"type":"MultiPolygon","coordinates":[[[[133.5689,34.3502],[133.5736,34.3477],[133.5765,34.3501],[133.5808,34.351],[133.5844,34.3582],[133.5911,34.3589],[133.5911,34.3617],[133.5871,34.3637],[133.5846,34.3618],[133.5816,34.3618],[133.5811,34.3571],[133.5791,34.3552],[133.5749,34.3562],[133.5734,34.3596],[133.5689,34.3558],[133.5692,34.3538],[133.5666,34.3533],[133.5689,34.3502]]],[[[133.5304,34.3767],[133.5589,34.3671],[133.5448,34.3801],[133.5577,34.3961],[133.5209,34.391],[133.5304,34.3767]]],[[[133.5146,34.3905],[133.5268,34.4161],[133.5049,34.407],[133.5146,34.3905]]],[[[134.2968,34.7077],[134.3472,34.7092],[134.297,34.7303],[134.2766,34.7216],[134.2968,34.7077]]],[[[134.174,34.6125],[134.1643,34.604],[134.2019,34.6159],[134.174,34.6125]]],[[[134.2661,34.6977],[134.2683,34.697],[134.2684,34.6951],[134.2716,34.6961],[134.2711,34.699],[134.2687,34.7012],[134.2619,34.7031],[134.2642,34.7051],[134.2636,34.7064],[134.2587,34.7073],[134.2503,34.7057],[134.2533,34.7021],[134.2502,34.6993],[134.2495,34.6956],[134.2554,34.6942],[134.2508,34.6923],[134.2548,34.6921],[134.2553,34.6902],[134.2577,34.69],[134.2619,34.6917],[134.2587,34.6934],[134.2621,34.6941],[134.261,34.6959],[134.2629,34.697],[134.2627,34.6985],[134.2661,34.6977]]],[[[134.2443,34.6789],[134.2416,34.6784],[134.2412,34.6797],[134.2357,34.6779],[134.2292,34.6791],[134.2263,34.6714],[134.2263,34.6751],[134.2245,34.6768],[134.2202,34.6766],[134.2184,34.6744],[134.225,34.6678],[134.2301,34.6717],[134.2323,34.6714],[134.2332,34.6695],[134.2374,34.6732],[134.2444,34.6724],[134.2458,34.6751],[134.2443,34.6789]]],[[[134.2473,34.6799],[134.2508,34.6793],[134.2518,34.6775],[134.2562,34.6797],[134.2618,34.6748],[134.2675,34.6781],[134.2695,34.6771],[134.2736,34.6816],[134.2725,34.6835],[134.2689,34.6831],[134.2677,34.6815],[134.2667,34.6836],[134.2666,34.6821],[134.2643,34.6819],[134.2607,34.6865],[134.2559,34.688],[134.2532,34.6854],[134.2524,34.6818],[134.2505,34.6844],[134.2471,34.6841],[134.2474,34.6816],[134.2426,34.6804],[134.2448,34.679],[134.2473,34.6799]]],[[[133.7696,34.426],[133.7643,34.4278],[133.7627,34.4316],[133.7599,34.4311],[133.76,34.4272],[133.7624,34.4254],[133.7618,34.4217],[133.7638,34.4197],[133.7698,34.4185],[133.7728,34.4211],[133.777,34.4218],[133.7748,34.4269],[133.7696,34.426]]],[[[133.7263,34.4758],[133.7328,34.4747],[133.7301,34.4838],[133.7171,34.4878],[133.7043,34.4878],[133.704,34.4779],[133.7195,34.473],[133.7201,34.4744],[133.725,34.4729],[133.7263,34.4758]]],[[[133.6747,34.5041],[133.6688,34.4906],[133.6837,34.4905],[133.6747,34.5041]]],[[[133.5012,34.4304],[133.4999,34.4238],[133.5028,34.4251],[133.5057,34.4242],[133.5161,34.4288],[133.515,34.4308],[133.5176,34.4345],[133.5148,34.4331],[133.512,34.4352],[133.5107,34.4318],[133.5067,34.4334],[133.5037,34.43],[133.5012,34.4304]]],[[[134.4028,35.241],[134.3899,35.2522],[134.3212,35.2018],[134.2605,35.211],[134.1724,35.1697],[134.1529,35.1963],[134.1642,35.228],[134.1373,35.2387],[134.1506,35.258],[134.1398,35.2788],[134.0978,35.3057],[134.0081,35.3082],[134.0148,35.3504],[133.9341,35.3351],[133.9252,35.3069],[133.8621,35.2925],[133.8659,35.2723],[133.8321,35.2488],[133.8,35.2926],[133.7452,35.3195],[133.5968,35.345],[133.5608,35.2467],[133.5055,35.2282],[133.5262,35.1829],[133.5006,35.1926],[133.4476,35.1713],[133.4074,35.1859],[133.3932,35.1677],[133.4126,35.1335],[133.4034,35.1143],[133.2909,35.1004],[133.2908,35.0709],[133.2668,35.053],[133.3218,35.0061],[133.2973,34.956],[133.3094,34.937],[133.2952,34.8957],[133.336,34.8348],[133.3781,34.8084],[133.3582,34.7333],[133.4034,34.6719],[133.3847,34.6168],[133.4462,34.5563],[133.4563,34.4545],[133.4844,34.466],[133.4765,34.4413],[133.5275,34.4539],[133.4868,34.5142],[133.5403,34.4613],[133.5762,34.4656],[133.6018,34.4735],[133.5888,34.4824],[133.6017,34.495],[133.6488,34.5039],[133.6693,34.5409],[133.6702,34.5073],[133.7055,34.5267],[133.7043,34.4882],[133.7402,34.4699],[133.7189,34.4963],[133.7397,34.5249],[133.787,34.4355],[133.8224,34.4298],[133.8076,34.4579],[133.8302,34.4759],[133.9349,34.4509],[133.9381,34.4811],[133.9649,34.495],[133.9595,34.5227],[133.9794,34.5329],[134.0033,34.5115],[134.0011,34.5454],[134.0315,34.5507],[134.047,34.5765],[134.0288,34.5988],[133.9592,34.5836],[133.946,34.5991],[134.0416,34.6124],[134.0475,34.5977],[134.0639,34.6078],[134.0602,34.5846],[134.12,34.5886],[134.1341,34.6169],[134.17,34.6135],[134.1872,34.6313],[134.1706,34.6529],[134.2449,34.6981],[134.2356,34.7149],[134.1975,34.7076],[134.2143,34.7162],[134.1946,34.7169],[134.2051,34.7266],[134.1859,34.743],[134.2437,34.7153],[134.2924,34.7383],[134.3217,34.7219],[134.313,34.7384],[134.3348,34.7691],[134.2527,34.8519],[134.2628,34.8843],[134.2949,34.9041],[134.2541,34.9377],[134.2867,34.9961],[134.2634,35.0113],[134.2816,35.0372],[134.3169,35.0435],[134.3189,35.0833],[134.3503,35.091],[134.3674,35.147],[134.4116,35.152],[134.4118,35.186],[134.38,35.2094],[134.4028,35.241]]]]},"properties":{"iso3":"JPN","shapeId":"47310658B14484689696833","regionId":"JPN.31_1","name":"Okayama"}},{"type":"Feature","geometry":{"type":"MultiPolygon","coordinates":[[[[134.8133,33.8518],[134.807,33.8513],[134.81,33.85],[134.8088,33.8504],[134.8087,33.8478],[134.8053,33.8443],[134.8067,33.8431],[134.8048,33.8443],[134.8092,33.8401],[134.819,33.8435],[134.8161,33.8464],[134.8208,33.8493],[134.8195,33.8518],[134.8215,33.8562],[134.8189,33.8575],[134.8133,33.8518]]],[[[134.5888,34.2052],[134.6239,34.1857],[134.6438,34.2394],[134.6168,34.232],[134.6214,34.2104],[134.5888,34.2052]]],[[[134.6167,34.2325],[134.6059,34.252],[134.591,34.214],[134.6167,34.2325]]],[[[134.4931,33.6416],[134.4899,33.6412],[134.4888,33.6447],[134.4853,33.6453],[134.4828,33.6405],[134.488,33.6357],[134.4811,33.6364],[134.4833,33.6331],[134.4871,33.6339],[134.4964,33.63],[134.5022,33.6345],[134.5014,33.6369],[134.505,33.6408],[134.5002,33.64],[134.5001,33.6383],[134.4976,33.6381],[134.4931,33.6416]]],[[[134.6485,33.8639],[134.6458,33.8587],[134.6493,33.8562],[134.6492,33.854],[134.6547,33.8537],[134.6591,33.8594],[134.6617,33.8582],[134.665,33.8593],[134.6617,33.8584],[134.6593,33.8595],[134.6595,33.8611],[134.6619,33.86],[134.665,33.8612],[134.6617,33.8631],[134.6631,33.8662],[134.6601,33.866],[134.6585,33.8679],[134.6531,33.8676],[134.6537,33.8639],[134.6485,33.8639]]],[[[133.6607,33.8818],[133.6773,33.8586],[133.748,33.8368],[133.8384,33.8453],[133.9134,33.7912],[133.9475,33.8037],[133.9598,33.8347],[134.0328,33.8284],[134.0684,33.7293],[134.0581,33.691],[134.1747,33.6843],[134.1842,33.649],[134.1493,33.6271],[134.1932,33.5616],[134.2817,33.561],[134.32,33.5396],[134.3119,33.5772],[134.3637,33.5802],[134.3317,33.5831],[134.3639,33.5886],[134.3899,33.6233],[134.3625,33.6281],[134.3972,33.657],[134.5168,33.7014],[134.5435,33.7366],[134.567,33.7327],[134.582,33.7717],[134.6021,33.7641],[134.62,33.7866],[134.6414,33.7806],[134.7503,33.8338],[134.6802,33.8303],[134.7205,33.8451],[134.6435,33.8428],[134.6467,33.8665],[134.6274,33.857],[134.6753,33.8796],[134.7064,33.9258],[134.6403,34.0067],[134.6059,33.9924],[134.589,34.011],[134.5959,34.035],[134.5696,34.0412],[134.5948,34.039],[134.5782,34.0579],[134.6034,34.0509],[134.5948,34.1145],[134.6257,34.1366],[134.6018,34.1464],[134.6418,34.1803],[134.5813,34.2018],[134.5874,34.2397],[134.5667,34.234],[134.574,34.2204],[134.4402,34.2079],[134.4143,34.1569],[134.3555,34.1853],[134.2979,34.1686],[134.2661,34.1832],[134.1737,34.177],[134.1463,34.1653],[134.1226,34.1189],[134.0503,34.1178],[133.9939,34.0726],[133.9726,34.0728],[133.932,34.116],[133.8341,34.0977],[133.8177,34.0723],[133.7785,34.0795],[133.7213,34.0223],[133.6796,34.0125],[133.6928,33.9468],[133.6757,33.9264],[133.6905,33.9163],[133.6607,33.8818]]]]},"properties":{"iso3":"JPN","shapeId":"47310658B83740553463450","regionId":"JPN.40_1","name":"Tokushima"}},{"type":"Feature","geometry":{"type":"MultiPolygon","coordinates":[[[[132.48,32.799],[132.4818,32.7962],[132.4916,32.7979],[132.496,32.7967],[132.4972,32.7987],[132.4941,32.799],[132.4942,32.8014],[132.4985,32.8026],[132.4999,32.8053],[132.495,32.8051],[132.4871,32.8076],[132.4848,32.8059],[132.4857,32.8032],[132.48,32.799]]],[[[133.6607,33.8818],[133.583,33.8676],[133.55,33.882],[133.4991,33.8291],[133.4153,33.8399],[133.3257,33.8147],[133.2822,33.832],[133.2369,33.7827],[133.1928,33.7939],[133.1166,33.6602],[133.075,33.6506],[133.0796,33.6087],[133.0466,33.5763],[133.0641,33.5425],[133.0153,33.4808],[132.8094,33.4648],[132.8358,33.4002],[132.9004,33.3437],[132.9005,33.319],[132.7926,33.2746],[132.7756,33.206],[132.7408,33.2015],[132.6958,33.1376],[132.6357,33.1864],[132.6194,33.1809],[132.6285,33.1336],[132.664,33.1082],[132.6577,33.0571],[132.6915,32.9736],[132.6553,32.9251],[132.6938,32.9304],[132.696,32.9101],[132.7116,32.9249],[132.7219,32.8987],[132.7039,32.8961],[132.7225,32.881],[132.6963,32.8868],[132.6568,32.8543],[132.6744,32.8409],[132.644,32.8198],[132.657,32.8018],[132.6265,32.7968],[132.6447,32.7868],[132.6287,32.7629],[132.7108,32.7991],[132.7574,32.7531],[132.8024,32.7468],[132.8616,32.7907],[132.8683,32.7656],[132.8796,32.7897],[132.9353,32.7869],[132.9453,32.7648],[132.9699,32.7778],[132.9521,32.7628],[132.9714,32.7476],[132.9657,32.7294],[133.0201,32.7234],[133.0027,32.7871],[132.952,32.813],[132.9493,32.8564],[133.0094,32.8812],[132.9884,32.9329],[133.0086,33.0108],[133.0398,33.0386],[133.0965,33.0247],[133.1074,33.0778],[133.1434,33.0981],[133.1706,33.1504],[133.1935,33.1675],[133.223,33.1533],[133.211,33.185],[133.2412,33.1967],[133.2477,33.2496],[133.2642,33.2574],[133.2385,33.2966],[133.2609,33.3103],[133.2315,33.3264],[133.2641,33.3406],[133.2592,33.3664],[133.2956,33.3895],[133.2858,33.4043],[133.3045,33.3921],[133.2994,33.3739],[133.3245,33.3792],[133.319,33.3549],[133.3459,33.4008],[133.4096,33.398],[133.4576,33.4197],[133.4611,33.4323],[133.4173,33.4395],[133.4031,33.4141],[133.3483,33.4162],[133.5746,33.4954],[133.5461,33.5175],[133.5527,33.5408],[133.5733,33.5365],[133.5649,33.5011],[133.7206,33.5396],[133.9347,33.487],[133.9544,33.4452],[134.0311,33.4123],[134.0369,33.3714],[134.1019,33.3284],[134.1107,33.2939],[134.1406,33.2951],[134.1766,33.243],[134.2088,33.3956],[134.3065,33.5538],[134.1932,33.5616],[134.1493,33.6271],[134.1842,33.649],[134.1747,33.6843],[134.0581,33.691],[134.0684,33.7293],[134.0328,33.8284],[133.9598,33.8347],[133.9475,33.8037],[133.9134,33.7912],[133.8384,33.8453],[133.748,33.8368],[133.6773,33.8586],[133.6607,33.8818]]],[[[132.5392,32.7304],[132.5418,32.7029],[132.5718,32.7134],[132.5456,32.7552],[132.5392,32.7304]]]]},"properties":{"iso3":"JPN","shapeId":"47310658B3517091690","regionId":"JPN.20_1","name":"Kochi"}},{"type":"Feature","geometry":{"type":"MultiPolygon","coordinates":[[[[132.3632,33.373],[132.3654,33.3764],[132.3682,33.3774],[132.3634,33.3761],[132.3587,33.3791],[132.3467,33.378],[132.3437,33.3808],[132.3445,33.3785],[132.3432,33.3774],[132.3486,33.3725],[132.3512,33.3741],[132.3552,33.3737],[132.3574,33.3721],[132.3581,33.3688],[132.3604,33.3694],[132.3602,33.3711],[132.3632,33.373]]],[[[132.6964,33.9259],[132.6529,33.9002],[132.6678,33.8987],[132.6632,33.8729],[132.6896,33.8758],[132.6723,33.8956],[132.6964,33.9259]]],[[[132.539,33.93],[132.5548,33.9358],[132.5156,33.9325],[132.539,33.93]]],[[[132.5193,33.9829],[132.5029,33.9896],[132.4929,33.9649],[132.5193,33.9829]]],[[[132.4512,32.9437],[132.4538,32.942],[132.4582,32.9452],[132.4588,32.9494],[132.4556,32.9517],[132.4529,32.9484],[132.45,32.947],[132.447,32.948],[132.4415,32.9435],[132.4361,32.9439],[132.4356,32.9397],[132.4381,32.9411],[132.4441,32.9403],[132.4468,32.9431],[132.4512,32.9437]]],[[[132.4047,33.0469],[132.3787,33.0211],[132.3975,33.0144],[132.4075,33.055],[132.4327,33.0561],[132.4036,33.0694],[132.4047,33.0469]]],[[[132.2895,33.1626],[132.2869,33.1605],[132.2927,33.1542],[132.2986,33.154],[132.3038,33.1493],[132.3107,33.1479],[132.3148,33.151],[132.3151,33.1525],[132.3114,33.1504],[132.3054,33.1529],[132.3051,33.1568],[132.3115,33.1638],[132.3087,33.1639],[132.3054,33.1599],[132.302,33.1589],[132.3006,33.1609],[132.2992,33.1601],[132.297,33.1615],[132.2971,33.1589],[132.2955,33.1582],[132.2925,33.1588],[132.2895,33.1626]]],[[[132.2754,33.1728],[132.261,33.1842],[132.289,33.1628],[132.2955,33.1793],[132.2754,33.1728]]],[[[132.3634,33.2074],[132.341,33.2065],[132.3631,33.1877],[132.383,33.212],[132.3634,33.2074]]],[[[132.5159,33.2227],[132.5344,33.2265],[132.5178,33.2411],[132.5159,33.2227]]],[[[132.4746,33.2574],[132.4763,33.263],[132.4806,33.2634],[132.4839,33.2659],[132.4822,33.2678],[132.48,33.2656],[132.4802,33.2675],[132.4757,33.2696],[132.4781,33.2708],[132.4762,33.275],[132.4729,33.2721],[132.4752,33.2685],[132.4747,33.2658],[132.4681,33.2555],[132.4738,33.2549],[132.4746,33.2574]]],[[[132.4073,33.1894],[132.4187,33.1965],[132.3944,33.2067],[132.4073,33.1894]]],[[[133.1673,34.2774],[133.1695,34.2757],[133.1668,34.273],[133.1735,34.2696],[133.1695,34.2651],[133.1718,34.258],[133.1783,34.2558],[133.1814,34.2579],[133.1861,34.2585],[133.1861,34.2638],[133.1874,34.2638],[133.1861,34.2639],[133.1854,34.2677],[133.1877,34.2661],[133.1883,34.2694],[133.1848,34.2693],[133.1816,34.277],[133.1777,34.2775],[133.1736,34.2851],[133.1686,34.2853],[133.1679,34.2829],[133.1657,34.2821],[133.1673,34.2774]]],[[[133.2103,34.2772],[133.2059,34.2381],[133.2378,34.2806],[133.2288,34.2924],[133.2103,34.2772]]],[[[133.1843,34.2281],[133.1886,34.2293],[133.1889,34.2315],[133.192,34.2338],[133.1896,34.238],[133.191,34.244],[133.197,34.2468],[133.1958,34.249],[133.1969,34.2536],[133.1987,34.2544],[133.1932,34.2573],[133.1875,34.2551],[133.1886,34.2546],[133.1876,34.2526],[133.1849,34.2532],[133.1851,34.2448],[133.1802,34.2386],[133.1817,34.2365],[133.1803,34.2344],[133.1822,34.2342],[133.1825,34.2315],[133.1762,34.231],[133.1804,34.2269],[133.1843,34.2281]]],[[[133.1674,34.2349],[133.1722,34.2418],[133.1681,34.2457],[133.1635,34.2466],[133.1587,34.2447],[133.1563,34.2453],[133.1507,34.2419],[133.1523,34.2328],[133.1583,34.2346],[133.162,34.2329],[133.1674,34.2349]]],[[[133.1429,34.2774],[133.1329,34.2408],[133.1664,34.2561],[133.1429,34.2774]]],[[[133.0102,34.15],[133.0107,34.1532],[133.0088,34.1543],[133.0039,34.1538],[132.9974,34.159],[132.9952,34.1566],[132.9924,34.1565],[132.9897,34.1544],[132.9897,34.1509],[132.9918,34.1493],[133.0029,34.1486],[133.0064,34.1468],[133.0102,34.15]]],[[[133.324,34.1801],[133.3238,34.1791],[133.3215,34.1788],[133.3166,34.1811],[133.3162,34.1827],[133.3162,34.1808],[133.3129,34.1809],[133.3093,34.184],[133.3073,34.1799],[133.3137,34.1762],[133.3168,34.1704],[133.3182,34.1723],[133.328,34.1735],[133.3278,34.1794],[133.3227,34.1812],[133.3238,34.1805],[133.3228,34.1796],[133.3204,34.1802],[133.322,34.1795],[133.3229,34.1796],[133.3238,34.1804],[133.324,34.1801]]],[[[132.8905,34.1846],[132.8615,34.1934],[132.8807,34.1747],[132.8905,34.1846]]],[[[132.9343,34.1848],[132.9305,34.189],[132.9254,34.2007],[132.924,34.202],[132.921,34.2008],[132.9191,34.1939],[132.923,34.1889],[132.9222,34.1876],[132.918,34.1892],[132.9184,34.1868],[132.9224,34.1839],[132.9262,34.1846],[132.9313,34.1824],[132.9338,34.183],[132.9343,34.1848]]],[[[133.2713,34.1832],[133.2769,34.185],[133.2764,34.1896],[133.2746,34.19],[133.2729,34.1934],[133.2741,34.1935],[133.2722,34.2002],[133.27,34.1976],[133.2649,34.1969],[133.2655,34.1863],[133.2678,34.1827],[133.2713,34.1832]]],[[[133.0665,34.2355],[133.0541,34.2121],[133.0816,34.1929],[133.1382,34.2109],[133.1093,34.2139],[133.1079,34.2419],[133.0665,34.2355]]],[[[132.9858,34.2773],[132.9644,34.264],[132.9923,34.2592],[132.9904,34.2247],[132.9543,34.2228],[132.9487,34.193],[133.0586,34.22],[133.0575,34.2586],[133.0277,34.2942],[132.9841,34.2906],[132.9858,34.2773]]],[[[132.6596,33.973],[132.6495,33.9573],[132.6747,33.9518],[132.6596,33.973]]],[[[133.6796,34.0125],[133.5986,34.0435],[133.5121,33.9698],[133.4109,33.9907],[133.3363,33.9803],[133.3212,33.9944],[133.2893,33.9736],[133.2806,33.9895],[133.2635,33.9609],[133.2486,33.976],[133.2476,33.9523],[133.1981,33.9332],[133.1783,33.9476],[133.176,33.9264],[133.1668,33.9407],[133.1277,33.9214],[133.1274,33.9414],[133.119,33.9245],[133.1078,33.9479],[133.0894,33.9378],[133.1012,33.9491],[133.0627,33.9754],[133.0326,34.0568],[133.0216,34.048],[132.9417,34.1428],[132.9244,34.1164],[132.8913,34.1183],[132.9269,34.1101],[132.9243,34.0677],[132.8651,34.0592],[132.7655,33.9989],[132.7553,33.9115],[132.7093,33.907],[132.6986,33.8788],[132.7189,33.8649],[132.6873,33.834],[132.6992,33.7566],[132.6526,33.697],[132.4771,33.6166],[132.4239,33.5485],[132.2586,33.4737],[132.2608,33.4503],[132.2421,33.4656],[132.2247,33.4443],[132.1728,33.4462],[132.1738,33.4263],[132.1568,33.4401],[132.1657,33.4113],[132.1384,33.4213],[132.135,33.4027],[132.1204,33.42],[132.0127,33.3443],[132.0946,33.3876],[132.1208,33.3883],[132.1036,33.3618],[132.1531,33.3728],[132.1821,33.4119],[132.2807,33.4472],[132.2999,33.4747],[132.317,33.4517],[132.3513,33.4882],[132.3732,33.4605],[132.3902,33.4771],[132.4017,33.468],[132.3874,33.4595],[132.4235,33.4644],[132.3819,33.4425],[132.4162,33.4428],[132.3806,33.4176],[132.3966,33.3977],[132.3786,33.3852],[132.3839,33.3617],[132.4194,33.3832],[132.406,33.3602],[132.4197,33.3552],[132.3704,33.3188],[132.4212,33.3033],[132.4312,33.3198],[132.5228,33.3156],[132.477,33.2746],[132.509,33.2592],[132.5422,33.2715],[132.52,33.2487],[132.5577,33.2208],[132.5117,33.2138],[132.49,33.1951],[132.5087,33.1941],[132.5156,33.1709],[132.4925,33.1846],[132.4869,33.1645],[132.483,33.1858],[132.4574,33.1858],[132.4602,33.21],[132.4063,33.2056],[132.4647,33.172],[132.4326,33.1693],[132.4404,33.138],[132.4996,33.1374],[132.5117,33.1212],[132.4468,33.1244],[132.4813,33.0973],[132.4616,33.076],[132.4785,33.0842],[132.4889,33.0651],[132.4328,33.0516],[132.452,33.0351],[132.4499,33.0482],[132.4822,33.0492],[132.4845,33.011],[132.5061,33.0048],[132.5114,32.9767],[132.5545,32.9632],[132.4954,32.9636],[132.505,32.9801],[132.4847,32.9806],[132.4699,32.9693],[132.5031,32.9548],[132.4614,32.9401],[132.4726,32.9071],[132.522,32.9085],[132.5273,32.9207],[132.4969,32.9188],[132.527,32.9327],[132.5127,32.9504],[132.5673,32.9291],[132.5494,32.9463],[132.6022,32.9475],[132.5861,32.9385],[132.5988,32.9126],[132.6553,32.9251],[132.6915,32.9736],[132.6577,33.0571],[132.664,33.1082],[132.6285,33.1336],[132.6194,33.1809],[132.6357,33.1864],[132.6958,33.1376],[132.7408,33.2015],[132.7756,33.206],[132.7926,33.2746],[132.9005,33.319],[132.9004,33.3437],[132.8358,33.4002],[132.8094,33.4648],[133.0153,33.4808],[133.0641,33.5425],[133.0466,33.5763],[133.0796,33.6087],[133.075,33.6506],[133.1166,33.6602],[133.1928,33.7939],[133.2369,33.7827],[133.2822,33.832],[133.3257,33.8147],[133.4153,33.8399],[133.4991,33.8291],[133.55,33.882],[133.583,33.8676],[133.6607,33.8818],[133.6905,33.9163],[133.6757,33.9264],[133.6928,33.9468],[133.6796,34.0125]]],[[[132.5392,33.9778],[132.5412,33.961],[132.567,33.9947],[132.5392,33.9778]]],[[[132.6429,33.9621],[132.63,33.9745],[132.6452,33.9813],[132.6453,34.0185],[132.5779,33.9685],[132.6007,33.9427],[132.6429,33.9621]]],[[[133.3671,34.0068],[133.3619,34.0036],[133.3549,34.0055],[133.3508,34.0019],[133.3506,33.9963],[133.3585,33.9946],[133.3613,33.9902],[133.3648,33.9915],[133.3652,33.9943],[133.3688,33.9938],[133.3701,33.9965],[133.3686,34.0014],[133.3707,34.0058],[133.3675,34.0078],[133.3671,34.0068]]],[[[133.0665,34.1917],[133.0219,34.1832],[133.0411,34.1501],[133.0223,34.1541],[133.0146,34.1094],[133.035,34.1077],[133.1106,34.1693],[133.0831,34.1695],[133.0665,34.1917]]]]},"properties":{"iso3":"JPN","shapeId":"47310658B51488753471902","regionId":"JPN.5_1","name":"Ehime"}},{"type":"Feature","geometry":{"type":"MultiPolygon","coordinates":[[[[133.5416,34.1282],[133.5409,34.1329],[133.5359,34.1311],[133.531,34.1364],[133.5261,34.1362],[133.5254,34.1338],[133.5287,34.1318],[133.5317,34.1241],[133.5333,34.1259],[133.5389,34.1258],[133.5416,34.1282]]],[[[133.627,34.2868],[133.6203,34.2559],[133.655,34.2705],[133.627,34.2868]]],[[[133.6666,34.3142],[133.6733,34.3063],[133.6795,34.3056],[133.6822,34.3088],[133.6826,34.3133],[133.6801,34.3171],[133.6678,34.3246],[133.6633,34.3255],[133.6617,34.3244],[133.6624,34.321],[133.6666,34.3142]]],[[[134.4402,34.2079],[134.3783,34.2618],[134.3432,34.2524],[134.2578,34.2854],[134.2464,34.3066],[134.2664,34.3362],[134.25,34.3516],[134.2337,34.3372],[134.2109,34.3694],[134.2104,34.3465],[134.1825,34.3529],[134.1905,34.3311],[134.1645,34.3267],[134.1638,34.3824],[134.1366,34.4003],[134.1194,34.3971],[134.1214,34.3498],[134.0916,34.3848],[134.0883,34.3406],[134.0798,34.3615],[134.0197,34.3481],[133.9277,34.3897],[133.9212,34.3717],[133.8935,34.3824],[133.8949,34.3546],[133.8659,34.3276],[133.8292,34.3308],[133.8576,34.3458],[133.8537,34.3606],[133.829,34.3422],[133.8407,34.3606],[133.8194,34.3532],[133.8272,34.3201],[133.7777,34.2892],[133.7655,34.3026],[133.7719,34.2849],[133.7313,34.2787],[133.7368,34.2626],[133.6741,34.2219],[133.6728,34.2469],[133.6215,34.2356],[133.5571,34.2621],[133.649,34.1933],[133.6309,34.059],[133.5986,34.0435],[133.6796,34.0125],[133.7213,34.0223],[133.7785,34.0795],[133.8177,34.0723],[133.8229,34.093],[133.8585,34.1053],[133.9391,34.1154],[133.9456,34.0922],[133.9939,34.0726],[134.0503,34.1178],[134.1226,34.1189],[134.1463,34.1653],[134.1737,34.177],[134.2661,34.1832],[134.2979,34.1686],[134.3555,34.1853],[134.4143,34.1569],[134.4402,34.2079]]],[[[133.6224,34.3523],[133.6198,34.3548],[133.6174,34.3507],[133.6208,34.342],[133.6199,34.3336],[133.6226,34.3309],[133.6254,34.3306],[133.6276,34.3314],[133.6293,34.3346],[133.6283,34.3354],[133.632,34.3388],[133.6224,34.3523]]],[[[134.0437,34.3944],[134.038,34.3794],[134.0567,34.4074],[134.0437,34.3944]]],[[[133.7696,34.3953],[133.7527,34.3986],[133.7552,34.37],[133.7954,34.3884],[133.7696,34.3953]]],[[[133.8154,34.3941],[133.8126,34.3919],[133.8156,34.384],[133.8222,34.3828],[133.8234,34.3854],[133.8244,34.3839],[133.8243,34.3904],[133.8213,34.3951],[133.8162,34.3946],[133.8163,34.3924],[133.8154,34.3941]]],[[[133.7103,34.3992],[133.6844,34.3617],[133.6995,34.3516],[133.7306,34.3705],[133.7103,34.3992]]],[[[133.6672,34.3836],[133.6759,34.4098],[133.651,34.4088],[133.6672,34.3836]]],[[[134.1866,34.4861],[134.1572,34.493],[134.1409,34.4696],[134.1635,34.4625],[134.1866,34.4861]]],[[[134.1212,34.48],[134.12,34.481],[134.1158,34.4804],[134.1147,34.4789],[134.1095,34.4792],[134.1084,34.4745],[134.1169,34.4722],[134.1255,34.4761],[134.1281,34.4815],[134.1256,34.4822],[134.1212,34.48]]],[[[134.2968,34.45],[134.3195,34.458],[134.3383,34.4335],[134.3621,34.5414],[134.3436,34.545],[134.3666,34.5615],[134.2644,34.5533],[134.2304,34.5268],[134.1869,34.5157],[134.1729,34.5286],[134.156,34.5048],[134.2333,34.4767],[134.2315,34.4149],[134.2678,34.4681],[134.3102,34.4775],[134.3166,34.46],[134.2781,34.4475],[134.2968,34.45]]],[[[134.0551,34.4163],[134.058,34.4195],[134.0572,34.4177],[134.0591,34.4199],[134.0627,34.42],[134.065,34.4221],[134.0659,34.4288],[134.0631,34.4334],[134.0608,34.4338],[134.0577,34.4318],[134.053,34.4228],[134.0531,34.4201],[134.053,34.4227],[134.0548,34.4209],[134.0537,34.4176],[134.0551,34.4163]]],[[[133.9733,34.4532],[134.0126,34.453],[133.9687,34.4786],[133.9733,34.4532]]],[[[134.0703,34.4975],[134.036,34.4811],[134.0849,34.4599],[134.1039,34.4918],[134.0703,34.4975]]],[[[134.0076,34.498],[134.0221,34.4794],[134.0239,34.5068],[134.0076,34.498]]]]},"properties":{"iso3":"JPN","shapeId":"47310658B61159371292051","regionId":"JPN.17_1","name":"Kagawa"}},{"type":"Feature","geometry":{"type":"MultiPolygon","coordinates":[[[[123.754,24.0579],[123.7935,24.0457],[123.8106,24.0618],[123.754,24.0579]]],[[[123.9484,24.2422],[123.9391,24.2359],[123.9392,24.2327],[123.9362,24.2274],[123.9366,24.2251],[123.9417,24.2258],[123.9544,24.2374],[123.9524,24.2422],[123.9484,24.2422]]],[[[124.0022,24.2236],[124.0274,24.2308],[124.0256,24.2496],[123.9928,24.2501],[124.0022,24.2236]]],[[[123.9292,24.2093],[123.9323,24.2089],[123.9359,24.212],[123.9366,24.2169],[123.9346,24.222],[123.9249,24.2209],[123.9208,24.2174],[123.923,24.2136],[123.9292,24.2093]]],[[[122.9428,24.4519],[123.0109,24.4368],[123.0438,24.4622],[122.9626,24.4727],[122.9428,24.4519]]],[[[131.1924,24.471],[131.1806,24.4722],[131.1839,24.4644],[131.1881,24.4613],[131.1921,24.4632],[131.195,24.468],[131.1945,24.4702],[131.1924,24.471]]],[[[124.6843,24.6402],[124.7223,24.6434],[124.7265,24.6668],[124.6818,24.673],[124.6708,24.6561],[124.6843,24.6402]]],[[[124.1015,24.3203],[124.0834,24.3394],[124.0803,24.3134],[124.1015,24.3203]]],[[[123.9647,24.3508],[123.9517,24.3318],[124.0035,24.3273],[123.9647,24.3508]]],[[[123.7499,24.3914],[123.7516,24.3127],[123.7036,24.3501],[123.7102,24.3149],[123.6864,24.3327],[123.6882,24.31],[123.6618,24.3093],[123.6802,24.2826],[123.7183,24.278],[123.7237,24.2996],[123.8807,24.2564],[123.8812,24.2807],[123.9044,24.275],[123.9117,24.3255],[123.9283,24.316],[123.9396,24.365],[123.8729,24.404],[123.8327,24.4077],[123.8159,24.3904],[123.7703,24.4369],[123.7499,24.3914]]],[[[123.7344,24.3503],[123.7409,24.3458],[123.7446,24.348],[123.7439,24.354],[123.7413,24.3573],[123.7317,24.3613],[123.7313,24.363],[123.7333,24.3647],[123.731,24.3655],[123.7286,24.3629],[123.7245,24.3649],[123.7246,24.3583],[123.7344,24.3503]]],[[[123.7139,24.369],[123.7182,24.3653],[123.7192,24.3663],[123.721,24.3657],[123.7196,24.3677],[123.7211,24.3743],[123.7246,24.3768],[123.7285,24.3757],[123.7286,24.3777],[123.7251,24.3801],[123.713,24.3771],[123.7111,24.3718],[123.7139,24.369]]],[[[124.3117,24.6095],[124.2827,24.5611],[124.296,24.542],[124.2791,24.5071],[124.2566,24.5198],[124.2285,24.4991],[124.2225,24.4546],[124.1392,24.4423],[124.1432,24.467],[124.117,24.4828],[124.1195,24.4467],[124.0767,24.4533],[124.0843,24.4162],[124.1191,24.4347],[124.1434,24.4136],[124.1434,24.3884],[124.1109,24.3657],[124.1454,24.3371],[124.1819,24.3305],[124.199,24.3537],[124.236,24.345],[124.2496,24.3583],[124.2525,24.4672],[124.341,24.586],[124.3399,24.6056],[124.3117,24.6095]]],[[[124.6843,24.7588],[124.6819,24.7572],[124.6863,24.7538],[124.6971,24.7483],[124.6976,24.7468],[124.6987,24.7476],[124.706,24.7449],[124.7072,24.7469],[124.7037,24.7542],[124.7007,24.7543],[124.694,24.7615],[124.6886,24.7609],[124.6843,24.7588]]],[[[125.2406,24.729],[125.2387,24.7205],[125.2418,24.7156],[125.2454,24.7134],[125.2495,24.7131],[125.2567,24.7156],[125.2583,24.7194],[125.2562,24.7244],[125.2445,24.7313],[125.2414,24.7316],[125.2406,24.729]]],[[[125.2442,24.9383],[125.2311,24.9345],[125.2483,24.9196],[125.2442,24.9383]]],[[[131.2433,25.8722],[131.2199,25.865],[131.2134,25.8232],[131.2316,25.8128],[131.2619,25.8218],[131.2734,25.8529],[131.2433,25.8722]]],[[[131.2841,25.9551],[131.3072,25.9282],[131.3321,25.9511],[131.2841,25.9551]]],[[[125.1563,24.8336],[125.1398,24.8422],[125.1384,24.8164],[125.1704,24.8035],[125.1563,24.8336]]],[[[125.2588,24.7851],[125.2851,24.7532],[125.2611,24.7685],[125.2608,24.7357],[125.2949,24.7183],[125.2974,24.7338],[125.3055,24.7126],[125.3704,24.7294],[125.4694,24.7189],[125.4334,24.761],[125.3351,24.7991],[125.3356,24.822],[125.2658,24.9161],[125.2684,24.9029],[125.2551,24.9101],[125.2966,24.8372],[125.2783,24.8383],[125.2588,24.7851]]],[[[125.1563,24.8568],[125.1778,24.8108],[125.2197,24.8099],[125.2098,24.8468],[125.1563,24.8568]]],[[[126.767,26.3901],[126.7078,26.3574],[126.7602,26.3423],[126.7788,26.3063],[126.8117,26.2913],[126.8043,26.3231],[126.8262,26.346],[126.767,26.3901]]],[[[127.1379,26.3673],[127.1461,26.3484],[127.1614,26.3622],[127.1504,26.3815],[127.1379,26.3673]]],[[[127.2175,26.593],[127.2089,26.575],[127.2481,26.5861],[127.2369,26.6017],[127.2175,26.593]]],[[[127.8727,26.646],[127.8549,26.649],[127.8593,26.6295],[127.8727,26.646]]],[[[128.0266,26.663],[128.02,26.6807],[127.9936,26.6602],[128.0319,26.6439],[128.0266,26.663]]],[[[127.9432,26.9522],[127.9118,26.9371],[127.9391,26.9106],[127.9573,26.9349],[127.9432,26.9522]]],[[[127.9294,26.9989],[127.9269,26.9989],[127.923,27.0022],[127.9224,26.9999],[127.9153,26.9967],[127.9136,26.9974],[127.9127,26.9952],[127.915,26.9919],[127.9208,26.9892],[127.9277,26.9986],[127.9317,26.9978],[127.9294,26.9989]]],[[[128.2207,27.8739],[128.2234,27.8665],[128.2346,27.8605],[128.2363,27.8668],[128.2335,27.8692],[128.2329,27.8737],[128.2276,27.878],[128.2268,27.8834],[128.2251,27.885],[128.2216,27.8853],[128.2176,27.879],[128.2207,27.8739]]],[[[127.9689,27.0366],[128.0203,27.0952],[127.9506,27.0446],[127.9346,26.9949],[127.9689,27.0366]]],[[[128.0268,26.7087],[128.0099,26.7117],[128.0155,26.694],[128.0268,26.7087]]],[[[127.7494,26.7188],[127.8053,26.7045],[127.8314,26.7189],[127.8078,26.7391],[127.7592,26.7375],[127.7494,26.7188]]],[[[127.9441,26.2467],[127.9468,26.2482],[127.9463,26.2545],[127.9482,26.2579],[127.9448,26.2624],[127.9378,26.2626],[127.9385,26.2532],[127.9341,26.249],[127.9341,26.2457],[127.9352,26.246],[127.9358,26.2442],[127.9375,26.2452],[127.9381,26.2427],[127.9428,26.2416],[127.9421,26.2447],[127.9441,26.2467]]],[[[127.9694,26.3673],[127.9753,26.3538],[127.997,26.3671],[127.988,26.3851],[127.9694,26.3673]]],[[[127.9992,26.3875],[128.0042,26.3994],[127.9999,26.4009],[127.9953,26.3998],[127.9937,26.3955],[127.9886,26.393],[127.9914,26.3887],[127.9887,26.3862],[127.9904,26.385],[127.9924,26.3869],[127.9916,26.385],[127.993,26.3832],[127.9984,26.3821],[127.9992,26.3875]]],[[[127.9686,26.3221],[127.951,26.3267],[127.9591,26.3086],[127.9686,26.3221]]],[[[127.8372,26.3295],[127.8698,26.33],[127.8617,26.3436],[127.8372,26.3295]]],[[[127.9686,26.3451],[127.9658,26.3651],[127.9429,26.3636],[127.9398,26.3357],[127.9686,26.3451]]],[[[127.6532,26.1522],[127.6598,26.1516],[127.6678,26.1536],[127.6653,26.1577],[127.6606,26.1607],[127.6559,26.1599],[127.6542,26.1614],[127.6492,26.1584],[127.6501,26.1528],[127.6532,26.1522]]],[[[127.8846,26.152],[127.907,26.1675],[127.9105,26.1717],[127.9082,26.1718],[127.9048,26.1682],[127.898,26.1673],[127.8962,26.1648],[127.884,26.1602],[127.8862,26.16],[127.8845,26.1572],[127.8843,26.1598],[127.8832,26.1562],[127.8863,26.154],[127.8848,26.1522],[127.8822,26.1557],[127.8846,26.152]]],[[[127.242,26.1731],[127.2439,26.176],[127.2365,26.1828],[127.2373,26.1796],[127.2327,26.1759],[127.234,26.1703],[127.2319,26.1679],[127.2337,26.1647],[127.232,26.1632],[127.236,26.1645],[127.2421,26.1623],[127.2409,26.1657],[127.242,26.1731]]],[[[127.2888,26.1874],[127.285,26.1876],[127.2851,26.1856],[127.2823,26.1827],[127.2863,26.1761],[127.289,26.1756],[127.2908,26.1771],[127.2928,26.1757],[127.2951,26.1779],[127.2964,26.177],[127.2937,26.1801],[127.293,26.1859],[127.2888,26.1874]]],[[[127.3456,26.1915],[127.3477,26.1457],[127.3643,26.1572],[127.3699,26.2202],[127.3528,26.2254],[127.3456,26.1915]]],[[[127.769,26.2134],[127.758,26.2075],[127.7567,26.2038],[127.76,26.2025],[127.7651,26.2026],[127.77,26.2014],[127.7716,26.2029],[127.7655,26.205],[127.7672,26.2075],[127.7727,26.2031],[127.7688,26.2103],[127.7703,26.2116],[127.771,26.2104],[127.7715,26.2122],[127.7738,26.2119],[127.774,26.2146],[127.769,26.2134]]],[[[127.2445,26.2092],[127.2499,26.2162],[127.2503,26.2221],[127.2489,26.2238],[127.2461,26.2212],[127.241,26.2216],[127.2392,26.2199],[127.2404,26.2186],[127.2389,26.216],[127.2391,26.2114],[127.2423,26.2081],[127.2445,26.2092]]],[[[127.2657,26.1997],[127.2934,26.1942],[127.281,26.2133],[127.2657,26.1997]]],[[[127.4413,26.2006],[127.4442,26.2005],[127.4467,26.2023],[127.4486,26.2107],[127.454,26.2176],[127.4556,26.2178],[127.4566,26.2213],[127.4552,26.2213],[127.4522,26.2259],[127.4502,26.2211],[127.4462,26.2184],[127.4452,26.213],[127.4404,26.2039],[127.4388,26.2034],[127.4388,26.2005],[127.4413,26.2006]]],[[[127.3072,26.2466],[127.2818,26.2286],[127.3332,26.2285],[127.3072,26.2466]]],[[[127.7356,26.3673],[127.7571,26.2952],[127.6728,26.2552],[127.6852,26.2428],[127.6689,26.2508],[127.6671,26.2323],[127.685,26.2254],[127.6601,26.2181],[127.6739,26.2073],[127.652,26.2178],[127.6366,26.1987],[127.6562,26.1732],[127.6472,26.1532],[127.6692,26.1522],[127.649,26.1339],[127.6684,26.1336],[127.6569,26.0842],[127.6766,26.0745],[127.8307,26.1658],[127.8211,26.1914],[127.7781,26.1724],[127.7563,26.2049],[127.7932,26.219],[127.7895,26.2486],[127.8163,26.3052],[127.8473,26.3154],[127.8385,26.3319],[127.8649,26.3439],[127.9222,26.2955],[127.9148,26.3318],[127.8878,26.3407],[127.88,26.3784],[127.8305,26.4319],[127.8698,26.4576],[127.9488,26.4377],[127.9512,26.4727],[128.0013,26.4834],[127.9961,26.5089],[128.0531,26.5204],[128.0417,26.5592],[128.0953,26.5343],[128.151,26.5681],[128.1235,26.6034],[128.1517,26.5979],[128.1483,26.6292],[128.2385,26.6319],[128.3272,26.7493],[128.3059,26.8447],[128.2498,26.8711],[128.232,26.798],[128.184,26.7498],[128.153,26.7459],[128.1572,26.7192],[128.0985,26.6806],[128.1258,26.6604],[128.1115,26.6682],[128.0294,26.627],[127.9826,26.6493],[127.9995,26.6925],[127.88,26.7099],[127.8947,26.6066],[127.9795,26.5897],[127.9803,26.566],[127.9172,26.5162],[127.844,26.504],[127.8458,26.4812],[127.7979,26.4368],[127.7713,26.4464],[127.7373,26.4223],[127.7127,26.4418],[127.7356,26.3673]]]]},"properties":{"iso3":"JPN","shapeId":"47310658B31569081891025","regionId":"JPN.32_1","name":"Okinawa"}},{"type":"Feature","geometry":{"type":"MultiPolygon","coordinates":[[[[139.8112,41.3563],[139.8149,41.3579],[139.8162,41.3646],[139.811,41.3629],[139.8033,41.3657],[139.7939,41.359],[139.7947,41.3571],[139.7962,41.3583],[139.8,41.3576],[139.7983,41.3548],[139.7991,41.3521],[139.8033,41.3552],[139.8079,41.3537],[139.8112,41.3563]]],[[[139.3394,41.4974],[139.3834,41.5122],[139.3405,41.5252],[139.3394,41.4974]]],[[[139.4064,42.1656],[139.423,42.1371],[139.4208,42.0717],[139.4509,42.0519],[139.5049,42.0978],[139.5171,42.1764],[139.5605,42.2268],[139.5591,42.2525],[139.5366,42.2327],[139.4355,42.2159],[139.4064,42.1656]]],[[[141.328,44.4421],[141.2943,44.4127],[141.3258,44.4207],[141.328,44.4421]]],[[[141.4145,44.4282],[141.4263,44.4465],[141.3807,44.4338],[141.4145,44.4282]]],[[[141.1522,45.1515],[141.2378,45.097],[141.287,45.1102],[141.3303,45.1499],[141.303,45.2151],[141.1992,45.2597],[141.1324,45.2135],[141.1425,45.1939],[141.1268,45.186],[141.1522,45.1515]]],[[[141.0646,45.4267],[141.0339,45.4608],[141.0377,45.4429],[141.0127,45.433],[140.967,45.4641],[140.9664,45.4384],[140.9944,45.4238],[140.983,45.3796],[141.0278,45.2733],[141.0465,45.2782],[141.0572,45.3188],[141.0646,45.4267]]],[[[144.871,42.9487],[144.8803,42.9574],[144.8738,42.9617],[144.8731,42.965],[144.8654,42.9525],[144.8639,42.9465],[144.871,42.9487]]],[[[145.124,43.0774],[145.1277,43.0755],[145.1296,43.0717],[145.125,43.0674],[145.1507,43.0701],[145.1487,43.0718],[145.1501,43.0747],[145.1568,43.0777],[145.1727,43.0762],[145.1652,43.0783],[145.164,43.0835],[145.1606,43.0846],[145.1379,43.0806],[145.1344,43.0837],[145.1303,43.0815],[145.1214,43.0823],[145.1175,43.0796],[145.1167,43.0741],[145.1138,43.0732],[145.1168,43.074],[145.1197,43.0785],[145.124,43.0774]]],[[[145.6037,43.2081],[145.6083,43.2104],[145.6095,43.2134],[145.603,43.2145],[145.6041,43.2179],[145.5995,43.2171],[145.5993,43.2202],[145.5953,43.2214],[145.5873,43.2149],[145.5898,43.212],[145.5873,43.2076],[145.5965,43.2047],[145.5995,43.2053],[145.6,43.2078],[145.6037,43.2081]]],[[[140.3463,43.1983],[140.4302,43.1419],[140.5039,43.0324],[140.5274,43.0301],[140.5207,42.9907],[140.3901,42.9228],[140.3661,42.8777],[140.3045,42.8287],[140.3043,42.7774],[140.2463,42.768],[140.1861,42.8277],[140.1443,42.7546],[140.0733,42.7277],[140.0458,42.694],[139.9253,42.6882],[139.8676,42.6649],[139.8221,42.6101],[139.8467,42.5282],[139.8461,42.4324],[139.766,42.3111],[139.7955,42.2306],[139.8775,42.2107],[139.9222,42.1323],[140.0236,42.1146],[140.1219,41.9996],[140.1412,41.9156],[140.1312,41.8721],[140.11,41.8633],[140.1263,41.8553],[140.1225,41.8232],[140.1088,41.8049],[140.07,41.8045],[140.0676,41.7609],[140.0086,41.692],[139.9858,41.5511],[140.0398,41.4461],[140.0885,41.4181],[140.1458,41.4281],[140.1972,41.3978],[140.2581,41.4802],[140.4295,41.535],[140.4433,41.6832],[140.527,41.7005],[140.6011,41.7418],[140.6386,41.816],[140.7157,41.8068],[140.7274,41.7804],[140.7151,41.7666],[140.702,41.7844],[140.7024,41.7402],[140.7369,41.7681],[140.7887,41.7736],[140.9228,41.7401],[140.9669,41.7101],[141.0527,41.7259],[141.1103,41.7854],[141.1864,41.8023],[141.111,41.8739],[140.9605,41.9154],[140.9066,41.9855],[140.8206,42.0351],[140.7592,42.1169],[140.7081,42.1388],[140.5497,42.1131],[140.3961,42.2183],[140.2932,42.2457],[140.2759,42.3097],[140.3096,42.4082],[140.3822,42.5143],[140.4741,42.5886],[140.534,42.5888],[140.5827,42.5662],[140.7086,42.5826],[140.774,42.5363],[140.7797,42.4993],[140.8737,42.4581],[140.9158,42.366],[141.0076,42.3483],[140.9811,42.3437],[140.9792,42.3235],[140.951,42.3474],[140.9308,42.3404],[140.9477,42.3166],[141.0025,42.3011],[141.1411,42.4308],[141.3481,42.5417],[141.462,42.5927],[141.6176,42.6206],[141.623,42.6432],[141.6955,42.6573],[141.6249,42.6201],[141.7165,42.6268],[141.8009,42.6016],[141.8182,42.613],[141.8903,42.5824],[142.0272,42.4842],[142.1943,42.4478],[142.2756,42.3762],[142.4489,42.3019],[142.4837,42.2698],[142.8147,42.1416],[142.9647,42.1184],[143.0089,42.081],[143.1343,42.0278],[143.1636,41.9827],[143.2491,41.9244],[143.2564,41.998],[143.3121,42.0539],[143.336,42.1869],[143.3078,42.2445],[143.3199,42.2958],[143.3399,42.3011],[143.3254,42.3113],[143.3994,42.4315],[143.6006,42.6441],[143.9288,42.8802],[144.1446,42.9765],[144.2757,43.0038],[144.3627,42.9946],[144.362,42.9707],[144.4502,42.9433],[144.6299,42.9513],[144.7815,42.9341],[144.722,42.9808],[144.7452,43.0232],[144.7984,43.0584],[144.8541,43.0488],[144.8322,43.0142],[144.8765,42.9859],[144.9735,42.9812],[145.0249,43.0],[145.031,43.0292],[145.0859,43.0449],[145.0894,43.0694],[145.1179,43.081],[145.1128,43.1194],[145.1457,43.1447],[145.2017,43.136],[145.2898,43.1718],[145.4254,43.1874],[145.4853,43.1869],[145.4959,43.1587],[145.52,43.1648],[145.508,43.1866],[145.5294,43.186],[145.5301,43.2081],[145.5567,43.2193],[145.5679,43.283],[145.5898,43.2776],[145.6293,43.3187],[145.6767,43.3115],[145.7078,43.3352],[145.7567,43.3354],[145.8175,43.3854],[145.6507,43.3915],[145.5223,43.307],[145.4931,43.2666],[145.3969,43.291],[145.2777,43.4021],[145.2447,43.5245],[145.1936,43.6206],[145.2692,43.608],[145.2404,43.5907],[145.2881,43.603],[145.279,43.5916],[145.3332,43.5914],[145.3212,43.576],[145.3397,43.5854],[145.3405,43.5716],[145.2819,43.5619],[145.3042,43.5528],[145.2898,43.5504],[145.3417,43.5559],[145.3421,43.585],[145.1441,43.6464],[145.069,43.7482],[145.0611,43.8059],[145.092,43.8388],[145.096,43.895],[145.1422,43.9685],[145.2387,44.0575],[145.2595,44.133],[145.3289,44.1915],[145.3671,44.2586],[145.3443,44.3394],[145.3207,44.3405],[145.1919,44.1953],[145.0153,44.1001],[144.9105,44.0044],[144.7952,43.9314],[144.5701,43.9198],[144.3419,43.9627],[144.2989,43.9822],[144.2892,44.0201],[144.255,44.0385],[144.2437,44.1135],[144.2047,44.102],[143.9496,44.1427],[143.6168,44.23],[143.3994,44.3159],[143.3488,44.3705],[142.9902,44.5603],[142.6576,44.8426],[142.588,44.9194],[142.5848,44.9614],[142.5401,44.9911],[142.5044,45.06],[142.4139,45.1147],[142.1706,45.3416],[142.0457,45.4058],[142.0186,45.4538],[141.9366,45.5229],[141.8923,45.5107],[141.8646,45.4406],[141.799,45.4074],[141.681,45.403],[141.6837,45.4198],[141.6432,45.4489],[141.6343,45.4054],[141.6549,45.3514],[141.6116,45.3119],[141.6147,45.2812],[141.5706,45.2334],[141.5871,45.1537],[141.7367,44.8873],[141.7852,44.7217],[141.7911,44.6195],[141.7487,44.4358],[141.6721,44.3239],[141.6472,44.3161],[141.6628,44.0502],[141.6588,44.0053],[141.633,43.9743],[141.6461,43.9418],[141.6296,43.9631],[141.6278,43.9227],[141.5607,43.859],[141.5103,43.8564],[141.4938,43.8364],[141.3875,43.8067],[141.3288,43.725],[141.3861,43.5893],[141.3577,43.5179],[141.4282,43.4192],[141.4235,43.3282],[141.3007,43.2213],[141.2941,43.1854],[141.2761,43.2007],[141.1616,43.1439],[141.0117,43.191],[141.0156,43.2389],[140.7906,43.1949],[140.775,43.2268],[140.6428,43.2648],[140.6304,43.298],[140.6069,43.2958],[140.4806,43.3757],[140.4295,43.3296],[140.3461,43.3337],[140.3602,43.316],[140.3243,43.2219],[140.3463,43.1983]]]]},"properties":{"iso3":"JPN","shapeId":"47310658B99930143900280","regionId":"JPN.12_1","name":"Hokkaido"}},{"type":"Feature","geometry":{"type":"MultiPolygon","coordinates":[[[[132.1433,33.7501],[132.1337,33.7129],[132.153,33.7275],[132.1518,33.7638],[132.1433,33.7501]]],[[[131.9479,33.7796],[131.9936,33.7799],[131.968,33.7982],[131.9479,33.7796]]],[[[132.1874,33.8016],[132.2562,33.7665],[132.274,33.7812],[132.2211,33.8158],[132.1727,33.797],[132.1874,33.8016]]],[[[130.7811,34.1019],[130.7999,34.0933],[130.7772,34.1156],[130.7811,34.1019]]],[[[130.8675,34.3625],[130.8399,34.3452],[130.8777,34.3531],[130.8697,34.3745],[130.8675,34.3625]]],[[[131.2207,34.4288],[131.1682,34.4274],[131.1886,34.3983],[131.2148,34.4006],[131.2267,34.428],[131.2223,34.4165],[131.2611,34.4178],[131.2528,34.4381],[131.2207,34.4288]]],[[[131.1328,34.7663],[131.1485,34.7583],[131.1641,34.777],[131.1307,34.7987],[131.1328,34.7663]]],[[[131.4079,34.5116],[131.4031,34.5065],[131.4008,34.4975],[131.4076,34.4891],[131.409,34.4913],[131.4124,34.4922],[131.4124,34.4909],[131.4134,34.4927],[131.4166,34.4914],[131.419,34.4953],[131.4189,34.5023],[131.415,34.5073],[131.4165,34.5112],[131.4124,34.5135],[131.4079,34.5116]]],[[[131.2718,34.5047],[131.276,34.4977],[131.2785,34.497],[131.2802,34.502],[131.2918,34.505],[131.294,34.5114],[131.2869,34.5134],[131.2854,34.5115],[131.2834,34.5118],[131.2822,34.5139],[131.2832,34.515],[131.2799,34.5148],[131.2804,34.516],[131.2781,34.5159],[131.279,34.5178],[131.2772,34.5183],[131.2711,34.5083],[131.2718,34.5047]]],[[[130.8795,33.9437],[130.9235,33.9144],[130.914,33.9536],[130.8795,33.9437]]],[[[132.0666,33.8679],[132.0696,33.8691],[132.07,33.8716],[132.065,33.8783],[132.0662,33.8842],[132.0618,33.884],[132.0574,33.8794],[132.0569,33.8763],[132.0609,33.8736],[132.0614,33.8672],[132.0666,33.8679]]],[[[132.2593,34.0029],[132.2651,34.0011],[132.266,33.9988],[132.264,33.9958],[132.2673,33.9957],[132.2677,33.9936],[132.2716,33.996],[132.2716,34.0005],[132.2676,34.0008],[132.2704,34.0045],[132.2659,34.0093],[132.2633,34.0098],[132.2613,34.0072],[132.2584,34.007],[132.2593,34.0029]]],[[[131.5787,34.0186],[131.5563,33.9894],[131.6015,34.015],[131.5787,34.0186]]],[[[132.3551,33.9529],[132.3367,33.9477],[132.3526,33.9393],[132.3551,33.9529]]],[[[131.8358,33.9337],[131.8777,33.9702],[131.8584,33.99],[131.8474,33.9499],[131.8074,33.9516],[131.8358,33.9337]]],[[[132.0995,33.8435],[132.071,33.8585],[132.0788,33.8279],[132.0281,33.7934],[132.0499,33.7846],[132.0879,33.8256],[132.1184,33.83],[132.0995,33.8435]]],[[[132.0116,33.8536],[132.0243,33.8527],[132.017,33.8712],[131.9972,33.8595],[132.0116,33.8536]]],[[[132.1734,33.9258],[132.208,33.8567],[132.2201,33.8747],[132.2793,33.8708],[132.2684,33.8897],[132.2885,33.9022],[132.3361,33.8843],[132.3316,33.8578],[132.3722,33.862],[132.3623,33.8962],[132.3756,33.914],[132.4082,33.9096],[132.4721,33.9502],[132.4172,33.9532],[132.402,33.9287],[132.3338,33.9013],[132.3008,33.9205],[132.286,33.9554],[132.234,33.9676],[132.1845,33.9537],[132.1734,33.9258]]],[[[132.4057,34.0146],[132.4308,34.015],[132.4149,34.0304],[132.4057,34.0146]]],[[[131.0132,34.0117],[131.0212,34.0201],[131.0183,34.0242],[131.0125,34.0265],[131.0065,34.0219],[131.0083,34.0203],[131.0051,34.0168],[131.0095,34.0135],[131.008,34.0115],[131.0094,34.0107],[131.011,34.0128],[131.0132,34.0117]]],[[[131.6963,34.0043],[131.7327,33.9823],[131.7111,33.9998],[131.709,34.0354],[131.6963,34.0043]]],[[[131.7533,34.0336],[131.7264,34.0284],[131.7799,34.0491],[131.7533,34.0336]]],[[[132.0686,34.4677],[132.0251,34.4624],[131.9975,34.4279],[132.0135,34.3713],[131.9592,34.3065],[131.9193,34.3381],[131.8813,34.3086],[131.8201,34.3026],[131.7652,34.3641],[131.7938,34.4362],[131.6974,34.4353],[131.6991,34.477],[131.668,34.5041],[131.7276,34.5764],[131.7184,34.6134],[131.6948,34.6207],[131.6906,34.681],[131.6679,34.676],[131.6504,34.6409],[131.6346,34.6645],[131.6038,34.662],[131.589,34.6332],[131.603,34.623],[131.5603,34.6184],[131.539,34.563],[131.5021,34.533],[131.4555,34.5255],[131.4619,34.486],[131.4166,34.449],[131.3969,34.4602],[131.4164,34.4278],[131.3776,34.4228],[131.3789,34.4081],[131.3372,34.4184],[131.3066,34.3829],[131.2251,34.3931],[131.2146,34.3709],[131.1985,34.3976],[131.156,34.3723],[131.1317,34.4177],[131.0181,34.4114],[130.9723,34.4423],[130.9326,34.3921],[131.016,34.4049],[131.0359,34.3712],[131.0005,34.374],[130.9283,34.3415],[130.9015,34.3629],[130.8976,34.3173],[130.8669,34.2879],[130.9205,34.241],[130.9335,34.1888],[130.8968,34.1362],[130.8667,34.1368],[130.8603,34.1109],[130.8884,34.0653],[130.9119,34.0595],[130.9058,33.9542],[130.9284,33.9384],[130.9903,33.985],[131.0368,34.057],[131.1,34.033],[131.1342,33.9916],[131.1508,34.0038],[131.1746,33.9753],[131.1577,33.9531],[131.1783,33.9315],[131.2295,33.9646],[131.2153,33.9367],[131.239,33.9514],[131.2325,33.9271],[131.2525,33.9369],[131.2684,33.9229],[131.356,33.966],[131.3476,33.9821],[131.3783,34.008],[131.3705,34.0278],[131.3884,34.0502],[131.3944,34.0261],[131.4159,34.0207],[131.3954,33.9852],[131.4217,34.0156],[131.4382,33.9825],[131.4801,34.0118],[131.4645,34.0252],[131.4742,34.0376],[131.5404,33.9974],[131.5996,34.0386],[131.61,34.0209],[131.6349,34.0469],[131.6978,34.0465],[131.7421,34.0722],[131.7613,34.0677],[131.7474,34.0457],[131.7969,34.0591],[131.7811,34.0275],[131.8023,34.0432],[131.8276,34.0295],[131.7781,33.974],[131.8164,33.9694],[131.7946,33.9877],[131.8554,34.0152],[131.8712,33.9988],[131.8612,33.9881],[131.96,33.9478],[131.9653,33.9183],[131.9815,33.9295],[132.0256,33.9017],[132.0571,33.9204],[132.0448,33.9087],[132.1198,33.8757],[132.1153,33.8337],[132.1446,33.8336],[132.1583,33.8597],[132.1279,33.888],[132.1179,33.9512],[132.1895,33.9655],[132.2216,34.0402],[132.1991,34.1186],[132.2574,34.1315],[132.2303,34.1873],[132.2456,34.2107],[132.1954,34.2044],[132.2049,34.2286],[132.1443,34.2368],[132.1274,34.3329],[132.0698,34.3563],[132.081,34.4432],[132.0686,34.4677]]]]},"properties":{"iso3":"JPN","shapeId":"47310658B89542195514726","regionId":"JPN.46_1","name":"Yamaguchi"}}]}