{"type":"FeatureCollection","features":[{"type":"Feature","geometry":{"type":"Polygon","coordinates":[[[-101.8617,22.0289],[-101.8552,22.0465],[-102.0259,22.1298],[-102.0171,22.154],[-102.0452,22.1537],[-102.001,22.1681],[-101.9997,22.2337],[-102.0225,22.2416],[-102.0373,22.299],[-102.0756,22.3061],[-102.1052,22.2808],[-102.1532,22.2904],[-102.1498,22.3472],[-102.2532,22.3745],[-102.2983,22.4596],[-102.3118,22.4569],[-102.3214,22.3885],[-102.3629,22.3887],[-102.3784,22.3609],[-102.4686,22.3519],[-102.4702,22.3092],[-102.527,22.2909],[-102.6687,22.2919],[-102.67,22.2457],[-102.6393,22.226],[-102.6516,22.1931],[-102.6693,22.194],[-102.6909,22.1066],[-102.7558,22.0737],[-102.8742,21.8528],[-102.8473,21.8334],[-102.8533,21.7991],[-102.7373,21.7156],[-102.6963,21.7288],[-102.6676,21.7645],[-102.6335,21.7673],[-102.4569,21.6981],[-102.4611,21.6793],[-102.3257,21.6223],[-102.2954,21.6531],[-102.304,21.6667],[-102.2376,21.652],[-102.2143,21.6948],[-102.1421,21.7054],[-102.0417,21.8231],[-102.0384,21.8532],[-101.8802,21.9101],[-101.838,21.9073],[-101.8353,21.9418],[-101.8858,21.9326],[-101.9126,21.9975],[-101.8913,21.9766],[-101.8638,21.99],[-101.8617,22.0289]]]},"properties":{"iso3":"MEX","shapeId":"31927357B17004778023462","regionId":"MEX.1_1","name":"Aguascalientes"}},{"type":"Feature","geometry":{"type":"MultiPolygon","coordinates":[[[[-114.1288,28.0122],[-114.1342,28.019],[-114.1357,28.0183],[-114.1301,28.007],[-114.128,28.0066],[-114.1268,28.0088],[-114.1254,28.0066],[-114.1271,28.0062],[-114.1227,28.0013],[-114.1165,28.001],[-114.1172,28.0038],[-114.1204,28.0044],[-114.1203,28.0068],[-114.1228,28.0079],[-114.1237,28.0102],[-114.1288,28.0122]]],[[[-114.0693,28.0364],[-114.0728,28.0356],[-114.0726,28.0347],[-114.0708,28.034],[-114.0693,28.0364]]],[[[-114.076,28.0],[-114.1066,28.0226],[-114.0936,28.0348],[-114.1194,28.037],[-114.1243,28.0174],[-114.076,28.0]]],[[[-114.0883,28.0408],[-114.0854,28.037],[-114.0869,28.041],[-114.0883,28.0408]]],[[[-114.0693,28.0454],[-114.0721,28.0463],[-114.0737,28.0434],[-114.0711,28.0416],[-114.0716,28.0438],[-114.0678,28.0442],[-114.0693,28.0454]]],[[[-114.1493,28.0],[-114.1499,28.0264],[-114.116,28.0475],[-114.1237,28.0849],[-114.2047,28.0],[-114.1493,28.0]]],[[[-114.0616,28.1594],[-114.062,28.1611],[-114.0626,28.1593],[-114.0616,28.1594]]],[[[-114.0606,28.1639],[-114.0601,28.1657],[-114.0616,28.1646],[-114.0606,28.1639]]],[[[-114.0531,28.2116],[-114.0557,28.2118],[-114.0535,28.2094],[-114.0531,28.2116]]],[[[-114.0583,28.2138],[-114.0543,28.2195],[-114.0569,28.2241],[-114.0644,28.2307],[-114.0701,28.2406],[-114.074,28.2412],[-114.0795,28.2469],[-114.0702,28.2339],[-114.0655,28.2171],[-114.0608,28.2142],[-114.0621,28.2115],[-114.0566,28.2115],[-114.0594,28.2125],[-114.0583,28.2138]]],[[[-115.5363,28.304],[-115.5412,28.3063],[-115.5427,28.3026],[-115.5374,28.2977],[-115.5348,28.2994],[-115.5368,28.301],[-115.535,28.3031],[-115.5363,28.304]]],[[[-115.5685,28.3083],[-115.5699,28.3112],[-115.5711,28.3094],[-115.5685,28.3083]]],[[[-115.5907,28.3153],[-115.5984,28.3],[-115.5743,28.3015],[-115.5907,28.3153]]],[[[-115.2161,28.3759],[-115.2615,28.2986],[-115.2377,28.227],[-115.3513,28.1155],[-115.3552,28.0811],[-115.288,28.0935],[-115.2544,28.0381],[-115.2287,28.0299],[-115.1851,28.032],[-115.1856,28.1065],[-115.1567,28.1409],[-115.1755,28.3065],[-115.2161,28.3759]]],[[[-112.8905,28.6769],[-112.7803,28.5793],[-112.7556,28.5915],[-112.839,28.66],[-112.8905,28.6769]]],[[[-112.9255,28.7039],[-112.9331,28.7096],[-112.9317,28.7081],[-112.9319,28.7038],[-112.9336,28.7045],[-112.9344,28.7005],[-112.9311,28.6964],[-112.9296,28.6975],[-112.9261,28.6942],[-112.9144,28.6912],[-112.9097,28.6878],[-112.8986,28.6834],[-112.8948,28.6798],[-112.8982,28.6846],[-112.8976,28.6965],[-112.902,28.695],[-112.9078,28.6973],[-112.91,28.6957],[-112.9129,28.6978],[-112.9131,28.6998],[-112.9158,28.6977],[-112.9204,28.6989],[-112.9221,28.7021],[-112.9255,28.7039]]],[[[-112.9618,28.7339],[-112.9642,28.7333],[-112.9654,28.731],[-112.9641,28.7303],[-112.9627,28.7316],[-112.9598,28.7272],[-112.958,28.7276],[-112.9577,28.7225],[-112.9564,28.7244],[-112.9535,28.7223],[-112.9515,28.7247],[-112.9499,28.7204],[-112.9461,28.7171],[-112.9469,28.7215],[-112.9501,28.726],[-112.9522,28.7277],[-112.9528,28.7255],[-112.9551,28.7291],[-112.9578,28.7289],[-112.9605,28.7339],[-112.9618,28.7339]]],[[[-112.9778,28.8241],[-112.9854,28.8246],[-112.9855,28.8226],[-112.9805,28.8199],[-112.9768,28.8197],[-112.9747,28.823],[-112.9778,28.8241]]],[[[-118.2949,28.8809],[-118.2959,28.8816],[-118.2961,28.8806],[-118.2949,28.8809]]],[[[-113.0278,28.8852],[-113.0284,28.8872],[-113.0306,28.8874],[-113.0278,28.8852]]],[[[-113.0372,28.9],[-113.0386,28.8996],[-113.0369,28.8965],[-113.0398,28.8908],[-113.0444,28.8889],[-113.0461,28.8864],[-113.0439,28.8833],[-113.0405,28.8839],[-113.0403,28.8873],[-113.0328,28.8955],[-113.0334,28.8982],[-113.0372,28.9]]],[[[-118.2871,28.9054],[-118.2884,28.9082],[-118.2909,28.9074],[-118.2889,28.9048],[-118.2871,28.9054]]],[[[-113.476,28.9676],[-113.475,28.9694],[-113.4773,28.9751],[-113.4851,28.9789],[-113.4849,28.9768],[-113.4808,28.9743],[-113.4814,28.9673],[-113.4782,28.9663],[-113.476,28.9676]]],[[[-113.519,28.998],[-113.5207,28.997],[-113.5184,28.9953],[-113.519,28.998]]],[[[-113.5128,29.0026],[-113.5156,29.002],[-113.5123,28.9998],[-113.513,28.9987],[-113.5154,28.9994],[-113.517,28.9938],[-113.5115,28.9887],[-113.5094,28.9931],[-113.505,28.9917],[-113.502,28.9939],[-113.5077,29.0011],[-113.5128,29.0026]]],[[[-113.5223,29.0066],[-113.5233,29.0068],[-113.5243,29.0023],[-113.5214,29.0051],[-113.5223,29.0066]]],[[[-113.5111,29.0118],[-113.5152,29.0116],[-113.5159,29.0098],[-113.5111,29.0118]]],[[[-113.5144,29.0163],[-113.5164,29.0134],[-113.5112,29.0136],[-113.5144,29.0163]]],[[[-113.4617,29.016],[-113.4652,29.0218],[-113.4686,29.0234],[-113.4688,29.0196],[-113.4666,29.0145],[-113.4634,29.0119],[-113.461,29.0134],[-113.4617,29.016]]],[[[-113.083,29.0687],[-113.0957,29.0667],[-113.0977,29.0637],[-113.0967,29.0632],[-113.0959,29.0656],[-113.092,29.0641],[-113.0972,29.0608],[-113.0931,29.0627],[-113.0857,29.0623],[-113.0821,29.0666],[-113.083,29.0687]]],[[[-113.5198,29.069],[-113.5219,29.0696],[-113.5178,29.0651],[-113.515,29.0648],[-113.5164,29.0676],[-113.5198,29.069]]],[[[-113.5144,29.0964],[-113.5277,29.0938],[-113.5141,29.0528],[-113.4897,29.0377],[-113.5144,29.0964]]],[[[-113.5282,29.0989],[-113.5309,29.0963],[-113.5293,29.0963],[-113.5282,29.0989]]],[[[-118.3335,29.1702],[-118.3665,29.1465],[-118.352,29.1143],[-118.3642,29.077],[-118.3162,29.035],[-118.3133,28.9793],[-118.2908,28.967],[-118.2812,28.8966],[-118.2956,28.883],[-118.267,28.8861],[-118.2438,28.9609],[-118.2532,29.0479],[-118.285,29.0928],[-118.3219,29.1085],[-118.3335,29.1702]]],[[[-113.513,29.5431],[-113.5721,29.5384],[-113.5636,29.5052],[-113.5922,29.4511],[-113.5882,29.4089],[-113.5061,29.3228],[-113.4957,29.284],[-113.4409,29.2761],[-113.4042,29.2093],[-113.3007,29.1451],[-113.2439,29.0673],[-113.1158,28.9871],[-113.1001,29.0563],[-113.1484,29.0662],[-113.1747,29.1275],[-113.1678,29.2785],[-113.2913,29.2808],[-113.3666,29.307],[-113.3765,29.3482],[-113.3525,29.3874],[-113.3941,29.4592],[-113.513,29.5431]]],[[[-113.5572,29.5511],[-113.5583,29.5541],[-113.5604,29.55],[-113.5589,29.5472],[-113.5572,29.5511]]],[[[-113.5396,29.5658],[-113.5451,29.5654],[-113.544,29.564],[-113.5392,29.5641],[-113.5342,29.5622],[-113.5396,29.5658]]],[[[-113.5659,29.5646],[-113.5669,29.566],[-113.5793,29.561],[-113.5758,29.5461],[-113.5642,29.5525],[-113.5637,29.5573],[-113.562,29.5602],[-113.5619,29.5572],[-113.5605,29.5603],[-113.5656,29.5608],[-113.5659,29.5646]]],[[[-115.7895,29.796],[-115.792,29.7966],[-115.7917,29.7933],[-115.7942,29.7921],[-115.7932,29.7888],[-115.7949,29.7866],[-115.7919,29.7882],[-115.7882,29.7933],[-115.7895,29.796]]],[[[-114.4172,29.9879],[-114.4138,29.9506],[-114.3917,29.9618],[-114.4172,29.9879]]],[[[-114.3891,29.9937],[-114.3896,29.995],[-114.3909,29.9936],[-114.389,29.9915],[-114.3894,29.9888],[-114.3868,29.9922],[-114.3884,29.9918],[-114.3891,29.9937]]],[[[-114.4735,30.0228],[-114.4798,30.0204],[-114.4754,30.016],[-114.4748,30.0131],[-114.4734,30.0136],[-114.4735,30.0228]]],[[[-114.488,30.0537],[-114.4906,30.053],[-114.4895,30.0514],[-114.4909,30.0476],[-114.4868,30.0505],[-114.488,30.0537]]],[[[-114.5496,30.093],[-114.5537,30.0927],[-114.5539,30.0898],[-114.5517,30.0902],[-114.551,30.0891],[-114.5469,30.0904],[-114.5455,30.0867],[-114.5419,30.0858],[-114.5418,30.0835],[-114.5372,30.0823],[-114.5352,30.0833],[-114.535,30.0851],[-114.5397,30.0918],[-114.5496,30.093]]],[[[-116.0413,30.7128],[-116.0404,30.7144],[-116.0435,30.7154],[-116.0413,30.7128]]],[[[-114.7489,31.8039],[-114.7999,31.8126],[-114.7911,31.73],[-114.7175,31.6812],[-114.6897,31.6817],[-114.7116,31.7103],[-114.6523,31.6787],[-114.7489,31.8039]]],[[[-117.2468,32.4166],[-117.2508,32.4197],[-117.2492,32.4108],[-117.2477,32.4089],[-117.2456,32.409],[-117.2443,32.405],[-117.2454,32.4017],[-117.2443,32.395],[-117.2418,32.391],[-117.2401,32.3911],[-117.2393,32.3959],[-117.2425,32.4054],[-117.2422,32.4115],[-117.2437,32.415],[-117.246,32.4137],[-117.2468,32.4166]]],[[[-117.2598,32.4189],[-117.2605,32.4202],[-117.2616,32.4168],[-117.2595,32.4148],[-117.2593,32.4198],[-117.2598,32.4189]]],[[[-117.2989,32.4455],[-117.3004,32.4447],[-117.3,32.4403],[-117.2971,32.4353],[-117.2941,32.4342],[-117.2967,32.4437],[-117.2989,32.4455]]],[[[-114.8136,32.4939],[-114.792,32.5574],[-114.8123,32.5572],[-114.807,32.6227],[-114.7655,32.6435],[-114.7202,32.7186],[-116.5199,32.5851],[-117.1242,32.5229],[-117.1183,32.4641],[-117.0378,32.2837],[-116.9227,32.2265],[-116.8866,32.1234],[-116.8803,32.0187],[-116.833,31.9795],[-116.7684,31.9712],[-116.7463,31.903],[-116.613,31.8458],[-116.6105,31.7713],[-116.6439,31.7202],[-116.6294,31.6962],[-116.6571,31.72],[-116.6192,31.7732],[-116.6628,31.7187],[-116.7433,31.7442],[-116.6493,31.6656],[-116.6672,31.6186],[-116.6517,31.582],[-116.6907,31.5711],[-116.6901,31.555],[-116.6078,31.497],[-116.6028,31.4647],[-116.5213,31.4349],[-116.456,31.3309],[-116.37,31.2668],[-116.3091,31.1507],[-116.336,30.9693],[-116.3198,30.9568],[-116.2726,30.9692],[-116.1762,30.8628],[-116.0575,30.7957],[-116.0266,30.6476],[-116.0471,30.4711],[-116.0131,30.4217],[-116.0059,30.3652],[-115.9851,30.3583],[-115.9948,30.4077],[-116.0327,30.4566],[-115.9958,30.4515],[-115.9793,30.4276],[-115.9576,30.4382],[-116.0,30.4979],[-115.9899,30.5124],[-115.9282,30.4418],[-115.9486,30.4375],[-115.9396,30.4127],[-115.9723,30.411],[-115.9872,30.3898],[-115.9085,30.3976],[-115.8496,30.3577],[-115.8118,30.3005],[-115.7951,30.2379],[-115.8017,30.1343],[-115.7811,30.0914],[-115.8127,29.9495],[-115.7429,29.948],[-115.701,29.8988],[-115.6842,29.8282],[-115.6984,29.7543],[-115.6197,29.6953],[-115.5846,29.6922],[-115.5054,29.617],[-115.4571,29.6249],[-115.378,29.5581],[-115.2503,29.5144],[-115.1885,29.4278],[-115.0725,29.4166],[-114.967,29.3751],[-114.813,29.2142],[-114.7434,29.1818],[-114.7156,29.1102],[-114.627,29.0899],[-114.5922,28.9704],[-114.5622,28.9713],[-114.5318,28.9193],[-114.489,28.9334],[-114.449,28.9069],[-114.4373,28.8759],[-114.4141,28.8765],[-114.3973,28.8178],[-114.3722,28.8119],[-114.3487,28.7726],[-114.3468,28.7307],[-114.2833,28.7074],[-114.2698,28.6603],[-114.2252,28.6665],[-114.1643,28.6414],[-114.1616,28.5702],[-114.0967,28.5466],[-114.0449,28.4614],[-114.125,28.2568],[-114.099,28.2398],[-114.0656,28.2613],[-114.0391,28.1867],[-114.0502,28.1928],[-114.0637,28.1528],[-114.053,28.1022],[-114.0744,28.1253],[-114.0566,28.0945],[-114.0757,28.1075],[-114.0781,28.1503],[-114.059,28.2009],[-114.1133,28.1221],[-114.0999,28.0577],[-114.0324,28.0443],[-114.0628,28.0],[-112.7649,28.0],[-112.8049,28.0285],[-112.7889,28.0681],[-112.812,28.1358],[-112.7868,28.1967],[-112.8735,28.2822],[-112.8464,28.4402],[-112.8661,28.4249],[-112.9034,28.475],[-113.0156,28.4574],[-113.1043,28.5061],[-113.1286,28.6321],[-113.1894,28.7301],[-113.1966,28.7924],[-113.2516,28.8405],[-113.3116,28.8035],[-113.3542,28.7994],[-113.3709,28.8373],[-113.3574,28.874],[-113.3803,28.8927],[-113.3685,28.9048],[-113.3942,28.9152],[-113.3858,28.9396],[-113.4152,28.9234],[-113.4384,28.9597],[-113.4501,28.9396],[-113.4801,28.9478],[-113.479,28.8945],[-113.5262,28.8933],[-113.5579,28.9482],[-113.5417,28.956],[-113.5631,29.0063],[-113.5492,29.04],[-113.5344,29.0329],[-113.5388,29.0584],[-113.6561,29.2085],[-113.6251,29.253],[-113.6379,29.2837],[-113.7738,29.4105],[-113.8252,29.4295],[-113.8361,29.4559],[-113.8969,29.4848],[-113.9955,29.578],[-114.0467,29.5968],[-114.0634,29.6286],[-114.2081,29.7439],[-114.2802,29.7723],[-114.2943,29.7428],[-114.3305,29.7425],[-114.386,29.7771],[-114.3949,29.808],[-114.3692,29.8077],[-114.3829,29.8229],[-114.3985,29.8005],[-114.4088,29.8149],[-114.3937,29.8282],[-114.4136,29.8484],[-114.413,29.8907],[-114.471,29.9133],[-114.4875,29.9488],[-114.5368,29.9704],[-114.6039,30.108],[-114.6338,30.1272],[-114.6672,30.1906],[-114.6398,30.2605],[-114.6563,30.2852],[-114.635,30.3495],[-114.6307,30.4887],[-114.699,30.6333],[-114.7101,30.9061],[-114.7208,30.937],[-114.8295,30.9939],[-114.8322,31.0236],[-114.8121,31.0456],[-114.8675,31.0902],[-114.8901,31.1448],[-114.892,31.2667],[-114.858,31.5011],[-114.8165,31.6096],[-114.7837,31.6355],[-114.817,31.7287],[-114.808,31.8136],[-114.8523,31.8635],[-114.9159,31.8628],[-114.9482,31.9118],[-114.9813,31.9228],[-115.0023,31.91],[-115.0429,31.9565],[-115.0373,31.9738],[-115.0766,31.9639],[-115.0467,31.9706],[-115.0593,31.9992],[-114.9998,31.9098],[-114.9648,31.9177],[-114.957,32.0386],[-114.9897,32.1464],[-114.9753,32.178],[-115.053,32.2452],[-114.9666,32.3388],[-114.9685,32.3907],[-114.9319,32.4397],[-114.9351,32.4818],[-114.8815,32.4922],[-114.8483,32.4734],[-114.8136,32.4939]]]]},"properties":{"iso3":"MEX","shapeId":"31927357B35339934753022","regionId":"MEX.3_1","name":"Baja California"}},{"type":"Feature","geometry":{"type":"MultiPolygon","coordinates":[[[[-110.3408,24.2862],[-110.338,24.2886],[-110.3392,24.2888],[-110.3408,24.2862]]],[[[-109.9255,24.3684],[-109.9378,24.3232],[-109.8936,24.1881],[-109.8736,24.1531],[-109.8025,24.1367],[-109.8197,24.2048],[-109.9255,24.3684]]],[[[-111.6074,24.3776],[-111.6532,24.3765],[-111.6711,24.3581],[-111.5685,24.3666],[-111.4498,24.3298],[-111.6074,24.3776]]],[[[-111.5625,24.4036],[-111.564,24.4055],[-111.5643,24.4042],[-111.5625,24.4036]]],[[[-111.5468,24.4044],[-111.5445,24.4055],[-111.5478,24.4079],[-111.5493,24.4054],[-111.5468,24.4044]]],[[[-111.5437,24.4105],[-111.5453,24.4089],[-111.5419,24.4084],[-111.5437,24.4105]]],[[[-110.3981,24.486],[-110.4032,24.4857],[-110.4092,24.4815],[-110.4079,24.4797],[-110.4023,24.4814],[-110.3981,24.486]]],[[[-111.8388,24.5103],[-111.841,24.5133],[-111.8457,24.5096],[-111.8436,24.5102],[-111.8447,24.5082],[-111.8426,24.5082],[-111.8388,24.5103]]],[[[-111.9868,24.5256],[-112.0047,24.5116],[-111.8759,24.4427],[-111.7453,24.3486],[-111.7106,24.3033],[-111.6873,24.3813],[-111.7029,24.3714],[-111.7494,24.4419],[-111.8191,24.4674],[-111.8631,24.5195],[-111.9868,24.5256]]],[[[-110.3502,24.5305],[-110.3992,24.5183],[-110.3751,24.5076],[-110.3928,24.4979],[-110.3864,24.4746],[-110.352,24.4784],[-110.3762,24.4671],[-110.3543,24.4569],[-110.3783,24.4495],[-110.3614,24.4442],[-110.3706,24.4292],[-110.3496,24.4334],[-110.3514,24.4056],[-110.3275,24.4028],[-110.2891,24.4729],[-110.3502,24.5305]]],[[[-110.397,24.5919],[-110.3918,24.5764],[-110.4155,24.5648],[-110.3846,24.5626],[-110.4096,24.5479],[-110.3744,24.5596],[-110.3991,24.5363],[-110.3678,24.5311],[-110.3616,24.5545],[-110.397,24.5919]]],[[[-112.104,24.7187],[-112.1064,24.7203],[-112.1081,24.7193],[-112.1024,24.7163],[-112.104,24.7187]]],[[[-111.9479,24.7566],[-111.9514,24.7565],[-111.9514,24.7547],[-111.9533,24.7538],[-111.949,24.754],[-111.9479,24.7566]]],[[[-112.0334,24.7592],[-112.033,24.7619],[-112.0345,24.7608],[-112.0334,24.7592]]],[[[-112.0726,24.7631],[-112.0741,24.7635],[-112.0732,24.7605],[-112.068,24.7557],[-112.067,24.7571],[-112.0685,24.7606],[-112.0704,24.763],[-112.0726,24.7631]]],[[[-111.9677,24.7724],[-111.9709,24.7747],[-111.9703,24.7727],[-111.9677,24.7724]]],[[[-111.9684,24.7897],[-111.9705,24.7914],[-111.9736,24.7877],[-111.9724,24.7868],[-111.9684,24.7897]]],[[[-112.0441,24.797],[-112.0491,24.7967],[-112.0498,24.7949],[-112.0475,24.7937],[-112.0441,24.797]]],[[[-112.0324,24.7997],[-112.0313,24.8035],[-112.0361,24.8034],[-112.037,24.8002],[-112.0342,24.7972],[-112.0324,24.7997]]],[[[-112.2091,24.8194],[-112.2081,24.8203],[-112.2102,24.8217],[-112.2107,24.82],[-112.2091,24.8194]]],[[[-112.2168,24.8219],[-112.2149,24.824],[-112.2171,24.8233],[-112.2168,24.8219]]],[[[-112.2272,24.8312],[-112.2272,24.8328],[-112.229,24.8317],[-112.2272,24.8312]]],[[[-110.5663,24.8401],[-110.5869,24.8279],[-110.5642,24.8145],[-110.5663,24.8401]]],[[[-112.1758,24.8611],[-112.1759,24.8657],[-112.1771,24.8623],[-112.1758,24.8611]]],[[[-112.1326,24.8576],[-112.1312,24.8617],[-112.1366,24.8668],[-112.1326,24.8576]]],[[[-112.1376,24.8695],[-112.1373,24.8713],[-112.1406,24.873],[-112.1376,24.8695]]],[[[-112.1355,24.8766],[-112.133,24.8787],[-112.1336,24.8808],[-112.1362,24.8805],[-112.1355,24.8766]]],[[[-112.173,24.882],[-112.1737,24.8855],[-112.1753,24.8865],[-112.173,24.882]]],[[[-112.1668,24.906],[-112.1639,24.908],[-112.1647,24.9103],[-112.1678,24.9053],[-112.1668,24.906]]],[[[-112.1154,24.9137],[-112.1148,24.9176],[-112.1171,24.9188],[-112.117,24.9122],[-112.1135,24.9108],[-112.1127,24.9123],[-112.1154,24.9137]]],[[[-112.1834,24.92],[-112.1894,24.9175],[-112.1893,24.9135],[-112.188,24.9155],[-112.1853,24.9137],[-112.1821,24.9152],[-112.1834,24.92]]],[[[-112.1638,24.9176],[-112.1656,24.9186],[-112.1616,24.9249],[-112.1621,24.9263],[-112.1689,24.9291],[-112.1704,24.9278],[-112.168,24.9256],[-112.1706,24.9253],[-112.1707,24.9216],[-112.1664,24.9171],[-112.164,24.9165],[-112.1638,24.9176]]],[[[-112.1755,24.928],[-112.1767,24.9313],[-112.1771,24.9287],[-112.1755,24.928]]],[[[-112.1744,24.9319],[-112.1742,24.9338],[-112.1767,24.9338],[-112.1744,24.9319]]],[[[-112.0785,24.945],[-112.081,24.9464],[-112.0796,24.9445],[-112.0785,24.945]]],[[[-112.1168,24.9542],[-112.1198,24.958],[-112.1217,24.9579],[-112.131,24.9477],[-112.1314,24.9449],[-112.1223,24.9365],[-112.1196,24.941],[-112.1236,24.9474],[-112.1202,24.9468],[-112.1207,24.9491],[-112.1183,24.9473],[-112.1193,24.9508],[-112.1184,24.9538],[-112.1168,24.9542]]],[[[-112.1187,24.9647],[-112.1196,24.9665],[-112.121,24.9662],[-112.126,24.9598],[-112.1217,24.9602],[-112.1203,24.9646],[-112.1187,24.9647]]],[[[-112.1548,24.968],[-112.1539,24.9704],[-112.1572,24.968],[-112.1548,24.968]]],[[[-112.1029,24.9997],[-112.1005,25.0029],[-112.1031,25.0046],[-112.1031,25.0064],[-112.1047,25.0066],[-112.1068,24.9995],[-112.1029,24.9997]]],[[[-112.1476,25.0339],[-112.1477,25.0502],[-112.1624,25.0366],[-112.1531,25.0224],[-112.1476,25.0339]]],[[[-112.1347,25.0507],[-112.1369,25.055],[-112.1384,25.055],[-112.1386,25.0538],[-112.1347,25.0507]]],[[[-112.1404,25.0565],[-112.1431,25.0574],[-112.1452,25.0551],[-112.1404,25.0565]]],[[[-112.1493,25.055],[-112.1469,25.0561],[-112.1479,25.0626],[-112.154,25.0592],[-112.1501,25.0539],[-112.153,25.0544],[-112.1534,25.0531],[-112.1475,25.0543],[-112.1493,25.055]]],[[[-110.7054,25.1049],[-110.7156,25.0388],[-110.678,25.0173],[-110.6292,24.9179],[-110.6414,24.9141],[-110.5736,24.888],[-110.5884,24.8648],[-110.5308,24.8773],[-110.5699,24.9527],[-110.5749,25.0156],[-110.6688,25.052],[-110.7054,25.1049]]],[[[-112.1553,25.1047],[-112.1548,25.1103],[-112.1526,25.1124],[-112.1545,25.1134],[-112.1562,25.1064],[-112.1553,25.1047]]],[[[-110.5096,25.1119],[-110.5108,25.1151],[-110.5111,25.1119],[-110.5096,25.1119]]],[[[-110.8608,25.128],[-110.8601,25.1303],[-110.8625,25.1295],[-110.8608,25.128]]],[[[-112.1529,25.1253],[-112.1501,25.1311],[-112.153,25.1281],[-112.1529,25.1253]]],[[[-110.7036,25.1941],[-110.6958,25.1998],[-110.6964,25.2057],[-110.6994,25.203],[-110.7036,25.1941]]],[[[-112.1094,25.2238],[-112.1084,25.2262],[-112.1101,25.2271],[-112.1108,25.2241],[-112.1094,25.2238]]],[[[-112.1082,25.2289],[-112.1071,25.2314],[-112.1084,25.2328],[-112.1147,25.226],[-112.1144,25.2238],[-112.1121,25.2239],[-112.1105,25.2288],[-112.1082,25.2289]]],[[[-112.0846,25.2497],[-112.086,25.2508],[-112.0853,25.2478],[-112.083,25.2477],[-112.0823,25.2489],[-112.0846,25.2497]]],[[[-112.0912,25.2534],[-112.0926,25.2561],[-112.0961,25.253],[-112.1039,25.2521],[-112.1055,25.2508],[-112.1051,25.2467],[-112.1067,25.2465],[-112.1079,25.2485],[-112.1041,25.2526],[-112.106,25.2536],[-112.1141,25.2463],[-112.1158,25.2417],[-112.1094,25.2401],[-112.0994,25.2411],[-112.0952,25.24],[-112.0918,25.2445],[-112.0911,25.2479],[-112.0926,25.2479],[-112.093,25.2495],[-112.0912,25.2534]]],[[[-112.0896,25.2597],[-112.0928,25.2591],[-112.0932,25.257],[-112.0896,25.2568],[-112.0875,25.2526],[-112.0854,25.2526],[-112.0888,25.2557],[-112.0896,25.2597]]],[[[-112.0873,25.2623],[-112.09,25.2642],[-112.0928,25.262],[-112.0856,25.2619],[-112.0873,25.2623]]],[[[-112.1266,25.26],[-112.2367,24.9322],[-112.3043,24.7949],[-112.2595,24.7502],[-112.2605,24.7906],[-112.2353,24.7901],[-112.1521,24.745],[-112.1363,24.6847],[-112.1741,24.6521],[-112.1159,24.6023],[-112.0963,24.5534],[-112.0556,24.5387],[-112.0717,24.5857],[-112.1385,24.6348],[-112.1161,24.6884],[-112.1346,24.7364],[-112.1714,24.7663],[-112.1716,24.7937],[-112.2311,24.8337],[-112.2091,24.8252],[-112.2307,24.8464],[-112.1771,24.8741],[-112.1972,24.9181],[-112.1778,24.9216],[-112.1939,24.9093],[-112.1764,24.8873],[-112.1659,24.9117],[-112.1886,24.9577],[-112.1536,24.9717],[-112.1793,25.0403],[-112.1226,25.2163],[-112.1266,25.26]]],[[[-112.1002,25.273],[-112.1031,25.275],[-112.1057,25.27],[-112.1067,25.256],[-112.104,25.2546],[-112.1044,25.258],[-112.1008,25.2561],[-112.1011,25.2599],[-112.0996,25.2617],[-112.1019,25.2617],[-112.1038,25.2643],[-112.1046,25.2669],[-112.1029,25.2682],[-112.1011,25.2654],[-112.096,25.2642],[-112.0949,25.2621],[-112.1014,25.2537],[-112.097,25.2567],[-112.0942,25.2614],[-112.0951,25.2643],[-112.1003,25.2661],[-112.1022,25.2696],[-112.1008,25.2718],[-112.0989,25.2669],[-112.095,25.2659],[-112.0932,25.2633],[-112.0908,25.2646],[-112.0943,25.2683],[-112.0981,25.2699],[-112.098,25.2709],[-112.0934,25.2715],[-112.0926,25.2739],[-112.0981,25.2718],[-112.0982,25.273],[-112.1002,25.273]]],[[[-112.0932,25.2762],[-112.0961,25.2786],[-112.0978,25.2776],[-112.0973,25.276],[-112.0895,25.2734],[-112.0897,25.2722],[-112.0915,25.2732],[-112.0914,25.2716],[-112.0876,25.2695],[-112.0886,25.2709],[-112.0863,25.2717],[-112.0858,25.2741],[-112.0932,25.2762]]],[[[-112.1057,25.2918],[-112.1096,25.2933],[-112.1106,25.2921],[-112.1061,25.2898],[-112.1042,25.2844],[-112.1002,25.2837],[-112.0989,25.2848],[-112.0982,25.2822],[-112.0964,25.2827],[-112.0965,25.2852],[-112.0988,25.2866],[-112.0994,25.2917],[-112.1057,25.2918]]],[[[-112.0975,25.2965],[-112.1012,25.2947],[-112.107,25.2959],[-112.1086,25.2943],[-112.1044,25.2924],[-112.099,25.2938],[-112.0975,25.2965]]],[[[-112.0919,25.3003],[-112.0933,25.301],[-112.0934,25.2988],[-112.0906,25.2951],[-112.0893,25.2988],[-112.0919,25.3003]]],[[[-110.7044,25.3059],[-110.731,25.2836],[-110.7234,25.2604],[-110.7044,25.3059]]],[[[-112.0898,25.3061],[-112.0908,25.3071],[-112.0955,25.306],[-112.0935,25.3024],[-112.0911,25.3021],[-112.0898,25.3061]]],[[[-112.0922,25.3099],[-112.0917,25.3111],[-112.0953,25.3124],[-112.0952,25.3104],[-112.0922,25.3099]]],[[[-112.0863,25.3114],[-112.0902,25.3151],[-112.0906,25.3138],[-112.0863,25.3114]]],[[[-112.1061,25.3113],[-112.1034,25.3159],[-112.1085,25.3113],[-112.1105,25.3112],[-112.1094,25.3099],[-112.1112,25.3094],[-112.1116,25.3105],[-112.1125,25.3077],[-112.1068,25.3062],[-112.1079,25.308],[-112.1061,25.3113]]],[[[-112.1114,25.3111],[-112.1087,25.3125],[-112.1054,25.3185],[-112.1108,25.3135],[-112.1114,25.3111]]],[[[-112.0878,25.3168],[-112.0862,25.3198],[-112.0905,25.3184],[-112.0878,25.3168]]],[[[-112.0978,25.3154],[-112.0986,25.3213],[-112.1052,25.3109],[-112.103,25.3066],[-112.106,25.3068],[-112.105,25.303],[-112.1073,25.3034],[-112.11,25.3067],[-112.112,25.3066],[-112.111,25.3049],[-112.1127,25.3039],[-112.1122,25.2975],[-112.1066,25.2997],[-112.0985,25.2987],[-112.0954,25.2998],[-112.0954,25.3014],[-112.1,25.3048],[-112.0996,25.3082],[-112.0964,25.3113],[-112.0963,25.3145],[-112.0978,25.3154]]],[[[-112.081,25.3246],[-112.0856,25.3226],[-112.0859,25.3209],[-112.0817,25.3226],[-112.081,25.3246]]],[[[-112.0891,25.3237],[-112.0923,25.3256],[-112.0919,25.3238],[-112.0901,25.3236],[-112.0905,25.3215],[-112.0883,25.3206],[-112.0891,25.3237]]],[[[-112.0938,25.318],[-112.0922,25.3197],[-112.0933,25.3219],[-112.0924,25.3267],[-112.0975,25.3288],[-112.0982,25.323],[-112.0938,25.318]]],[[[-112.0821,25.3334],[-112.0776,25.3352],[-112.0782,25.3366],[-112.0889,25.3418],[-112.0969,25.3344],[-112.0882,25.326],[-112.0842,25.329],[-112.0846,25.333],[-112.0821,25.3334]]],[[[-112.083,25.3429],[-112.0821,25.3441],[-112.0882,25.343],[-112.0836,25.3412],[-112.083,25.3429]]],[[[-112.0865,25.3458],[-112.0921,25.3459],[-112.0937,25.3434],[-112.0865,25.3458]]],[[[-112.0811,25.3468],[-112.0857,25.3461],[-112.0842,25.3449],[-112.0811,25.3468]]],[[[-112.0973,25.366],[-112.0975,25.369],[-112.1009,25.3632],[-112.0999,25.3603],[-112.0995,25.3619],[-112.0985,25.3604],[-112.1004,25.357],[-112.0989,25.3563],[-112.0995,25.3523],[-112.0983,25.3538],[-112.0967,25.3498],[-112.0959,25.3433],[-112.0979,25.3432],[-112.0971,25.3416],[-112.0948,25.3423],[-112.0948,25.3469],[-112.0923,25.3477],[-112.088,25.3528],[-112.0895,25.3573],[-112.0877,25.3616],[-112.0884,25.3651],[-112.0915,25.3678],[-112.0953,25.3654],[-112.0973,25.366]]],[[[-112.087,25.3701],[-112.0885,25.3714],[-112.0928,25.3698],[-112.0954,25.3703],[-112.0956,25.3677],[-112.0911,25.3686],[-112.0866,25.3638],[-112.0862,25.3671],[-112.0842,25.3674],[-112.083,25.3659],[-112.0824,25.3673],[-112.087,25.3701]]],[[[-112.1025,25.3758],[-112.1036,25.3797],[-112.107,25.3798],[-112.1077,25.3762],[-112.1035,25.3752],[-112.1016,25.3724],[-112.101,25.3745],[-112.1025,25.3758]]],[[[-112.0771,25.4362],[-112.0799,25.4378],[-112.0815,25.4353],[-112.0792,25.436],[-112.0788,25.4342],[-112.0827,25.4322],[-112.0808,25.4324],[-112.0808,25.4304],[-112.0787,25.4299],[-112.0773,25.4247],[-112.0756,25.4265],[-112.0774,25.4329],[-112.0751,25.4355],[-112.0771,25.4362]]],[[[-112.0926,25.4949],[-112.1371,25.2977],[-112.1202,25.2808],[-112.0926,25.4949]]],[[[-112.0741,25.5462],[-112.0846,25.5118],[-112.0671,25.5203],[-112.0741,25.5462]]],[[[-112.0737,25.5481],[-112.0709,25.5493],[-112.0702,25.5533],[-112.0714,25.5545],[-112.0754,25.5502],[-112.0753,25.5486],[-112.0737,25.5481]]],[[[-112.0723,25.5685],[-112.0713,25.5693],[-112.0749,25.5731],[-112.0758,25.5702],[-112.0723,25.5685]]],[[[-111.1318,25.5879],[-111.13,25.5844],[-111.1293,25.5866],[-111.1318,25.5879]]],[[[-111.1489,25.5874],[-111.1528,25.588],[-111.1529,25.5827],[-111.1444,25.5855],[-111.1489,25.5874]]],[[[-112.0686,25.5903],[-112.0704,25.593],[-112.0698,25.5892],[-112.0677,25.5889],[-112.0686,25.5903]]],[[[-112.082,25.5945],[-112.084,25.5951],[-112.0856,25.5837],[-112.084,25.5719],[-112.0854,25.5626],[-112.0784,25.561],[-112.0771,25.5639],[-112.0801,25.5699],[-112.08,25.5741],[-112.0756,25.5807],[-112.0802,25.5825],[-112.0788,25.5837],[-112.0807,25.5866],[-112.0811,25.5914],[-112.0792,25.5916],[-112.0765,25.584],[-112.0751,25.5836],[-112.073,25.5843],[-112.0731,25.5868],[-112.0761,25.5916],[-112.0727,25.5912],[-112.0721,25.5922],[-112.0723,25.5939],[-112.0763,25.5924],[-112.082,25.5945]]],[[[-112.0745,25.6168],[-112.0832,25.627],[-112.0774,25.5949],[-112.0745,25.6168]]],[[[-112.073,25.6293],[-112.0785,25.6348],[-112.0818,25.63],[-112.0744,25.6262],[-112.073,25.6293]]],[[[-112.08,25.6461],[-112.0826,25.6479],[-112.085,25.6444],[-112.0862,25.6389],[-112.085,25.6394],[-112.0843,25.6375],[-112.0866,25.6373],[-112.0873,25.6356],[-112.0867,25.6277],[-112.0821,25.6314],[-112.0811,25.6396],[-112.0741,25.6434],[-112.0753,25.6459],[-112.08,25.6461]]],[[[-112.0762,25.6482],[-112.0755,25.6511],[-112.0818,25.6526],[-112.0818,25.6491],[-112.0777,25.6469],[-112.0762,25.6482]]],[[[-112.0735,25.6528],[-112.0735,25.6544],[-112.0761,25.6563],[-112.0771,25.6522],[-112.0735,25.6528]]],[[[-112.079,25.6606],[-112.0819,25.6656],[-112.0871,25.662],[-112.0832,25.6538],[-112.0786,25.6535],[-112.077,25.6561],[-112.0766,25.6578],[-112.079,25.6606]]],[[[-112.0827,25.6719],[-112.089,25.672],[-112.0929,25.6687],[-112.0893,25.6591],[-112.0895,25.6422],[-112.0917,25.6369],[-112.0907,25.629],[-112.0883,25.6439],[-112.0837,25.6492],[-112.088,25.663],[-112.0865,25.6656],[-112.0839,25.6653],[-112.0811,25.6695],[-112.0827,25.6719]]],[[[-112.0772,25.6727],[-112.0788,25.6729],[-112.0782,25.666],[-112.0752,25.6695],[-112.0757,25.6721],[-112.0772,25.6727]]],[[[-112.0797,25.6729],[-112.0776,25.6757],[-112.0807,25.6797],[-112.0813,25.674],[-112.0797,25.6729]]],[[[-112.0916,25.6494],[-112.0942,25.6811],[-112.0983,25.5012],[-112.0916,25.6494]]],[[[-110.7737,25.7115],[-110.8054,25.6465],[-110.7869,25.6059],[-110.7595,25.5936],[-110.7737,25.7115]]],[[[-111.0358,25.7144],[-111.0596,25.7073],[-111.0298,25.6498],[-111.0133,25.6787],[-111.0358,25.7144]]],[[[-111.2547,25.8113],[-111.2579,25.8106],[-111.2603,25.8118],[-111.2612,25.8096],[-111.2606,25.8081],[-111.2602,25.8106],[-111.2567,25.8091],[-111.2561,25.8066],[-111.2576,25.8052],[-111.2556,25.8023],[-111.2571,25.801],[-111.2558,25.7942],[-111.2589,25.7945],[-111.2577,25.7892],[-111.259,25.7827],[-111.2573,25.7788],[-111.2491,25.7712],[-111.2453,25.7647],[-111.2427,25.7713],[-111.2436,25.7739],[-111.2467,25.7748],[-111.2487,25.7774],[-111.2472,25.784],[-111.2433,25.7889],[-111.2445,25.7899],[-111.2452,25.7885],[-111.2451,25.7898],[-111.246,25.7891],[-111.2475,25.7909],[-111.2484,25.7886],[-111.2479,25.7912],[-111.2501,25.7937],[-111.2474,25.7989],[-111.2505,25.7979],[-111.2541,25.8042],[-111.2547,25.8113]]],[[[-111.0604,26.0709],[-111.1022,26.0515],[-111.1286,26.067],[-111.1754,26.0417],[-111.168,25.9874],[-111.1979,25.955],[-111.2331,25.8483],[-111.2045,25.8064],[-111.1803,25.9045],[-111.1205,25.9939],[-111.1011,25.9977],[-111.0676,25.9658],[-111.0849,26.0157],[-111.0604,26.0709]]],[[[-111.3036,26.1053],[-111.3056,26.1063],[-111.3064,26.1048],[-111.3036,26.1053]]],[[[-111.266,26.1365],[-111.2971,26.0986],[-111.2636,26.1059],[-111.266,26.1365]]],[[[-112.7904,26.4217],[-112.7995,26.4215],[-112.8007,26.4186],[-112.7902,26.4152],[-112.7904,26.4217]]],[[[-112.8032,26.4242],[-112.8024,26.4249],[-112.8048,26.4265],[-112.8066,26.4242],[-112.8032,26.4242]]],[[[-112.9879,26.5589],[-112.9921,26.5568],[-112.9905,26.5549],[-112.9932,26.5542],[-112.991,26.5536],[-112.9895,26.55],[-112.9866,26.5492],[-112.9849,26.5522],[-112.9883,26.5556],[-112.9887,26.5582],[-112.9861,26.5572],[-112.9879,26.5589]]],[[[-113.0765,26.6243],[-113.0801,26.6279],[-113.0815,26.6273],[-113.0805,26.6249],[-113.0742,26.6213],[-113.0765,26.6243]]],[[[-113.0752,26.6317],[-113.0765,26.635],[-113.0769,26.6318],[-113.0757,26.6308],[-113.0752,26.6317]]],[[[-111.436,26.6416],[-111.4353,26.6379],[-111.4369,26.6368],[-111.4322,26.6321],[-111.433,26.6297],[-111.4307,26.6278],[-111.4304,26.6242],[-111.4256,26.6249],[-111.4256,26.6298],[-111.429,26.634],[-111.4289,26.6367],[-111.4329,26.6381],[-111.436,26.6416]]],[[[-113.0817,26.6438],[-113.0805,26.6451],[-113.0824,26.6485],[-113.0848,26.6457],[-113.085,26.6426],[-113.0817,26.6438]]],[[[-113.0924,26.6493],[-113.0947,26.6504],[-113.097,26.6493],[-113.0941,26.6477],[-113.0924,26.6493]]],[[[-113.0718,26.6507],[-113.0749,26.6501],[-113.0741,26.6407],[-113.0681,26.643],[-113.0656,26.648],[-113.0673,26.6504],[-113.0718,26.6507]]],[[[-113.0951,26.6527],[-113.0947,26.6551],[-113.0962,26.6563],[-113.0978,26.6551],[-113.0951,26.6527]]],[[[-113.1129,26.6575],[-113.1261,26.6383],[-113.0685,26.6094],[-113.1129,26.6575]]],[[[-113.0887,26.6635],[-113.0915,26.6594],[-113.0906,26.658],[-113.0859,26.6608],[-113.0887,26.6635]]],[[[-113.0914,26.6628],[-113.093,26.6646],[-113.0966,26.6636],[-113.1004,26.6604],[-113.1006,26.6582],[-113.0991,26.6577],[-113.098,26.6603],[-113.0942,26.659],[-113.0914,26.6628]]],[[[-111.8676,26.7195],[-111.8645,26.7222],[-111.8664,26.7227],[-111.8688,26.7208],[-111.8676,26.7195]]],[[[-111.8862,26.7228],[-111.8875,26.7255],[-111.8901,26.7256],[-111.89,26.7206],[-111.8836,26.7216],[-111.8846,26.7231],[-111.8862,26.7228]]],[[[-113.2301,26.7274],[-113.2678,26.7084],[-113.1353,26.661],[-113.1763,26.719],[-113.1969,26.7062],[-113.1964,26.7237],[-113.2301,26.7274]]],[[[-111.8762,26.7412],[-111.873,26.7416],[-111.8752,26.7435],[-111.8762,26.7412]]],[[[-111.8867,26.7547],[-111.8872,26.7574],[-111.8889,26.7547],[-111.8867,26.7547]]],[[[-113.2347,26.7719],[-113.2147,26.7381],[-113.1929,26.7383],[-113.2347,26.7719]]],[[[-113.1479,26.7947],[-113.1435,26.7966],[-113.1432,26.7992],[-113.1461,26.7981],[-113.1479,26.7947]]],[[[-113.4724,26.8158],[-113.477,26.8184],[-113.4808,26.8169],[-113.4796,26.8152],[-113.4751,26.8158],[-113.4678,26.8132],[-113.4683,26.8147],[-113.4724,26.8158]]],[[[-113.3978,26.8145],[-113.4011,26.8191],[-113.4015,26.817],[-113.3978,26.8145]]],[[[-113.459,26.8253],[-113.4617,26.8256],[-113.4634,26.823],[-113.467,26.8226],[-113.4691,26.82],[-113.4686,26.8158],[-113.4666,26.8166],[-113.4618,26.8145],[-113.456,26.8186],[-113.4553,26.8235],[-113.459,26.8253]]],[[[-113.4407,26.8253],[-113.4425,26.8264],[-113.4467,26.8249],[-113.4489,26.8236],[-113.4485,26.8212],[-113.4501,26.8227],[-113.4522,26.8213],[-113.453,26.8184],[-113.4474,26.815],[-113.4376,26.8153],[-113.4366,26.8181],[-113.4407,26.8253]]],[[[-113.1556,26.9091],[-113.1544,26.9155],[-113.1577,26.9167],[-113.1619,26.9125],[-113.1625,26.9037],[-113.1588,26.9033],[-113.152,26.898],[-113.1558,26.8915],[-113.1547,26.8907],[-113.15,26.893],[-113.1507,26.9],[-113.1491,26.9041],[-113.1523,26.9093],[-113.1556,26.9091]]],[[[-113.1619,26.9318],[-113.1649,26.9311],[-113.168,26.928],[-113.1654,26.9257],[-113.1628,26.9255],[-113.1626,26.9225],[-113.1599,26.9192],[-113.1596,26.9239],[-113.1619,26.9265],[-113.1602,26.9299],[-113.1619,26.9318]]],[[[-111.9109,27.0363],[-111.9088,27.0428],[-111.9155,27.0377],[-111.9153,27.034],[-111.9109,27.0363]]],[[[-114.2933,27.1106],[-114.2951,27.1091],[-114.2949,27.1018],[-114.2912,27.0986],[-114.2896,27.1014],[-114.2935,27.1075],[-114.2933,27.1106]]],[[[-114.3746,27.149],[-114.3756,27.1507],[-114.3763,27.1479],[-114.3848,27.146],[-114.3801,27.1446],[-114.3748,27.1473],[-114.3725,27.1452],[-114.3714,27.1476],[-114.3746,27.149]]],[[[-112.0779,27.2493],[-112.0914,27.2587],[-112.1087,27.2389],[-112.0849,27.1861],[-112.0591,27.18],[-112.0467,27.2238],[-112.0779,27.2493]]],[[[-114.07,27.6607],[-114.0748,27.6613],[-114.0807,27.6598],[-114.0787,27.6564],[-114.0775,27.6585],[-114.0738,27.6604],[-114.07,27.6595],[-114.07,27.6607]]],[[[-114.1694,27.7112],[-114.1727,27.7124],[-114.1728,27.711],[-114.1587,27.7026],[-114.1492,27.7007],[-114.1524,27.7042],[-114.1694,27.7112]]],[[[-114.1387,27.7151],[-114.1377,27.7178],[-114.1409,27.7184],[-114.1417,27.716],[-114.1387,27.7151]]],[[[-114.2262,27.7667],[-114.2482,27.7445],[-114.1855,27.7219],[-114.2262,27.7667]]],[[[-114.1709,27.767],[-114.1843,27.7503],[-114.146,27.7216],[-114.1709,27.767]]],[[[-114.2251,27.8357],[-114.2241,27.8376],[-114.221,27.8385],[-114.2207,27.8404],[-114.2253,27.8388],[-114.2303,27.8325],[-114.2334,27.8309],[-114.234,27.8251],[-114.2315,27.8245],[-114.2331,27.8274],[-114.231,27.8302],[-114.2279,27.8311],[-114.2265,27.8354],[-114.2249,27.8344],[-114.2251,27.8357]]],[[[-114.2319,27.8857],[-114.2334,27.8858],[-114.2382,27.892],[-114.2387,27.8906],[-114.2349,27.8857],[-114.2286,27.8842],[-114.2289,27.8863],[-114.2319,27.8857]]],[[[-115.2226,27.8937],[-115.2236,27.8932],[-115.2221,27.8923],[-115.2226,27.8937]]],[[[-114.1388,27.8921],[-114.1372,27.894],[-114.1398,27.8928],[-114.1388,27.8921]]],[[[-114.2252,27.8916],[-114.2234,27.8941],[-114.2254,27.894],[-114.2272,27.8909],[-114.2284,27.8919],[-114.2318,27.8898],[-114.2295,27.8874],[-114.2291,27.8893],[-114.2273,27.8889],[-114.2252,27.8916]]],[[[-115.1928,27.8853],[-115.2194,27.892],[-115.1673,27.8522],[-115.1614,27.8702],[-115.1928,27.8853]]],[[[-114.2316,27.8967],[-114.2338,27.8946],[-114.2282,27.8955],[-114.2316,27.8967]]],[[[-114.1764,27.9272],[-114.1802,27.9246],[-114.1753,27.9258],[-114.1764,27.9272]]],[[[-114.1741,27.9307],[-114.1832,27.9304],[-114.181,27.9273],[-114.1772,27.9294],[-114.1737,27.9282],[-114.1717,27.9307],[-114.1741,27.9307]]],[[[-114.1632,27.9488],[-114.169,27.951],[-114.1659,27.9476],[-114.169,27.9473],[-114.1717,27.9489],[-114.1719,27.9418],[-114.1694,27.9334],[-114.1713,27.9295],[-114.1698,27.9262],[-114.1747,27.9249],[-114.1682,27.9236],[-114.165,27.9204],[-114.1653,27.9266],[-114.1635,27.9271],[-114.1665,27.9266],[-114.1684,27.928],[-114.1667,27.9307],[-114.1672,27.9355],[-114.1647,27.939],[-114.1576,27.9397],[-114.1574,27.9362],[-114.1557,27.9387],[-114.156,27.9421],[-114.1579,27.9437],[-114.1607,27.9425],[-114.16,27.944],[-114.1624,27.9451],[-114.1632,27.9488]]],[[[-114.1019,27.9972],[-114.1016,27.9983],[-114.1085,27.997],[-114.109,27.995],[-114.1082,27.9942],[-114.106,27.9968],[-114.1034,27.9961],[-114.1019,27.9972]]],[[[-114.0785,28.0],[-114.0781,27.9988],[-114.076,27.9989],[-114.076,28.0],[-114.0785,28.0]]],[[[-114.0972,28.0],[-114.081,27.9728],[-114.111,27.9206],[-114.1239,27.9547],[-114.1399,27.9509],[-114.1293,27.9729],[-114.1493,28.0],[-114.2047,28.0],[-114.2668,27.9386],[-114.2714,27.8946],[-114.2174,27.9203],[-114.225,27.9318],[-114.2059,27.9185],[-114.1486,27.9553],[-114.1624,27.9176],[-114.1343,27.9006],[-114.1228,27.92],[-114.1151,27.9032],[-114.1886,27.9207],[-114.1262,27.8806],[-114.1786,27.8229],[-114.161,27.8315],[-114.177,27.7995],[-114.1435,27.7234],[-114.1168,27.7062],[-114.0742,27.732],[-114.0486,27.7172],[-114.0554,27.7322],[-114.0379,27.7317],[-114.0687,27.8066],[-114.0293,27.7414],[-113.9825,27.7592],[-113.9198,27.7135],[-113.9799,27.6571],[-114.0174,27.6705],[-114.0308,27.6587],[-114.0179,27.6726],[-114.0549,27.6785],[-114.0471,27.6917],[-114.0848,27.681],[-114.0314,27.67],[-114.1007,27.6001],[-114.114,27.6075],[-114.1023,27.6242],[-114.123,27.6164],[-114.1165,27.6348],[-114.1375,27.6359],[-114.1606,27.6724],[-114.2349,27.6975],[-114.3,27.7502],[-114.3181,27.784],[-114.2989,27.831],[-114.311,27.8425],[-114.2951,27.8369],[-114.3061,27.8725],[-114.3895,27.8252],[-114.3286,27.8499],[-114.3478,27.8399],[-114.3363,27.8193],[-114.356,27.8273],[-114.3376,27.8083],[-114.4016,27.8193],[-114.4993,27.772],[-114.5333,27.7861],[-114.6339,27.7761],[-114.7371,27.8085],[-114.8396,27.8101],[-114.8658,27.8302],[-115.0063,27.8284],[-115.0543,27.8614],[-115.082,27.8479],[-115.0065,27.718],[-114.9909,27.7323],[-114.9527,27.7161],[-114.9304,27.676],[-114.9006,27.6644],[-114.8752,27.7066],[-114.8458,27.6712],[-114.852,27.64],[-114.8734,27.6432],[-114.8476,27.6178],[-114.8212,27.6299],[-114.7848,27.6075],[-114.7373,27.5242],[-114.6015,27.4788],[-114.513,27.4168],[-114.4886,27.3504],[-114.488,27.2287],[-114.4349,27.2098],[-114.434,27.1764],[-114.3856,27.1809],[-114.2967,27.1236],[-114.2918,27.1432],[-114.252,27.1519],[-114.1471,27.1241],[-114.0902,27.0861],[-114.0028,26.9714],[-113.947,26.9994],[-113.8528,26.9704],[-113.7818,26.9122],[-113.7337,26.7995],[-113.6692,26.7839],[-113.6364,26.7391],[-113.5904,26.715],[-113.7004,26.7902],[-113.6098,26.7146],[-113.5767,26.7052],[-113.5475,26.7202],[-113.5105,26.7901],[-113.4659,26.8047],[-113.4852,26.8188],[-113.4551,26.8309],[-113.391,26.8143],[-113.4212,26.8255],[-113.4326,26.8164],[-113.4134,26.8126],[-113.4559,26.8056],[-113.3627,26.7961],[-113.2684,26.7508],[-113.2719,26.8257],[-113.2031,26.8511],[-113.2008,26.9272],[-113.1647,26.9924],[-113.1375,26.9348],[-113.1382,26.8578],[-113.2088,26.7966],[-113.1944,26.7921],[-113.2426,26.7842],[-113.1858,26.7558],[-113.1669,26.8063],[-113.1523,26.7897],[-113.1319,26.7951],[-113.1503,26.8033],[-113.1401,26.8133],[-113.1236,26.8101],[-113.1211,26.7936],[-113.1491,26.7928],[-113.1387,26.7567],[-113.152,26.7502],[-113.053,26.64],[-113.0755,26.6297],[-113.0618,26.5992],[-112.9855,26.5419],[-113.0188,26.5693],[-112.9864,26.5601],[-112.9751,26.5333],[-112.9514,26.5392],[-112.9702,26.5493],[-112.8644,26.5029],[-112.8197,26.4672],[-112.8337,26.4611],[-112.8245,26.4472],[-112.9032,26.5212],[-112.9626,26.5284],[-112.7967,26.4122],[-112.8179,26.437],[-112.7752,26.427],[-112.7872,26.4165],[-112.7615,26.3961],[-112.7899,26.4075],[-112.6799,26.3153],[-112.6431,26.3239],[-112.5799,26.2828],[-112.5541,26.2938],[-112.5767,26.2787],[-112.4975,26.2315],[-112.4606,26.2624],[-112.3971,26.2362],[-112.3396,26.17],[-112.2953,26.058],[-112.2779,26.0659],[-112.2677,26.1137],[-112.2719,26.0999],[-112.2272,26.0848],[-112.2701,26.1011],[-112.2793,26.0609],[-112.1952,25.9937],[-112.1697,25.9249],[-112.1473,25.9267],[-112.1688,25.9219],[-112.1289,25.8149],[-112.0936,25.8112],[-112.12,25.8044],[-112.0944,25.6846],[-112.0974,25.7344],[-112.093,25.6986],[-112.0753,25.7274],[-112.0722,25.6886],[-112.0942,25.692],[-112.0724,25.6764],[-112.0613,25.6069],[-112.0663,25.5643],[-112.0849,25.5582],[-112.0648,25.5572],[-112.0633,25.5218],[-112.0799,25.514],[-112.064,25.4922],[-112.0815,25.5092],[-112.0898,25.4736],[-112.0262,25.4753],[-112.0007,25.5003],[-112.0259,25.4725],[-112.0881,25.4629],[-112.0675,25.4316],[-112.0751,25.4151],[-112.086,25.4337],[-112.0784,25.407],[-112.094,25.4004],[-112.0941,25.3724],[-112.0732,25.3675],[-112.0857,25.3523],[-112.0703,25.3526],[-112.0867,25.2568],[-112.0622,25.2553],[-112.0841,25.2537],[-112.0818,25.2333],[-112.1147,25.241],[-112.0938,25.2217],[-112.1143,25.232],[-112.1242,25.19],[-112.0716,25.1947],[-112.1286,25.1854],[-112.1495,25.1374],[-112.1373,25.1085],[-112.1569,25.0962],[-112.1549,25.0662],[-112.1201,25.0726],[-112.1223,25.0387],[-112.1526,24.9832],[-112.1454,24.9657],[-112.1837,24.9607],[-112.1835,24.9463],[-112.1606,24.9514],[-112.1831,24.9438],[-112.158,24.9262],[-112.1734,24.8673],[-112.1572,24.8686],[-112.1887,24.8529],[-112.1767,24.8176],[-112.1488,24.8612],[-112.1601,24.8329],[-112.1431,24.8039],[-112.1438,24.9046],[-112.1302,24.9185],[-112.1305,24.8911],[-112.1153,24.9201],[-112.136,24.9258],[-112.1394,24.9484],[-112.1032,25.0085],[-112.0895,24.9657],[-112.1104,24.9416],[-112.0786,24.9506],[-112.0987,24.9413],[-112.0766,24.933],[-112.1114,24.9363],[-112.0952,24.9205],[-112.1051,24.9003],[-112.0794,24.9074],[-112.1238,24.8741],[-112.0912,24.833],[-112.0942,24.8023],[-112.1174,24.8052],[-112.1204,24.7835],[-112.0901,24.7779],[-112.108,24.799],[-112.0941,24.7965],[-112.0644,24.7621],[-112.0794,24.7231],[-112.0421,24.7546],[-112.0566,24.8298],[-112.0371,24.8447],[-112.024,24.8152],[-112.0543,24.8293],[-112.028,24.8014],[-112.0453,24.7883],[-112.0196,24.745],[-112.0314,24.7382],[-111.9654,24.7373],[-111.9546,24.7529],[-111.9739,24.7566],[-111.9796,24.8114],[-111.8411,24.6387],[-111.8147,24.507],[-111.7576,24.5135],[-111.807,24.5452],[-111.8166,24.5984],[-111.7941,24.5457],[-111.7563,24.541],[-111.7325,24.5601],[-111.7323,24.5412],[-111.6995,24.5378],[-111.6922,24.5846],[-111.6576,24.5699],[-111.6367,24.5486],[-111.6526,24.5528],[-111.6108,24.4405],[-111.5818,24.4331],[-111.5837,24.4148],[-111.5595,24.4067],[-111.5616,24.462],[-111.5358,24.4751],[-111.56,24.4632],[-111.5572,24.4047],[-111.5277,24.4109],[-111.4773,24.3488],[-111.3499,24.2859],[-111.4474,24.3274],[-111.0273,24.0978],[-110.6143,23.7098],[-110.3265,23.5582],[-110.1682,23.3171],[-110.0855,22.9916],[-109.9907,22.885],[-109.8944,22.8759],[-109.9114,22.8857],[-109.8428,22.9032],[-109.7924,22.9662],[-109.7152,23.0047],[-109.7034,23.0389],[-109.531,23.1141],[-109.4373,23.2396],[-109.4323,23.3771],[-109.4135,23.385],[-109.432,23.4137],[-109.425,23.4503],[-109.4794,23.5192],[-109.4684,23.5546],[-109.6971,23.6626],[-109.7133,23.7381],[-109.6994,23.799],[-109.8381,23.9337],[-109.8357,23.9851],[-109.8045,24.0209],[-109.827,24.0607],[-109.9297,24.0287],[-109.9843,24.0437],[-110.0082,24.1594],[-110.1752,24.253],[-110.1931,24.2929],[-110.2356,24.3173],[-110.2342,24.3441],[-110.2976,24.3524],[-110.3328,24.329],[-110.3151,24.3155],[-110.3397,24.3162],[-110.3364,24.2587],[-110.332,24.2775],[-110.3113,24.2616],[-110.327,24.2444],[-110.3026,24.238],[-110.2996,24.2006],[-110.3611,24.1091],[-110.4173,24.1093],[-110.4378,24.1771],[-110.375,24.1486],[-110.3271,24.1769],[-110.5064,24.1948],[-110.5602,24.2113],[-110.6123,24.2565],[-110.6813,24.3569],[-110.687,24.4629],[-110.7382,24.5527],[-110.729,24.6687],[-110.6903,24.7073],[-110.6574,24.8071],[-110.6855,24.8844],[-110.7498,24.966],[-110.7572,25.0138],[-110.8155,25.0344],[-110.9076,25.1458],[-110.9066,25.1835],[-110.9462,25.2566],[-110.9331,25.2916],[-110.9796,25.3414],[-111.0251,25.4446],[-111.0168,25.5149],[-111.1215,25.5282],[-111.1936,25.6138],[-111.2239,25.7251],[-111.2429,25.7212],[-111.3066,25.774],[-111.3173,25.8296],[-111.2921,25.8127],[-111.3336,25.8366],[-111.3588,25.9592],[-111.3385,25.9873],[-111.3458,26.0272],[-111.3188,26.0708],[-111.3241,26.1],[-111.3545,26.1296],[-111.3977,26.2551],[-111.3869,26.322],[-111.4699,26.4145],[-111.4717,26.4621],[-111.4427,26.518],[-111.4607,26.5374],[-111.5033,26.5304],[-111.5656,26.5584],[-111.562,26.6973],[-111.6481,26.7454],[-111.667,26.7803],[-111.7218,26.8068],[-111.8171,26.8968],[-111.853,26.8744],[-111.8252,26.8233],[-111.8159,26.7178],[-111.6774,26.5888],[-111.7337,26.5399],[-111.7818,26.5677],[-111.8068,26.6264],[-111.8466,26.6443],[-111.8636,26.694],[-111.9096,26.7201],[-111.8621,26.7841],[-111.8738,26.8324],[-111.9547,26.9],[-111.9827,26.8889],[-111.9523,26.9013],[-111.9566,26.9149],[-112.0146,26.9735],[-112.0219,27.0347],[-112.0097,27.0262],[-111.9764,27.0663],[-111.9463,27.0696],[-111.9535,27.0964],[-112.1043,27.136],[-112.2133,27.2046],[-112.1991,27.2516],[-112.2379,27.3209],[-112.3032,27.3851],[-112.3246,27.4983],[-112.3605,27.5533],[-112.4869,27.6209],[-112.5954,27.6505],[-112.7016,27.7518],[-112.7199,27.8251],[-112.7714,27.862],[-112.7649,28.0],[-114.0628,28.0],[-114.0742,27.9729],[-114.0759,27.9963],[-114.0972,28.0]]]]},"properties":{"iso3":"MEX","shapeId":"31927357B33389180120223","regionId":"MEX.2_1","name":"Baja California Sur"}},{"type":"Feature","geometry":{"type":"MultiPolygon","coordinates":[[[[-91.5501,18.2873],[-91.5489,18.2887],[-91.5522,18.2904],[-91.5527,18.2872],[-91.5501,18.2873]]],[[[-91.5171,18.32],[-91.5177,18.3211],[-91.5267,18.3197],[-91.5202,18.3154],[-91.5185,18.3168],[-91.5203,18.3176],[-91.5171,18.32]]],[[[-91.5203,18.3218],[-91.52,18.3247],[-91.5217,18.3248],[-91.5264,18.3206],[-91.5203,18.3218]]],[[[-91.7932,18.4183],[-91.7965,18.4182],[-91.7946,18.4135],[-91.7954,18.4176],[-91.7932,18.4183]]],[[[-91.4877,18.4195],[-91.4863,18.4371],[-91.5085,18.4125],[-91.4877,18.4195]]],[[[-91.466,18.4459],[-91.4656,18.4516],[-91.4668,18.4534],[-91.4673,18.4457],[-91.466,18.4459]]],[[[-91.4753,18.4506],[-91.4757,18.4538],[-91.478,18.4556],[-91.4783,18.4522],[-91.4753,18.4506]]],[[[-91.4987,18.4581],[-91.4975,18.4602],[-91.5007,18.4594],[-91.4987,18.4581]]],[[[-91.4865,18.4715],[-91.4855,18.4729],[-91.4871,18.4722],[-91.4865,18.4715]]],[[[-91.7827,18.4765],[-91.7854,18.4759],[-91.7832,18.4732],[-91.7836,18.471],[-91.782,18.4749],[-91.7827,18.4765]]],[[[-91.7965,18.4876],[-91.7997,18.4876],[-91.7992,18.4789],[-91.7979,18.478],[-91.7965,18.4876]]],[[[-91.7755,18.488],[-91.7934,18.4912],[-91.7902,18.4685],[-91.7755,18.488]]],[[[-91.7908,18.4936],[-91.7897,18.4955],[-91.7921,18.4938],[-91.7908,18.4936]]],[[[-91.9755,18.5131],[-91.9751,18.5156],[-91.9795,18.5144],[-91.9789,18.5121],[-91.9755,18.5131]]],[[[-91.7816,18.5263],[-91.7831,18.5252],[-91.7824,18.5243],[-91.7816,18.5263]]],[[[-91.8531,18.5274],[-91.8525,18.5292],[-91.8541,18.5273],[-91.8531,18.5274]]],[[[-91.7922,18.5305],[-91.7942,18.5297],[-91.7918,18.5288],[-91.7922,18.5305]]],[[[-91.9688,18.5297],[-91.9768,18.531],[-91.9845,18.5343],[-91.9868,18.5326],[-91.9797,18.5269],[-91.9738,18.5245],[-91.9694,18.5236],[-91.9646,18.527],[-91.9603,18.5271],[-91.9688,18.5297]]],[[[-92.0239,18.5307],[-92.0213,18.5338],[-92.0237,18.5358],[-92.026,18.533],[-92.0239,18.5307]]],[[[-91.2536,18.5379],[-91.2534,18.5395],[-91.2561,18.5422],[-91.2536,18.5379]]],[[[-91.8637,18.547],[-91.8641,18.5494],[-91.8653,18.5479],[-91.8637,18.547]]],[[[-91.2526,18.5554],[-91.2532,18.5582],[-91.2549,18.5582],[-91.2546,18.5557],[-91.2526,18.5554]]],[[[-91.2515,18.558],[-91.2506,18.5603],[-91.2523,18.5596],[-91.2515,18.558]]],[[[-91.9492,18.5654],[-91.965,18.5802],[-91.9477,18.5297],[-91.8995,18.5448],[-91.8981,18.5633],[-91.9184,18.5478],[-91.9492,18.5654]]],[[[-92.0546,18.5808],[-92.0547,18.5822],[-92.0592,18.584],[-92.0604,18.5807],[-92.0672,18.5811],[-92.0693,18.5792],[-92.0705,18.5745],[-92.0741,18.5719],[-92.0757,18.5731],[-92.0768,18.5717],[-92.0763,18.5682],[-92.0729,18.5664],[-92.0626,18.5714],[-92.0579,18.5706],[-92.0545,18.5724],[-92.0543,18.5749],[-92.0485,18.5773],[-92.0469,18.5761],[-92.0454,18.578],[-92.0475,18.5819],[-92.0496,18.58],[-92.0544,18.5796],[-92.0546,18.5808]]],[[[-91.9577,18.5836],[-91.957,18.5858],[-91.96,18.5854],[-91.9595,18.5833],[-91.9577,18.5836]]],[[[-91.954,18.5872],[-91.9538,18.5884],[-91.9559,18.5894],[-91.9585,18.5875],[-91.954,18.5872]]],[[[-92.0574,18.5847],[-92.0554,18.5853],[-92.0547,18.588],[-92.0572,18.5948],[-92.0653,18.5902],[-92.0673,18.5824],[-92.061,18.5817],[-92.06,18.5845],[-92.0574,18.5847]]],[[[-91.9575,18.5951],[-91.9593,18.595],[-91.9588,18.5928],[-91.9571,18.5934],[-91.9534,18.5917],[-91.9543,18.5951],[-91.9575,18.5951]]],[[[-91.2946,18.618],[-91.2926,18.6212],[-91.2946,18.6211],[-91.2956,18.6177],[-91.2946,18.618]]],[[[-91.2881,18.6229],[-91.29,18.6248],[-91.2922,18.6213],[-91.2881,18.6229]]],[[[-91.7134,18.6546],[-91.7121,18.6578],[-91.7147,18.6546],[-91.7134,18.6546]]],[[[-91.6855,18.6772],[-91.7204,18.6431],[-91.6606,18.6519],[-91.6855,18.6772]]],[[[-91.6549,18.6904],[-91.678,18.6706],[-91.6396,18.6834],[-91.6549,18.6904]]],[[[-91.5969,18.7177],[-91.6026,18.7207],[-91.607,18.72],[-91.6138,18.7151],[-91.6115,18.7108],[-91.6134,18.7114],[-91.6169,18.7089],[-91.616,18.7058],[-91.6231,18.7026],[-91.6255,18.699],[-91.633,18.7012],[-91.6258,18.7011],[-91.6233,18.7033],[-91.6238,18.7056],[-91.6302,18.7045],[-91.6363,18.706],[-91.6375,18.7081],[-91.6418,18.7083],[-91.6454,18.6993],[-91.6514,18.7002],[-91.6541,18.6985],[-91.6636,18.6971],[-91.6691,18.6925],[-91.6772,18.6899],[-91.6797,18.6869],[-91.6801,18.6787],[-91.6818,18.6757],[-91.6803,18.6744],[-91.6774,18.675],[-91.6728,18.6812],[-91.6663,18.6823],[-91.6639,18.6855],[-91.6658,18.6895],[-91.661,18.6911],[-91.6592,18.6933],[-91.6513,18.694],[-91.6396,18.6903],[-91.6406,18.6871],[-91.639,18.6851],[-91.6374,18.6854],[-91.6314,18.6917],[-91.6241,18.6956],[-91.6046,18.7122],[-91.5951,18.7163],[-91.5946,18.7184],[-91.5969,18.7177]]],[[[-91.4532,18.7283],[-91.4544,18.7307],[-91.4631,18.7354],[-91.4634,18.7326],[-91.4532,18.7283]]],[[[-91.504,18.736],[-91.5033,18.7385],[-91.5074,18.7344],[-91.504,18.736]]],[[[-91.4895,18.7501],[-91.4937,18.7531],[-91.4944,18.7488],[-91.4904,18.7484],[-91.4892,18.7455],[-91.4895,18.7501]]],[[[-91.5021,18.7546],[-91.5077,18.754],[-91.5083,18.7497],[-91.5052,18.7511],[-91.5044,18.7486],[-91.5131,18.7365],[-91.5099,18.7378],[-91.506,18.7451],[-91.5044,18.7449],[-91.5044,18.7436],[-91.5007,18.7484],[-91.5021,18.7546]]],[[[-91.4859,18.7482],[-91.4854,18.7573],[-91.4902,18.7575],[-91.4916,18.7552],[-91.4883,18.753],[-91.4859,18.7482]]],[[[-91.437,18.7532],[-91.438,18.7558],[-91.4499,18.7618],[-91.4556,18.7628],[-91.4491,18.7538],[-91.437,18.7532]]],[[[-91.4253,18.7565],[-91.4268,18.7606],[-91.4287,18.7614],[-91.4474,18.7634],[-91.4348,18.7551],[-91.4253,18.7565]]],[[[-91.5262,18.7614],[-91.5387,18.7612],[-91.5272,18.7387],[-91.5612,18.7192],[-91.5125,18.7404],[-91.5262,18.7614]]],[[[-91.4576,18.765],[-91.4578,18.7641],[-91.4484,18.7639],[-91.4576,18.765]]],[[[-91.451,18.7493],[-91.45,18.75],[-91.4562,18.7599],[-91.4642,18.7658],[-91.4604,18.7514],[-91.451,18.7493]]],[[[-91.4651,18.7516],[-91.4663,18.7579],[-91.4729,18.7658],[-91.4737,18.7638],[-91.4703,18.7533],[-91.4681,18.7514],[-91.4651,18.7516]]],[[[-91.4222,18.7618],[-91.4291,18.7665],[-91.4316,18.7652],[-91.4222,18.7618]]],[[[-91.4656,18.7648],[-91.4688,18.7686],[-91.4714,18.7686],[-91.466,18.7637],[-91.4656,18.7648]]],[[[-91.4312,18.774],[-91.4294,18.7747],[-91.4328,18.7752],[-91.4337,18.7735],[-91.4312,18.774]]],[[[-91.4179,18.7743],[-91.4166,18.776],[-91.4242,18.7736],[-91.4193,18.7732],[-91.4179,18.7743]]],[[[-91.4604,18.7758],[-91.4653,18.7782],[-91.4624,18.7756],[-91.4604,18.7758]]],[[[-91.4605,18.7716],[-91.4753,18.7762],[-91.4159,18.7663],[-91.4605,18.7716]]],[[[-91.4239,18.776],[-91.4169,18.7791],[-91.4188,18.7799],[-91.4285,18.7747],[-91.4239,18.776]]],[[[-91.5303,18.7803],[-91.7181,18.6888],[-91.8509,18.6494],[-91.8257,18.6282],[-91.7551,18.6561],[-91.7677,18.638],[-91.7011,18.6668],[-91.688,18.6878],[-91.7105,18.6902],[-91.6947,18.7008],[-91.6816,18.6784],[-91.6152,18.7126],[-91.6254,18.7311],[-91.584,18.7487],[-91.5756,18.7308],[-91.5584,18.7573],[-91.5652,18.7369],[-91.5494,18.755],[-91.559,18.7381],[-91.5419,18.7425],[-91.5482,18.7674],[-91.5118,18.749],[-91.5303,18.7803]]],[[[-91.4241,18.7801],[-91.4232,18.7814],[-91.4256,18.7809],[-91.4241,18.7801]]],[[[-91.4209,18.7862],[-91.413,18.7876],[-91.4122,18.7935],[-91.4175,18.7945],[-91.4184,18.793],[-91.4341,18.7886],[-91.4388,18.7843],[-91.4537,18.7778],[-91.4481,18.776],[-91.4466,18.7788],[-91.4459,18.7757],[-91.4376,18.7737],[-91.4332,18.7767],[-91.4276,18.7773],[-91.4254,18.7791],[-91.4269,18.7803],[-91.4302,18.7791],[-91.439,18.7806],[-91.4421,18.7798],[-91.4428,18.7813],[-91.4384,18.783],[-91.4311,18.7806],[-91.4209,18.7862]]],[[[-91.4391,18.7886],[-91.4345,18.7939],[-91.4492,18.7944],[-91.4576,18.7905],[-91.4658,18.7824],[-91.4592,18.7835],[-91.4503,18.7822],[-91.4391,18.7886]]],[[[-91.4392,18.8294],[-91.4606,18.7929],[-91.4191,18.801],[-91.4392,18.8294]]],[[[-91.4231,18.8359],[-91.4194,18.8037],[-91.3943,18.8267],[-91.4231,18.8359]]],[[[-91.4153,18.8556],[-91.4184,18.8549],[-91.4213,18.8514],[-91.4156,18.8538],[-91.4153,18.8556]]],[[[-91.3841,18.86],[-91.4108,18.8644],[-91.4248,18.8397],[-91.3966,18.8292],[-91.417,18.8436],[-91.3841,18.86]]],[[[-91.3791,18.8706],[-91.3896,18.8684],[-91.3957,18.8698],[-91.4006,18.8636],[-91.4054,18.8612],[-91.4054,18.8587],[-91.4037,18.8574],[-91.4027,18.8578],[-91.3995,18.8632],[-91.3917,18.8606],[-91.3863,18.8654],[-91.3812,18.8661],[-91.3791,18.8706]]],[[[-91.3742,18.867],[-91.3714,18.8712],[-91.3789,18.8668],[-91.3788,18.8625],[-91.3765,18.8661],[-91.3754,18.8653],[-91.3742,18.867]]],[[[-91.3874,18.8716],[-91.3939,18.8744],[-91.3928,18.8709],[-91.386,18.8702],[-91.3824,18.8718],[-91.3874,18.8716]]],[[[-91.3683,18.8859],[-91.3699,18.887],[-91.3723,18.8841],[-91.3737,18.8857],[-91.3764,18.8854],[-91.3787,18.8764],[-91.3788,18.8738],[-91.3768,18.872],[-91.3751,18.8765],[-91.369,18.8795],[-91.368,18.879],[-91.3702,18.8773],[-91.3674,18.8787],[-91.3666,18.8828],[-91.3683,18.8859]]],[[[-91.3469,18.894],[-91.341,18.8984],[-91.3255,18.9055],[-91.3241,18.9087],[-91.3346,18.9054],[-91.3447,18.8979],[-91.3469,18.894]]],[[[-90.4806,20.2067],[-90.4815,20.2097],[-90.4842,20.2117],[-90.4869,20.2118],[-90.4874,20.2083],[-90.4853,20.2042],[-90.4805,20.2044],[-90.4795,20.2053],[-90.4806,20.2067]]],[[[-90.4971,20.3425],[-90.4968,20.3442],[-90.4988,20.3441],[-90.4971,20.3425]]],[[[-90.4613,20.6385],[-90.4611,20.649],[-90.4627,20.6499],[-90.4638,20.6494],[-90.4613,20.6385]]],[[[-90.4701,20.6239],[-90.4699,20.6526],[-90.4717,20.5994],[-90.4701,20.6239]]],[[[-90.4622,20.6514],[-90.4616,20.6555],[-90.466,20.6584],[-90.4694,20.6584],[-90.4704,20.6561],[-90.4681,20.6532],[-90.4642,20.6503],[-90.4622,20.6514]]],[[[-90.4531,20.6779],[-90.4585,20.6916],[-90.4546,20.6561],[-90.4531,20.6779]]],[[[-90.4043,20.8467],[-90.4146,20.7758],[-90.3894,20.8277],[-90.3879,20.8471],[-90.4043,20.8467]]],[[[-89.2966,19.5512],[-89.4772,19.7111],[-89.4917,19.7422],[-89.4759,19.7712],[-89.5257,19.7756],[-89.5875,19.8744],[-89.5987,19.9982],[-89.7485,20.1793],[-89.794,20.1362],[-89.8025,20.2016],[-89.8462,20.2097],[-89.8407,20.251],[-89.8757,20.2531],[-89.8724,20.2876],[-89.838,20.2872],[-90.0042,20.487],[-90.0672,20.4252],[-90.1863,20.4369],[-90.1848,20.461],[-90.2342,20.4705],[-90.2292,20.5436],[-90.3352,20.5413],[-90.3352,20.5763],[-90.3411,20.5537],[-90.3866,20.5556],[-90.3814,20.848],[-90.4113,20.759],[-90.4536,20.7041],[-90.4527,20.6861],[-90.4421,20.7121],[-90.4481,20.6339],[-90.5024,20.496],[-90.5023,20.4721],[-90.4755,20.4728],[-90.5026,20.4643],[-90.4872,20.4516],[-90.4926,20.4059],[-90.4795,20.4125],[-90.4967,20.3411],[-90.4774,20.1853],[-90.4949,20.1614],[-90.4788,20.1135],[-90.491,20.0609],[-90.4473,19.9595],[-90.5078,19.867],[-90.6615,19.7585],[-90.7067,19.6758],[-90.6853,19.6263],[-90.7115,19.5627],[-90.7032,19.4838],[-90.7252,19.4012],[-90.7225,19.3586],[-90.705,19.3633],[-90.9098,19.176],[-91.128,19.0259],[-91.3881,18.8955],[-91.4979,18.7904],[-91.4721,18.7828],[-91.3862,18.8912],[-91.3802,18.8732],[-91.3411,18.9182],[-91.3191,18.9096],[-91.2805,18.9419],[-91.2225,18.9544],[-91.0997,19.0324],[-91.3625,18.8776],[-91.3446,18.8607],[-91.3132,18.8766],[-91.366,18.8634],[-91.3605,18.8459],[-91.3919,18.8054],[-91.3744,18.8121],[-91.3638,18.7822],[-91.3271,18.767],[-91.2913,18.7964],[-91.2424,18.7498],[-91.2216,18.7511],[-91.2876,18.6247],[-91.2709,18.6408],[-91.2269,18.6368],[-91.2237,18.6071],[-91.1838,18.6159],[-91.1632,18.5904],[-91.1844,18.6104],[-91.1975,18.5955],[-91.2268,18.6021],[-91.2376,18.6212],[-91.2628,18.5812],[-91.2484,18.5601],[-91.2674,18.5324],[-91.2603,18.4949],[-91.2848,18.4906],[-91.3005,18.4596],[-91.3071,18.473],[-91.2615,18.4974],[-91.2699,18.531],[-91.2509,18.5618],[-91.2653,18.5827],[-91.2495,18.617],[-91.2959,18.6165],[-91.3132,18.5559],[-91.505,18.4861],[-91.5224,18.449],[-91.4733,18.4955],[-91.4563,18.4371],[-91.465,18.422],[-91.4779,18.4451],[-91.5203,18.3481],[-91.509,18.3212],[-91.4917,18.3248],[-91.5248,18.3062],[-91.5541,18.3139],[-91.5427,18.2374],[-91.5153,18.2369],[-91.5313,18.2287],[-91.5171,18.2034],[-91.5617,18.3124],[-91.5319,18.3321],[-91.5104,18.3238],[-91.5252,18.3481],[-91.4971,18.383],[-91.5101,18.3849],[-91.4949,18.4067],[-91.5051,18.424],[-91.4784,18.4481],[-91.4924,18.4657],[-91.581,18.442],[-91.7783,18.4851],[-91.784,18.4687],[-91.7441,18.4389],[-91.7947,18.4478],[-91.7235,18.3494],[-91.6897,18.3372],[-91.7172,18.3415],[-91.7504,18.3798],[-91.7881,18.3751],[-91.8127,18.4014],[-91.7968,18.4175],[-91.8315,18.4212],[-91.8105,18.3678],[-91.8324,18.3114],[-91.8046,18.2761],[-91.8284,18.303],[-91.8315,18.2692],[-91.827,18.3225],[-91.8572,18.3601],[-91.8542,18.3777],[-91.8282,18.3768],[-91.8331,18.4211],[-91.7925,18.4192],[-91.8382,18.4185],[-91.8051,18.449],[-91.8001,18.4793],[-91.8193,18.4565],[-91.7932,18.494],[-91.8506,18.505],[-91.8589,18.5276],[-91.8982,18.5438],[-91.9461,18.53],[-91.979,18.5111],[-91.976,18.4683],[-91.9801,18.5141],[-92.0105,18.537],[-92.0663,18.5084],[-92.0134,18.5607],[-92.0342,18.5844],[-92.0724,18.5452],[-92.095,18.5728],[-92.0713,18.5747],[-92.0763,18.5892],[-92.1354,18.5793],[-92.167,18.546],[-92.2231,18.559],[-92.2594,18.5455],[-92.2994,18.4957],[-92.3144,18.531],[-92.2296,18.5521],[-92.2157,18.601],[-92.195,18.609],[-92.1389,18.5876],[-92.1191,18.6166],[-92.0628,18.6208],[-92.0555,18.598],[-92.0335,18.6124],[-92.0542,18.5834],[-92.029,18.5872],[-92.0107,18.5541],[-91.9734,18.5754],[-92.0046,18.5782],[-92.0016,18.5989],[-91.9719,18.5827],[-91.9351,18.6163],[-91.9311,18.5726],[-91.9029,18.5674],[-91.8856,18.5872],[-91.882,18.5627],[-91.8555,18.6114],[-91.9106,18.6373],[-91.9569,18.6974],[-92.4017,18.6636],[-92.4667,18.6514],[-92.4644,18.6172],[-92.4248,18.5546],[-92.4119,18.4862],[-92.3542,18.4429],[-92.3225,18.4731],[-92.3103,18.4556],[-92.1761,18.4582],[-92.1832,18.2741],[-92.1489,18.2104],[-92.1644,18.1979],[-92.1609,18.1554],[-92.1225,18.1028],[-92.0794,18.0879],[-92.1364,18.1805],[-92.1109,18.2569],[-92.0484,18.227],[-91.9945,18.2705],[-92.0486,18.2259],[-92.1107,18.2552],[-92.1353,18.1803],[-92.1077,18.1154],[-92.0848,18.0965],[-92.0396,18.0991],[-92.042,18.0796],[-91.9781,18.044],[-91.9662,18.0159],[-91.9004,18.0121],[-91.7623,17.939],[-91.7605,17.9576],[-91.6388,17.874],[-91.6331,17.905],[-91.6127,17.9129],[-91.6247,17.9491],[-91.611,18.095],[-91.5722,18.142],[-91.58,18.1582],[-91.5345,18.1462],[-91.5093,18.1711],[-91.504,18.1165],[-91.3844,18.0641],[-91.327,18.0627],[-91.2175,17.975],[-91.1447,17.9752],[-91.1511,17.9627],[-91.1332,17.958],[-91.1307,17.9823],[-91.1202,17.9634],[-90.988,17.9625],[-90.9876,17.8155],[-89.1522,17.8156],[-89.1522,17.9536],[-89.2059,17.9541],[-89.2074,17.9926],[-89.2067,18.0211],[-89.163,18.0185],[-89.1634,18.0579],[-89.1448,18.0577],[-89.1444,18.0824],[-89.2025,18.0833],[-89.2002,18.1446],[-89.1431,18.1458],[-89.1517,18.2936],[-89.1324,18.2934],[-89.1382,18.3855],[-89.1212,18.3858],[-89.1255,18.4506],[-89.1502,18.4511],[-89.1467,19.4239],[-89.2966,19.5512]]]]},"properties":{"iso3":"MEX","shapeId":"31927357B84428150771724","regionId":"MEX.4_1","name":"Campeche"}},{"type":"Feature","geometry":{"type":"MultiPolygon","coordinates":[[[[-92.7703,15.1513],[-92.7677,15.1538],[-92.7707,15.1553],[-92.7733,15.153],[-92.7703,15.1513]]],[[[-92.7735,15.1541],[-92.7724,15.1558],[-92.7741,15.1559],[-92.7735,15.1541]]],[[[-92.8556,15.1717],[-92.8537,15.1726],[-92.8569,15.174],[-92.8575,15.1724],[-92.8556,15.1717]]],[[[-92.8569,15.171],[-92.8589,15.174],[-92.8605,15.1738],[-92.8599,15.1686],[-92.8533,15.1628],[-92.8522,15.1692],[-92.8537,15.171],[-92.8569,15.171]]],[[[-92.8108,15.187],[-92.8335,15.1712],[-92.805,15.1657],[-92.8108,15.187]]],[[[-93.3228,15.5843],[-93.3333,15.592],[-93.3393,15.5984],[-93.3962,15.642],[-93.4014,15.6478],[-93.4157,15.6575],[-93.3237,15.5834],[-93.3214,15.5827],[-93.3228,15.5843]]],[[[-93.4239,17.0667],[-93.4274,17.0685],[-93.4284,17.0685],[-93.4281,17.0663],[-93.4308,17.067],[-93.428,17.0633],[-93.4273,17.0659],[-93.4243,17.0655],[-93.4239,17.0667]]],[[[-93.4646,17.0759],[-93.4655,17.0775],[-93.4674,17.0754],[-93.4725,17.0747],[-93.4749,17.0774],[-93.4749,17.0745],[-93.4782,17.0738],[-93.4787,17.0725],[-93.4639,17.0648],[-93.4653,17.0716],[-93.4646,17.0759]]],[[[-93.4763,17.1003],[-93.4815,17.1044],[-93.4803,17.1004],[-93.4857,17.1004],[-93.4772,17.0931],[-93.4784,17.0951],[-93.4762,17.0974],[-93.4763,17.1003]]],[[[-93.8102,17.1147],[-93.813,17.1181],[-93.8124,17.1153],[-93.8151,17.1145],[-93.8104,17.1133],[-93.8102,17.1147]]],[[[-93.5563,17.1199],[-93.5568,17.1216],[-93.5596,17.1222],[-93.5571,17.1191],[-93.5563,17.1199]]],[[[-93.4576,17.1208],[-93.4578,17.1223],[-93.4604,17.1206],[-93.459,17.1206],[-93.4588,17.1184],[-93.4631,17.1117],[-93.4618,17.1078],[-93.456,17.1091],[-93.4582,17.1134],[-93.4576,17.1208]]],[[[-93.5158,17.1196],[-93.5202,17.1231],[-93.5185,17.1198],[-93.5158,17.1196]]],[[[-93.5513,17.1266],[-93.5525,17.1274],[-93.5542,17.1256],[-93.5524,17.1259],[-93.5538,17.1238],[-93.5516,17.1224],[-93.55,17.1244],[-93.5513,17.1266]]],[[[-93.8248,17.1281],[-93.8287,17.1308],[-93.8274,17.1274],[-93.8285,17.1268],[-93.8286,17.1202],[-93.8263,17.1176],[-93.8239,17.1193],[-93.8227,17.1154],[-93.825,17.1157],[-93.8219,17.114],[-93.8169,17.1184],[-93.8162,17.1206],[-93.8181,17.1212],[-93.8167,17.124],[-93.8213,17.1243],[-93.8195,17.1265],[-93.8233,17.1296],[-93.8248,17.1281]]],[[[-93.56,17.1327],[-93.5614,17.1321],[-93.5618,17.1291],[-93.5558,17.1314],[-93.56,17.1327]]],[[[-93.4992,17.1315],[-93.5005,17.1345],[-93.4993,17.1361],[-93.5032,17.1375],[-93.5008,17.1316],[-93.4992,17.1315]]],[[[-93.5931,17.1446],[-93.5961,17.1466],[-93.5976,17.146],[-93.5954,17.1439],[-93.5911,17.1431],[-93.5931,17.1446]]],[[[-93.7973,17.1473],[-93.7984,17.1489],[-93.7982,17.1465],[-93.7993,17.1471],[-93.801,17.1448],[-93.8017,17.1405],[-93.7998,17.1388],[-93.7943,17.1442],[-93.7954,17.1484],[-93.7973,17.1473]]],[[[-93.5419,17.1526],[-93.5454,17.1526],[-93.5464,17.1512],[-93.5426,17.148],[-93.5419,17.1526]]],[[[-93.6443,17.159],[-93.6459,17.1574],[-93.646,17.1499],[-93.6456,17.1463],[-93.6429,17.1449],[-93.6446,17.147],[-93.6427,17.1478],[-93.6443,17.1506],[-93.6413,17.1548],[-93.6426,17.1559],[-93.6408,17.1573],[-93.6443,17.159]]],[[[-93.7274,17.1641],[-93.7302,17.1613],[-93.7262,17.1612],[-93.7259,17.163],[-93.7274,17.1641]]],[[[-93.6213,17.1698],[-93.6233,17.1681],[-93.6212,17.1651],[-93.6164,17.1645],[-93.6193,17.1657],[-93.617,17.1676],[-93.6206,17.168],[-93.6195,17.1692],[-93.6213,17.1698]]],[[[-93.6764,17.176],[-93.6783,17.1772],[-93.6783,17.176],[-93.6796,17.1761],[-93.6781,17.1737],[-93.681,17.1729],[-93.6805,17.1719],[-93.673,17.1741],[-93.6764,17.1749],[-93.6764,17.176]]],[[[-93.4558,17.4483],[-93.4593,17.4501],[-93.4627,17.4494],[-93.4613,17.4447],[-93.4558,17.4483]]],[[[-93.2765,17.9825],[-93.2955,17.9412],[-93.3409,17.9303],[-93.3406,17.7981],[-93.3666,17.8029],[-93.3809,17.7832],[-93.3431,17.7875],[-93.3491,17.7671],[-93.3905,17.7734],[-93.3543,17.7129],[-93.3563,17.648],[-93.3824,17.6448],[-93.417,17.5883],[-93.4448,17.5829],[-93.4505,17.5456],[-93.484,17.5477],[-93.4955,17.5061],[-93.4651,17.4543],[-93.4369,17.4599],[-93.41,17.4329],[-93.4224,17.4316],[-93.4123,17.3934],[-93.4329,17.4052],[-93.4323,17.3799],[-93.3832,17.3625],[-93.4122,17.3567],[-93.4137,17.3203],[-93.4932,17.3751],[-93.5398,17.3645],[-93.5149,17.3451],[-93.5481,17.3089],[-93.5323,17.3064],[-93.5262,17.2408],[-93.5753,17.2227],[-93.593,17.1661],[-93.6115,17.1612],[-93.5882,17.1437],[-93.5873,17.1685],[-93.5673,17.1714],[-93.5259,17.1385],[-93.5489,17.1667],[-93.5186,17.1573],[-93.5045,17.1842],[-93.5151,17.1558],[-93.4968,17.1561],[-93.4668,17.1102],[-93.4528,17.1284],[-93.4381,17.1107],[-93.4495,17.1426],[-93.4369,17.1562],[-93.4243,17.1096],[-93.4662,17.101],[-93.4126,17.1001],[-93.4558,17.0701],[-93.4227,17.0781],[-93.3921,17.0229],[-93.3517,17.0303],[-93.2867,17.0036],[-93.2204,17.0301],[-93.2806,17.0013],[-93.3506,17.0281],[-93.3956,17.0101],[-93.406,17.0387],[-93.4443,17.0414],[-93.442,17.0552],[-93.4572,17.0484],[-93.5191,17.0942],[-93.5062,17.1167],[-93.5451,17.1248],[-93.5317,17.1],[-93.5732,17.1192],[-93.5752,17.0925],[-93.5804,17.1238],[-93.6325,17.1433],[-93.6372,17.1183],[-93.6151,17.1255],[-93.6148,17.0913],[-93.6381,17.1241],[-93.6559,17.1145],[-93.6491,17.1317],[-93.6675,17.1161],[-93.662,17.1466],[-93.6826,17.142],[-93.7173,17.1701],[-93.7113,17.1499],[-93.7404,17.1508],[-93.7192,17.135],[-93.7551,17.1491],[-93.7574,17.1231],[-93.7598,17.1508],[-93.7849,17.1463],[-93.7785,17.1155],[-93.8122,17.0792],[-93.7945,17.068],[-93.8117,17.0327],[-93.7644,16.984],[-93.8095,17.0264],[-93.8448,17.101],[-93.8601,17.0972],[-93.8322,17.12],[-93.8556,17.1337],[-93.8218,17.1614],[-93.8064,17.1506],[-93.8069,17.168],[-93.762,17.1728],[-93.7785,17.2162],[-93.7164,17.1967],[-93.7331,17.2211],[-93.6833,17.2087],[-93.6798,17.2297],[-93.6482,17.2023],[-93.6564,17.1812],[-93.5971,17.1775],[-93.5766,17.2244],[-93.5285,17.2412],[-93.5365,17.2925],[-93.5572,17.3096],[-93.5183,17.3463],[-93.5505,17.3344],[-93.5566,17.3566],[-93.54,17.3679],[-93.4929,17.3777],[-93.4681,17.3497],[-93.4089,17.3317],[-93.4159,17.3603],[-93.388,17.3699],[-93.4411,17.3756],[-93.4406,17.3977],[-93.4542,17.3866],[-93.4323,17.4213],[-93.4755,17.4121],[-93.4607,17.4408],[-93.4963,17.4997],[-93.4892,17.5381],[-93.5149,17.4902],[-93.5138,17.4428],[-93.6079,17.3149],[-93.6644,17.2862],[-93.6627,17.2563],[-93.8014,17.2404],[-93.8271,17.1725],[-93.8701,17.1466],[-94.1392,16.4618],[-94.033,16.2759],[-94.0485,16.2162],[-94.1096,16.1791],[-94.1029,16.1431],[-94.035,16.1065],[-93.8998,16.0848],[-93.8712,16.0519],[-93.8589,15.9954],[-93.8848,15.9839],[-93.8959,16.0092],[-93.9195,16.0082],[-93.9419,15.9847],[-93.8684,15.9625],[-93.6877,15.8595],[-93.7377,15.8918],[-93.7201,15.8843],[-93.5224,15.7521],[-93.4814,15.7151],[-93.6854,15.8568],[-93.3105,15.5814],[-92.8623,15.164],[-92.9168,15.2206],[-92.8694,15.1787],[-92.8412,15.1806],[-92.8633,15.211],[-92.8355,15.1756],[-92.807,15.1881],[-92.775,15.1551],[-92.7814,15.1784],[-92.7687,15.1778],[-92.7569,15.1666],[-92.771,15.1503],[-92.8413,15.1777],[-92.8515,15.1649],[-92.739,15.0427],[-92.857,15.159],[-92.5127,14.8019],[-92.4087,14.7017],[-92.4019,14.7133],[-92.4098,14.6963],[-92.221,14.5355],[-92.146,14.6626],[-92.1848,14.8283],[-92.1364,14.8913],[-92.1508,14.9869],[-92.1339,15.0133],[-92.0861,15.0222],[-92.0703,15.0559],[-92.0747,15.0893],[-92.2106,15.2614],[-91.7314,16.074],[-90.442,16.0743],[-90.4269,16.1052],[-90.4554,16.0926],[-90.4589,16.1096],[-90.4542,16.1243],[-90.4321,16.1179],[-90.4295,16.1369],[-90.4518,16.1505],[-90.4261,16.1636],[-90.458,16.2078],[-90.4296,16.2342],[-90.4564,16.2474],[-90.4236,16.2603],[-90.4386,16.3031],[-90.3827,16.339],[-90.4122,16.3623],[-90.3717,16.3683],[-90.4025,16.3932],[-90.3898,16.4129],[-90.4878,16.4256],[-90.4821,16.4613],[-90.5278,16.4577],[-90.5448,16.4816],[-90.5867,16.4695],[-90.5947,16.4907],[-90.6337,16.48],[-90.6066,16.5039],[-90.6178,16.5219],[-90.6462,16.5187],[-90.6484,16.5581],[-90.6264,16.5776],[-90.6413,16.5957],[-90.6446,16.5791],[-90.6674,16.582],[-90.6584,16.6407],[-90.7156,16.728],[-90.8041,16.7738],[-90.8045,16.7963],[-90.9229,16.8199],[-90.9343,16.857],[-90.975,16.861],[-90.9558,16.8833],[-90.9675,16.9008],[-90.9857,16.8968],[-90.9885,16.8614],[-91.0672,16.9012],[-91.0664,16.9243],[-91.1226,16.977],[-91.1232,17.0035],[-91.1753,17.0157],[-91.227,17.0951],[-91.2675,17.1083],[-91.2662,17.1698],[-91.3245,17.1827],[-91.3493,17.1597],[-91.3553,17.1909],[-91.4288,17.2185],[-91.4397,17.251],[-91.4252,17.3023],[-91.3837,17.3112],[-91.4198,17.3741],[-91.5099,17.3922],[-91.5372,17.4197],[-91.5579,17.4222],[-91.5588,17.4005],[-91.5797,17.4073],[-91.7001,17.4675],[-91.6628,17.4798],[-91.6343,17.5346],[-91.6388,17.5815],[-91.6636,17.6122],[-91.6446,17.6219],[-91.6599,17.6304],[-91.6547,17.6762],[-91.6814,17.6701],[-91.7388,17.7108],[-91.7679,17.7031],[-91.8307,17.7377],[-91.7902,17.746],[-91.7823,17.7825],[-91.7797,17.8513],[-91.8125,17.9004],[-91.8497,17.8829],[-91.9181,17.8995],[-91.9484,17.8633],[-91.9403,17.9074],[-91.9785,17.9137],[-91.9999,17.9433],[-92.0034,17.8905],[-92.0718,17.8777],[-92.0494,17.8548],[-92.102,17.8509],[-92.1205,17.796],[-92.1466,17.8147],[-92.1308,17.7661],[-92.172,17.7866],[-92.1945,17.7766],[-92.2746,17.6923],[-92.3373,17.7121],[-92.3507,17.6179],[-92.4021,17.578],[-92.52,17.573],[-92.5301,17.55],[-92.5714,17.5496],[-92.6058,17.4774],[-92.6594,17.4443],[-92.6682,17.4567],[-92.6788,17.3785],[-92.7542,17.3433],[-92.7858,17.4175],[-92.8292,17.3963],[-92.8543,17.4112],[-92.8196,17.4327],[-92.8316,17.4809],[-92.8499,17.469],[-92.8598,17.5003],[-92.8874,17.5105],[-92.9392,17.5024],[-92.9481,17.4827],[-92.968,17.518],[-92.9849,17.5113],[-92.9805,17.5376],[-93.0405,17.6098],[-93.0371,17.7034],[-93.0577,17.7205],[-93.0426,17.7684],[-93.012,17.7937],[-93.0254,17.8254],[-93.0431,17.8426],[-93.1016,17.8458],[-93.1156,17.8222],[-93.1318,17.8523],[-93.0914,17.8976],[-93.192,17.9561],[-93.2409,17.9501],[-93.2765,17.9825]]]]},"properties":{"iso3":"MEX","shapeId":"31927357B65177449444732","regionId":"MEX.5_1","name":"Chiapas"}},{"type":"Feature","geometry":{"type":"Polygon","coordinates":[[[-103.3076,29.0032],[-103.3084,29.0253],[-103.34,29.0218],[-103.3306,29.0432],[-103.358,29.019],[-103.3865,29.0214],[-103.4508,29.0728],[-103.4723,29.0666],[-103.4707,29.0851],[-103.5541,29.1585],[-103.6501,29.1567],[-103.7186,29.1809],[-103.7426,29.2223],[-103.7824,29.2269],[-103.7833,29.2655],[-104.0379,29.3199],[-104.1679,29.3955],[-104.2175,29.4561],[-104.2145,29.485],[-104.2308,29.479],[-104.2368,29.4971],[-104.3136,29.5318],[-104.3365,29.5199],[-104.3845,29.5422],[-104.3993,29.5721],[-104.4507,29.5817],[-104.4658,29.6184],[-104.5086,29.6328],[-104.5442,29.6807],[-104.5308,29.6905],[-104.5667,29.7721],[-104.6838,29.9291],[-104.6735,29.956],[-104.6938,29.976],[-104.7066,30.0506],[-104.6862,30.0848],[-104.6873,30.1799],[-104.7068,30.2342],[-104.8113,30.3327],[-104.8166,30.3751],[-104.8592,30.3904],[-104.848,30.4155],[-104.8686,30.4417],[-104.8665,30.4941],[-104.9224,30.6034],[-104.9717,30.61],[-105.0069,30.6858],[-105.0619,30.6858],[-105.1188,30.7497],[-105.1617,30.7524],[-105.1659,30.7795],[-105.1748,30.7675],[-105.1956,30.7922],[-105.2168,30.7835],[-105.2155,30.8058],[-105.2564,30.7944],[-105.2912,30.8258],[-105.3165,30.8109],[-105.3398,30.84],[-105.4012,30.8532],[-105.4001,30.8894],[-105.5576,30.99],[-105.6041,31.0833],[-105.7726,31.1662],[-105.8694,31.2886],[-105.9382,31.3183],[-105.9541,31.3645],[-106.0048,31.3927],[-106.0802,31.3985],[-106.2081,31.4676],[-106.2471,31.5425],[-106.2811,31.5626],[-106.3494,31.6959],[-106.417,31.7514],[-106.4532,31.7644],[-106.4876,31.7477],[-106.5285,31.7838],[-108.2084,31.7838],[-108.2085,31.3334],[-108.7559,31.3324],[-108.8172,31.239],[-108.8798,31.2388],[-108.9063,31.2133],[-108.8607,31.2189],[-108.8483,31.1951],[-108.805,31.193],[-108.8456,31.1356],[-108.77,31.1025],[-108.7662,31.0736],[-108.7299,31.0522],[-108.7525,31.0338],[-108.6844,31.0337],[-108.6838,31.006],[-108.8033,31.0048],[-108.8024,30.9041],[-108.9392,30.9076],[-108.9483,30.7369],[-108.919,30.7394],[-108.8669,30.6894],[-108.8765,30.6246],[-108.762,30.5873],[-108.7267,30.5945],[-108.6778,30.5571],[-108.6648,30.4682],[-108.6038,30.4651],[-108.6136,30.4357],[-108.6487,30.4169],[-108.6198,30.3748],[-108.6221,30.3403],[-108.58,30.3375],[-108.5422,30.2835],[-108.5505,30.2666],[-108.6202,30.2982],[-108.6069,30.0286],[-108.6287,29.953],[-108.6072,29.8471],[-108.6357,29.8297],[-108.6186,29.8005],[-108.5413,29.7961],[-108.535,29.7514],[-108.5925,29.7176],[-108.6591,29.7161],[-108.6183,29.6605],[-108.655,29.6494],[-108.6411,29.5889],[-108.6595,29.584],[-108.6383,29.5583],[-108.6623,29.5445],[-108.6487,29.5091],[-108.6252,29.501],[-108.7178,29.466],[-108.6697,29.3074],[-108.6822,29.2674],[-108.7619,29.2539],[-108.7354,29.2177],[-108.7539,29.2001],[-108.7453,29.1623],[-108.7289,29.1718],[-108.6985,29.1277],[-108.7296,29.0965],[-108.7094,29.083],[-108.7244,29.0699],[-108.6981,28.9363],[-108.7098,28.8895],[-108.6782,28.8633],[-108.6578,28.8092],[-108.6238,28.8061],[-108.6456,28.7947],[-108.6433,28.7651],[-108.5838,28.7401],[-108.5802,28.6324],[-108.5313,28.5567],[-108.5233,28.5059],[-108.5077,28.5082],[-108.5155,28.4263],[-108.4797,28.3696],[-108.5217,28.3651],[-108.5196,28.3348],[-108.5509,28.3181],[-108.6035,28.3476],[-108.6362,28.3352],[-108.6413,28.2916],[-108.6872,28.3035],[-108.7967,28.2672],[-108.7917,28.2536],[-108.8807,28.2647],[-108.922,28.2515],[-108.9673,28.265],[-108.994,28.298],[-108.9974,28.2551],[-109.0687,28.2861],[-109.0729,28.1486],[-109.0319,28.0183],[-108.9265,27.9406],[-108.9149,27.854],[-108.8691,27.8393],[-108.9203,27.784],[-108.8955,27.7448],[-108.7845,27.7305],[-108.7493,27.6647],[-108.7399,27.6],[-108.7128,27.5662],[-108.6553,27.5438],[-108.6616,27.4647],[-108.591,27.3181],[-108.6644,27.2394],[-108.6626,27.2195],[-108.6536,27.1769],[-108.6114,27.1541],[-108.6023,27.0369],[-108.5625,27.046],[-108.5722,27.0127],[-108.5025,26.9874],[-108.48,27.0396],[-108.4096,27.0134],[-108.3501,27.0226],[-108.3333,27.0046],[-108.3166,27.0345],[-108.286,27.0125],[-108.2504,27.041],[-108.1951,27.0327],[-108.1815,26.9941],[-108.235,26.9586],[-108.2302,26.9057],[-108.2097,26.8854],[-108.2074,26.906],[-108.1839,26.8997],[-108.1745,26.8815],[-108.1431,26.9079],[-108.1442,26.8676],[-108.0941,26.8705],[-108.0268,26.7985],[-108.0376,26.7698],[-108.0057,26.761],[-108.0117,26.6895],[-108.0816,26.642],[-108.0318,26.6159],[-107.961,26.527],[-107.9573,26.4937],[-107.9856,26.4721],[-107.9696,26.4702],[-108.0128,26.439],[-107.8563,26.226],[-107.854,26.1965],[-107.7889,26.1686],[-107.7807,26.1369],[-107.7552,26.1345],[-107.7387,26.1672],[-107.7111,26.1744],[-107.6357,26.1546],[-107.582,26.1706],[-107.52,26.1042],[-107.431,26.1429],[-107.3465,26.1095],[-107.3049,26.0764],[-107.2763,26.002],[-107.2961,25.9248],[-107.0579,25.7574],[-107.0642,25.7191],[-107.0431,25.6977],[-107.0107,25.6915],[-106.9903,25.7149],[-106.9653,25.6979],[-106.9669,25.6683],[-106.9943,25.6622],[-106.8938,25.6443],[-106.8738,25.5719],[-106.7025,25.5812],[-106.7058,25.5973],[-106.682,25.5792],[-106.708,25.6025],[-106.6528,25.5588],[-106.5918,25.6474],[-106.4636,25.729],[-106.464,25.7417],[-106.556,25.6917],[-106.5473,25.9524],[-106.4558,25.9726],[-106.4447,26.0051],[-106.4704,26.0054],[-106.4534,26.0278],[-106.4712,26.0605],[-106.4586,26.1122],[-106.4156,26.1394],[-106.4328,26.204],[-106.3123,26.3488],[-106.287,26.3351],[-106.2755,26.3674],[-106.3022,26.3639],[-106.2976,26.3965],[-106.2644,26.4061],[-106.242,26.4668],[-106.2801,26.5321],[-106.232,26.5616],[-106.2365,26.6122],[-106.2079,26.6781],[-106.188,26.6745],[-106.1727,26.7052],[-106.1307,26.7022],[-106.1766,26.7277],[-106.1776,26.7723],[-106.1253,26.7794],[-106.1006,26.7593],[-106.0473,26.8449],[-105.9392,26.7632],[-105.8983,26.7639],[-105.8941,26.741],[-105.8654,26.7474],[-105.7758,26.6609],[-105.7943,26.6988],[-105.7463,26.7139],[-105.7048,26.6529],[-105.6709,26.6352],[-105.6749,26.6177],[-105.601,26.6148],[-105.6195,26.6835],[-105.549,26.5466],[-105.4961,26.5429],[-105.4715,26.5087],[-105.4701,26.5279],[-105.4034,26.5175],[-105.3686,26.5343],[-105.3427,26.5045],[-105.3528,26.4789],[-105.3168,26.4623],[-105.2791,26.4875],[-105.2647,26.4621],[-105.1015,26.5214],[-105.0566,26.4193],[-105.0004,26.455],[-104.9631,26.4492],[-104.9632,26.4734],[-104.9444,26.4683],[-104.8989,26.51],[-104.8093,26.5085],[-104.727,26.478],[-104.6541,26.3911],[-104.6201,26.3688],[-104.5939,26.3804],[-104.5745,26.3405],[-104.501,26.4148],[-104.5028,26.4658],[-104.4348,26.6045],[-104.3304,26.6565],[-104.2865,26.7254],[-104.3173,26.7607],[-104.3018,26.7719],[-104.3153,26.7991],[-104.273,26.8423],[-104.2278,26.7772],[-104.0457,26.743],[-104.0332,26.7744],[-103.995,26.7775],[-103.9938,26.7536],[-103.8613,26.7541],[-103.6991,26.7253],[-103.754,26.8296],[-103.8517,26.8961],[-103.8359,26.9358],[-103.8521,26.9346],[-103.7846,26.9807],[-103.7799,27.0089],[-103.7408,27.0225],[-103.7525,27.0779],[-103.7835,27.0912],[-103.7994,27.1247],[-103.7984,27.2135],[-103.8321,27.2983],[-103.8769,27.3116],[-103.8546,27.5494],[-103.8973,27.6565],[-103.8832,27.6576],[-103.8967,27.7406],[-103.8811,27.7392],[-103.9356,27.7976],[-103.9008,27.8269],[-103.96,27.8353],[-103.9433,27.8888],[-103.955,27.9508],[-103.9356,27.9453],[-103.9419,27.9278],[-103.8929,27.914],[-103.8777,27.9575],[-103.9267,27.9714],[-103.8675,28.1121],[-103.643,28.5125],[-103.6246,28.5811],[-103.601,28.5749],[-103.5919,28.5908],[-103.616,28.5982],[-103.5964,28.6395],[-103.5727,28.6406],[-103.5573,28.6113],[-103.5145,28.665],[-103.4317,28.8132],[-103.41,28.8409],[-103.3963,28.8335],[-103.4037,28.8693],[-103.3076,29.0032]]]},"properties":{"iso3":"MEX","shapeId":"31927357B49801195703560","regionId":"MEX.6_1","name":"Chihuahua"}},{"type":"Feature","geometry":{"type":"Polygon","coordinates":[[[-103.6991,26.7253],[-103.6583,26.7195],[-103.6439,26.6902],[-103.3742,26.6024],[-103.3168,26.3618],[-103.2608,26.2847],[-103.3505,26.1424],[-103.3464,25.8603],[-103.3186,25.8127],[-103.3528,25.7166],[-103.3394,25.7076],[-103.3814,25.6403],[-103.406,25.645],[-103.4033,25.6281],[-103.4248,25.6237],[-103.4547,25.5579],[-103.4944,25.5377],[-103.3691,25.4165],[-103.3414,25.4101],[-103.3369,25.3712],[-103.4067,25.3989],[-103.4623,25.3762],[-103.5107,25.2791],[-103.4029,25.1823],[-103.3595,25.11],[-103.2622,25.0585],[-103.278,25.0346],[-103.2466,24.996],[-103.2591,24.9647],[-103.0929,24.8229],[-103.0051,24.7932],[-102.9752,24.7995],[-102.8564,24.7398],[-102.8531,24.772],[-102.6697,25.0666],[-102.4468,24.9995],[-102.4633,25.1159],[-102.2376,25.1185],[-101.8488,25.0176],[-101.7735,24.8755],[-101.6851,24.84],[-101.6563,24.8608],[-101.6013,24.8356],[-101.609,24.7897],[-101.6408,24.8007],[-101.6223,24.759],[-101.4616,24.7368],[-101.3421,24.8134],[-101.2017,24.7655],[-101.1276,24.6234],[-101.0805,24.5912],[-100.9588,24.5427],[-100.9022,24.5839],[-100.8104,24.5516],[-100.797,24.7508],[-100.8261,24.835],[-100.7275,24.9187],[-100.8215,24.9967],[-100.8031,25.1653],[-100.7089,25.2365],[-100.5957,25.2548],[-100.332,25.1863],[-100.3256,25.2223],[-100.2614,25.2071],[-100.2296,25.2179],[-100.2625,25.254],[-100.2431,25.2674],[-100.2541,25.3069],[-100.313,25.3364],[-100.4701,25.3378],[-100.4519,25.4108],[-100.5227,25.4343],[-100.5309,25.4635],[-100.5849,25.4708],[-100.5795,25.4945],[-100.6191,25.5057],[-100.5998,25.52],[-100.5297,25.5144],[-100.5384,25.5319],[-100.6147,25.5423],[-100.6329,25.5713],[-100.6903,25.5671],[-100.7298,25.6339],[-100.7834,25.6397],[-100.8056,25.7243],[-100.8619,25.8185],[-100.8227,25.9169],[-100.8344,25.945],[-100.9055,25.9569],[-100.9164,26.0756],[-101.0686,26.189],[-101.0976,26.2529],[-101.2068,26.3698],[-100.753,26.7352],[-100.6912,26.6138],[-100.6144,26.6856],[-100.5901,26.7595],[-100.5382,26.8086],[-100.5514,26.8587],[-100.534,27.0456],[-100.6742,27.0846],[-100.6827,27.1114],[-100.7197,27.0792],[-100.7486,27.0813],[-100.7358,27.0476],[-100.7477,27.0363],[-100.7659,27.0633],[-100.7994,27.0458],[-100.8306,27.0739],[-100.8341,27.1952],[-100.678,27.3348],[-100.4177,27.3936],[-100.3506,27.6846],[-100.1884,27.7991],[-99.9988,27.6153],[-99.8444,27.7784],[-99.8776,27.7997],[-99.8768,27.8408],[-99.9041,27.8737],[-99.8935,27.8994],[-99.9373,27.9409],[-99.9315,27.9803],[-99.9905,27.9936],[-100.0182,28.0657],[-100.053,28.0851],[-100.0862,28.1462],[-100.2095,28.1913],[-100.2211,28.2332],[-100.2555,28.2384],[-100.2936,28.2788],[-100.2866,28.3122],[-100.3427,28.3864],[-100.3377,28.4425],[-100.3684,28.4767],[-100.3339,28.4993],[-100.3883,28.5147],[-100.411,28.5498],[-100.3985,28.5851],[-100.4472,28.6092],[-100.4472,28.6421],[-100.5002,28.6617],[-100.5351,28.8047],[-100.5476,28.8262],[-100.5745,28.8281],[-100.601,28.9016],[-100.6409,28.9146],[-100.6297,28.9226],[-100.6515,28.9429],[-100.6457,28.9878],[-100.6749,29.1007],[-100.7728,29.1684],[-100.767,29.1957],[-100.8142,29.2639],[-100.8759,29.2795],[-100.8862,29.3074],[-101.0108,29.3692],[-101.0601,29.4585],[-101.1476,29.4745],[-101.1856,29.518],[-101.2586,29.5224],[-101.2479,29.6195],[-101.2685,29.6297],[-101.2789,29.5877],[-101.305,29.5773],[-101.3016,29.6485],[-101.3477,29.662],[-101.3607,29.6487],[-101.373,29.6997],[-101.416,29.7469],[-101.4026,29.7713],[-101.4461,29.7498],[-101.4637,29.7893],[-101.5367,29.7581],[-101.5441,29.8115],[-101.5749,29.7693],[-101.6262,29.7704],[-101.6439,29.7541],[-101.6623,29.7712],[-101.7101,29.7618],[-101.7753,29.7891],[-101.8044,29.78],[-101.8173,29.8115],[-101.8236,29.7873],[-101.8528,29.8077],[-101.9296,29.7827],[-101.9755,29.8157],[-101.9867,29.7971],[-102.0356,29.804],[-102.0727,29.7866],[-102.1435,29.8033],[-102.187,29.8488],[-102.2232,29.8405],[-102.2464,29.8642],[-102.2603,29.8531],[-102.3214,29.8787],[-102.3642,29.8452],[-102.3879,29.7611],[-102.4872,29.7869],[-102.5174,29.7838],[-102.5133,29.7654],[-102.548,29.7446],[-102.568,29.7715],[-102.6303,29.734],[-102.674,29.7446],[-102.6933,29.6767],[-102.7414,29.6346],[-102.7402,29.5979],[-102.7685,29.5947],[-102.771,29.5484],[-102.8083,29.5226],[-102.8005,29.4867],[-102.8328,29.4091],[-102.812,29.4],[-102.8447,29.3746],[-102.8392,29.3589],[-102.8835,29.3478],[-102.9058,29.2585],[-102.8678,29.2231],[-102.8944,29.2086],[-102.912,29.2192],[-102.9172,29.1915],[-102.9437,29.1911],[-102.9508,29.1735],[-102.9943,29.1799],[-103.0338,29.1012],[-103.0765,29.0909],[-103.0857,29.0534],[-103.1007,29.0603],[-103.1161,28.9842],[-103.1639,28.972],[-103.2671,28.996],[-103.2807,28.9759],[-103.2864,29.0006],[-103.3076,29.0032],[-103.4037,28.8693],[-103.3963,28.8335],[-103.41,28.8409],[-103.4317,28.8132],[-103.5145,28.665],[-103.5573,28.6113],[-103.5727,28.6406],[-103.5964,28.6395],[-103.616,28.5982],[-103.5919,28.5908],[-103.601,28.5749],[-103.6246,28.5811],[-103.643,28.5125],[-103.8675,28.1121],[-103.9267,27.9714],[-103.8777,27.9575],[-103.8929,27.914],[-103.9419,27.9278],[-103.9356,27.9453],[-103.955,27.9508],[-103.9433,27.8888],[-103.96,27.8353],[-103.9008,27.8269],[-103.9356,27.7976],[-103.8811,27.7392],[-103.8967,27.7406],[-103.8832,27.6576],[-103.8973,27.6565],[-103.8546,27.5494],[-103.8769,27.3116],[-103.8321,27.2983],[-103.7984,27.2135],[-103.7994,27.1247],[-103.7835,27.0912],[-103.7525,27.0779],[-103.7408,27.0225],[-103.7799,27.0089],[-103.7846,26.9807],[-103.8521,26.9346],[-103.8359,26.9358],[-103.8517,26.8961],[-103.754,26.8296],[-103.6991,26.7253]]]},"properties":{"iso3":"MEX","shapeId":"31927357B32124965101143","regionId":"MEX.7_1","name":"Coahuila De Zaragoza"}},{"type":"Feature","geometry":{"type":"MultiPolygon","coordinates":[[[[-114.7265,18.3604],[-114.7593,18.3447],[-114.6832,18.3584],[-114.7265,18.3604]]],[[[-110.9876,18.8578],[-111.0167,18.8167],[-111.0452,18.8092],[-111.0565,18.7769],[-111.037,18.7841],[-111.0173,18.7511],[-110.9729,18.7424],[-110.9522,18.716],[-110.922,18.729],[-110.9145,18.7747],[-110.9424,18.8273],[-110.9876,18.8578]]],[[[-104.4862,19.1048],[-104.4888,19.1041],[-104.4871,19.1002],[-104.4848,19.103],[-104.4862,19.1048]]],[[[-110.8091,19.3165],[-110.8302,19.2902],[-110.81,19.2899],[-110.8091,19.3165]]],[[[-103.4886,18.9649],[-103.4885,19.0276],[-103.5265,19.0787],[-103.4976,19.1746],[-103.5152,19.2114],[-103.5092,19.2951],[-103.4864,19.3379],[-103.5743,19.4116],[-103.6154,19.475],[-103.6183,19.5125],[-103.69,19.4924],[-103.7183,19.4535],[-103.8193,19.4087],[-103.8241,19.4378],[-103.8565,19.4313],[-103.8893,19.4636],[-103.9088,19.4536],[-103.8995,19.4345],[-104.0617,19.4977],[-104.0902,19.393],[-104.1333,19.3537],[-104.123,19.319],[-104.1798,19.3126],[-104.1917,19.2922],[-104.2612,19.3118],[-104.3619,19.2691],[-104.3743,19.2819],[-104.4013,19.2668],[-104.4009,19.2891],[-104.4393,19.278],[-104.4717,19.2288],[-104.5303,19.2598],[-104.5691,19.2187],[-104.5769,19.1802],[-104.6003,19.1791],[-104.5898,19.1501],[-104.6128,19.1555],[-104.6188,19.1809],[-104.6804,19.1929],[-104.6902,19.1765],[-104.4894,19.1246],[-104.4515,19.1085],[-104.4417,19.0833],[-104.4112,19.1065],[-104.3955,19.0851],[-104.3949,19.1139],[-104.357,19.1161],[-104.3541,19.0911],[-104.3241,19.0976],[-104.3036,19.062],[-104.2902,19.0756],[-104.294,19.0585],[-104.3297,19.0513],[-104.3321,19.0176],[-104.1608,18.9627],[-103.9699,18.8634],[-103.9361,18.9575],[-103.9687,18.8621],[-103.8038,18.7492],[-103.803,18.7625],[-103.7388,18.6846],[-103.7003,18.7544],[-103.62,18.8014],[-103.6172,18.8429],[-103.6406,18.8672],[-103.6303,18.8853],[-103.5732,18.8713],[-103.5581,18.9066],[-103.5313,18.9063],[-103.5219,18.949],[-103.4886,18.9649]]]]},"properties":{"iso3":"MEX","shapeId":"31927357B75771156097737","regionId":"MEX.8_1","name":"Colima"}},{"type":"Feature","geometry":{"type":"Polygon","coordinates":[[[-98.979,19.0745],[-98.9591,19.1043],[-98.9674,19.1644],[-98.9524,19.1686],[-98.9685,19.2106],[-98.9403,19.2232],[-98.9765,19.2531],[-98.9579,19.3232],[-98.9919,19.3676],[-99.0581,19.4007],[-99.0465,19.4424],[-99.0639,19.4988],[-99.128,19.5245],[-99.1081,19.5649],[-99.1237,19.5928],[-99.1581,19.5574],[-99.1568,19.5281],[-99.176,19.532],[-99.1572,19.5028],[-99.2093,19.5124],[-99.2223,19.4269],[-99.3131,19.3704],[-99.3649,19.2778],[-99.3153,19.2292],[-99.2787,19.1317],[-99.2268,19.0961],[-99.1354,19.0893],[-99.1254,19.0621],[-99.0598,19.0482],[-99.029,19.0854],[-98.979,19.0745]]]},"properties":{"iso3":"MEX","shapeId":"31927357B79016588373767","regionId":null,"name":"Distrito Federal"}},{"type":"Feature","geometry":{"type":"Polygon","coordinates":[[[-106.9943,25.6622],[-106.9733,25.6296],[-107.1246,25.5504],[-107.1739,25.5566],[-107.1781,25.5152],[-107.1393,25.4896],[-107.1587,25.442],[-107.2101,25.4171],[-107.1716,25.3264],[-107.2078,25.3316],[-107.1572,25.2618],[-107.1211,25.2431],[-107.1488,25.2245],[-107.1249,25.1866],[-107.1299,25.0531],[-107.0636,25.0253],[-107.0211,24.9099],[-107.0006,24.9282],[-106.9345,24.8805],[-106.9271,24.8666],[-106.9514,24.859],[-106.9307,24.8209],[-106.8659,24.823],[-106.7059,24.6653],[-106.6455,24.529],[-106.6226,24.5249],[-106.6301,24.5065],[-106.56,24.4727],[-106.5693,24.437],[-106.6016,24.4146],[-106.5171,24.287],[-106.4697,24.2779],[-106.3675,24.3019],[-106.3363,24.3557],[-106.2689,24.3748],[-106.1525,24.3388],[-106.0758,24.2714],[-106.0699,24.2202],[-106.0439,24.2209],[-105.9897,24.1144],[-106.0079,24.0725],[-105.9987,24.0434],[-105.9121,23.9975],[-105.9454,23.948],[-105.8999,23.9439],[-105.8576,23.8993],[-105.8672,23.8752],[-105.9537,23.9086],[-105.9613,23.8407],[-105.9061,23.7394],[-105.9266,23.6841],[-105.9089,23.5883],[-105.8927,23.5526],[-105.8843,23.5904],[-105.8452,23.5837],[-105.8455,23.6033],[-105.8116,23.611],[-105.7693,23.5565],[-105.7603,23.503],[-105.7234,23.4748],[-105.7389,23.4452],[-105.7003,23.4202],[-105.7307,23.3749],[-105.694,23.3406],[-105.6871,23.2875],[-105.6432,23.2765],[-105.6303,23.2356],[-105.644,23.1418],[-105.5543,23.0989],[-105.504,23.1277],[-105.4159,23.1169],[-105.3505,23.0606],[-105.343,22.9682],[-105.3236,22.9413],[-105.0031,22.977],[-105.01,22.9224],[-104.9878,22.8883],[-104.9884,22.836],[-104.959,22.8136],[-104.9184,22.8198],[-104.9156,22.7485],[-104.8927,22.7374],[-105.0684,22.6784],[-105.0724,22.6565],[-105.0076,22.5857],[-104.9879,22.4987],[-104.9605,22.5053],[-104.8625,22.6071],[-104.8584,22.6483],[-104.8147,22.6342],[-104.7886,22.6479],[-104.7759,22.5851],[-104.7361,22.5579],[-104.67,22.5653],[-104.6553,22.4622],[-104.6026,22.4605],[-104.5931,22.412],[-104.5065,22.3452],[-104.4812,22.3516],[-104.4954,22.3763],[-104.3715,22.4217],[-104.3488,22.4097],[-104.299,22.4617],[-104.3258,22.5374],[-104.2614,22.5862],[-104.2883,22.6635],[-104.2663,22.7365],[-104.2321,22.7531],[-104.2274,22.7766],[-104.1822,22.7583],[-104.0805,22.7666],[-104.1115,22.8103],[-104.1126,22.9051],[-104.133,22.905],[-104.1666,22.9452],[-104.1721,23.1284],[-104.129,23.1822],[-104.1112,23.3512],[-104.066,23.4635],[-103.9253,23.557],[-103.9215,23.5892],[-103.8901,23.5798],[-103.9069,23.6019],[-103.8825,23.5923],[-103.8774,23.629],[-103.8492,23.6401],[-103.8113,23.6136],[-103.7935,23.6309],[-103.7851,23.6766],[-103.8511,23.6796],[-103.841,23.7012],[-103.8624,23.7526],[-103.8161,23.8077],[-103.8531,23.8746],[-103.8184,23.9649],[-103.8388,23.9648],[-103.8724,24.007],[-103.8478,24.0032],[-103.8431,24.027],[-103.8133,24.022],[-103.7998,24.0506],[-103.6604,24.1493],[-103.636,24.1103],[-103.622,24.1175],[-103.5595,24.1938],[-103.5683,24.2864],[-103.5068,24.288],[-103.4483,24.3326],[-103.4193,24.4305],[-103.2826,24.4288],[-103.2535,24.4473],[-103.2228,24.4171],[-103.1653,24.4352],[-103.0985,24.4016],[-103.0875,24.436],[-103.0751,24.4226],[-103.0432,24.4665],[-102.9836,24.4333],[-102.9674,24.4577],[-102.9001,24.4285],[-102.8919,24.4611],[-102.8317,24.3847],[-102.7889,24.4062],[-102.7567,24.377],[-102.6999,24.374],[-102.6066,24.4112],[-102.5339,24.4077],[-102.4727,24.4397],[-102.487,24.4442],[-102.5122,24.7097],[-102.5662,24.9022],[-102.6731,24.9428],[-102.673,24.9788],[-102.643,24.9786],[-102.6289,25.0083],[-102.6697,25.0666],[-102.8531,24.772],[-102.8564,24.7398],[-102.8693,24.742],[-102.9752,24.7995],[-103.0051,24.7932],[-103.0929,24.8229],[-103.2591,24.9647],[-103.2466,24.996],[-103.278,25.0346],[-103.2622,25.0585],[-103.3595,25.11],[-103.4029,25.1823],[-103.5107,25.2791],[-103.4623,25.3762],[-103.4067,25.3989],[-103.3369,25.3712],[-103.3414,25.4101],[-103.3691,25.4165],[-103.4944,25.5377],[-103.4547,25.5579],[-103.4248,25.6237],[-103.4033,25.6281],[-103.406,25.645],[-103.3814,25.6403],[-103.3394,25.7076],[-103.3528,25.7166],[-103.3186,25.8127],[-103.3464,25.8603],[-103.3505,26.1424],[-103.2608,26.2847],[-103.3168,26.3618],[-103.3742,26.6024],[-103.6439,26.6902],[-103.6583,26.7195],[-103.8613,26.7541],[-103.9938,26.7536],[-103.995,26.7775],[-104.0332,26.7744],[-104.0457,26.743],[-104.2278,26.7772],[-104.273,26.8423],[-104.3153,26.7991],[-104.3018,26.7719],[-104.3173,26.7607],[-104.2865,26.7254],[-104.3304,26.6565],[-104.4348,26.6045],[-104.5028,26.4658],[-104.501,26.4148],[-104.5745,26.3405],[-104.5939,26.3804],[-104.6201,26.3688],[-104.6541,26.3911],[-104.727,26.478],[-104.8093,26.5085],[-104.8989,26.51],[-104.9444,26.4683],[-104.9632,26.4734],[-104.9631,26.4492],[-105.0004,26.455],[-105.0566,26.4193],[-105.1015,26.5214],[-105.2647,26.4621],[-105.2791,26.4875],[-105.3168,26.4623],[-105.3528,26.4789],[-105.3427,26.5045],[-105.3686,26.5343],[-105.4034,26.5175],[-105.4701,26.5279],[-105.4715,26.5087],[-105.4961,26.5429],[-105.549,26.5466],[-105.6195,26.6835],[-105.601,26.6148],[-105.6749,26.6177],[-105.6709,26.6352],[-105.7048,26.6529],[-105.7463,26.7139],[-105.7943,26.6988],[-105.7758,26.6609],[-105.8654,26.7474],[-105.8941,26.741],[-105.8983,26.7639],[-105.9392,26.7632],[-106.0473,26.8449],[-106.1006,26.7593],[-106.1253,26.7794],[-106.1776,26.7723],[-106.1766,26.7277],[-106.1307,26.7022],[-106.1727,26.7052],[-106.188,26.6745],[-106.2079,26.6781],[-106.2365,26.6122],[-106.232,26.5616],[-106.2801,26.5321],[-106.242,26.4668],[-106.2644,26.4061],[-106.2976,26.3965],[-106.3022,26.3639],[-106.2755,26.3674],[-106.287,26.3351],[-106.3123,26.3488],[-106.4328,26.204],[-106.4156,26.1394],[-106.4586,26.1122],[-106.4712,26.0605],[-106.4534,26.0278],[-106.4704,26.0054],[-106.4447,26.0051],[-106.4558,25.9726],[-106.5473,25.9524],[-106.556,25.6917],[-106.464,25.7417],[-106.4636,25.729],[-106.5918,25.6474],[-106.6528,25.5588],[-106.708,25.6025],[-106.682,25.5792],[-106.7058,25.5973],[-106.7025,25.5812],[-106.8738,25.5719],[-106.8938,25.6443],[-106.9943,25.6622]]]},"properties":{"iso3":"MEX","shapeId":"31927357B5285092776894","regionId":"MEX.10_1","name":"Durango"}},{"type":"Feature","geometry":{"type":"Polygon","coordinates":[[[-99.7773,21.495],[-99.8171,21.4617],[-99.8392,21.4624],[-99.8349,21.4781],[-99.9052,21.4482],[-99.9432,21.4618],[-99.9423,21.4496],[-99.9593,21.4835],[-99.9457,21.4974],[-99.9651,21.5051],[-99.9568,21.5262],[-100.0623,21.5233],[-100.0758,21.5579],[-100.1472,21.6181],[-100.1714,21.6013],[-100.1796,21.6508],[-100.2721,21.6873],[-100.3514,21.6917],[-100.4473,21.6749],[-100.4858,21.5944],[-100.4611,21.5453],[-100.534,21.5423],[-100.615,21.5058],[-100.6143,21.5331],[-100.6354,21.5432],[-100.6575,21.5247],[-100.7176,21.5502],[-100.7343,21.5787],[-100.8577,21.619],[-100.8343,21.6646],[-100.8651,21.6871],[-100.8701,21.6725],[-100.9072,21.6816],[-100.9126,21.7136],[-100.982,21.7535],[-101.1613,21.7575],[-101.2172,21.8161],[-101.2897,21.8121],[-101.3653,21.8394],[-101.4739,21.8274],[-101.5388,21.7773],[-101.5857,21.7788],[-101.5797,21.7364],[-101.5577,21.7351],[-101.5709,21.7043],[-101.584,21.7096],[-101.5691,21.6923],[-101.5961,21.6371],[-101.5802,21.6255],[-101.6413,21.5266],[-101.5704,21.4185],[-101.6776,21.3951],[-101.6428,21.3551],[-101.6432,21.2993],[-101.7597,21.2676],[-101.7811,21.1605],[-101.804,21.1663],[-101.8118,21.1412],[-101.8334,21.1373],[-101.8177,21.107],[-101.875,21.0929],[-101.9389,20.9306],[-101.9799,20.925],[-102.0218,20.8622],[-102.0799,20.8291],[-102.0959,20.7801],[-102.0676,20.7722],[-102.0645,20.7387],[-102.0345,20.7421],[-102.0377,20.7174],[-102.0144,20.7171],[-102.0138,20.6644],[-101.9681,20.6636],[-101.9511,20.6074],[-101.9739,20.5418],[-102.0141,20.5426],[-102.044,20.4566],[-102.0963,20.3841],[-102.065,20.3749],[-102.0136,20.3939],[-102.0138,20.3279],[-101.9964,20.3596],[-101.9453,20.3427],[-101.9635,20.3186],[-101.9345,20.2977],[-101.9512,20.2716],[-101.9399,20.2271],[-101.9306,20.2081],[-101.9079,20.2152],[-101.9179,20.1951],[-101.893,20.2038],[-101.8881,20.1884],[-101.8339,20.2248],[-101.8249,20.2018],[-101.7866,20.2193],[-101.7594,20.2017],[-101.7312,20.2148],[-101.6979,20.1897],[-101.6869,20.2172],[-101.6685,20.2131],[-101.6633,20.2376],[-101.6463,20.2387],[-101.6425,20.2676],[-101.6255,20.267],[-101.6247,20.3146],[-101.6011,20.298],[-101.5831,20.3274],[-101.5658,20.3157],[-101.5229,20.3323],[-101.5011,20.3117],[-101.4649,20.329],[-101.4567,20.3044],[-101.4402,20.3052],[-101.4559,20.2672],[-101.4206,20.2752],[-101.3526,20.2349],[-101.3632,20.1958],[-101.4199,20.2016],[-101.4225,20.1632],[-101.3894,20.1349],[-101.4087,20.1231],[-101.4047,20.0802],[-101.3875,20.083],[-101.4017,20.035],[-101.253,20.0355],[-101.2031,20.0072],[-101.2015,20.0257],[-101.1604,20.0402],[-101.1963,20.0572],[-101.1716,20.0735],[-101.1752,20.0971],[-101.1331,20.06],[-101.0429,20.092],[-100.9928,20.0649],[-101.0142,20.0403],[-100.9676,20.0113],[-101.0039,19.9569],[-100.9808,19.9552],[-100.9644,19.9283],[-100.9479,19.9336],[-100.9475,19.9625],[-100.8358,19.9346],[-100.8243,19.9783],[-100.7921,19.9556],[-100.7788,19.9151],[-100.7488,19.9128],[-100.6604,19.9645],[-100.6176,19.9577],[-100.5767,19.9931],[-100.5568,19.9853],[-100.5931,19.9583],[-100.5507,19.958],[-100.5318,19.9764],[-100.536,19.923],[-100.5199,19.9188],[-100.5117,19.9582],[-100.4658,19.9874],[-100.3629,19.9899],[-100.3583,20.0649],[-100.3973,20.097],[-100.3403,20.1897],[-100.3552,20.219],[-100.3258,20.261],[-100.3913,20.3131],[-100.41,20.376],[-100.4762,20.3896],[-100.4924,20.4904],[-100.5098,20.5065],[-100.5048,20.555],[-100.485,20.5538],[-100.4821,20.5715],[-100.4962,20.6162],[-100.5511,20.6338],[-100.5965,20.7173],[-100.5489,20.7364],[-100.5583,20.8046],[-100.5776,20.8167],[-100.502,20.8529],[-100.509,20.8707],[-100.47,20.907],[-100.4722,20.9284],[-100.4532,20.9232],[-100.454,20.9002],[-100.4134,20.8874],[-100.3336,20.8907],[-100.2992,20.9313],[-100.2655,20.9292],[-100.2636,20.971],[-100.1815,20.9304],[-100.0642,20.9363],[-100.0807,20.9499],[-100.0689,21.0228],[-100.0226,21.0146],[-100.0111,21.0285],[-100.0275,21.1003],[-99.9964,21.1826],[-100.0111,21.1895],[-99.9864,21.2183],[-99.8313,21.1573],[-99.7385,21.2358],[-99.6879,21.2258],[-99.6991,21.2667],[-99.6713,21.3012],[-99.7373,21.3129],[-99.7579,21.2921],[-99.7878,21.3296],[-99.7773,21.495]]]},"properties":{"iso3":"MEX","shapeId":"31927357B33104012885361","regionId":"MEX.11_1","name":"Guanajuato"}},{"type":"Feature","geometry":{"type":"MultiPolygon","coordinates":[[[[-98.6959,16.5236],[-98.6994,16.5247],[-98.7061,16.5236],[-98.7077,16.5229],[-98.7076,16.5195],[-98.701,16.5197],[-98.6959,16.5236]]],[[[-98.6083,16.5368],[-98.6074,16.5387],[-98.6119,16.5375],[-98.6083,16.5368]]],[[[-98.6447,16.5377],[-98.6476,16.5393],[-98.6507,16.5381],[-98.6447,16.5377]]],[[[-98.6329,16.5389],[-98.6316,16.5412],[-98.6348,16.5393],[-98.6329,16.5389]]],[[[-98.5971,16.5453],[-98.5956,16.5472],[-98.5982,16.545],[-98.5971,16.5453]]],[[[-98.494,16.6063],[-98.4993,16.6006],[-98.4985,16.5936],[-98.4958,16.5915],[-98.4905,16.5931],[-98.4862,16.5897],[-98.4837,16.5935],[-98.4843,16.5973],[-98.4878,16.6002],[-98.4912,16.6055],[-98.494,16.6063]]],[[[-99.1071,16.6042],[-99.1068,16.6077],[-99.1082,16.6048],[-99.1071,16.6042]]],[[[-99.1159,16.606],[-99.1161,16.6095],[-99.1173,16.6098],[-99.1178,16.6061],[-99.1159,16.606]]],[[[-99.606,16.6842],[-99.6044,16.6851],[-99.607,16.6841],[-99.606,16.6842]]],[[[-99.6074,16.6976],[-99.608,16.6924],[-99.6063,16.6898],[-99.6058,16.693],[-99.6074,16.6976]]],[[[-99.6049,16.7072],[-99.6024,16.7106],[-99.6045,16.715],[-99.6058,16.7127],[-99.6059,16.7074],[-99.6049,16.7072]]],[[[-99.9085,16.825],[-99.9115,16.8246],[-99.912,16.8225],[-99.9174,16.8237],[-99.9145,16.8229],[-99.912,16.8198],[-99.9081,16.8202],[-99.9052,16.8183],[-99.9015,16.8229],[-99.9044,16.8216],[-99.9085,16.825]]],[[[-101.6581,17.6783],[-101.6593,17.68],[-101.6615,17.6774],[-101.6601,17.6743],[-101.6567,17.6739],[-101.657,17.676],[-101.6553,17.6774],[-101.652,17.6747],[-101.6547,17.6788],[-101.6581,17.6783]]],[[[-102.1395,17.9547],[-102.143,17.9534],[-102.143,17.9503],[-102.1339,17.9496],[-102.1365,17.9539],[-102.1395,17.9547]]],[[[-99.4944,18.7205],[-99.5364,18.6938],[-99.5698,18.7055],[-99.5899,18.7393],[-99.6229,18.7398],[-99.6309,18.7206],[-99.6615,18.7713],[-99.6972,18.7863],[-99.7092,18.7688],[-99.672,18.7135],[-99.737,18.7398],[-99.793,18.6307],[-99.8125,18.6409],[-99.8476,18.6055],[-99.8885,18.6187],[-99.9472,18.5879],[-99.9617,18.553],[-100.0016,18.5639],[-100.025,18.6069],[-100.0824,18.5879],[-100.0689,18.5644],[-100.09,18.5222],[-100.1742,18.4817],[-100.2364,18.4168],[-100.2595,18.4274],[-100.2709,18.3737],[-100.292,18.3816],[-100.3034,18.3669],[-100.3594,18.4235],[-100.3854,18.4265],[-100.362,18.4968],[-100.3737,18.5291],[-100.396,18.5405],[-100.4291,18.51],[-100.4494,18.5566],[-100.4297,18.5993],[-100.487,18.6404],[-100.4783,18.6869],[-100.4471,18.7016],[-100.4371,18.7506],[-100.4181,18.7595],[-100.4306,18.7832],[-100.4903,18.7893],[-100.4935,18.8239],[-100.5843,18.8582],[-100.6107,18.8873],[-100.6961,18.7941],[-100.71,18.8364],[-100.7639,18.8669],[-100.7918,18.8342],[-100.7825,18.8017],[-100.799,18.7845],[-100.7969,18.7463],[-100.7729,18.7326],[-100.7843,18.687],[-100.7703,18.6927],[-100.7512,18.6417],[-100.7649,18.5612],[-100.715,18.4864],[-100.6372,18.4577],[-100.5882,18.4121],[-100.643,18.3462],[-100.6767,18.3726],[-100.6911,18.4142],[-100.7227,18.4004],[-100.7374,18.4273],[-100.7776,18.4395],[-100.7982,18.4805],[-100.8385,18.4731],[-100.874,18.492],[-100.8944,18.4631],[-100.9145,18.4718],[-100.9223,18.4446],[-100.9574,18.4444],[-100.9737,18.482],[-101.006,18.4937],[-101.012,18.5275],[-101.0887,18.5059],[-101.2821,18.5447],[-101.3619,18.5202],[-101.3656,18.4999],[-101.4069,18.5125],[-101.4419,18.489],[-101.5074,18.4868],[-101.5836,18.521],[-101.6245,18.5992],[-101.7012,18.5879],[-101.7174,18.612],[-101.7623,18.6058],[-101.8438,18.5744],[-101.8823,18.5342],[-101.8879,18.4815],[-101.8604,18.4462],[-101.8893,18.4005],[-101.8557,18.3143],[-101.8829,18.2774],[-101.8632,18.2617],[-101.8968,18.2771],[-101.9066,18.2448],[-101.9734,18.2323],[-101.9781,18.2073],[-102.1425,18.1871],[-102.1783,18.1229],[-102.18,18.0007],[-102.1291,17.9668],[-102.1364,17.9431],[-102.0995,17.9827],[-102.1145,17.9884],[-102.0394,17.9887],[-101.8656,17.911],[-101.8582,17.9216],[-101.7817,17.8627],[-101.7462,17.7925],[-101.6378,17.7062],[-101.6485,17.6645],[-101.6064,17.6607],[-101.5727,17.6235],[-101.5514,17.6387],[-101.5527,17.6116],[-101.5036,17.6196],[-101.4503,17.5745],[-101.4417,17.5352],[-101.4174,17.5464],[-101.401,17.5192],[-101.4296,17.5365],[-101.4571,17.5258],[-101.2036,17.427],[-101.0567,17.3076],[-101.0615,17.2663],[-99.9886,16.9088],[-99.9227,16.8596],[-99.9154,16.8277],[-99.8941,16.8328],[-99.911,16.8419],[-99.8978,16.8541],[-99.8614,16.8549],[-99.8513,16.8365],[-99.8765,16.8147],[-99.8362,16.803],[-99.8572,16.7939],[-99.8139,16.7871],[-99.673,16.7016],[-99.6073,16.6851],[-99.6241,16.7482],[-99.5945,16.7974],[-99.6522,16.8551],[-99.6504,16.87],[-99.6109,16.8778],[-99.6428,16.9798],[-99.6135,17.0007],[-99.6416,16.9789],[-99.6102,16.8775],[-99.6511,16.8618],[-99.5937,16.7979],[-99.6232,16.7466],[-99.6027,16.6839],[-99.4336,16.6785],[-99.1205,16.6032],[-99.1369,16.6413],[-99.0884,16.6262],[-99.069,16.6378],[-99.0499,16.5982],[-99.1161,16.6022],[-98.9064,16.5345],[-98.8583,16.5284],[-98.8372,16.5502],[-98.773,16.5549],[-98.7286,16.503],[-98.7066,16.5249],[-98.4889,16.5769],[-98.5031,16.6586],[-98.5017,16.6135],[-98.4395,16.5707],[-98.4195,16.5908],[-98.4277,16.6202],[-98.3124,16.7017],[-98.4266,16.6185],[-98.4179,16.5889],[-98.4405,16.5689],[-98.4819,16.5934],[-98.55,16.5501],[-98.6556,16.5363],[-98.7281,16.5015],[-98.5526,16.316],[-98.5334,16.3516],[-98.4709,16.3812],[-98.3992,16.3805],[-98.3499,16.4444],[-98.3525,16.4894],[-98.3873,16.4978],[-98.3951,16.5468],[-98.33,16.5727],[-98.2694,16.5585],[-98.2034,16.5872],[-98.1938,16.6215],[-98.2285,16.6395],[-98.2434,16.6967],[-98.2335,16.7174],[-98.2015,16.7127],[-98.2003,16.6972],[-98.139,16.7238],[-98.1352,16.7584],[-98.1082,16.761],[-98.0723,16.8742],[-98.1113,16.9589],[-98.0575,17.0238],[-98.0302,17.0158],[-98.0073,17.0401],[-98.1534,17.1104],[-98.2226,17.1221],[-98.2031,17.2163],[-98.2443,17.2515],[-98.2885,17.2382],[-98.3235,17.2759],[-98.3048,17.3275],[-98.2874,17.329],[-98.3359,17.4563],[-98.329,17.4787],[-98.3119,17.4775],[-98.3295,17.533],[-98.377,17.6053],[-98.4102,17.5998],[-98.461,17.6304],[-98.4897,17.7034],[-98.4963,17.7688],[-98.425,17.8396],[-98.4242,17.8922],[-98.445,17.9223],[-98.4251,17.9357],[-98.4251,17.9769],[-98.5267,17.9963],[-98.5296,17.9758],[-98.5855,17.9749],[-98.6505,17.9332],[-98.7318,17.9826],[-98.8149,18.0017],[-98.7351,18.0451],[-98.7971,18.0626],[-98.8113,18.0506],[-98.813,18.0649],[-98.8698,18.0572],[-98.8524,18.1176],[-98.8819,18.1662],[-99.0001,18.1902],[-98.9891,18.2494],[-99.0193,18.2454],[-99.0169,18.2664],[-99.0637,18.2515],[-99.0532,18.2642],[-99.0694,18.2832],[-99.0518,18.2898],[-99.076,18.3428],[-99.0663,18.3678],[-99.1283,18.4273],[-99.1411,18.4752],[-99.1813,18.4484],[-99.1779,18.4247],[-99.2054,18.4566],[-99.3284,18.4595],[-99.3283,18.4888],[-99.3527,18.486],[-99.3434,18.4671],[-99.3574,18.4677],[-99.363,18.499],[-99.4229,18.5621],[-99.4197,18.5903],[-99.4539,18.6099],[-99.4944,18.7205]]]]},"properties":{"iso3":"MEX","shapeId":"31927357B20618267715210","regionId":"MEX.12_1","name":"Guerrero"}},{"type":"Feature","geometry":{"type":"Polygon","coordinates":[[[-97.985,20.517],[-98.0173,20.526],[-98.021,20.6268],[-98.0749,20.6765],[-98.0806,20.6335],[-98.1118,20.6159],[-98.158,20.5426],[-98.2287,20.5208],[-98.3121,20.4498],[-98.321,20.418],[-98.3861,20.4027],[-98.4604,20.3314],[-98.5174,20.3369],[-98.5488,20.3601],[-98.5497,20.4354],[-98.5973,20.4958],[-98.5347,20.5307],[-98.5122,20.5942],[-98.4802,20.589],[-98.4948,20.6443],[-98.4214,20.7443],[-98.5334,20.6627],[-98.5502,20.6894],[-98.5064,20.7331],[-98.5167,20.7429],[-98.5036,20.7322],[-98.4497,20.7513],[-98.4646,20.7725],[-98.4506,20.8215],[-98.4029,20.8584],[-98.3451,20.8649],[-98.3529,20.836],[-98.3148,20.8098],[-98.3447,20.7975],[-98.3285,20.7841],[-98.3078,20.8019],[-98.2988,20.7778],[-98.2337,20.7976],[-98.2247,20.8182],[-98.2538,20.8215],[-98.2655,20.8665],[-98.2249,20.9064],[-98.2394,20.923],[-98.2095,20.9671],[-98.215,20.9896],[-98.1883,21.0313],[-98.1612,21.0191],[-98.1474,21.0766],[-98.1749,21.1062],[-98.202,21.1064],[-98.2168,21.1515],[-98.2491,21.1294],[-98.2945,21.1472],[-98.2791,21.1928],[-98.3508,21.1571],[-98.4164,21.155],[-98.4797,21.2239],[-98.4684,21.2497],[-98.5165,21.2443],[-98.544,21.2639],[-98.4956,21.3404],[-98.4636,21.3502],[-98.4861,21.3985],[-98.5114,21.3625],[-98.5496,21.3846],[-98.6811,21.3462],[-98.5952,21.2832],[-98.6087,21.2014],[-98.6505,21.1809],[-98.6827,21.2006],[-98.6966,21.1615],[-98.7021,21.1851],[-98.7413,21.1928],[-98.7729,21.172],[-98.8081,21.1932],[-98.794,21.1602],[-98.8574,21.1893],[-98.8827,21.1796],[-98.945,21.3113],[-99.0551,21.2825],[-99.0512,21.2534],[-99.0735,21.2304],[-99.0524,21.2195],[-99.0431,21.1787],[-99.061,21.1544],[-99.0765,21.1735],[-99.0906,21.1531],[-99.1505,21.1478],[-99.2477,21.1013],[-99.3092,21.1473],[-99.3464,21.1009],[-99.3974,21.102],[-99.3632,21.0417],[-99.39,21.0041],[-99.3906,20.9523],[-99.4126,20.9054],[-99.4352,20.8994],[-99.4461,20.853],[-99.4887,20.8329],[-99.5038,20.7658],[-99.5485,20.7372],[-99.5019,20.659],[-99.5653,20.6404],[-99.6195,20.5914],[-99.6579,20.6018],[-99.6964,20.5744],[-99.8281,20.543],[-99.8595,20.2646],[-99.8419,20.2819],[-99.7194,20.1671],[-99.6769,20.1625],[-99.6597,20.1808],[-99.6306,20.1457],[-99.5996,20.1697],[-99.5122,20.1751],[-99.5018,20.1533],[-99.5181,20.1457],[-99.4369,20.0013],[-99.4502,19.9642],[-99.4778,19.9606],[-99.484,19.9052],[-99.4359,19.9031],[-99.4452,19.8843],[-99.415,19.8505],[-99.3732,19.8515],[-99.3824,19.7712],[-99.3446,19.7795],[-99.3387,19.802],[-99.3066,19.7977],[-99.2969,19.8352],[-99.2283,19.875],[-99.2056,19.9275],[-99.2278,19.9511],[-99.1586,20.0272],[-99.0854,20.0325],[-99.0638,20.0142],[-99.0596,19.974],[-99.0313,20.0149],[-99.0345,19.9718],[-99.0041,19.965],[-99.0216,19.987],[-98.989,20.0683],[-98.9467,20.0275],[-98.9427,19.9791],[-98.9956,19.9569],[-98.9998,19.9418],[-98.9561,19.9282],[-98.9535,19.8885],[-99.0206,19.8677],[-99.0082,19.8284],[-98.95,19.7996],[-98.9276,19.8434],[-98.906,19.8451],[-98.9118,19.881],[-98.8832,19.9015],[-98.8558,19.9043],[-98.7952,19.8564],[-98.7806,19.8835],[-98.7128,19.8538],[-98.6727,19.8628],[-98.6976,19.8321],[-98.6759,19.8132],[-98.6608,19.835],[-98.5969,19.7658],[-98.6081,19.7251],[-98.6329,19.7222],[-98.6239,19.6964],[-98.6399,19.6711],[-98.6197,19.6612],[-98.6701,19.6587],[-98.6656,19.6062],[-98.6098,19.602],[-98.5664,19.6411],[-98.5504,19.6186],[-98.5356,19.6344],[-98.5192,19.6024],[-98.4902,19.62],[-98.3817,19.6094],[-98.3238,19.6853],[-98.3317,19.7223],[-98.2486,19.7192],[-98.1957,19.7416],[-98.1944,19.7654],[-98.2348,19.777],[-98.2671,19.8433],[-98.315,19.8551],[-98.2678,19.9161],[-98.2481,19.9175],[-98.2516,19.9481],[-98.1604,19.9781],[-98.1809,20.047],[-98.1597,20.0926],[-98.0979,20.1454],[-98.1396,20.1501],[-98.128,20.1859],[-98.1759,20.2542],[-98.2705,20.2158],[-98.2844,20.2628],[-98.254,20.3013],[-98.1791,20.2938],[-98.1813,20.3365],[-98.1268,20.3362],[-98.0705,20.4303],[-98.0114,20.4558],[-97.985,20.517]]]},"properties":{"iso3":"MEX","shapeId":"31927357B12556965236767","regionId":"MEX.13_1","name":"Hidalgo"}},{"type":"Feature","geometry":{"type":"MultiPolygon","coordinates":[[[[-104.6804,19.1929],[-104.6833,19.1951],[-104.6816,19.1958],[-104.6821,19.1971],[-104.6856,19.1969],[-104.6887,19.1986],[-104.6893,19.1968],[-104.6913,19.1964],[-104.69,19.1952],[-104.6914,19.1887],[-104.6953,19.1869],[-104.6973,19.1878],[-104.6987,19.183],[-104.7031,19.1795],[-104.6975,19.1787],[-104.698,19.1755],[-104.6956,19.1757],[-104.6953,19.1772],[-104.6948,19.1758],[-104.6933,19.1763],[-104.6935,19.1734],[-104.6902,19.1765],[-104.6881,19.1848],[-104.6852,19.1848],[-104.685,19.1824],[-104.6809,19.1838],[-104.6803,19.1855],[-104.6827,19.1876],[-104.6816,19.1886],[-104.6836,19.19],[-104.6804,19.1929]]],[[[-104.8138,19.2255],[-104.8141,19.2317],[-104.8169,19.2232],[-104.8138,19.2255]]],[[[-104.8121,19.2328],[-104.8135,19.2344],[-104.8137,19.2317],[-104.8121,19.2328]]],[[[-104.8754,19.2728],[-104.8778,19.2737],[-104.8774,19.2724],[-104.8754,19.2728]]],[[[-105.0345,19.3903],[-105.0356,19.3909],[-105.0358,19.3887],[-105.0343,19.389],[-105.0345,19.3903]]],[[[-105.066,19.479],[-105.0685,19.4777],[-105.064,19.4776],[-105.066,19.479]]],[[[-105.0862,19.5228],[-105.087,19.5213],[-105.0856,19.521],[-105.0862,19.5228]]],[[[-105.0933,19.5266],[-105.0958,19.5259],[-105.092,19.5222],[-105.0904,19.5238],[-105.0933,19.5266]]],[[[-105.0881,19.5319],[-105.0882,19.5332],[-105.0896,19.5329],[-105.0897,19.5318],[-105.0881,19.5319]]],[[[-105.0881,19.5356],[-105.0887,19.5339],[-105.0871,19.5347],[-105.0881,19.5356]]],[[[-105.0928,19.5384],[-105.0927,19.5399],[-105.095,19.5401],[-105.0946,19.538],[-105.0928,19.5384]]],[[[-105.1084,19.5511],[-105.1097,19.5518],[-105.1112,19.5505],[-105.113,19.5452],[-105.1094,19.5441],[-105.1094,19.5465],[-105.1063,19.5493],[-105.1084,19.5511]]],[[[-105.1109,19.5601],[-105.1113,19.5618],[-105.1136,19.5615],[-105.1126,19.5599],[-105.1137,19.5604],[-105.1144,19.5579],[-105.1159,19.5582],[-105.1168,19.5552],[-105.1138,19.5575],[-105.1117,19.5573],[-105.1109,19.5601]]],[[[-105.1459,19.5809],[-105.1475,19.5803],[-105.1455,19.58],[-105.1459,19.5809]]],[[[-102.7453,21.7201],[-102.7665,21.6869],[-102.8053,21.6713],[-102.7734,21.6583],[-102.7647,21.5961],[-102.6951,21.5729],[-102.6964,21.543],[-102.6307,21.534],[-102.6422,21.5187],[-102.6248,21.5014],[-102.655,21.4466],[-102.6426,21.3672],[-102.6778,21.3409],[-102.7291,21.3874],[-102.728,21.3571],[-102.7553,21.3232],[-102.7889,21.3295],[-102.7985,21.3069],[-102.812,21.3237],[-102.8152,21.2947],[-102.8488,21.2932],[-102.8448,21.2773],[-102.8766,21.2366],[-102.903,21.2352],[-102.9107,21.2052],[-102.9969,21.2597],[-103.017,21.241],[-103.0449,21.2624],[-103.0655,21.2558],[-103.0843,21.1941],[-103.0714,21.1529],[-103.0985,21.1285],[-103.0758,21.0969],[-103.0565,21.0993],[-103.1273,21.0535],[-103.2096,21.0942],[-103.2582,21.0831],[-103.2757,21.0514],[-103.2966,21.0648],[-103.3402,21.0422],[-103.3855,21.0674],[-103.4286,21.1467],[-103.5041,21.1277],[-103.511,21.1462],[-103.5315,21.142],[-103.5537,21.1167],[-103.5917,21.1286],[-103.6186,21.1888],[-103.6673,21.216],[-103.6402,21.2221],[-103.634,21.2823],[-103.6667,21.2905],[-103.7136,21.2667],[-103.7221,21.2839],[-103.7051,21.3255],[-103.6774,21.3199],[-103.6169,21.3534],[-103.5785,21.3302],[-103.5676,21.3522],[-103.51,21.3549],[-103.5039,21.3768],[-103.5387,21.4448],[-103.5759,21.4362],[-103.5953,21.3909],[-103.6265,21.4345],[-103.6608,21.4416],[-103.6587,21.4637],[-103.7015,21.4663],[-103.6726,21.5055],[-103.6945,21.5289],[-103.6871,21.556],[-103.6583,21.5559],[-103.6449,21.5765],[-103.5929,21.5592],[-103.5905,21.5898],[-103.5452,21.5876],[-103.5555,21.6341],[-103.5085,21.7397],[-103.5726,21.8035],[-103.5261,21.8051],[-103.5314,21.8178],[-103.5028,21.8331],[-103.4705,21.8135],[-103.4724,21.836],[-103.4554,21.8328],[-103.4139,21.9055],[-103.3441,21.9135],[-103.3414,21.9404],[-103.2786,21.9897],[-103.2647,21.9718],[-103.2056,21.9652],[-103.1918,21.9744],[-103.2017,21.9986],[-103.1115,22.0143],[-103.1079,22.0634],[-103.1543,22.0722],[-103.1528,22.0876],[-103.077,22.1255],[-103.1088,22.1443],[-103.1061,22.1914],[-103.0548,22.2138],[-103.0555,22.2473],[-103.101,22.294],[-103.1906,22.2985],[-103.2206,22.2805],[-103.2082,22.3331],[-103.1686,22.3546],[-103.1686,22.385],[-103.1988,22.3806],[-103.2134,22.4101],[-103.2321,22.3934],[-103.2852,22.4142],[-103.3647,22.3695],[-103.3667,22.351],[-103.343,22.3351],[-103.3638,22.3145],[-103.3557,22.2798],[-103.3069,22.3063],[-103.3139,22.2587],[-103.2951,22.2533],[-103.3119,22.2333],[-103.3377,22.2452],[-103.409,22.2154],[-103.4172,22.1905],[-103.4341,22.1908],[-103.4197,22.1775],[-103.4395,22.1176],[-103.5016,22.1056],[-103.5146,22.1291],[-103.5427,22.1206],[-103.5601,22.1366],[-103.6047,22.0979],[-103.6838,22.1092],[-103.6903,22.1301],[-103.5949,22.2731],[-103.6378,22.2952],[-103.6421,22.3409],[-103.6048,22.3401],[-103.594,22.4072],[-103.5592,22.4284],[-103.6028,22.5568],[-103.661,22.5471],[-103.7266,22.5741],[-103.7691,22.5558],[-103.8112,22.3767],[-103.8454,22.3428],[-103.8286,22.2866],[-103.8629,22.1669],[-103.9179,22.262],[-103.9261,22.3321],[-103.8669,22.4094],[-103.8947,22.4382],[-103.8761,22.4412],[-103.8854,22.4735],[-103.864,22.4914],[-103.8752,22.5216],[-103.8518,22.5536],[-103.8607,22.5676],[-103.761,22.6256],[-103.752,22.7116],[-103.7747,22.7339],[-103.8983,22.7283],[-103.9093,22.7501],[-104.013,22.7476],[-104.0559,22.724],[-104.0477,22.7122],[-104.073,22.6932],[-104.0155,22.6689],[-104.027,22.6132],[-103.9862,22.5909],[-104.0008,22.5668],[-103.9723,22.5451],[-104.0056,22.5366],[-103.9344,22.4999],[-103.9294,22.4761],[-104.0059,22.4087],[-104.0151,22.3648],[-104.0488,22.3764],[-104.0942,22.355],[-104.0515,22.4674],[-104.0777,22.5323],[-104.1208,22.517],[-104.1135,22.4966],[-104.1504,22.5163],[-104.2148,22.4842],[-104.1857,22.4714],[-104.1951,22.4476],[-104.1675,22.4452],[-104.1789,22.4274],[-104.1646,22.3919],[-104.2207,22.4211],[-104.2583,22.3847],[-104.2547,22.3488],[-104.2984,22.3478],[-104.2849,22.2971],[-104.3287,22.2454],[-104.3732,22.1026],[-104.3707,21.9762],[-104.3269,21.9754],[-104.2941,22.0028],[-104.246,21.9669],[-104.1933,21.9854],[-104.1737,21.9634],[-104.201,21.8915],[-104.1722,21.8713],[-104.197,21.8508],[-104.1617,21.8098],[-104.1304,21.7905],[-103.9217,21.7703],[-103.9318,21.7434],[-103.9028,21.7163],[-103.8959,21.7277],[-103.8877,21.6978],[-103.9282,21.6492],[-103.9077,21.6187],[-103.9174,21.5798],[-103.8563,21.5524],[-103.8599,21.5247],[-103.8237,21.493],[-103.7741,21.4984],[-103.7209,21.4254],[-103.7644,21.4103],[-103.7673,21.3884],[-103.7413,21.3741],[-103.7494,21.3367],[-103.8036,21.3003],[-103.8357,21.241],[-103.8619,21.2489],[-103.8984,21.2265],[-103.9311,21.2625],[-103.924,21.2346],[-103.9735,21.2563],[-104.0175,21.2272],[-104.028,21.1947],[-104.0528,21.2054],[-104.0686,21.1868],[-104.0857,21.2054],[-104.1108,21.1886],[-104.2028,21.1928],[-104.2194,21.1766],[-104.2109,21.1186],[-104.2427,21.0273],[-104.2232,21.0013],[-104.2331,20.9687],[-104.2013,20.9592],[-104.2066,20.9364],[-104.2909,20.8878],[-104.2791,20.8645],[-104.2954,20.8455],[-104.3618,20.8409],[-104.3504,20.8116],[-104.3759,20.7841],[-104.3283,20.7981],[-104.2976,20.7708],[-104.2829,20.7835],[-104.2418,20.7134],[-104.2536,20.6034],[-104.282,20.629],[-104.2885,20.6892],[-104.3775,20.7424],[-104.4141,20.7938],[-104.4999,20.8382],[-104.5569,20.9242],[-104.681,20.9438],[-104.6811,20.9607],[-104.7294,20.9832],[-104.7314,21.0125],[-104.8381,21.02],[-104.9005,20.9463],[-104.9672,20.9095],[-105.0063,20.9225],[-105.0316,20.9092],[-105.0474,20.9344],[-105.0807,20.9314],[-105.1419,20.8872],[-105.1741,20.8133],[-105.1734,20.7677],[-105.197,20.7772],[-105.2399,20.7474],[-105.2426,20.7042],[-105.2784,20.682],[-105.2414,20.6556],[-105.233,20.6154],[-105.2578,20.5577],[-105.3166,20.5115],[-105.6041,20.4758],[-105.6713,20.4259],[-105.6724,20.4074],[-105.6948,20.4091],[-105.6562,20.3177],[-105.5543,20.2248],[-105.5496,20.0946],[-105.4906,19.9891],[-105.2644,19.6793],[-105.1527,19.6035],[-105.1423,19.5751],[-105.1195,19.5873],[-105.089,19.5605],[-105.0815,19.5054],[-105.0602,19.4954],[-105.0591,19.4711],[-105.0731,19.4711],[-105.0246,19.4353],[-105.0276,19.3835],[-104.8767,19.2809],[-104.837,19.2898],[-104.8307,19.3076],[-104.8012,19.3008],[-104.7887,19.2818],[-104.8089,19.2332],[-104.7327,19.2394],[-104.734,19.2217],[-104.6998,19.2208],[-104.6565,19.1938],[-104.6635,19.1831],[-104.6188,19.1809],[-104.6128,19.1555],[-104.5898,19.1501],[-104.6003,19.1791],[-104.5769,19.1802],[-104.5691,19.2187],[-104.5303,19.2598],[-104.4717,19.2288],[-104.4393,19.278],[-104.4009,19.2891],[-104.4013,19.2668],[-104.3743,19.2819],[-104.3619,19.2691],[-104.2612,19.3118],[-104.1917,19.2922],[-104.1798,19.3126],[-104.123,19.319],[-104.1333,19.3537],[-104.0902,19.393],[-104.0617,19.4977],[-103.8995,19.4345],[-103.9088,19.4536],[-103.8893,19.4636],[-103.8565,19.4313],[-103.8241,19.4378],[-103.8193,19.4087],[-103.7183,19.4535],[-103.69,19.4924],[-103.6183,19.5125],[-103.6154,19.475],[-103.5743,19.4116],[-103.4864,19.3379],[-103.5092,19.2951],[-103.5152,19.2114],[-103.4976,19.1746],[-103.5265,19.0787],[-103.4885,19.0276],[-103.4944,18.9701],[-103.4727,18.9911],[-103.4114,18.9677],[-103.3325,18.9733],[-103.2239,19.0241],[-103.2045,18.9676],[-103.1496,18.9259],[-103.0525,18.9981],[-103.0632,19.0279],[-102.9908,19.0534],[-103.016,19.0792],[-103.0197,19.1324],[-102.9776,19.1201],[-102.9601,19.1741],[-102.8654,19.2113],[-102.8244,19.2057],[-102.7538,19.2558],[-102.7127,19.2358],[-102.6988,19.2499],[-102.7007,19.2245],[-102.6621,19.2188],[-102.5768,19.4239],[-102.5437,19.4296],[-102.5686,19.4455],[-102.5427,19.478],[-102.5759,19.4981],[-102.5819,19.5283],[-102.6575,19.4872],[-102.6895,19.5134],[-102.7381,19.4934],[-102.7107,19.5411],[-102.7266,19.5861],[-102.7159,19.6029],[-102.7758,19.6277],[-102.8057,19.6748],[-102.7805,19.7043],[-102.8195,19.7779],[-102.7923,19.8141],[-102.7394,19.8158],[-102.7533,19.8341],[-102.7304,19.8532],[-102.7312,19.8995],[-102.7706,19.9299],[-102.7769,19.9602],[-102.9026,19.9669],[-102.9512,19.9966],[-103.0252,19.9605],[-103.0515,19.9916],[-103.0207,20.0473],[-103.0444,20.1236],[-103.0048,20.1382],[-102.9706,20.1254],[-102.9578,20.1412],[-102.9264,20.1296],[-102.954,20.1666],[-102.9384,20.1714],[-102.866,20.1624],[-102.8163,20.106],[-102.8019,20.123],[-102.8193,20.1372],[-102.6797,20.1715],[-102.679,20.2269],[-102.6273,20.2294],[-102.6101,20.2691],[-102.5286,20.271],[-102.5305,20.2958],[-102.5054,20.3159],[-102.4335,20.3411],[-102.3667,20.3278],[-102.3066,20.3582],[-102.2542,20.3353],[-102.1754,20.356],[-102.1582,20.367],[-102.1682,20.3787],[-102.1089,20.378],[-102.0709,20.409],[-102.0766,20.4282],[-102.044,20.4566],[-102.0141,20.5426],[-101.9739,20.5418],[-101.9511,20.6074],[-101.9681,20.6636],[-102.0138,20.6644],[-102.0144,20.7171],[-102.0377,20.7174],[-102.0345,20.7421],[-102.0645,20.7387],[-102.0676,20.7722],[-102.0959,20.7801],[-102.0799,20.8291],[-102.0218,20.8622],[-101.9799,20.925],[-101.9389,20.9306],[-101.875,21.0929],[-101.8177,21.107],[-101.8334,21.1373],[-101.8118,21.1412],[-101.804,21.1663],[-101.7811,21.1605],[-101.7597,21.2676],[-101.6432,21.2993],[-101.6428,21.3551],[-101.6776,21.3951],[-101.5704,21.4185],[-101.6413,21.5266],[-101.5802,21.6255],[-101.5961,21.6371],[-101.5691,21.6923],[-101.584,21.7096],[-101.5709,21.7043],[-101.5577,21.7351],[-101.5797,21.7364],[-101.5857,21.7788],[-101.5388,21.7773],[-101.5105,21.7991],[-101.566,21.842],[-101.5698,21.9171],[-101.5958,21.91],[-101.6167,21.9294],[-101.6501,21.9074],[-101.6591,21.9416],[-101.751,22.0146],[-101.8617,22.0289],[-101.8638,21.99],[-101.8913,21.9766],[-101.9126,21.9975],[-101.8858,21.9326],[-101.8353,21.9418],[-101.838,21.9073],[-101.8802,21.9101],[-102.0384,21.8532],[-102.0417,21.8231],[-102.1421,21.7054],[-102.2143,21.6948],[-102.2336,21.6532],[-102.304,21.6667],[-102.2954,21.6531],[-102.3257,21.6223],[-102.4611,21.6793],[-102.4569,21.6981],[-102.6335,21.7673],[-102.7453,21.7201]]]]},"properties":{"iso3":"MEX","shapeId":"31927357B65869129959700","regionId":"MEX.14_1","name":"Jalisco"}},{"type":"Feature","geometry":{"type":"Polygon","coordinates":[[[-98.979,19.0745],[-98.9156,19.0641],[-98.871,19.0254],[-98.8595,18.9648],[-98.7921,18.9353],[-98.714,18.943],[-98.6199,19.0351],[-98.647,19.1848],[-98.6275,19.2578],[-98.6635,19.3248],[-98.6606,19.3517],[-98.6381,19.3589],[-98.6555,19.3735],[-98.6602,19.4321],[-98.6347,19.4299],[-98.7084,19.5476],[-98.6617,19.6101],[-98.6701,19.6587],[-98.6197,19.6612],[-98.6399,19.6711],[-98.6239,19.6964],[-98.6329,19.7222],[-98.6032,19.7326],[-98.6122,19.7864],[-98.6608,19.835],[-98.6759,19.8132],[-98.6976,19.8321],[-98.6727,19.8628],[-98.7128,19.8538],[-98.7806,19.8835],[-98.7952,19.8564],[-98.8558,19.9043],[-98.9118,19.881],[-98.906,19.8451],[-98.9276,19.8434],[-98.95,19.7996],[-99.0082,19.8284],[-99.0206,19.8677],[-98.9535,19.8885],[-98.9561,19.9282],[-98.9998,19.9418],[-98.9956,19.9569],[-98.9427,19.9791],[-98.9467,20.0275],[-98.989,20.0683],[-99.0216,19.987],[-99.0041,19.965],[-99.0345,19.9718],[-99.0313,20.0149],[-99.0596,19.974],[-99.0638,20.0142],[-99.0854,20.0325],[-99.1586,20.0272],[-99.2278,19.9511],[-99.2056,19.9275],[-99.2283,19.875],[-99.2969,19.8352],[-99.3066,19.7977],[-99.3387,19.802],[-99.3446,19.7795],[-99.3824,19.7712],[-99.3732,19.8515],[-99.415,19.8505],[-99.4452,19.8843],[-99.4359,19.9031],[-99.484,19.9052],[-99.4778,19.9606],[-99.4502,19.9642],[-99.4369,20.0013],[-99.5181,20.1457],[-99.5018,20.1533],[-99.5122,20.1751],[-99.5996,20.1697],[-99.6306,20.1457],[-99.6597,20.1808],[-99.6769,20.1625],[-99.7194,20.1671],[-99.8419,20.2819],[-99.8595,20.2646],[-99.9152,20.2855],[-99.9341,20.2498],[-99.9185,20.2118],[-99.9509,20.2159],[-99.977,20.2724],[-99.9865,20.2571],[-99.9652,20.2012],[-99.9219,20.1587],[-99.9362,20.1625],[-99.9422,20.1201],[-99.9263,20.0643],[-99.9802,20.0591],[-99.9785,20.074],[-100.0004,20.0775],[-100.0888,20.015],[-100.1533,20.0537],[-100.1551,20.0074],[-100.116,20.0061],[-100.1301,19.9162],[-100.0634,19.8546],[-100.1315,19.852],[-100.1482,19.7282],[-100.1921,19.6971],[-100.2295,19.7022],[-100.2341,19.72],[-100.274,19.6723],[-100.2475,19.6345],[-100.2375,19.5572],[-100.2147,19.5528],[-100.1964,19.5317],[-100.2019,19.4995],[-100.1777,19.4926],[-100.201,19.4928],[-100.2064,19.4704],[-100.1899,19.4397],[-100.2374,19.4035],[-100.2931,19.3951],[-100.3233,19.3068],[-100.3199,19.253],[-100.3731,19.1942],[-100.3616,19.1547],[-100.3895,19.1429],[-100.4104,19.0642],[-100.5299,19.0093],[-100.5438,18.9347],[-100.6132,18.887],[-100.5664,18.8486],[-100.5022,18.8309],[-100.4903,18.7893],[-100.4306,18.7832],[-100.4181,18.7595],[-100.4371,18.7506],[-100.4471,18.7016],[-100.4783,18.6869],[-100.487,18.6404],[-100.4297,18.5993],[-100.4494,18.5566],[-100.4291,18.51],[-100.396,18.5405],[-100.3737,18.5291],[-100.362,18.4968],[-100.3854,18.4265],[-100.3594,18.4235],[-100.3034,18.3669],[-100.292,18.3816],[-100.2709,18.3737],[-100.2595,18.4274],[-100.2364,18.4168],[-100.1742,18.4817],[-100.09,18.5222],[-100.0689,18.5644],[-100.0824,18.5879],[-100.025,18.6069],[-100.0016,18.5639],[-99.9617,18.553],[-99.9472,18.5879],[-99.8885,18.6187],[-99.8476,18.6055],[-99.8125,18.6409],[-99.793,18.6307],[-99.737,18.7398],[-99.672,18.7135],[-99.7092,18.7688],[-99.6972,18.7863],[-99.6615,18.7713],[-99.6309,18.7206],[-99.6229,18.7398],[-99.5899,18.7393],[-99.5698,18.7055],[-99.5364,18.6938],[-99.4944,18.7205],[-99.4259,18.8264],[-99.4294,18.8776],[-99.367,18.894],[-99.3087,18.9588],[-99.3183,19.0874],[-99.2787,19.1317],[-99.3153,19.2292],[-99.3649,19.2778],[-99.3566,19.3067],[-99.3131,19.3704],[-99.2223,19.4269],[-99.2093,19.5124],[-99.1572,19.5028],[-99.176,19.532],[-99.1568,19.5281],[-99.1581,19.5574],[-99.1237,19.5928],[-99.1081,19.5649],[-99.128,19.5245],[-99.0639,19.4988],[-99.0465,19.4424],[-99.0581,19.4007],[-98.9919,19.3676],[-98.9579,19.3232],[-98.9765,19.2531],[-98.9403,19.2232],[-98.9685,19.2106],[-98.9524,19.1686],[-98.9674,19.1644],[-98.9591,19.1043],[-98.979,19.0745]]]},"properties":{"iso3":"MEX","shapeId":"31927357B41082348713023","regionId":"MEX.15_1","name":"Mexico"}},{"type":"Feature","geometry":{"type":"MultiPolygon","coordinates":[[[[-102.1826,17.915],[-102.1714,17.9206],[-102.178,17.9253],[-102.1814,17.9243],[-102.1826,17.915]]],[[[-102.1639,17.9225],[-102.1633,17.926],[-102.1651,17.9233],[-102.1639,17.9225]]],[[[-102.1824,17.9993],[-102.1871,18.0261],[-102.2067,18.0116],[-102.1813,17.9358],[-102.1717,17.9571],[-102.1539,17.949],[-102.1784,17.9282],[-102.1398,17.9362],[-102.1388,17.969],[-102.1824,17.9993]]],[[[-102.7826,18.0846],[-102.7861,18.0893],[-102.7854,18.0875],[-102.7874,18.0832],[-102.7829,18.082],[-102.7826,18.0846]]],[[[-103.7273,18.7032],[-103.7381,18.6843],[-103.7002,18.6645],[-103.6856,18.6254],[-103.7087,18.5935],[-103.5812,18.5037],[-103.4916,18.3293],[-103.3616,18.2649],[-103.3571,18.317],[-103.3513,18.2682],[-103.2922,18.2478],[-103.2425,18.2448],[-103.1116,18.191],[-103.0312,18.1881],[-102.7595,18.0709],[-102.5589,18.0332],[-102.5562,18.052],[-102.5566,18.0329],[-102.3101,17.9698],[-102.1866,17.9149],[-102.188,17.9862],[-102.2093,18.0087],[-102.1786,18.0397],[-102.1618,18.1641],[-102.1425,18.1871],[-101.9781,18.2073],[-101.9734,18.2323],[-101.9066,18.2448],[-101.8968,18.2771],[-101.8632,18.2617],[-101.8829,18.2774],[-101.8557,18.3143],[-101.8893,18.4005],[-101.8604,18.4462],[-101.8879,18.4815],[-101.8823,18.5342],[-101.8438,18.5744],[-101.7827,18.6002],[-101.7174,18.612],[-101.7012,18.5879],[-101.6245,18.5992],[-101.5836,18.521],[-101.5074,18.4868],[-101.4419,18.489],[-101.4069,18.5125],[-101.3656,18.4999],[-101.3619,18.5202],[-101.2821,18.5447],[-101.0887,18.5059],[-101.012,18.5275],[-101.006,18.4937],[-100.9737,18.482],[-100.9574,18.4444],[-100.9223,18.4446],[-100.9145,18.4718],[-100.8944,18.4631],[-100.874,18.492],[-100.8385,18.4731],[-100.7982,18.4805],[-100.7776,18.4395],[-100.7374,18.4273],[-100.7227,18.4004],[-100.6911,18.4142],[-100.6767,18.3726],[-100.643,18.3462],[-100.5882,18.4121],[-100.7442,18.5181],[-100.7649,18.5612],[-100.7512,18.6417],[-100.7703,18.6927],[-100.7843,18.687],[-100.7729,18.7326],[-100.7969,18.7463],[-100.7918,18.8342],[-100.7484,18.8679],[-100.71,18.8364],[-100.6961,18.7941],[-100.5932,18.9153],[-100.5438,18.9347],[-100.5299,19.0093],[-100.4104,19.0642],[-100.3895,19.1429],[-100.3616,19.1547],[-100.3731,19.1942],[-100.3199,19.253],[-100.3233,19.3068],[-100.3007,19.3427],[-100.3124,19.3624],[-100.2931,19.3951],[-100.2374,19.4035],[-100.1899,19.4397],[-100.2064,19.4704],[-100.201,19.4928],[-100.1777,19.4926],[-100.2019,19.4995],[-100.1964,19.5317],[-100.2147,19.5528],[-100.2375,19.5572],[-100.2475,19.6345],[-100.274,19.6723],[-100.2341,19.72],[-100.2295,19.7022],[-100.1921,19.6971],[-100.1482,19.7282],[-100.1315,19.852],[-100.0634,19.8546],[-100.1301,19.9162],[-100.116,20.0061],[-100.1577,20.0179],[-100.1533,20.0537],[-100.1381,20.0476],[-100.1645,20.0783],[-100.2029,20.0766],[-100.1974,20.1299],[-100.2356,20.1435],[-100.1919,20.176],[-100.1811,20.2088],[-100.2605,20.2675],[-100.3458,20.298],[-100.3236,20.2519],[-100.3552,20.219],[-100.3403,20.1897],[-100.3973,20.097],[-100.3583,20.0649],[-100.3629,19.9899],[-100.4658,19.9874],[-100.5117,19.9582],[-100.5199,19.9188],[-100.536,19.923],[-100.5282,19.9743],[-100.5907,19.9568],[-100.5567,19.9873],[-100.5956,19.9917],[-100.6176,19.9577],[-100.6604,19.9645],[-100.7488,19.9128],[-100.7788,19.9151],[-100.7921,19.9556],[-100.8243,19.9783],[-100.8358,19.9346],[-100.9475,19.9625],[-100.9479,19.9336],[-100.9718,19.93],[-101.0047,19.9662],[-100.9676,20.0113],[-101.0081,20.0281],[-101.014,20.0457],[-100.9928,20.0649],[-101.0429,20.092],[-101.1331,20.06],[-101.1752,20.0971],[-101.1716,20.0735],[-101.1963,20.0572],[-101.1604,20.0402],[-101.2015,20.0257],[-101.2031,20.0072],[-101.253,20.0355],[-101.4017,20.035],[-101.3875,20.083],[-101.4047,20.0802],[-101.4087,20.1231],[-101.3894,20.1349],[-101.4225,20.1632],[-101.4199,20.2016],[-101.3632,20.1958],[-101.3526,20.2349],[-101.4206,20.2752],[-101.4559,20.2672],[-101.4402,20.3052],[-101.4726,20.3312],[-101.5011,20.3117],[-101.5229,20.3323],[-101.5658,20.3157],[-101.5831,20.3274],[-101.6011,20.298],[-101.6247,20.3146],[-101.6255,20.267],[-101.6425,20.2676],[-101.6463,20.2387],[-101.6633,20.2376],[-101.6685,20.2131],[-101.6869,20.2172],[-101.6979,20.1897],[-101.7312,20.2148],[-101.7594,20.2017],[-101.7866,20.2193],[-101.8249,20.2018],[-101.8339,20.2248],[-101.8881,20.1884],[-101.893,20.2038],[-101.9179,20.1951],[-101.9079,20.2152],[-101.9306,20.2081],[-101.9399,20.2271],[-101.9512,20.2716],[-101.9345,20.2977],[-101.9635,20.3186],[-101.9453,20.3427],[-101.9964,20.3596],[-102.0158,20.3293],[-102.0136,20.3939],[-102.065,20.3749],[-102.1682,20.3787],[-102.1582,20.367],[-102.1754,20.356],[-102.2542,20.3353],[-102.3066,20.3582],[-102.3667,20.3278],[-102.4335,20.3411],[-102.5054,20.3159],[-102.5305,20.2958],[-102.5286,20.271],[-102.6101,20.2691],[-102.6273,20.2294],[-102.679,20.2269],[-102.6797,20.1715],[-102.8193,20.1372],[-102.8019,20.123],[-102.8163,20.106],[-102.866,20.1624],[-102.9541,20.1709],[-102.9264,20.1296],[-102.9578,20.1412],[-102.9706,20.1254],[-103.0048,20.1382],[-103.0444,20.1236],[-103.0207,20.0473],[-103.0515,19.9916],[-103.0162,19.9593],[-102.9512,19.9966],[-102.9026,19.9669],[-102.7753,19.9586],[-102.7706,19.9299],[-102.7312,19.8995],[-102.7304,19.8532],[-102.7533,19.8341],[-102.7394,19.8158],[-102.7923,19.8141],[-102.8195,19.7779],[-102.7805,19.7043],[-102.8057,19.6748],[-102.7758,19.6277],[-102.7159,19.6029],[-102.7266,19.5861],[-102.7107,19.5411],[-102.7381,19.4934],[-102.6895,19.5134],[-102.6575,19.4872],[-102.5819,19.5283],[-102.5759,19.4981],[-102.5427,19.478],[-102.5686,19.4455],[-102.5437,19.4296],[-102.5768,19.4239],[-102.6699,19.2124],[-102.7007,19.2245],[-102.6966,19.2488],[-102.7127,19.2358],[-102.7538,19.2558],[-102.8244,19.2057],[-102.8654,19.2113],[-102.9601,19.1741],[-102.9776,19.1201],[-103.0197,19.1324],[-103.016,19.0792],[-102.9908,19.0534],[-103.0632,19.0279],[-103.0525,18.9981],[-103.0881,18.9841],[-103.125,18.9301],[-103.1734,18.9363],[-103.2239,19.0241],[-103.3325,18.9733],[-103.4114,18.9677],[-103.4727,18.9911],[-103.5732,18.8713],[-103.6303,18.8853],[-103.6406,18.8672],[-103.6172,18.8429],[-103.62,18.8014],[-103.7003,18.7544],[-103.7273,18.7032]]]]},"properties":{"iso3":"MEX","shapeId":"31927357B49073316106075","regionId":"MEX.16_1","name":"Michoacán De Ocampo"}},{"type":"Feature","geometry":{"type":"Polygon","coordinates":[[[-99.2787,19.1317],[-99.3183,19.0874],[-99.3172,18.94],[-99.367,18.894],[-99.4294,18.8776],[-99.4259,18.8264],[-99.4944,18.7205],[-99.4539,18.6099],[-99.4197,18.5903],[-99.4229,18.5621],[-99.363,18.499],[-99.3574,18.4677],[-99.3434,18.4671],[-99.3527,18.486],[-99.3283,18.4888],[-99.3284,18.4595],[-99.2054,18.4566],[-99.1779,18.4247],[-99.1813,18.4484],[-99.1411,18.4752],[-99.1283,18.4273],[-99.0663,18.3678],[-99.066,18.3326],[-99.0182,18.3878],[-98.9879,18.3971],[-98.9854,18.4212],[-98.9352,18.4229],[-98.9122,18.4621],[-98.8504,18.478],[-98.8278,18.5239],[-98.7522,18.4539],[-98.7067,18.4451],[-98.7114,18.6165],[-98.7419,18.7022],[-98.7159,18.7392],[-98.7535,18.743],[-98.6613,18.8978],[-98.6814,18.9072],[-98.7135,18.8672],[-98.7073,18.9029],[-98.6781,18.9237],[-98.6329,19.0155],[-98.6645,19.0036],[-98.714,18.943],[-98.7921,18.9353],[-98.8595,18.9648],[-98.871,19.0254],[-98.9156,19.0641],[-99.029,19.0854],[-99.0598,19.0482],[-99.1254,19.0621],[-99.1354,19.0893],[-99.2268,19.0961],[-99.2787,19.1317]]]},"properties":{"iso3":"MEX","shapeId":"31927357B72315499763974","regionId":"MEX.17_1","name":"Morelos"}},{"type":"Feature","geometry":{"type":"MultiPolygon","coordinates":[[[[-105.2728,21.0465],[-105.2719,21.0494],[-105.2748,21.0499],[-105.2747,21.0473],[-105.2728,21.0465]]],[[[-106.2512,21.3318],[-106.2574,21.3335],[-106.2597,21.3309],[-106.2566,21.3262],[-106.2513,21.3247],[-106.2413,21.326],[-106.2387,21.3319],[-106.2512,21.3318]]],[[[-106.2294,21.325],[-106.2283,21.33],[-106.2301,21.3344],[-106.2313,21.3345],[-106.2312,21.3328],[-106.2331,21.3317],[-106.2326,21.3283],[-106.2294,21.325]]],[[[-106.4344,21.4939],[-106.4939,21.4661],[-106.3864,21.4198],[-106.3803,21.4484],[-106.3586,21.4553],[-106.3712,21.4807],[-106.4344,21.4939]]],[[[-106.6549,21.6952],[-106.629,21.5986],[-106.5327,21.5444],[-106.5057,21.6033],[-106.5374,21.6328],[-106.5363,21.6581],[-106.5982,21.6903],[-106.6549,21.6952]]],[[[-105.2952,21.7157],[-105.294,21.72],[-105.2965,21.725],[-105.2956,21.7252],[-105.2987,21.7275],[-105.2992,21.7257],[-105.2965,21.72],[-105.2971,21.7156],[-105.2952,21.7157]]],[[[-105.3134,21.726],[-105.3127,21.7294],[-105.3144,21.7322],[-105.3151,21.7276],[-105.3141,21.7251],[-105.3134,21.726]]],[[[-105.2351,21.7657],[-105.2395,21.7654],[-105.2366,21.7599],[-105.2342,21.7638],[-105.2351,21.7657]]],[[[-106.6737,21.7746],[-106.6873,21.7587],[-106.677,21.7286],[-106.6589,21.7395],[-106.6737,21.7746]]],[[[-105.169,21.8077],[-105.1811,21.8071],[-105.1571,21.8016],[-105.169,21.8077]]],[[[-105.1315,21.8208],[-105.1331,21.822],[-105.1298,21.8188],[-105.1282,21.8197],[-105.1315,21.8208]]],[[[-105.8812,21.8498],[-105.8845,21.8529],[-105.8887,21.8536],[-105.889,21.8497],[-105.8859,21.8489],[-105.8873,21.8415],[-105.8853,21.8411],[-105.8851,21.8435],[-105.8828,21.8453],[-105.8799,21.8444],[-105.8812,21.8498]]],[[[-105.6873,22.4752],[-105.6859,22.4798],[-105.6898,22.4745],[-105.6873,22.4752]]],[[[-105.713,22.4786],[-105.7185,22.4849],[-105.7157,22.4789],[-105.713,22.4786]]],[[[-105.6592,22.4855],[-105.6572,22.4906],[-105.6611,22.4855],[-105.6592,22.4842],[-105.6592,22.4855]]],[[[-105.6814,22.4776],[-105.6775,22.488],[-105.6816,22.496],[-105.6826,22.4932],[-105.6813,22.4838],[-105.6831,22.4763],[-105.6814,22.4776]]],[[[-105.6607,22.4943],[-105.6627,22.4979],[-105.6658,22.4998],[-105.6631,22.495],[-105.6607,22.4943]]],[[[-105.6656,22.5086],[-105.6633,22.5117],[-105.6677,22.5086],[-105.6673,22.5077],[-105.6656,22.5086]]],[[[-105.6842,22.5718],[-105.7011,22.5607],[-105.6769,22.4694],[-105.7139,22.4756],[-105.748,22.5373],[-105.7599,22.532],[-105.6863,22.379],[-105.6431,22.192],[-105.6171,22.1893],[-105.6432,22.4471],[-105.6686,22.4698],[-105.6617,22.5185],[-105.6842,22.5718]]],[[[-105.3922,23.0841],[-105.413,23.0741],[-105.409,23.0236],[-105.4326,23.024],[-105.4533,22.9774],[-105.5013,22.9586],[-105.4746,22.8514],[-105.5248,22.7748],[-105.4981,22.6514],[-105.464,22.6592],[-105.4727,22.6272],[-105.4496,22.6246],[-105.4417,22.5243],[-105.4741,22.5029],[-105.5032,22.5277],[-105.5336,22.515],[-105.5417,22.5365],[-105.5983,22.5367],[-105.6309,22.593],[-105.6804,22.5738],[-105.6466,22.5189],[-105.6689,22.5044],[-105.6542,22.4932],[-105.6665,22.4741],[-105.6412,22.4534],[-105.6139,22.2146],[-105.6011,22.1928],[-105.5899,22.2183],[-105.5687,22.2167],[-105.5747,22.1607],[-105.5346,22.1256],[-105.5579,22.1864],[-105.5192,22.1684],[-105.5188,22.1447],[-105.5088,22.155],[-105.4589,22.1235],[-105.491,22.0779],[-105.4501,22.0245],[-105.4934,22.0811],[-105.5327,22.0901],[-105.505,22.0705],[-105.5254,22.063],[-105.6161,22.1863],[-105.646,22.172],[-105.6502,22.0158],[-105.4896,21.7318],[-105.5035,21.8128],[-105.4759,21.8439],[-105.496,21.8909],[-105.472,21.8565],[-105.4666,21.8353],[-105.5012,21.8137],[-105.4958,21.757],[-105.4473,21.6339],[-105.4316,21.6408],[-105.4473,21.6869],[-105.4114,21.6609],[-105.3912,21.6846],[-105.3732,21.6625],[-105.3189,21.7369],[-105.3021,21.7115],[-105.2962,21.7447],[-105.2708,21.7524],[-105.26,21.7274],[-105.2384,21.755],[-105.2438,21.7905],[-105.1959,21.8096],[-105.1487,21.8025],[-105.1396,21.8227],[-105.1008,21.8283],[-105.1416,21.8206],[-105.1518,21.8006],[-105.1989,21.8072],[-105.2436,21.7877],[-105.2336,21.7616],[-105.2596,21.7242],[-105.2714,21.7511],[-105.297,21.7416],[-105.3002,21.7106],[-105.3199,21.7353],[-105.3745,21.6603],[-105.3919,21.6829],[-105.4077,21.6595],[-105.4414,21.6709],[-105.4273,21.6397],[-105.4438,21.6238],[-105.2903,21.5279],[-105.3161,21.5692],[-105.3038,21.5654],[-105.2678,21.5156],[-105.2643,21.5487],[-105.265,21.5121],[-105.2329,21.5279],[-105.1973,21.4921],[-105.1878,21.4466],[-105.2477,21.3476],[-105.2164,21.205],[-105.2332,21.1809],[-105.2388,21.0564],[-105.2734,21.023],[-105.3131,21.0349],[-105.3316,20.9857],[-105.4017,20.9314],[-105.4357,20.8736],[-105.4529,20.8742],[-105.4873,20.7965],[-105.5266,20.7891],[-105.5382,20.7623],[-105.511,20.7723],[-105.4121,20.7355],[-105.3468,20.7594],[-105.2763,20.672],[-105.2426,20.7042],[-105.2399,20.7474],[-105.197,20.7772],[-105.1734,20.7677],[-105.1606,20.8574],[-105.0986,20.9194],[-105.0474,20.9344],[-105.0316,20.9092],[-105.0063,20.9225],[-104.9672,20.9095],[-104.9005,20.9463],[-104.8381,21.02],[-104.7825,21.0234],[-104.7717,21.0086],[-104.7285,21.0114],[-104.7294,20.9832],[-104.6564,20.9324],[-104.5569,20.9242],[-104.4999,20.8382],[-104.4141,20.7938],[-104.3775,20.7424],[-104.2885,20.6892],[-104.282,20.629],[-104.2536,20.6034],[-104.2418,20.7134],[-104.2829,20.7835],[-104.2976,20.7708],[-104.3283,20.7981],[-104.3759,20.7841],[-104.3504,20.8116],[-104.3618,20.8409],[-104.2954,20.8455],[-104.2791,20.8645],[-104.2909,20.8878],[-104.2066,20.9364],[-104.2013,20.9592],[-104.2331,20.9687],[-104.2232,21.0013],[-104.2427,21.0273],[-104.2109,21.1186],[-104.2194,21.1766],[-104.2028,21.1928],[-104.1108,21.1886],[-104.0857,21.2054],[-104.0686,21.1868],[-104.0528,21.2054],[-104.028,21.1947],[-104.0175,21.2272],[-103.9735,21.2563],[-103.924,21.2346],[-103.9311,21.2625],[-103.8984,21.2265],[-103.8619,21.2489],[-103.8357,21.241],[-103.8036,21.3003],[-103.7494,21.3367],[-103.7413,21.3741],[-103.7673,21.3884],[-103.7644,21.4103],[-103.7209,21.4254],[-103.7741,21.4984],[-103.8237,21.493],[-103.8599,21.5247],[-103.8563,21.5524],[-103.9174,21.5798],[-103.9077,21.6187],[-103.9282,21.6492],[-103.8877,21.6978],[-103.8959,21.7277],[-103.9028,21.7163],[-103.9318,21.7434],[-103.9217,21.7703],[-104.1304,21.7905],[-104.1617,21.8098],[-104.197,21.8508],[-104.1722,21.8713],[-104.201,21.8915],[-104.1737,21.9634],[-104.1933,21.9854],[-104.246,21.9669],[-104.2941,22.0028],[-104.3269,21.9754],[-104.3707,21.9762],[-104.3732,22.1026],[-104.3287,22.2454],[-104.2849,22.2971],[-104.2931,22.3651],[-104.35,22.3864],[-104.3488,22.4097],[-104.3715,22.4217],[-104.4954,22.3763],[-104.4812,22.3516],[-104.5065,22.3452],[-104.5931,22.412],[-104.6026,22.4605],[-104.6553,22.4622],[-104.67,22.5653],[-104.7361,22.5579],[-104.7759,22.5851],[-104.7886,22.6479],[-104.8147,22.6342],[-104.8584,22.6483],[-104.8625,22.6071],[-104.9605,22.5053],[-104.9879,22.4987],[-105.0076,22.5857],[-105.0724,22.6565],[-105.0684,22.6784],[-104.8927,22.7374],[-104.9156,22.7485],[-104.9184,22.8198],[-104.959,22.8136],[-104.9884,22.836],[-104.9878,22.8883],[-105.01,22.9224],[-105.0031,22.977],[-105.3236,22.9413],[-105.343,22.9682],[-105.3505,23.0606],[-105.3922,23.0841]]]]},"properties":{"iso3":"MEX","shapeId":"31927357B15886886594254","regionId":"MEX.18_1","name":"Nayarit"}},{"type":"Feature","geometry":{"type":"Polygon","coordinates":[[[-100.7999,24.5562],[-100.7423,24.4604],[-100.7112,24.4915],[-100.6035,24.4013],[-100.5999,24.3488],[-100.6331,24.226],[-100.5851,24.2239],[-100.5935,24.1782],[-100.6134,24.1739],[-100.5168,24.1399],[-100.5196,24.1184],[-100.5387,24.1185],[-100.5238,24.0715],[-100.5624,23.9196],[-100.5398,23.8884],[-100.5503,23.8422],[-100.5255,23.8395],[-100.5288,23.8164],[-100.4976,23.7987],[-100.4977,23.7363],[-100.4665,23.6889],[-100.4471,23.6965],[-100.4916,23.5686],[-100.4695,23.5668],[-100.4592,23.5116],[-100.4942,23.5284],[-100.5172,23.421],[-100.4571,23.3664],[-100.4798,23.1944],[-100.3318,23.1627],[-100.3235,23.1956],[-100.3638,23.189],[-100.3743,23.2653],[-100.3063,23.2609],[-100.2784,23.3104],[-100.2064,23.3071],[-100.2282,23.2505],[-100.1019,23.2311],[-100.078,23.306],[-100.145,23.3395],[-100.0803,23.3957],[-99.9213,23.3792],[-99.9612,23.5569],[-99.8607,23.7745],[-99.769,23.7845],[-99.6022,23.7629],[-99.4938,23.8787],[-99.4569,23.8661],[-99.4869,23.9605],[-99.5409,23.9973],[-99.5419,24.0336],[-99.5709,24.0394],[-99.6571,24.118],[-99.6478,24.2181],[-99.5943,24.3309],[-99.5899,24.3961],[-99.6364,24.5067],[-99.7198,24.4837],[-99.733,24.554],[-99.6094,24.6225],[-99.5462,24.6131],[-99.4995,24.6413],[-99.5007,24.6792],[-99.4777,24.7126],[-99.3894,24.7398],[-99.3644,24.7718],[-99.2949,24.8041],[-99.182,24.776],[-99.2074,24.8614],[-99.1589,24.916],[-99.1809,25.0115],[-99.1565,25.0278],[-99.1606,25.0553],[-99.0976,25.0631],[-99.0525,25.1271],[-99.0288,25.1104],[-99.0191,25.0699],[-98.9342,25.0728],[-98.4231,25.4475],[-98.4216,25.4894],[-98.5818,25.4894],[-98.5851,26.0179],[-98.8232,26.0476],[-98.9008,25.9683],[-99.0239,26.1041],[-99.0765,26.0719],[-99.1309,26.0688],[-99.1263,26.054],[-99.1601,26.0612],[-99.1978,26.2587],[-99.26,26.2528],[-99.3642,26.3293],[-99.4012,26.3048],[-99.4309,26.3513],[-99.3968,26.5966],[-99.5383,26.6646],[-99.6592,26.6704],[-99.5808,26.8301],[-99.591,26.8625],[-99.6614,26.9008],[-99.7211,26.8965],[-99.7443,26.9122],[-99.7667,26.8898],[-99.7701,26.9284],[-99.7342,26.9206],[-99.6501,27.0659],[-99.7477,27.2772],[-99.7604,27.437],[-99.9192,27.4915],[-99.9264,27.5492],[-99.7281,27.6791],[-99.8178,27.7762],[-99.8432,27.7699],[-99.9988,27.6153],[-100.1884,27.7991],[-100.3506,27.6846],[-100.4177,27.3936],[-100.678,27.3348],[-100.8341,27.1952],[-100.8306,27.0739],[-100.7994,27.0458],[-100.7659,27.0633],[-100.7477,27.0363],[-100.7358,27.0476],[-100.7486,27.0813],[-100.7197,27.0792],[-100.6827,27.1114],[-100.6742,27.0846],[-100.534,27.0456],[-100.5514,26.8587],[-100.5382,26.8086],[-100.5901,26.7595],[-100.6144,26.6856],[-100.6912,26.6138],[-100.753,26.7352],[-101.2068,26.3698],[-101.0976,26.2529],[-101.0686,26.189],[-100.9164,26.0756],[-100.9055,25.9569],[-100.8344,25.945],[-100.8227,25.9169],[-100.8619,25.8185],[-100.8056,25.7243],[-100.7834,25.6397],[-100.7298,25.6339],[-100.6903,25.5671],[-100.6329,25.5713],[-100.6147,25.5423],[-100.5384,25.5319],[-100.5297,25.5144],[-100.5998,25.52],[-100.6191,25.5057],[-100.5795,25.4945],[-100.5849,25.4708],[-100.5309,25.4635],[-100.5227,25.4343],[-100.4519,25.4108],[-100.4701,25.3378],[-100.313,25.3364],[-100.2541,25.3069],[-100.2431,25.2674],[-100.2625,25.254],[-100.2296,25.2179],[-100.2614,25.2071],[-100.3256,25.2223],[-100.332,25.1863],[-100.5957,25.2548],[-100.7089,25.2365],[-100.8031,25.1653],[-100.8215,24.9967],[-100.7275,24.9187],[-100.8261,24.835],[-100.797,24.7508],[-100.7999,24.5562]]]},"properties":{"iso3":"MEX","shapeId":"31927357B30741484985331","regionId":"MEX.19_1","name":"Nuevo Leon"}},{"type":"Feature","geometry":{"type":"MultiPolygon","coordinates":[[[[-96.2289,15.6884],[-96.2317,15.6881],[-96.2292,15.6861],[-96.2275,15.6874],[-96.2289,15.6884]]],[[[-96.1614,15.7172],[-96.1627,15.7214],[-96.1639,15.7181],[-96.1614,15.7172]]],[[[-94.1325,16.1203],[-94.1249,16.1217],[-94.1354,16.1215],[-94.1325,16.1203]]],[[[-94.1124,16.1171],[-94.1113,16.1219],[-94.1152,16.1268],[-94.1205,16.1283],[-94.1279,16.1279],[-94.1154,16.1237],[-94.1136,16.1175],[-94.1124,16.1171]]],[[[-94.22,16.1643],[-94.2208,16.1662],[-94.2241,16.1679],[-94.2237,16.1655],[-94.22,16.1643]]],[[[-94.2645,16.1673],[-94.2642,16.1691],[-94.2676,16.171],[-94.2679,16.1691],[-94.2645,16.1673]]],[[[-94.2637,16.1696],[-94.2616,16.171],[-94.2624,16.1725],[-94.2642,16.1713],[-94.2637,16.1696]]],[[[-94.3582,16.1771],[-94.3537,16.1799],[-94.3542,16.1837],[-94.3624,16.1857],[-94.3687,16.185],[-94.3654,16.1797],[-94.3582,16.1771]]],[[[-94.2381,16.1858],[-94.2456,16.1883],[-94.2474,16.1871],[-94.2415,16.1818],[-94.2342,16.1786],[-94.2266,16.1777],[-94.2057,16.1648],[-94.2056,16.1661],[-94.2137,16.1735],[-94.2335,16.1874],[-94.2381,16.1858]]],[[[-94.3635,16.1899],[-94.3602,16.1929],[-94.36,16.1953],[-94.363,16.1983],[-94.3679,16.1986],[-94.3694,16.197],[-94.3691,16.195],[-94.3655,16.1901],[-94.3635,16.1899]]],[[[-98.1044,16.2069],[-98.1039,16.2085],[-98.1061,16.2073],[-98.1044,16.2069]]],[[[-94.3889,16.2107],[-94.3869,16.2126],[-94.3928,16.2172],[-94.4063,16.2214],[-94.4053,16.2195],[-94.3961,16.2161],[-94.3889,16.2107]]],[[[-94.3539,16.2222],[-94.3826,16.2138],[-94.3409,16.2157],[-94.3539,16.2222]]],[[[-94.7317,16.2199],[-94.7335,16.2261],[-94.7357,16.2272],[-94.7378,16.2229],[-94.7349,16.2216],[-94.7336,16.2192],[-94.7317,16.2199]]],[[[-94.5975,16.2229],[-94.5997,16.2289],[-94.6015,16.2285],[-94.6002,16.225],[-94.5975,16.2229]]],[[[-94.9161,16.3412],[-94.9178,16.3426],[-94.9198,16.3418],[-94.9161,16.3412]]],[[[-94.901,16.336],[-94.8997,16.3394],[-94.8956,16.3418],[-94.8962,16.3446],[-94.8989,16.3462],[-94.8998,16.3428],[-94.9064,16.3395],[-94.902,16.3356],[-94.901,16.336]]],[[[-94.8463,16.3521],[-94.846,16.3532],[-94.8488,16.3531],[-94.8508,16.3515],[-94.8463,16.3521]]],[[[-94.8722,16.3508],[-94.8737,16.338],[-94.8533,16.3453],[-94.8722,16.3508]]],[[[-94.8228,16.3565],[-94.8275,16.3565],[-94.8297,16.3538],[-94.8327,16.3533],[-94.8325,16.3505],[-94.8295,16.3484],[-94.8308,16.3446],[-94.8286,16.3424],[-94.8236,16.3409],[-94.8172,16.3418],[-94.8156,16.3438],[-94.8232,16.3508],[-94.8228,16.3565]]],[[[-94.8206,16.3661],[-94.8222,16.368],[-94.8269,16.3659],[-94.8222,16.3642],[-94.8206,16.3661]]],[[[-94.8653,16.3788],[-94.8637,16.3812],[-94.8659,16.3834],[-94.8692,16.3781],[-94.8653,16.3788]]],[[[-93.8674,17.137],[-94.9228,17.1938],[-94.8954,17.2564],[-94.9148,17.2926],[-94.8908,17.3111],[-94.951,17.3156],[-95.0766,17.3729],[-95.253,17.6078],[-95.2788,17.6132],[-95.2484,17.6256],[-95.2482,17.646],[-95.1881,17.6507],[-95.1824,17.6911],[-95.2389,17.7393],[-95.269,17.7409],[-95.2672,17.7167],[-95.2978,17.7221],[-95.3344,17.6748],[-95.4255,17.6475],[-95.4731,17.6091],[-95.463,17.5964],[-95.5063,17.5908],[-95.532,17.5558],[-95.5988,17.5346],[-95.6541,17.5604],[-95.6485,17.5399],[-95.7022,17.5185],[-95.7251,17.5362],[-95.7269,17.578],[-95.7818,17.603],[-95.8075,17.5918],[-95.8035,17.6071],[-95.7737,17.6059],[-95.7811,17.6389],[-95.8033,17.6294],[-95.871,17.7022],[-95.8953,17.7045],[-95.8728,17.7274],[-95.9028,17.7327],[-95.8929,17.7651],[-95.8664,17.7744],[-95.8588,17.8448],[-95.7999,17.95],[-95.8332,18.129],[-95.9072,18.1356],[-95.9146,18.1522],[-95.9333,18.1417],[-95.9535,18.1599],[-96.0514,18.1267],[-96.1106,18.1657],[-96.1332,18.122],[-96.1087,18.0786],[-96.1465,18.0769],[-96.188,18.0274],[-96.1813,18.0041],[-96.1896,18.0364],[-96.2596,18.0045],[-96.2181,18.0328],[-96.2061,18.0187],[-96.1684,18.0371],[-96.1441,18.0801],[-96.1129,18.0804],[-96.1339,18.1046],[-96.1217,18.1439],[-96.1504,18.1307],[-96.1825,18.1416],[-96.1709,18.1861],[-96.2176,18.1608],[-96.2674,18.2462],[-96.3082,18.2544],[-96.2931,18.2656],[-96.3225,18.2872],[-96.3649,18.2674],[-96.3703,18.2409],[-96.3715,18.2622],[-96.331,18.2894],[-96.2924,18.267],[-96.3088,18.2595],[-96.296,18.2529],[-96.2692,18.274],[-96.2708,18.2978],[-96.3099,18.3224],[-96.3526,18.4102],[-96.403,18.4399],[-96.4573,18.5704],[-96.5609,18.5877],[-96.683,18.6697],[-96.6725,18.6076],[-96.7021,18.5812],[-96.6996,18.5533],[-96.7156,18.5732],[-96.7269,18.5298],[-96.6823,18.5071],[-96.7097,18.43],[-96.681,18.4122],[-96.6746,18.3814],[-96.6959,18.3648],[-96.7002,18.3829],[-96.7323,18.3737],[-96.7298,18.3977],[-96.7546,18.3922],[-96.7842,18.3383],[-96.8214,18.3213],[-96.8548,18.2412],[-96.9219,18.2406],[-96.9368,18.216],[-96.9915,18.2307],[-97.0421,18.1566],[-97.1138,18.1495],[-97.1674,18.2009],[-97.2143,18.1637],[-97.3034,18.1591],[-97.3766,18.0945],[-97.4112,18.1024],[-97.4669,18.027],[-97.4892,18.0256],[-97.534,18.0463],[-97.5439,18.0334],[-97.5696,18.1034],[-97.6082,18.131],[-97.6093,18.1537],[-97.6532,18.1753],[-97.634,18.2001],[-97.6547,18.2931],[-97.7213,18.276],[-97.7973,18.2832],[-97.823,18.2234],[-97.8592,18.1923],[-97.8395,18.1712],[-97.8675,18.1446],[-97.8495,18.0837],[-97.8107,18.0677],[-97.8348,18.0498],[-97.8426,17.9961],[-97.8263,17.9727],[-97.7909,18.0042],[-97.7985,18.0358],[-97.7717,18.0684],[-97.6978,18.0188],[-97.6997,18.0016],[-97.7664,18.0059],[-97.7679,17.9767],[-97.8034,17.9605],[-97.8193,17.9147],[-97.9363,17.9172],[-97.9374,17.9679],[-97.9794,17.9644],[-98.0298,17.9918],[-98.0467,17.9762],[-98.1304,17.9881],[-98.1696,17.9528],[-98.1709,17.9021],[-98.2097,17.8798],[-98.2548,17.8836],[-98.2622,17.9269],[-98.2823,17.9352],[-98.3288,17.8789],[-98.3491,17.8932],[-98.3988,17.8609],[-98.4249,17.866],[-98.425,17.8396],[-98.4963,17.7688],[-98.4862,17.681],[-98.4707,17.6781],[-98.461,17.6304],[-98.4102,17.5998],[-98.377,17.6053],[-98.3295,17.533],[-98.3119,17.4775],[-98.329,17.4787],[-98.3359,17.4563],[-98.2874,17.329],[-98.3048,17.3275],[-98.3235,17.2759],[-98.2885,17.2382],[-98.2443,17.2515],[-98.2031,17.2163],[-98.2226,17.1221],[-98.1534,17.1104],[-98.0073,17.0401],[-98.0302,17.0158],[-98.0575,17.0238],[-98.1113,16.9589],[-98.0723,16.8742],[-98.1082,16.761],[-98.1352,16.7584],[-98.139,16.7238],[-98.2003,16.6972],[-98.2015,16.7127],[-98.2335,16.7174],[-98.2434,16.6967],[-98.2285,16.6395],[-98.1938,16.6215],[-98.2034,16.5872],[-98.2694,16.5585],[-98.33,16.5727],[-98.3951,16.5468],[-98.3873,16.4978],[-98.3525,16.4894],[-98.3499,16.4444],[-98.3992,16.3805],[-98.4709,16.3812],[-98.5334,16.3516],[-98.5526,16.316],[-98.1928,16.222],[-98.2173,16.2391],[-98.1836,16.2288],[-98.1911,16.2589],[-98.1659,16.2189],[-98.1098,16.2302],[-98.0981,16.216],[-98.1228,16.2093],[-98.0943,16.2165],[-98.0785,16.1882],[-98.2074,16.2352],[-97.7906,15.986],[-97.7806,16.0211],[-97.7882,15.9824],[-97.6795,15.963],[-97.7654,15.989],[-97.7005,15.992],[-97.704,15.9805],[-97.6561,15.9964],[-97.6926,15.9732],[-97.5391,15.9674],[-97.633,15.9878],[-97.5858,15.9929],[-97.6034,16.0113],[-97.5867,16.0146],[-97.5362,15.9694],[-97.4775,15.9534],[-97.2108,15.9234],[-97.0617,15.8615],[-97.0264,15.8119],[-96.8604,15.7398],[-96.7024,15.7172],[-96.5562,15.6581],[-96.4954,15.6591],[-96.4262,15.6964],[-96.2382,15.683],[-96.1278,15.7381],[-96.1217,15.7614],[-96.0769,15.7664],[-95.9585,15.8288],[-95.7772,15.8711],[-95.77,15.8946],[-95.6625,15.9124],[-95.5685,15.9578],[-95.4356,15.9761],[-95.4241,15.9997],[-95.3681,16.0209],[-95.378,16.0463],[-95.3535,16.0797],[-95.2774,16.1071],[-95.232,16.1597],[-95.1983,16.1599],[-95.2026,16.1457],[-95.2027,16.1697],[-95.1519,16.1678],[-95.1675,16.1972],[-95.1549,16.1829],[-95.1455,16.2027],[-95.1389,16.1887],[-95.0627,16.184],[-94.8906,16.2217],[-94.9291,16.2137],[-94.7455,16.2086],[-94.8746,16.2365],[-95.1055,16.2363],[-95.075,16.2662],[-94.9637,16.239],[-94.8171,16.272],[-94.8624,16.283],[-94.8453,16.2705],[-94.8641,16.2573],[-94.952,16.2441],[-95.0664,16.2813],[-95.0303,16.3299],[-94.975,16.3294],[-94.9547,16.3845],[-94.9233,16.4197],[-94.8832,16.4221],[-94.878,16.4497],[-94.8828,16.4252],[-94.844,16.4307],[-94.8362,16.404],[-94.8107,16.4069],[-94.8048,16.433],[-94.8226,16.3774],[-94.7718,16.3303],[-94.8165,16.2954],[-94.8021,16.2698],[-94.7776,16.3007],[-94.7343,16.3044],[-94.7275,16.3307],[-94.6751,16.3655],[-94.5813,16.3367],[-94.6242,16.2697],[-94.6062,16.247],[-94.5822,16.2983],[-94.5623,16.2995],[-94.5599,16.2579],[-94.5922,16.2306],[-94.5727,16.2385],[-94.5697,16.2213],[-94.6696,16.2204],[-94.6568,16.2436],[-94.6304,16.2296],[-94.6089,16.2414],[-94.6277,16.2668],[-94.7318,16.2314],[-94.6978,16.2154],[-94.7256,16.2095],[-94.384,16.1583],[-93.9607,15.9865],[-93.9484,15.9926],[-94.0368,16.0225],[-94.0761,16.0862],[-94.1626,16.1111],[-94.1947,16.1549],[-94.352,16.1801],[-94.2507,16.136],[-94.4211,16.1835],[-94.4001,16.186],[-94.4421,16.2161],[-94.4072,16.2216],[-94.4437,16.2362],[-94.4104,16.2353],[-94.4173,16.281],[-94.3741,16.297],[-94.3362,16.238],[-94.3017,16.2393],[-94.2833,16.2087],[-94.2414,16.21],[-94.2174,16.1878],[-94.1169,16.2197],[-94.1029,16.1431],[-94.1096,16.1791],[-94.0385,16.2302],[-94.0507,16.3297],[-94.1392,16.4618],[-93.8674,17.137]]]]},"properties":{"iso3":"MEX","shapeId":"31927357B6525686063804","regionId":"MEX.20_1","name":"Oaxaca"}},{"type":"Feature","geometry":{"type":"Polygon","coordinates":[[[-98.4249,17.866],[-98.3988,17.8609],[-98.3491,17.8932],[-98.3288,17.8789],[-98.2823,17.9352],[-98.2622,17.9269],[-98.2548,17.8836],[-98.2097,17.8798],[-98.1709,17.9021],[-98.1696,17.9528],[-98.1304,17.9881],[-98.0467,17.9762],[-98.0298,17.9918],[-97.9794,17.9644],[-97.9374,17.9679],[-97.9363,17.9172],[-97.8193,17.9147],[-97.8034,17.9605],[-97.7679,17.9767],[-97.7664,18.0059],[-97.6997,18.0016],[-97.6978,18.0188],[-97.7717,18.0684],[-97.7985,18.0358],[-97.7909,18.0042],[-97.8263,17.9727],[-97.8426,17.9961],[-97.8348,18.0498],[-97.8107,18.0677],[-97.8495,18.0837],[-97.8675,18.1446],[-97.8395,18.1712],[-97.8592,18.1923],[-97.823,18.2234],[-97.7973,18.2832],[-97.7213,18.276],[-97.6547,18.2931],[-97.634,18.2001],[-97.6532,18.1753],[-97.6093,18.1537],[-97.6082,18.131],[-97.5696,18.1034],[-97.5439,18.0334],[-97.534,18.0463],[-97.4669,18.027],[-97.4112,18.1024],[-97.3766,18.0945],[-97.3034,18.1591],[-97.2143,18.1637],[-97.1674,18.2009],[-97.1138,18.1495],[-97.0421,18.1566],[-96.9915,18.2307],[-96.9368,18.216],[-96.9219,18.2406],[-96.8548,18.2412],[-96.8214,18.3213],[-96.7253,18.4062],[-96.7814,18.4296],[-96.797,18.5119],[-96.8424,18.4934],[-96.8993,18.5486],[-96.9259,18.5349],[-96.9543,18.5538],[-96.9989,18.5319],[-97.08,18.4545],[-97.1446,18.5709],[-97.1414,18.5964],[-97.2354,18.6436],[-97.2719,18.6278],[-97.3032,18.6743],[-97.3232,18.6643],[-97.344,18.6858],[-97.3301,18.766],[-97.353,18.7913],[-97.2973,18.8673],[-97.2418,18.9021],[-97.2583,18.9777],[-97.2851,18.9994],[-97.2614,19.0966],[-97.1972,19.1466],[-97.2096,19.1599],[-97.1946,19.1718],[-97.0667,19.1595],[-97.0556,19.134],[-97.0271,19.1332],[-97.0562,19.1977],[-97.0012,19.2365],[-96.9856,19.2794],[-97.0455,19.3213],[-97.102,19.3036],[-97.1702,19.329],[-97.2003,19.3093],[-97.2156,19.3233],[-97.2102,19.3594],[-97.285,19.3916],[-97.3605,19.376],[-97.3974,19.4191],[-97.3573,19.4324],[-97.3483,19.4846],[-97.4046,19.4959],[-97.4343,19.5888],[-97.4185,19.6272],[-97.4027,19.6153],[-97.3412,19.6758],[-97.3039,19.6712],[-97.3331,19.7168],[-97.3138,19.7351],[-97.3046,19.8707],[-97.2558,19.9325],[-97.2607,19.9773],[-97.2069,20.0147],[-97.2062,20.0564],[-97.1224,20.1367],[-97.1514,20.1375],[-97.15,20.1606],[-97.2832,20.1811],[-97.3655,20.2158],[-97.3782,20.2493],[-97.4082,20.2321],[-97.4453,20.2462],[-97.4651,20.1802],[-97.5054,20.1539],[-97.4948,20.1373],[-97.586,20.0793],[-97.6045,20.1669],[-97.6328,20.1832],[-97.6524,20.1636],[-97.6868,20.1658],[-97.7394,20.1895],[-97.7351,20.2424],[-97.7573,20.2791],[-97.6814,20.3024],[-97.6899,20.3201],[-97.6731,20.3366],[-97.6793,20.3499],[-97.7007,20.3199],[-97.7429,20.3512],[-97.7444,20.3801],[-97.7656,20.3812],[-97.7346,20.4513],[-97.7092,20.4551],[-97.6721,20.4085],[-97.6454,20.4083],[-97.6354,20.4522],[-97.576,20.4909],[-97.541,20.4897],[-97.588,20.5611],[-97.6482,20.5663],[-97.6573,20.5451],[-97.7019,20.5719],[-97.7045,20.6292],[-97.7495,20.6433],[-97.7371,20.6797],[-97.7569,20.6895],[-97.753,20.7324],[-97.7228,20.75],[-97.726,20.7917],[-97.6952,20.8],[-97.7389,20.8015],[-97.773,20.8272],[-97.8307,20.808],[-97.8501,20.8169],[-97.8411,20.8393],[-97.8791,20.8343],[-97.9224,20.7165],[-97.8974,20.7032],[-97.9178,20.6712],[-97.8951,20.6227],[-97.9097,20.5864],[-97.9808,20.5407],[-97.9726,20.5232],[-97.9974,20.5061],[-98.0114,20.4558],[-98.0705,20.4303],[-98.1268,20.3362],[-98.1813,20.3365],[-98.1791,20.2938],[-98.254,20.3013],[-98.2844,20.2628],[-98.2705,20.2158],[-98.1759,20.2542],[-98.128,20.1859],[-98.1396,20.1501],[-98.0979,20.1454],[-98.1597,20.0926],[-98.1809,20.047],[-98.1604,19.9781],[-98.2516,19.9481],[-98.2481,19.9175],[-98.2678,19.9161],[-98.315,19.8551],[-98.2692,19.8449],[-98.2348,19.777],[-98.1944,19.7654],[-98.1957,19.7416],[-98.2553,19.7188],[-98.2411,19.6758],[-98.1656,19.6675],[-98.1177,19.6883],[-98.101,19.668],[-98.0608,19.7289],[-98.0364,19.6858],[-98.0422,19.6402],[-97.9679,19.6247],[-97.9466,19.5855],[-97.9162,19.5939],[-97.8701,19.5592],[-97.8897,19.5046],[-97.8487,19.4828],[-97.8623,19.4562],[-97.7945,19.4984],[-97.7969,19.4724],[-97.7548,19.4575],[-97.6739,19.3675],[-97.6314,19.3554],[-97.6264,19.3239],[-97.6909,19.2859],[-97.7196,19.3048],[-97.7714,19.2838],[-97.8393,19.3014],[-97.8703,19.2706],[-97.851,19.2229],[-97.9282,19.1642],[-98.0317,19.2309],[-98.1662,19.1051],[-98.2043,19.1149],[-98.1907,19.14],[-98.223,19.1366],[-98.2302,19.1567],[-98.3072,19.1892],[-98.3239,19.1687],[-98.3427,19.1779],[-98.3307,19.2002],[-98.3689,19.2261],[-98.4077,19.3159],[-98.4703,19.3608],[-98.5232,19.4609],[-98.5703,19.4668],[-98.5913,19.4492],[-98.6532,19.466],[-98.6347,19.4299],[-98.6602,19.4321],[-98.6628,19.403],[-98.6381,19.3589],[-98.6606,19.3517],[-98.6635,19.3248],[-98.6275,19.2578],[-98.647,19.1848],[-98.6199,19.0351],[-98.6781,18.9237],[-98.7073,18.9029],[-98.7135,18.8672],[-98.6814,18.9072],[-98.6613,18.8978],[-98.7535,18.743],[-98.7159,18.7392],[-98.7419,18.7022],[-98.7114,18.6165],[-98.7067,18.4451],[-98.7522,18.4539],[-98.8278,18.5239],[-98.8504,18.478],[-98.9122,18.4621],[-98.9352,18.4229],[-98.9854,18.4212],[-98.9879,18.3971],[-99.0182,18.3878],[-99.07,18.3284],[-99.0518,18.2898],[-99.0694,18.2832],[-99.0532,18.2642],[-99.0637,18.2515],[-99.0317,18.2723],[-99.0193,18.2454],[-98.9891,18.2494],[-99.0001,18.1902],[-98.8819,18.1662],[-98.8524,18.1176],[-98.8698,18.0572],[-98.813,18.0649],[-98.8113,18.0506],[-98.7971,18.0626],[-98.7351,18.0451],[-98.8149,18.0017],[-98.7318,17.9826],[-98.6505,17.9332],[-98.5855,17.9749],[-98.5296,17.9758],[-98.5267,17.9963],[-98.4481,17.9907],[-98.4251,17.9769],[-98.4251,17.9357],[-98.445,17.9223],[-98.4249,17.866]]]},"properties":{"iso3":"MEX","shapeId":"31927357B1137737933275","regionId":"MEX.21_1","name":"Puebla"}},{"type":"Feature","geometry":{"type":"Polygon","coordinates":[[[-100.3507,20.2884],[-100.2605,20.2675],[-100.1811,20.2088],[-100.1919,20.176],[-100.2356,20.1435],[-100.1974,20.1299],[-100.2029,20.0766],[-100.1645,20.0783],[-100.0888,20.015],[-100.0004,20.0775],[-99.9785,20.074],[-99.9802,20.0591],[-99.9263,20.0643],[-99.9422,20.1201],[-99.9362,20.1625],[-99.9219,20.1587],[-99.9652,20.2012],[-99.9849,20.2648],[-99.9582,20.2518],[-99.9509,20.2159],[-99.9185,20.2118],[-99.9341,20.2498],[-99.9195,20.2817],[-99.8591,20.2685],[-99.8281,20.543],[-99.6964,20.5744],[-99.6579,20.6018],[-99.6195,20.5914],[-99.5653,20.6404],[-99.5019,20.659],[-99.5485,20.7372],[-99.5038,20.7658],[-99.4887,20.8329],[-99.4461,20.853],[-99.4352,20.8994],[-99.4126,20.9054],[-99.3906,20.9523],[-99.39,21.0041],[-99.3632,21.0417],[-99.3974,21.102],[-99.3464,21.1009],[-99.3092,21.1473],[-99.256,21.1042],[-99.2141,21.1068],[-99.1505,21.1478],[-99.077,21.1591],[-99.0765,21.1735],[-99.061,21.1544],[-99.0431,21.1787],[-99.0524,21.2195],[-99.0735,21.2304],[-99.0512,21.2534],[-99.0532,21.2816],[-99.1043,21.2896],[-99.1276,21.3183],[-99.1029,21.3212],[-99.1378,21.3298],[-99.1295,21.362],[-99.0926,21.3634],[-99.0928,21.3817],[-99.1423,21.5354],[-99.1283,21.5898],[-99.1719,21.627],[-99.1882,21.67],[-99.2177,21.6666],[-99.2435,21.6151],[-99.2807,21.6079],[-99.2744,21.5653],[-99.3055,21.5329],[-99.3759,21.5479],[-99.372,21.5071],[-99.4059,21.4283],[-99.4363,21.4499],[-99.4975,21.4192],[-99.5519,21.4284],[-99.5493,21.4471],[-99.6258,21.5073],[-99.6611,21.5686],[-99.7467,21.5784],[-99.7493,21.5232],[-99.7773,21.495],[-99.7755,21.375],[-99.7945,21.3574],[-99.7579,21.2921],[-99.7373,21.3129],[-99.6713,21.3012],[-99.6991,21.2667],[-99.6879,21.2258],[-99.7385,21.2358],[-99.8313,21.1573],[-99.9864,21.2183],[-100.0111,21.1895],[-99.9964,21.1826],[-100.0275,21.1003],[-100.0111,21.0285],[-100.0226,21.0146],[-100.0689,21.0228],[-100.0807,20.9499],[-100.0642,20.9363],[-100.1815,20.9304],[-100.2636,20.971],[-100.2655,20.9292],[-100.2992,20.9313],[-100.3336,20.8907],[-100.4134,20.8874],[-100.454,20.9002],[-100.4532,20.9232],[-100.4722,20.9284],[-100.47,20.907],[-100.509,20.8707],[-100.502,20.8529],[-100.5776,20.8167],[-100.5583,20.8046],[-100.5489,20.7364],[-100.5965,20.7173],[-100.5511,20.6338],[-100.4962,20.6162],[-100.4821,20.5715],[-100.485,20.5538],[-100.5048,20.555],[-100.5098,20.5065],[-100.4924,20.4904],[-100.4762,20.3896],[-100.41,20.376],[-100.3913,20.3131],[-100.3507,20.2884]]]},"properties":{"iso3":"MEX","shapeId":"31927357B98648037880103","regionId":null,"name":"Queretaro de Arteaga"}},{"type":"Feature","geometry":{"type":"MultiPolygon","coordinates":[[[[-87.8764,18.2116],[-87.8932,18.206],[-87.8968,18.1717],[-87.8764,18.2116]]],[[[-87.8873,18.2669],[-87.892,18.2655],[-87.8948,18.2667],[-87.8927,18.2628],[-87.8947,18.2596],[-87.8932,18.2588],[-87.8915,18.2601],[-87.8873,18.2669]]],[[[-87.8971,18.3179],[-87.898,18.3206],[-87.8981,18.3178],[-87.897,18.317],[-87.8971,18.3179]]],[[[-87.8973,18.3227],[-87.8979,18.3255],[-87.8985,18.3217],[-87.8973,18.3227]]],[[[-87.8859,18.3375],[-87.8866,18.3384],[-87.8889,18.336],[-87.8865,18.3347],[-87.8859,18.3375]]],[[[-87.9009,18.3543],[-87.902,18.3554],[-87.9009,18.3534],[-87.9009,18.3543]]],[[[-87.9135,18.3529],[-87.9165,18.3563],[-87.916,18.3543],[-87.9135,18.3529]]],[[[-87.9045,18.3551],[-87.9034,18.3567],[-87.9065,18.3592],[-87.9091,18.3523],[-87.906,18.3548],[-87.9044,18.3539],[-87.9045,18.3551]]],[[[-87.9055,18.364],[-87.9069,18.3661],[-87.9071,18.3641],[-87.9055,18.364]]],[[[-87.418,18.397],[-87.4189,18.4002],[-87.4213,18.3993],[-87.4193,18.3965],[-87.418,18.397]]],[[[-87.3517,18.4052],[-87.3416,18.4188],[-87.3773,18.3828],[-87.3517,18.4052]]],[[[-87.4373,18.4363],[-87.4385,18.4422],[-87.4372,18.4348],[-87.4373,18.4363]]],[[[-87.4385,18.4444],[-87.4386,18.4485],[-87.4407,18.4454],[-87.4386,18.4432],[-87.4385,18.4444]]],[[[-87.4392,18.4527],[-87.4418,18.4602],[-87.4446,18.4625],[-87.4388,18.4504],[-87.4392,18.4527]]],[[[-87.4451,18.4751],[-87.4417,18.488],[-87.4435,18.5054],[-87.445,18.5007],[-87.4448,18.4882],[-87.4471,18.4784],[-87.4472,18.4762],[-87.4451,18.4751]]],[[[-87.4424,18.5103],[-87.4422,18.5126],[-87.4428,18.5094],[-87.4424,18.5103]]],[[[-87.4418,18.514],[-87.439,18.5177],[-87.4406,18.5187],[-87.4421,18.5174],[-87.4418,18.514]]],[[[-87.3333,18.4339],[-87.3296,18.4389],[-87.3229,18.4566],[-87.32,18.4926],[-87.3274,18.512],[-87.331,18.5262],[-87.3329,18.5198],[-87.3308,18.5171],[-87.3301,18.5094],[-87.3247,18.4978],[-87.3252,18.4616],[-87.3287,18.4469],[-87.3342,18.4325],[-87.3333,18.4339]]],[[[-87.3298,18.5276],[-87.3278,18.5309],[-87.3307,18.5267],[-87.3298,18.5276]]],[[[-87.327,18.532],[-87.3232,18.5404],[-87.312,18.5505],[-87.3139,18.5549],[-87.3257,18.539],[-87.327,18.532]]],[[[-87.3274,18.5823],[-87.3362,18.579],[-87.3409,18.5751],[-87.341,18.5735],[-87.3393,18.5726],[-87.3407,18.5736],[-87.3395,18.5733],[-87.3398,18.5755],[-87.3389,18.5735],[-87.3335,18.5724],[-87.3274,18.5823]]],[[[-87.3201,18.5987],[-87.324,18.5921],[-87.3236,18.5885],[-87.3201,18.5987]]],[[[-88.2205,18.5657],[-88.2117,18.5857],[-88.1962,18.608],[-88.1865,18.6394],[-88.1918,18.6364],[-88.1955,18.6223],[-88.1976,18.6205],[-88.199,18.6149],[-88.203,18.611],[-88.2029,18.6085],[-88.2057,18.605],[-88.2079,18.5929],[-88.2147,18.5894],[-88.2161,18.5873],[-88.2164,18.5816],[-88.2191,18.5798],[-88.2218,18.5681],[-88.2245,18.5651],[-88.229,18.5657],[-88.223,18.5623],[-88.2205,18.5657]]],[[[-87.4258,18.6406],[-87.4209,18.656],[-87.4285,18.6413],[-87.4276,18.6397],[-87.4258,18.6406]]],[[[-87.3766,18.74],[-87.3758,18.7409],[-87.3778,18.7394],[-87.3766,18.74]]],[[[-87.3022,18.748],[-87.3034,18.7486],[-87.3038,18.7469],[-87.3022,18.748]]],[[[-88.115,18.7522],[-88.114,18.755],[-88.1152,18.7555],[-88.1173,18.7539],[-88.115,18.7522]]],[[[-88.0952,18.7703],[-88.0965,18.7765],[-88.0981,18.7751],[-88.0968,18.7704],[-88.0952,18.7703]]],[[[-88.1166,18.7829],[-88.1161,18.7859],[-88.1181,18.7844],[-88.1174,18.7821],[-88.1166,18.7829]]],[[[-88.1107,18.7598],[-88.1073,18.7621],[-88.1025,18.7729],[-88.101,18.7785],[-88.1014,18.7873],[-88.0977,18.7975],[-88.0992,18.801],[-88.1034,18.7995],[-88.1076,18.7924],[-88.1059,18.7909],[-88.1066,18.7874],[-88.1052,18.7843],[-88.1097,18.7787],[-88.1113,18.7746],[-88.1111,18.7687],[-88.1131,18.7667],[-88.112,18.7601],[-88.1107,18.7598]]],[[[-88.082,18.8278],[-88.0833,18.8292],[-88.0865,18.8284],[-88.0864,18.8249],[-88.0846,18.827],[-88.0827,18.8264],[-88.0823,18.822],[-88.0874,18.8145],[-88.0929,18.8102],[-88.0925,18.8043],[-88.0905,18.8027],[-88.0918,18.799],[-88.0899,18.7968],[-88.0881,18.7967],[-88.086,18.8054],[-88.0828,18.8097],[-88.0838,18.8159],[-88.081,18.8228],[-88.082,18.8278]]],[[[-87.6411,19.188],[-87.6457,19.188],[-87.6471,19.1864],[-87.643,19.1869],[-87.6445,19.1846],[-87.6403,19.1845],[-87.6396,19.187],[-87.6411,19.188]]],[[[-87.6297,19.1927],[-87.6275,19.1966],[-87.6328,19.1948],[-87.634,19.193],[-87.6287,19.191],[-87.6297,19.1927]]],[[[-87.6282,19.2027],[-87.6287,19.2045],[-87.631,19.2027],[-87.6282,19.2027]]],[[[-87.6498,19.2156],[-87.6409,19.2171],[-87.6323,19.2209],[-87.6195,19.2302],[-87.6146,19.2359],[-87.6246,19.2269],[-87.6344,19.2222],[-87.6393,19.2182],[-87.6512,19.2155],[-87.6498,19.2156]]],[[[-87.6019,19.2358],[-87.6032,19.2369],[-87.6059,19.2347],[-87.6019,19.2358]]],[[[-87.4756,19.325],[-87.4781,19.3261],[-87.4798,19.3237],[-87.4824,19.3245],[-87.4833,19.3219],[-87.4808,19.3193],[-87.4812,19.3216],[-87.4775,19.3239],[-87.4732,19.3225],[-87.4753,19.3201],[-87.4742,19.3185],[-87.4705,19.3182],[-87.4726,19.3167],[-87.4701,19.3159],[-87.4725,19.312],[-87.4762,19.3191],[-87.4781,19.3178],[-87.4797,19.3122],[-87.4759,19.3116],[-87.4769,19.308],[-87.4746,19.3086],[-87.4751,19.3049],[-87.4722,19.311],[-87.4689,19.3133],[-87.4684,19.3167],[-87.4704,19.3257],[-87.4725,19.3232],[-87.4756,19.325]]],[[[-87.468,19.334],[-87.4711,19.3345],[-87.4672,19.3329],[-87.4655,19.3266],[-87.4643,19.3291],[-87.468,19.334]]],[[[-87.5106,19.3661],[-87.5182,19.3711],[-87.517,19.3662],[-87.518,19.3639],[-87.5148,19.3593],[-87.515,19.3573],[-87.509,19.3559],[-87.51,19.3584],[-87.5063,19.3585],[-87.5072,19.3561],[-87.5055,19.351],[-87.5017,19.3525],[-87.4948,19.3507],[-87.4934,19.3483],[-87.4946,19.3468],[-87.4892,19.3444],[-87.4855,19.3408],[-87.486,19.3393],[-87.4793,19.3354],[-87.4784,19.3379],[-87.4837,19.3447],[-87.4966,19.3547],[-87.5058,19.3649],[-87.5106,19.3661]]],[[[-87.6386,19.3678],[-87.636,19.3734],[-87.632,19.376],[-87.6421,19.372],[-87.6395,19.3694],[-87.6427,19.3653],[-87.6411,19.3632],[-87.6463,19.3627],[-87.6429,19.3602],[-87.6541,19.3538],[-87.6544,19.352],[-87.6506,19.3503],[-87.6458,19.3505],[-87.646,19.3473],[-87.6486,19.3443],[-87.6509,19.3442],[-87.6492,19.3417],[-87.6481,19.3417],[-87.6453,19.3479],[-87.6386,19.3678]]],[[[-87.569,19.3977],[-87.5735,19.3972],[-87.5712,19.3943],[-87.5655,19.3937],[-87.5653,19.397],[-87.569,19.3977]]],[[[-87.5519,19.4128],[-87.5544,19.4137],[-87.5555,19.4107],[-87.5495,19.4084],[-87.5494,19.4123],[-87.5519,19.4128]]],[[[-87.6585,19.5056],[-87.6596,19.5078],[-87.6618,19.5047],[-87.6596,19.504],[-87.6585,19.5056]]],[[[-87.6564,19.5156],[-87.6573,19.5171],[-87.6616,19.5093],[-87.6578,19.5113],[-87.6564,19.5156]]],[[[-87.481,19.5646],[-87.4827,19.5651],[-87.4841,19.5639],[-87.485,19.565],[-87.4858,19.5628],[-87.4846,19.562],[-87.4826,19.563],[-87.4815,19.5609],[-87.4804,19.5613],[-87.481,19.5646]]],[[[-87.4577,19.5598],[-87.4582,19.5645],[-87.4561,19.5674],[-87.4564,19.57],[-87.4594,19.5661],[-87.4611,19.5579],[-87.4589,19.5596],[-87.4569,19.5582],[-87.4577,19.5598]]],[[[-87.6999,19.591],[-87.713,19.5897],[-87.6755,19.5874],[-87.6999,19.591]]],[[[-87.4965,19.5899],[-87.4977,19.5926],[-87.499,19.5926],[-87.4992,19.5912],[-87.4965,19.5899]]],[[[-87.4574,19.5983],[-87.4587,19.5978],[-87.4582,19.5961],[-87.4547,19.5965],[-87.4554,19.5982],[-87.4574,19.5983]]],[[[-87.4621,19.5944],[-87.4635,19.5984],[-87.4646,19.5977],[-87.4621,19.5944]]],[[[-87.4903,19.5976],[-87.4908,19.5989],[-87.4939,19.5951],[-87.4918,19.5949],[-87.4903,19.5976]]],[[[-87.4638,19.601],[-87.4648,19.6033],[-87.4668,19.6009],[-87.4715,19.602],[-87.4726,19.6007],[-87.4666,19.5993],[-87.4647,19.6002],[-87.4627,19.5988],[-87.4638,19.601]]],[[[-87.4924,19.6049],[-87.4938,19.6058],[-87.4942,19.6031],[-87.4877,19.6027],[-87.4851,19.6008],[-87.4839,19.6027],[-87.4832,19.6009],[-87.4846,19.5985],[-87.4815,19.5974],[-87.4812,19.599],[-87.4789,19.5998],[-87.4784,19.6023],[-87.4813,19.602],[-87.4832,19.6044],[-87.4847,19.6032],[-87.4924,19.6049]]],[[[-87.4923,19.611],[-87.4956,19.6099],[-87.4951,19.607],[-87.4923,19.611]]],[[[-87.464,19.6067],[-87.466,19.6133],[-87.4664,19.607],[-87.4639,19.6052],[-87.464,19.6067]]],[[[-87.5193,19.6128],[-87.5231,19.6131],[-87.5215,19.61],[-87.5235,19.605],[-87.5184,19.6112],[-87.5193,19.6128]]],[[[-87.5155,19.6294],[-87.5189,19.6287],[-87.5207,19.6233],[-87.5173,19.628],[-87.5152,19.628],[-87.5155,19.6294]]],[[[-87.708,19.65],[-87.7135,19.6488],[-87.7102,19.6463],[-87.7043,19.646],[-87.7044,19.648],[-87.708,19.65]]],[[[-87.4598,19.6946],[-87.4643,19.6947],[-87.4582,19.6908],[-87.4579,19.6928],[-87.4598,19.6946]]],[[[-87.4654,19.6966],[-87.4666,19.699],[-87.4681,19.699],[-87.4669,19.6977],[-87.4681,19.6947],[-87.4643,19.6938],[-87.4654,19.6966]]],[[[-87.4759,19.7046],[-87.4779,19.705],[-87.4778,19.7033],[-87.473,19.7017],[-87.4712,19.6994],[-87.4683,19.6992],[-87.4703,19.7013],[-87.4686,19.7017],[-87.4718,19.7041],[-87.4759,19.7046]]],[[[-87.4975,19.7103],[-87.506,19.7106],[-87.4865,19.7042],[-87.4797,19.7046],[-87.4975,19.7103]]],[[[-87.4867,20.0314],[-87.4822,20.0369],[-87.4839,20.0399],[-87.4859,20.0385],[-87.4869,20.0323],[-87.4918,20.0302],[-87.4867,20.0314]]],[[[-86.7269,20.5777],[-86.7283,20.5921],[-86.7687,20.5606],[-86.8221,20.5543],[-86.814,20.5416],[-86.8507,20.5499],[-86.8671,20.5361],[-86.8968,20.5654],[-86.9269,20.551],[-87.0213,20.3915],[-87.0165,20.2994],[-86.9938,20.2748],[-86.8982,20.3446],[-86.7715,20.4948],[-86.7269,20.5777]]],[[[-86.7478,21.2621],[-86.75,21.2621],[-86.7531,21.2579],[-86.7454,21.2544],[-86.7301,21.2214],[-86.7403,21.2342],[-86.7389,21.2357],[-86.7403,21.2394],[-86.7433,21.2373],[-86.7343,21.2237],[-86.7181,21.2054],[-86.7107,21.2018],[-86.7151,21.2065],[-86.7224,21.2227],[-86.7298,21.2346],[-86.7389,21.2455],[-86.7478,21.2621]]],[[[-86.8804,21.4257],[-86.8826,21.4248],[-86.8791,21.425],[-86.8804,21.4257]]],[[[-86.8807,21.4346],[-86.8883,21.4168],[-86.8688,21.4299],[-86.8807,21.4346]]],[[[-86.8526,21.4361],[-86.8689,21.4313],[-86.8663,21.4302],[-86.8548,21.4331],[-86.8526,21.4361]]],[[[-86.9312,21.4712],[-86.9325,21.4717],[-86.9318,21.4698],[-86.9336,21.4665],[-86.9315,21.4686],[-86.9299,21.4676],[-86.9278,21.4687],[-86.9312,21.4712]]],[[[-86.9119,21.4694],[-86.9166,21.4744],[-86.9169,21.4698],[-86.9123,21.4662],[-86.9108,21.4679],[-86.9119,21.4694]]],[[[-86.9347,21.4745],[-86.9368,21.4749],[-86.9355,21.471],[-86.9324,21.4726],[-86.9326,21.4742],[-86.9347,21.4745]]],[[[-86.9191,21.472],[-86.9175,21.4758],[-86.9222,21.4779],[-86.9235,21.4771],[-86.9208,21.4758],[-86.9191,21.472]]],[[[-87.2176,21.5183],[-87.2242,21.5177],[-87.2253,21.5165],[-87.2176,21.5183]]],[[[-86.7992,21.5188],[-86.8038,21.5317],[-86.7856,21.4605],[-86.7992,21.5188]]],[[[-86.9856,21.5558],[-86.9918,21.5632],[-86.9931,21.5605],[-86.9883,21.5576],[-86.9878,21.5549],[-86.9858,21.5556],[-86.9848,21.551],[-86.9868,21.5511],[-86.9875,21.5484],[-86.9886,21.5485],[-86.9887,21.5519],[-86.99,21.5523],[-86.9922,21.5482],[-86.9973,21.5486],[-86.9975,21.5425],[-86.9953,21.5456],[-86.9931,21.5439],[-86.988,21.5466],[-86.9851,21.5449],[-86.985,21.5498],[-86.9836,21.5478],[-86.9809,21.5478],[-86.9856,21.5558]]],[[[-87.0055,21.5676],[-87.0101,21.5643],[-87.0084,21.5609],[-87.0057,21.5641],[-87.0055,21.5676]]],[[[-87.0353,21.5851],[-87.0416,21.5857],[-87.0421,21.5847],[-87.0413,21.5834],[-87.0359,21.5844],[-87.0339,21.5783],[-87.031,21.5789],[-87.0315,21.5761],[-87.0295,21.5783],[-87.0271,21.5781],[-87.0231,21.5802],[-87.021,21.5763],[-87.0144,21.5747],[-87.0173,21.5735],[-87.0145,21.5698],[-87.01,21.5693],[-87.0095,21.5713],[-87.0072,21.5684],[-87.0014,21.5704],[-86.999,21.5692],[-86.9967,21.5651],[-86.9925,21.564],[-86.9988,21.57],[-87.0098,21.5746],[-87.0202,21.5814],[-87.0353,21.5851]]],[[[-89.152,17.9404],[-89.1327,17.972],[-89.0375,18.0051],[-89.0006,17.9844],[-88.9883,17.9484],[-88.9448,17.9591],[-88.9137,17.9106],[-88.8598,17.8945],[-88.8594,17.9252],[-88.7846,17.9797],[-88.7667,18.0343],[-88.7168,18.0605],[-88.7186,18.1088],[-88.6802,18.16],[-88.6943,18.1869],[-88.6047,18.241],[-88.6058,18.2917],[-88.5445,18.3599],[-88.5186,18.4622],[-88.4764,18.4947],[-88.4471,18.4756],[-88.4024,18.4967],[-88.3801,18.4789],[-88.2857,18.4937],[-88.1916,18.6803],[-88.153,18.7073],[-88.1937,18.7056],[-88.2023,18.6811],[-88.2029,18.7108],[-88.1714,18.7225],[-88.1483,18.7777],[-88.1603,18.727],[-88.1412,18.7249],[-88.1065,18.8194],[-88.0509,18.8711],[-88.0368,18.8502],[-88.0471,18.8114],[-88.0005,18.7712],[-88.019,18.6971],[-87.9975,18.6667],[-88.0444,18.5817],[-88.0432,18.5355],[-88.0783,18.5105],[-88.0641,18.4914],[-88.0749,18.4787],[-87.9341,18.4382],[-87.9392,18.3937],[-87.9023,18.3843],[-87.904,18.3591],[-87.879,18.3506],[-87.8991,18.2988],[-87.8948,18.2778],[-87.8792,18.2977],[-87.8736,18.265],[-87.8985,18.2195],[-87.8611,18.2346],[-87.8813,18.2174],[-87.8441,18.1935],[-87.8283,18.3105],[-87.7641,18.4178],[-87.7216,18.68],[-87.6723,18.756],[-87.6274,18.9397],[-87.5535,19.0743],[-87.5372,19.208],[-87.4456,19.3117],[-87.4668,19.3249],[-87.4583,19.3102],[-87.4923,19.3032],[-87.4945,19.2638],[-87.5117,19.2557],[-87.4891,19.3261],[-87.5561,19.296],[-87.6121,19.2399],[-87.5678,19.2778],[-87.6172,19.1854],[-87.6378,19.1772],[-87.6717,19.1856],[-87.6861,19.2205],[-87.6736,19.2277],[-87.7052,19.2271],[-87.6865,19.2308],[-87.6905,19.2542],[-87.6744,19.2524],[-87.6867,19.2349],[-87.6612,19.2607],[-87.6833,19.3149],[-87.6563,19.3028],[-87.65,19.3417],[-87.6651,19.3195],[-87.6739,19.3288],[-87.6291,19.3881],[-87.5444,19.4287],[-87.5422,19.3982],[-87.5648,19.3942],[-87.5279,19.3943],[-87.4401,19.4692],[-87.4106,19.592],[-87.4539,19.648],[-87.4457,19.62],[-87.4623,19.6073],[-87.4423,19.5934],[-87.5099,19.5764],[-87.489,19.5776],[-87.5072,19.5647],[-87.4893,19.5595],[-87.4495,19.583],[-87.4481,19.5486],[-87.4656,19.5455],[-87.4742,19.5685],[-87.5237,19.5489],[-87.4881,19.5365],[-87.5417,19.5403],[-87.5316,19.5616],[-87.5505,19.5661],[-87.6093,19.5539],[-87.6825,19.4916],[-87.6635,19.5287],[-87.6875,19.5317],[-87.6671,19.5492],[-87.6776,19.5697],[-87.693,19.5617],[-87.6765,19.5509],[-87.7021,19.5502],[-87.7078,19.5732],[-87.7438,19.5898],[-87.74,19.6718],[-87.6491,19.6881],[-87.6607,19.6343],[-87.689,19.6265],[-87.6668,19.6165],[-87.5787,19.7906],[-87.5554,19.8086],[-87.5437,19.7964],[-87.5418,19.8139],[-87.5345,19.7956],[-87.4975,19.8072],[-87.4595,19.8585],[-87.4475,19.8902],[-87.4634,19.8651],[-87.4671,19.9455],[-87.4311,19.889],[-87.4873,19.8009],[-87.4696,19.7807],[-87.4771,19.8087],[-87.4357,19.865],[-87.4328,19.9108],[-87.4806,20.0073],[-87.469,19.957],[-87.4894,19.9599],[-87.4719,19.9856],[-87.5228,20.1008],[-87.5138,20.0903],[-87.515,20.108],[-87.4791,20.1168],[-87.478,20.0065],[-87.4529,20.1641],[-87.3227,20.387],[-87.2463,20.4849],[-87.101,20.5909],[-87.0102,20.7024],[-86.9627,20.7301],[-86.9405,20.7823],[-86.8743,20.8474],[-86.813,21.0231],[-86.7788,21.0323],[-86.7405,21.1362],[-86.7881,21.1435],[-86.804,21.1642],[-86.8166,21.2849],[-86.7902,21.348],[-86.7965,21.4063],[-86.7951,21.3859],[-86.8267,21.4147],[-86.7922,21.3421],[-86.8273,21.2974],[-86.8235,21.244],[-86.8509,21.2539],[-86.8627,21.322],[-86.86,21.2607],[-86.8875,21.4047],[-86.9547,21.4891],[-86.9776,21.5486],[-86.9748,21.5103],[-87.0058,21.5516],[-87.102,21.584],[-87.1286,21.5541],[-87.0988,21.5323],[-87.1113,21.4711],[-87.1857,21.4428],[-87.1685,21.4211],[-87.2041,21.4446],[-87.2218,21.4159],[-87.2735,21.4431],[-87.3403,21.4315],[-87.4303,21.468],[-87.4771,21.4579],[-87.488,21.4843],[-87.5349,21.4894],[-87.5331,20.9996],[-87.7443,20.6538],[-87.9627,20.4467],[-87.9951,20.4473],[-87.993,20.418],[-88.1365,20.2814],[-88.2646,20.2903],[-88.2668,20.2691],[-88.3088,20.2535],[-88.4091,20.2521],[-88.4029,20.2395],[-88.4434,20.2381],[-88.5199,20.1923],[-88.5023,20.1901],[-88.5076,20.1434],[-88.5767,20.1481],[-88.6906,20.0899],[-88.7002,20.0104],[-88.7835,20.0082],[-88.8259,19.8799],[-88.9005,19.8611],[-88.9111,19.8009],[-88.9295,19.7909],[-88.9745,19.8181],[-89.0041,19.772],[-89.0252,19.7767],[-89.0488,19.7215],[-88.9947,19.7274],[-88.9975,19.7049],[-89.0305,19.7088],[-89.0362,19.678],[-89.1234,19.7034],[-89.1336,19.6146],[-89.1084,19.6123],[-89.109,19.5823],[-89.1495,19.5812],[-89.1449,19.6374],[-89.1892,19.644],[-89.2229,19.6367],[-89.2196,19.608],[-89.2966,19.5512],[-89.1467,19.4239],[-89.1502,18.4511],[-89.1255,18.4506],[-89.1212,18.3858],[-89.1382,18.3855],[-89.1324,18.2934],[-89.1517,18.2936],[-89.1431,18.1458],[-89.2002,18.1446],[-89.2025,18.0833],[-89.1444,18.0824],[-89.1448,18.0577],[-89.1634,18.0579],[-89.163,18.0185],[-89.2067,18.0211],[-89.2074,17.9926],[-89.2059,17.9541],[-89.1522,17.9536],[-89.152,17.9404]]],[[[-87.0951,21.6034],[-87.2215,21.5429],[-87.2884,21.5415],[-87.3344,21.5643],[-87.3954,21.5117],[-87.3278,21.5494],[-87.2895,21.5182],[-87.2099,21.5196],[-87.1062,21.6012],[-87.0462,21.5855],[-87.0951,21.6034]]]]},"properties":{"iso3":"MEX","shapeId":"31927357B30293642818187","regionId":"MEX.23_1","name":"Quintana Roo"}},{"type":"Feature","geometry":{"type":"Polygon","coordinates":[[[-99.7773,21.495],[-99.7493,21.5232],[-99.7467,21.5784],[-99.6611,21.5686],[-99.6258,21.5073],[-99.5493,21.4471],[-99.5519,21.4284],[-99.4975,21.4192],[-99.4363,21.4499],[-99.4059,21.4283],[-99.372,21.5071],[-99.3759,21.5479],[-99.3055,21.5329],[-99.2744,21.5653],[-99.2807,21.6079],[-99.2435,21.6151],[-99.2177,21.6666],[-99.1882,21.67],[-99.1719,21.627],[-99.1283,21.5898],[-99.1423,21.5354],[-99.0926,21.3634],[-99.1295,21.362],[-99.1378,21.3298],[-99.1029,21.3212],[-99.1276,21.3183],[-99.1043,21.2896],[-99.0435,21.2794],[-98.945,21.3113],[-98.8827,21.1796],[-98.8574,21.1893],[-98.8206,21.1604],[-98.7886,21.167],[-98.8081,21.1932],[-98.7729,21.172],[-98.7413,21.1928],[-98.7052,21.1872],[-98.7018,21.1608],[-98.6827,21.2006],[-98.6392,21.1832],[-98.6087,21.2014],[-98.5952,21.2832],[-98.6811,21.3462],[-98.5496,21.3846],[-98.5114,21.3625],[-98.5034,21.3919],[-98.5216,21.4047],[-98.5323,21.5011],[-98.6022,21.5404],[-98.6257,21.5855],[-98.6211,21.6278],[-98.6437,21.6309],[-98.6095,21.6672],[-98.622,21.6824],[-98.5792,21.6719],[-98.5583,21.6877],[-98.5674,21.7174],[-98.5438,21.7234],[-98.5307,21.6973],[-98.5205,21.7102],[-98.5374,21.7206],[-98.5167,21.7169],[-98.4547,21.766],[-98.475,21.8142],[-98.4931,21.8139],[-98.4863,21.8363],[-98.5145,21.8239],[-98.5289,21.8632],[-98.548,21.8601],[-98.5382,21.9058],[-98.5108,21.9087],[-98.5459,21.9173],[-98.5438,21.9321],[-98.5005,21.9231],[-98.5031,21.9366],[-98.5156,21.9513],[-98.566,21.9376],[-98.5791,21.9648],[-98.522,21.9794],[-98.4688,21.9646],[-98.4815,21.9905],[-98.4595,21.9952],[-98.4188,22.098],[-98.4387,22.1119],[-98.432,22.1283],[-98.3365,22.1877],[-98.3523,22.2228],[-98.326,22.2431],[-98.3746,22.2361],[-98.3681,22.2554],[-98.4051,22.2561],[-98.3964,22.2763],[-98.4304,22.2746],[-98.4467,22.3056],[-98.4759,22.2886],[-98.5352,22.3379],[-98.5793,22.3486],[-98.5793,22.3778],[-98.6815,22.3716],[-98.6771,22.4089],[-98.7589,22.3663],[-98.89,22.3551],[-98.932,22.3928],[-99.0604,22.4153],[-99.2368,22.4129],[-99.3296,22.6349],[-99.3732,22.6291],[-99.3856,22.6703],[-99.4421,22.6636],[-99.4771,22.7406],[-99.4968,22.7485],[-99.5443,22.7441],[-99.4945,22.6209],[-99.5347,22.6128],[-99.5606,22.6412],[-99.6825,22.6811],[-99.7241,22.6596],[-99.814,22.6608],[-99.8479,22.6784],[-99.8428,22.7306],[-99.8824,22.7499],[-99.957,22.7517],[-100.0223,22.7259],[-100.0941,22.7513],[-100.1019,22.7628],[-100.0294,22.8244],[-100.0442,22.9179],[-100.1104,22.9167],[-100.1108,22.9757],[-100.0894,22.9688],[-100.0975,23.0131],[-100.0717,22.9974],[-100.0621,23.0398],[-100.0113,23.0639],[-100.069,23.0959],[-100.0687,23.1212],[-100.1156,23.126],[-100.1038,23.2315],[-100.2282,23.2505],[-100.2064,23.3071],[-100.2784,23.3104],[-100.3063,23.2609],[-100.3743,23.2653],[-100.3638,23.189],[-100.3235,23.1956],[-100.3318,23.1627],[-100.4798,23.1944],[-100.4571,23.3664],[-100.5172,23.421],[-100.4942,23.5284],[-100.4592,23.5116],[-100.4695,23.5668],[-100.4916,23.5686],[-100.4471,23.6965],[-100.4665,23.6889],[-100.4977,23.7363],[-100.4976,23.7987],[-100.5288,23.8164],[-100.5255,23.8395],[-100.5503,23.8422],[-100.5398,23.8884],[-100.5624,23.9196],[-100.5238,24.0715],[-100.5387,24.1185],[-100.5196,24.1184],[-100.5168,24.1399],[-100.6134,24.1739],[-100.5935,24.1782],[-100.5851,24.2239],[-100.6331,24.226],[-100.5999,24.3488],[-100.6035,24.4013],[-100.7112,24.4915],[-100.8504,24.3435],[-100.9453,24.2812],[-101.0067,24.3358],[-101.0099,24.3851],[-100.9873,24.4325],[-101.0654,24.207],[-101.2167,24.1597],[-101.1925,23.9186],[-101.7751,23.4476],[-102.1225,23.3539],[-102.1688,23.361],[-102.1936,23.4476],[-102.2382,23.4469],[-102.2536,23.365],[-102.296,23.3205],[-102.2695,23.2799],[-102.2316,23.3151],[-102.2447,23.2768],[-102.2858,23.2733],[-102.2894,23.2317],[-102.2395,23.2095],[-102.241,23.1694],[-102.2142,23.1313],[-102.2601,23.0459],[-102.2381,23.0476],[-102.1921,22.8649],[-102.1249,22.783],[-101.9398,22.6457],[-101.8533,22.656],[-101.873,22.5631],[-101.8199,22.5513],[-101.8371,22.4997],[-101.7834,22.465],[-101.7715,22.4882],[-101.7354,22.4802],[-101.7462,22.5087],[-101.696,22.5204],[-101.6599,22.5053],[-101.5901,22.589],[-101.5953,22.6241],[-101.5738,22.6128],[-101.5674,22.6568],[-101.497,22.7015],[-101.491,22.7429],[-101.4111,22.7477],[-101.3492,22.7118],[-101.38,22.6758],[-101.3594,22.6535],[-101.3369,22.6588],[-101.3057,22.6099],[-101.2857,22.5079],[-101.3137,22.4535],[-101.3748,22.4565],[-101.3819,22.3575],[-101.433,22.3633],[-101.4351,22.3415],[-101.3914,22.2999],[-101.4163,22.2673],[-101.3768,22.2617],[-101.3243,22.2099],[-101.3513,22.1768],[-101.3277,22.1441],[-101.3466,22.0497],[-101.3771,22.045],[-101.3828,22.0207],[-101.3517,22.0438],[-101.3272,22.0215],[-101.3486,22.0281],[-101.3524,22.0131],[-101.3265,21.9997],[-101.3734,21.9902],[-101.4292,21.9344],[-101.4102,21.9087],[-101.4346,21.8971],[-101.4401,21.9103],[-101.4407,21.8927],[-101.4832,21.8677],[-101.4963,21.8099],[-101.4739,21.8274],[-101.3195,21.8353],[-101.2897,21.8121],[-101.2172,21.8161],[-101.1613,21.7575],[-100.982,21.7535],[-100.9126,21.7136],[-100.9072,21.6816],[-100.8701,21.6725],[-100.8651,21.6871],[-100.8343,21.6646],[-100.8577,21.619],[-100.7343,21.5787],[-100.7176,21.5502],[-100.6575,21.5247],[-100.6354,21.5432],[-100.6143,21.5331],[-100.615,21.5058],[-100.534,21.5423],[-100.4611,21.5453],[-100.4858,21.5944],[-100.4473,21.6749],[-100.3514,21.6917],[-100.2721,21.6873],[-100.1796,21.6508],[-100.1714,21.6013],[-100.1472,21.6181],[-100.0758,21.5579],[-100.0623,21.5233],[-99.9568,21.5262],[-99.9651,21.5051],[-99.9457,21.4974],[-99.9593,21.4835],[-99.9423,21.4496],[-99.9432,21.4618],[-99.9052,21.4482],[-99.8349,21.4781],[-99.8392,21.4624],[-99.8171,21.4617],[-99.7773,21.495]]]},"properties":{"iso3":"MEX","shapeId":"31927357B22618747134228","regionId":"MEX.24_1","name":"San Luis Potosi"}},{"type":"Feature","geometry":{"type":"MultiPolygon","coordinates":[[[[-105.689,22.6451],[-105.7036,22.6394],[-105.676,22.584],[-105.6591,22.6128],[-105.689,22.6451]]],[[[-106.4033,23.1803],[-106.4046,23.1802],[-106.4041,23.1787],[-106.4033,23.1803]]],[[[-106.4401,23.1852],[-106.4408,23.1838],[-106.4394,23.1844],[-106.4401,23.1852]]],[[[-106.3961,23.2079],[-106.3964,23.2099],[-106.3972,23.2079],[-106.3961,23.2079]]],[[[-106.4641,23.2248],[-106.4637,23.2277],[-106.4659,23.2233],[-106.4641,23.2248]]],[[[-106.4634,23.2325],[-106.4634,23.2361],[-106.4673,23.2392],[-106.4713,23.2341],[-106.4656,23.2315],[-106.4645,23.2289],[-106.4626,23.2312],[-106.4634,23.2325]]],[[[-106.4752,23.2584],[-106.4794,23.2567],[-106.479,23.2511],[-106.4747,23.252],[-106.4732,23.2568],[-106.4752,23.2584]]],[[[-106.7525,23.614],[-106.7519,23.6154],[-106.7549,23.6144],[-106.7525,23.614]]],[[[-106.7941,23.6763],[-106.7947,23.6795],[-106.7947,23.6747],[-106.7941,23.6763]]],[[[-107.0597,23.9998],[-107.0602,24.0043],[-107.0623,24.0022],[-107.0611,23.9998],[-107.0597,23.9998]]],[[[-107.1992,24.109],[-107.2003,24.1099],[-107.2045,24.1089],[-107.1994,24.1068],[-107.1992,24.109]]],[[[-107.1628,24.1246],[-107.1606,24.128],[-107.166,24.1258],[-107.1667,24.1236],[-107.1661,24.1229],[-107.1628,24.1246]]],[[[-107.1697,24.1259],[-107.1698,24.1303],[-107.1718,24.1294],[-107.1726,24.1269],[-107.1697,24.1259]]],[[[-107.1739,24.1291],[-107.1712,24.132],[-107.1717,24.1342],[-107.1771,24.1323],[-107.1759,24.1297],[-107.1739,24.1291]]],[[[-107.1646,24.1341],[-107.1644,24.1359],[-107.1667,24.1363],[-107.1661,24.1336],[-107.1646,24.1341]]],[[[-107.3531,24.22],[-107.3556,24.2232],[-107.3557,24.2209],[-107.3531,24.22]]],[[[-107.3583,24.2224],[-107.3583,24.2259],[-107.361,24.2275],[-107.366,24.2279],[-107.3699,24.2265],[-107.3583,24.2224]]],[[[-107.3792,24.2265],[-107.4059,24.2392],[-107.2071,24.1103],[-107.3792,24.2265]]],[[[-107.3935,24.2388],[-107.3959,24.243],[-107.3995,24.2423],[-107.3983,24.24],[-107.3851,24.2333],[-107.3881,24.2396],[-107.3922,24.2406],[-107.3922,24.2387],[-107.3935,24.2388]]],[[[-107.5129,24.3374],[-107.5114,24.3387],[-107.5118,24.3429],[-107.5146,24.3381],[-107.5129,24.3374]]],[[[-107.5093,24.3386],[-107.5085,24.3437],[-107.5108,24.3415],[-107.5093,24.3386]]],[[[-107.5187,24.3503],[-107.5241,24.3531],[-107.5247,24.3495],[-107.5213,24.3473],[-107.5159,24.3454],[-107.5119,24.3469],[-107.513,24.3513],[-107.5187,24.3503]]],[[[-107.5099,24.3658],[-107.5147,24.3644],[-107.5087,24.3634],[-107.5099,24.3658]]],[[[-107.5112,24.3674],[-107.5137,24.3683],[-107.5135,24.3666],[-107.5112,24.3674]]],[[[-107.5219,24.3712],[-107.524,24.3732],[-107.5238,24.3715],[-107.5219,24.3712]]],[[[-107.5135,24.382],[-107.5145,24.3833],[-107.5159,24.3812],[-107.5135,24.382]]],[[[-107.5131,24.3903],[-107.5144,24.391],[-107.5163,24.3899],[-107.5171,24.3852],[-107.5147,24.3903],[-107.5122,24.3882],[-107.5131,24.3903]]],[[[-107.5158,24.3959],[-107.517,24.3963],[-107.5137,24.3941],[-107.5133,24.3915],[-107.5123,24.3948],[-107.5158,24.3959]]],[[[-107.5157,24.409],[-107.5166,24.408],[-107.5143,24.409],[-107.5157,24.409]]],[[[-107.5079,24.409],[-107.5096,24.4096],[-107.5079,24.4037],[-107.5051,24.4024],[-107.5048,24.4067],[-107.5015,24.4085],[-107.5079,24.409]]],[[[-107.506,24.4104],[-107.5057,24.4116],[-107.5075,24.4115],[-107.506,24.4104]]],[[[-107.5177,24.4111],[-107.517,24.4129],[-107.5187,24.4113],[-107.5177,24.4111]]],[[[-107.5121,24.4168],[-107.5139,24.421],[-107.5147,24.4201],[-107.5121,24.4168]]],[[[-107.6285,24.4402],[-107.6321,24.4418],[-107.6256,24.4357],[-107.6216,24.4373],[-107.6285,24.4402]]],[[[-107.57,24.4529],[-107.572,24.4542],[-107.5736,24.4523],[-107.5698,24.4519],[-107.57,24.4529]]],[[[-107.636,24.4542],[-107.6364,24.4564],[-107.6399,24.4573],[-107.636,24.4542]]],[[[-107.5661,24.4581],[-107.568,24.4594],[-107.5676,24.4575],[-107.5693,24.4571],[-107.5672,24.455],[-107.5661,24.4581]]],[[[-107.6421,24.4557],[-107.643,24.4595],[-107.6462,24.4615],[-107.6459,24.4555],[-107.6365,24.4503],[-107.6365,24.4525],[-107.6427,24.4547],[-107.6421,24.4557]]],[[[-107.6418,24.4619],[-107.6429,24.4619],[-107.6408,24.4595],[-107.6403,24.4612],[-107.6418,24.4619]]],[[[-107.5373,24.4769],[-107.5402,24.4759],[-107.5359,24.4758],[-107.5373,24.4769]]],[[[-107.5412,24.4776],[-107.5435,24.478],[-107.5423,24.4764],[-107.5412,24.4776]]],[[[-107.6597,24.4737],[-107.6594,24.4792],[-107.6609,24.4805],[-107.6597,24.4737]]],[[[-107.5675,24.4791],[-107.5697,24.4812],[-107.5678,24.4785],[-107.5636,24.4779],[-107.565,24.4795],[-107.5675,24.4791]]],[[[-107.5552,24.4809],[-107.5564,24.4821],[-107.5588,24.4808],[-107.5563,24.48],[-107.555,24.4773],[-107.5579,24.4713],[-107.5557,24.4722],[-107.5535,24.4772],[-107.5552,24.4809]]],[[[-107.5503,24.4826],[-107.5519,24.483],[-107.5512,24.4813],[-107.5487,24.4814],[-107.5438,24.4771],[-107.5469,24.481],[-107.5503,24.4826]]],[[[-107.5573,24.485],[-107.5551,24.4904],[-107.5565,24.4935],[-107.5582,24.486],[-107.5599,24.4847],[-107.5576,24.4822],[-107.556,24.4834],[-107.5573,24.485]]],[[[-107.5737,24.4928],[-107.5727,24.495],[-107.5748,24.4942],[-107.5737,24.4928]]],[[[-107.5774,24.4919],[-107.5779,24.4955],[-107.5809,24.4964],[-107.5841,24.4951],[-107.5853,24.49],[-107.5833,24.4914],[-107.5776,24.4909],[-107.5774,24.4919]]],[[[-107.5542,24.4977],[-107.5561,24.4983],[-107.5549,24.4966],[-107.5577,24.495],[-107.5539,24.4949],[-107.5526,24.497],[-107.5542,24.4977]]],[[[-107.5626,24.4987],[-107.5637,24.498],[-107.5625,24.4954],[-107.5572,24.4966],[-107.5571,24.4981],[-107.5626,24.4987]]],[[[-107.5917,24.4994],[-107.5904,24.5005],[-107.5927,24.5002],[-107.5917,24.4994]]],[[[-107.7122,24.4978],[-107.725,24.5006],[-107.7278,24.5],[-107.7297,24.4982],[-107.7301,24.4925],[-107.7265,24.4918],[-107.7273,24.4943],[-107.7261,24.4955],[-107.7196,24.4937],[-107.7153,24.4946],[-107.7097,24.4913],[-107.7084,24.4976],[-107.7122,24.4978]]],[[[-107.5771,24.5057],[-107.5895,24.4998],[-107.5646,24.4973],[-107.5771,24.5057]]],[[[-107.5895,24.5049],[-107.5906,24.5071],[-107.5913,24.5057],[-107.5895,24.5049]]],[[[-107.5523,24.5073],[-107.5542,24.5078],[-107.5514,24.5062],[-107.551,24.5075],[-107.5523,24.5073]]],[[[-107.5723,24.5119],[-107.5745,24.5139],[-107.5772,24.5141],[-107.5763,24.5115],[-107.5725,24.5107],[-107.5723,24.5119]]],[[[-107.8312,24.5422],[-107.8334,24.544],[-107.8208,24.53],[-107.8159,24.5271],[-107.8037,24.5361],[-107.8081,24.5347],[-107.8264,24.5374],[-107.8273,24.5395],[-107.8256,24.5422],[-107.8312,24.5422]]],[[[-107.8354,24.547],[-107.8376,24.5491],[-107.835,24.546],[-107.8354,24.547]]],[[[-107.8506,24.5596],[-107.8523,24.5596],[-107.8505,24.5586],[-107.8506,24.5596]]],[[[-107.845,24.5558],[-107.8449,24.559],[-107.8469,24.5604],[-107.849,24.5578],[-107.845,24.5558]]],[[[-107.8638,24.5668],[-107.8758,24.575],[-107.8526,24.5598],[-107.8638,24.5668]]],[[[-107.8856,24.6142],[-107.8893,24.6159],[-107.8901,24.6144],[-107.8834,24.6062],[-107.8765,24.6057],[-107.8786,24.6118],[-107.8809,24.6137],[-107.8856,24.6142]]],[[[-107.972,24.7508],[-107.9921,24.752],[-107.9648,24.7255],[-107.972,24.7508]]],[[[-108.0015,24.764],[-108.0069,24.7648],[-108.0066,24.7596],[-107.9997,24.757],[-107.9993,24.7549],[-107.9937,24.7533],[-107.9967,24.7641],[-108.0015,24.764]]],[[[-107.9747,24.7891],[-107.9767,24.7894],[-107.9746,24.7881],[-107.9747,24.7891]]],[[[-107.971,24.7882],[-107.9703,24.7898],[-107.9726,24.7901],[-107.971,24.7882]]],[[[-107.978,24.7902],[-107.9771,24.7914],[-107.9796,24.7941],[-107.9806,24.792],[-107.978,24.7902]]],[[[-107.9775,24.7934],[-107.9774,24.7982],[-107.9786,24.7944],[-107.9775,24.7934]]],[[[-108.0825,24.8205],[-108.0825,24.8243],[-108.085,24.8218],[-108.0778,24.8176],[-108.0786,24.8134],[-108.0755,24.8089],[-108.0622,24.8027],[-108.058,24.8037],[-108.0622,24.8054],[-108.0633,24.8041],[-108.0748,24.8099],[-108.0763,24.8118],[-108.0758,24.8141],[-108.0776,24.8137],[-108.0771,24.8168],[-108.0645,24.8061],[-108.0633,24.8075],[-108.0632,24.8099],[-108.0658,24.8089],[-108.0728,24.8146],[-108.0689,24.8141],[-108.0691,24.8157],[-108.0713,24.8153],[-108.0812,24.8213],[-108.0825,24.8205]]],[[[-108.0064,24.854],[-108.0133,24.851],[-108.0148,24.8487],[-108.0164,24.8491],[-108.0146,24.8519],[-108.0168,24.8493],[-108.0154,24.8475],[-108.0176,24.8474],[-108.017,24.8442],[-108.0128,24.8493],[-108.0102,24.8462],[-108.0058,24.8513],[-108.0064,24.854]]],[[[-107.9986,24.8518],[-107.9977,24.8531],[-108.0003,24.8559],[-108.0046,24.8558],[-107.9986,24.8518]]],[[[-108.0955,24.8578],[-108.0971,24.8666],[-108.1001,24.8693],[-108.104,24.8636],[-108.1013,24.8572],[-108.0982,24.8559],[-108.0995,24.8499],[-108.0967,24.8507],[-108.096,24.8526],[-108.0975,24.8532],[-108.0957,24.8547],[-108.0955,24.8578]]],[[[-107.9995,24.869],[-107.9989,24.8698],[-108.0022,24.8702],[-108.0036,24.8683],[-107.9995,24.869]]],[[[-108.0382,24.8945],[-108.0369,24.8952],[-108.0385,24.897],[-108.0393,24.8943],[-108.0382,24.8945]]],[[[-108.0127,24.931],[-108.0127,24.932],[-108.0148,24.9313],[-108.0127,24.931]]],[[[-108.0366,24.938],[-108.0355,24.9393],[-108.0394,24.9379],[-108.0387,24.9303],[-108.0383,24.9326],[-108.0366,24.9319],[-108.0357,24.9341],[-108.037,24.9358],[-108.0363,24.9344],[-108.0381,24.9332],[-108.0389,24.9369],[-108.0365,24.9366],[-108.0366,24.938]]],[[[-108.1344,24.9407],[-108.1352,24.9474],[-108.1394,24.9477],[-108.137,24.9423],[-108.1344,24.9407]]],[[[-108.0017,24.9478],[-108.0033,24.9475],[-108.0007,24.9463],[-108.0017,24.9478]]],[[[-108.0036,24.9499],[-108.0057,24.9496],[-108.0033,24.9482],[-108.0047,24.9497],[-108.0036,24.9499]]],[[[-108.045,24.9504],[-108.046,24.9498],[-108.0426,24.9473],[-108.0434,24.9499],[-108.045,24.9504]]],[[[-108.0064,24.9532],[-108.0083,24.9526],[-108.0054,24.9518],[-108.0064,24.9532]]],[[[-108.1426,24.949],[-108.149,24.9561],[-108.149,24.9525],[-108.1465,24.9489],[-108.1426,24.9466],[-108.1426,24.949]]],[[[-108.0559,24.9579],[-108.0565,24.9602],[-108.0572,24.9577],[-108.0583,24.9581],[-108.0562,24.9573],[-108.0547,24.9539],[-108.0538,24.9559],[-108.0549,24.9554],[-108.0559,24.9579]]],[[[-108.0276,24.9605],[-108.0244,24.9634],[-108.0289,24.9602],[-108.0276,24.9605]]],[[[-108.0036,24.9608],[-108.0015,24.9664],[-108.0045,24.9611],[-108.0094,24.9591],[-108.0124,24.9607],[-108.0108,24.9587],[-108.0114,24.9539],[-108.0103,24.9581],[-108.0036,24.9608]]],[[[-108.058,24.9627],[-108.0571,24.967],[-108.0593,24.965],[-108.058,24.9627]]],[[[-108.0342,24.9771],[-108.0333,24.9782],[-108.0346,24.9771],[-108.037,24.9778],[-108.035,24.9766],[-108.0342,24.9771]]],[[[-108.1627,24.9704],[-108.1638,24.9772],[-108.1665,24.9789],[-108.1696,24.9765],[-108.1698,24.9734],[-108.1651,24.9698],[-108.1627,24.9704]]],[[[-108.0325,24.9822],[-108.0335,24.9813],[-108.0315,24.981],[-108.0325,24.9822]]],[[[-108.0297,24.9817],[-108.0308,24.9824],[-108.0284,24.9802],[-108.0297,24.9817]]],[[[-108.1853,25.0026],[-108.192,25.0136],[-108.1956,25.0169],[-108.1952,25.0132],[-108.1851,25.001],[-108.1853,25.0026]]],[[[-108.0921,25.0012],[-108.1423,25.0495],[-108.1335,24.9779],[-108.1572,24.9679],[-108.1348,24.9623],[-108.1127,24.9096],[-108.1204,24.9499],[-108.1055,24.9284],[-108.0756,24.8474],[-108.0903,24.8371],[-108.0544,24.8223],[-108.093,24.9797],[-108.0494,24.8398],[-108.0371,24.9283],[-108.0645,25.0067],[-108.0921,25.0012]]],[[[-108.0643,25.0654],[-108.0603,25.0688],[-108.0607,25.0702],[-108.0656,25.065],[-108.0643,25.0654]]],[[[-108.0604,25.0731],[-108.0598,25.0739],[-108.062,25.075],[-108.0679,25.0731],[-108.0604,25.0731]]],[[[-108.2195,25.0729],[-108.2211,25.0771],[-108.2229,25.0765],[-108.2208,25.0727],[-108.2195,25.0729]]],[[[-108.2259,25.0761],[-108.2261,25.0779],[-108.2353,25.0831],[-108.2361,25.0871],[-108.2378,25.0854],[-108.2375,25.0828],[-108.2339,25.0806],[-108.2292,25.0745],[-108.2259,25.0761]]],[[[-108.2434,25.0889],[-108.2477,25.0925],[-108.2511,25.0991],[-108.2528,25.0972],[-108.2523,25.0929],[-108.2479,25.0898],[-108.2434,25.0889]]],[[[-108.1274,25.0981],[-108.1281,25.0995],[-108.1373,25.0983],[-108.1359,25.0967],[-108.1274,25.0981]]],[[[-108.1402,25.0975],[-108.1397,25.0995],[-108.1415,25.0986],[-108.1416,25.0972],[-108.1402,25.0975]]],[[[-108.2926,25.1102],[-108.294,25.1138],[-108.2977,25.1141],[-108.3047,25.1136],[-108.307,25.1098],[-108.2956,25.1084],[-108.2926,25.1102]]],[[[-108.329,25.1251],[-108.3325,25.1057],[-108.2287,25.0215],[-108.123,24.8334],[-108.089,24.8134],[-108.112,24.8295],[-108.0963,24.8306],[-108.1024,24.8823],[-108.1328,24.9262],[-108.2358,25.0548],[-108.329,25.1251]]],[[[-108.2388,25.1419],[-108.2403,25.1424],[-108.239,25.1369],[-108.2354,25.1321],[-108.2334,25.1321],[-108.2316,25.1343],[-108.2339,25.1402],[-108.2356,25.1423],[-108.2388,25.1419]]],[[[-108.3682,25.1469],[-108.3706,25.1479],[-108.3744,25.1521],[-108.3734,25.1491],[-108.3704,25.1467],[-108.3682,25.1469]]],[[[-108.2389,25.1484],[-108.241,25.1532],[-108.2403,25.1476],[-108.2389,25.1484]]],[[[-108.2384,25.1554],[-108.2426,25.1577],[-108.2422,25.1541],[-108.2398,25.1534],[-108.2384,25.1554]]],[[[-108.2507,25.1552],[-108.2489,25.1574],[-108.2504,25.1596],[-108.2534,25.1543],[-108.2507,25.1552]]],[[[-108.3663,25.1617],[-108.3626,25.1663],[-108.3634,25.1687],[-108.372,25.1572],[-108.3736,25.1532],[-108.3718,25.1494],[-108.3615,25.153],[-108.3594,25.1546],[-108.3588,25.1552],[-108.357,25.1583],[-108.3601,25.1568],[-108.3593,25.1557],[-108.3598,25.1544],[-108.3608,25.1543],[-108.3623,25.1551],[-108.3681,25.1563],[-108.3689,25.1552],[-108.3693,25.1598],[-108.367,25.1615],[-108.3668,25.1594],[-108.3663,25.1617]]],[[[-108.2582,25.175],[-108.2715,25.1833],[-108.271,25.1574],[-108.2413,25.1765],[-108.2582,25.175]]],[[[-108.3471,25.1869],[-108.3501,25.189],[-108.3524,25.1863],[-108.3522,25.1844],[-108.3504,25.1834],[-108.3485,25.1852],[-108.3459,25.184],[-108.3442,25.185],[-108.3443,25.1865],[-108.3471,25.1869]]],[[[-108.2592,25.1875],[-108.2587,25.1907],[-108.2606,25.1872],[-108.2592,25.1875]]],[[[-108.355,25.1928],[-108.3528,25.1943],[-108.3563,25.1937],[-108.355,25.1928]]],[[[-108.3407,25.1971],[-108.3576,25.2073],[-108.3351,25.169],[-108.3702,25.1947],[-108.3571,25.1673],[-108.2703,25.1448],[-108.2835,25.1641],[-108.3043,25.1603],[-108.3104,25.1912],[-108.3407,25.1971]]],[[[-108.5017,25.2853],[-108.5048,25.2866],[-108.5,25.2846],[-108.5017,25.2853]]],[[[-108.762,25.3731],[-108.7597,25.3739],[-108.7585,25.3766],[-108.7597,25.3771],[-108.7652,25.3733],[-108.7639,25.3721],[-108.762,25.3731]]],[[[-108.7044,25.3781],[-108.707,25.3792],[-108.7013,25.376],[-108.7014,25.3783],[-108.7044,25.3781]]],[[[-108.7262,25.3828],[-108.7307,25.3844],[-108.7245,25.3806],[-108.7211,25.3805],[-108.7213,25.382],[-108.7262,25.3828]]],[[[-108.7332,25.3832],[-108.7342,25.3845],[-108.736,25.3834],[-108.7332,25.3832]]],[[[-108.7534,25.3996],[-108.7815,25.3968],[-108.7715,25.3825],[-108.7933,25.3944],[-108.7804,25.3717],[-108.7427,25.3828],[-108.7534,25.3996]]],[[[-109.0125,25.4435],[-109.0265,25.4414],[-108.9112,25.4206],[-108.8007,25.3738],[-108.8248,25.415],[-108.9063,25.4405],[-109.0125,25.4435]]],[[[-109.013,25.4471],[-109.0108,25.4509],[-109.0157,25.452],[-109.0159,25.4494],[-109.0144,25.4469],[-109.013,25.4471]]],[[[-108.8021,25.4705],[-108.8057,25.47],[-108.807,25.4667],[-108.8002,25.4627],[-108.7984,25.4643],[-108.8021,25.4705]]],[[[-108.842,25.4736],[-108.8385,25.4772],[-108.8379,25.4801],[-108.8446,25.483],[-108.8457,25.4785],[-108.842,25.4736]]],[[[-108.874,25.4764],[-108.8722,25.4816],[-108.874,25.4841],[-108.8768,25.4843],[-108.8792,25.4791],[-108.8769,25.4763],[-108.874,25.4764]]],[[[-108.8395,25.4857],[-108.8399,25.4871],[-108.8417,25.4868],[-108.8395,25.4857]]],[[[-108.8041,25.4895],[-108.8039,25.4917],[-108.8054,25.4905],[-108.8041,25.4895]]],[[[-108.7909,25.4971],[-108.7968,25.5006],[-108.7994,25.4963],[-108.7909,25.4971]]],[[[-108.865,25.508],[-108.865,25.5112],[-108.8664,25.5119],[-108.8681,25.5092],[-108.865,25.508]]],[[[-108.8479,25.5109],[-108.8796,25.4867],[-108.8454,25.4908],[-108.8479,25.5109]]],[[[-108.8202,25.5116],[-108.8279,25.4844],[-108.8066,25.491],[-108.8202,25.5116]]],[[[-108.8823,25.5226],[-108.884,25.525],[-108.8855,25.5236],[-108.8836,25.5208],[-108.8871,25.515],[-108.8867,25.513],[-108.8815,25.5129],[-108.8787,25.5222],[-108.8768,25.5232],[-108.8779,25.5241],[-108.8823,25.5226]]],[[[-108.8154,25.5178],[-108.8114,25.5213],[-108.8156,25.5229],[-108.8177,25.5258],[-108.8158,25.5223],[-108.8174,25.5186],[-108.8154,25.5178]]],[[[-108.875,25.5239],[-108.8735,25.5248],[-108.8736,25.5269],[-108.876,25.5253],[-108.875,25.5239]]],[[[-109.0143,25.5652],[-109.013,25.5684],[-109.0099,25.5704],[-109.0106,25.5724],[-109.0138,25.5693],[-109.0143,25.5652]]],[[[-109.0814,25.5849],[-109.0841,25.5862],[-109.0857,25.5848],[-109.0898,25.5855],[-109.0911,25.5842],[-109.0825,25.5797],[-109.0795,25.5829],[-109.0814,25.5849]]],[[[-109.1554,25.5883],[-109.1567,25.5946],[-109.1592,25.5915],[-109.1574,25.5874],[-109.1547,25.5874],[-109.1529,25.5896],[-109.1554,25.5883]]],[[[-108.983,25.5995],[-108.9818,25.6016],[-108.9835,25.6036],[-108.9848,25.6001],[-108.983,25.5995]]],[[[-109.1073,25.6007],[-109.1151,25.583],[-109.0955,25.5943],[-109.1073,25.6007]]],[[[-109.0122,25.619],[-109.0105,25.6202],[-109.0119,25.6227],[-109.0156,25.6194],[-109.0122,25.619]]],[[[-109.2236,25.6427],[-109.2219,25.6449],[-109.2229,25.6457],[-109.2284,25.6455],[-109.2287,25.6421],[-109.232,25.64],[-109.2236,25.6427]]],[[[-109.3719,25.6534],[-109.3724,25.6554],[-109.3745,25.6548],[-109.3719,25.6534]]],[[[-109.3185,25.6564],[-109.3971,25.6386],[-109.2509,25.6354],[-109.1917,25.6037],[-109.1611,25.5602],[-109.175,25.6043],[-109.2063,25.6191],[-109.184,25.6136],[-109.1888,25.6249],[-109.3185,25.6564]]],[[[-109.3543,25.668],[-109.374,25.6566],[-109.2964,25.6567],[-109.3543,25.668]]],[[[-109.3814,25.6725],[-109.3826,25.6757],[-109.3842,25.6753],[-109.3826,25.6722],[-109.3814,25.6725]]],[[[-109.4321,25.8061],[-109.4295,25.8071],[-109.4297,25.8084],[-109.4336,25.8094],[-109.4321,25.8061]]],[[[-109.4101,25.8167],[-109.4137,25.8198],[-109.4117,25.8163],[-109.4119,25.811],[-109.4102,25.812],[-109.4054,25.8102],[-109.4101,25.8167]]],[[[-109.4233,25.8176],[-109.417,25.8201],[-109.42,25.8214],[-109.4233,25.8176]]],[[[-109.4116,25.8335],[-109.4079,25.8356],[-109.4011,25.8461],[-109.4015,25.8486],[-109.4053,25.8526],[-109.4058,25.8561],[-109.4106,25.8576],[-109.4117,25.8563],[-109.4108,25.841],[-109.4144,25.8328],[-109.4116,25.8335]]],[[[-109.407,25.8917],[-109.4125,25.8912],[-109.413,25.8895],[-109.4045,25.8905],[-109.407,25.8917]]],[[[-109.4294,25.9149],[-109.4406,25.925],[-109.4225,25.8997],[-109.4294,25.9149]]],[[[-109.4288,25.9242],[-109.4305,25.9264],[-109.4266,25.9186],[-109.4221,25.9153],[-109.4251,25.9229],[-109.4288,25.9242]]],[[[-109.4381,25.9308],[-109.4423,25.9306],[-109.4412,25.9272],[-109.4378,25.9268],[-109.4348,25.9282],[-109.4386,25.9285],[-109.437,25.9298],[-109.4381,25.9308]]],[[[-109.4368,25.9327],[-109.4415,25.935],[-109.4272,25.9272],[-109.4344,25.9325],[-109.4368,25.9327]]],[[[-109.4243,25.931],[-109.4283,25.9359],[-109.4294,25.935],[-109.4243,25.9294],[-109.4324,25.9335],[-109.4222,25.9266],[-109.4217,25.9279],[-109.4243,25.931]]],[[[-109.4339,25.9363],[-109.4358,25.9381],[-109.438,25.9356],[-109.4369,25.9363],[-109.4347,25.9338],[-109.4339,25.9363]]],[[[-109.4423,25.937],[-109.4351,25.9388],[-109.4349,25.9406],[-109.4309,25.9426],[-109.4383,25.9503],[-109.4375,25.9594],[-109.4397,25.9625],[-109.445,25.95],[-109.4477,25.949],[-109.4438,25.9369],[-109.4423,25.937]]],[[[-109.3986,26.0434],[-109.3983,26.0481],[-109.4015,26.0524],[-109.3986,26.0434]]],[[[-109.4053,26.0373],[-109.4019,26.0406],[-109.4019,26.0441],[-109.4025,26.0495],[-109.4067,26.0566],[-109.408,26.0507],[-109.4103,26.0481],[-109.4083,26.0444],[-109.4091,26.0391],[-109.408,26.0371],[-109.4053,26.0373]]],[[[-109.3754,26.0989],[-109.3769,26.1009],[-109.3798,26.0973],[-109.3754,26.0989]]],[[[-109.214,26.339],[-109.21,26.343],[-109.2127,26.3418],[-109.214,26.339]]],[[[-108.5025,26.9874],[-108.4243,26.9762],[-108.467,26.9707],[-108.557,26.8238],[-108.5369,26.7984],[-108.554,26.7799],[-108.5808,26.7896],[-108.601,26.7272],[-108.6284,26.7184],[-108.6304,26.6766],[-108.679,26.6429],[-108.6788,26.587],[-108.7343,26.5936],[-108.8732,26.5511],[-108.8913,26.4896],[-108.9147,26.4795],[-108.8475,26.4872],[-108.8378,26.4725],[-108.8761,26.4476],[-108.8603,26.4328],[-108.8814,26.4063],[-108.9101,26.4217],[-108.9365,26.3902],[-109.0064,26.4024],[-109.0742,26.3535],[-109.0967,26.3121],[-109.1255,26.291],[-109.1341,26.3014],[-109.0835,26.2705],[-109.1016,26.274],[-109.1211,26.2447],[-109.1001,26.2155],[-109.1153,26.1784],[-109.1076,26.2102],[-109.1608,26.236],[-109.1556,26.2588],[-109.1793,26.2495],[-109.1485,26.2758],[-109.1685,26.2762],[-109.157,26.3052],[-109.2029,26.3448],[-109.2209,26.2638],[-109.2389,26.2266],[-109.2519,26.2392],[-109.2538,26.1987],[-109.2468,26.2166],[-109.2727,26.2126],[-109.2544,26.1925],[-109.2892,26.1381],[-109.2974,26.1673],[-109.3052,26.1551],[-109.2803,26.267],[-109.2719,26.2804],[-109.2598,26.2679],[-109.2435,26.3063],[-109.2478,26.2756],[-109.2383,26.313],[-109.2874,26.2783],[-109.3025,26.2178],[-109.3752,26.1018],[-109.3201,26.1403],[-109.3452,26.1043],[-109.3291,26.0823],[-109.3414,26.0757],[-109.3302,26.0916],[-109.3464,26.1192],[-109.3882,26.0879],[-109.4093,26.0551],[-109.4007,26.0342],[-109.4118,26.0479],[-109.4352,25.9954],[-109.4265,26.0138],[-109.3983,26.0046],[-109.4307,25.9993],[-109.4457,25.9537],[-109.3786,25.9553],[-109.4156,25.9587],[-109.4339,25.9391],[-109.3984,25.9295],[-109.4221,25.9246],[-109.4181,25.8931],[-109.3994,25.8944],[-109.4218,25.8957],[-109.4285,25.8189],[-109.4114,25.8587],[-109.349,25.8453],[-109.4034,25.8552],[-109.4201,25.8234],[-109.3863,25.803],[-109.3882,25.7808],[-109.4088,25.7857],[-109.416,25.8185],[-109.4307,25.8024],[-109.3953,25.6788],[-109.3974,25.7665],[-109.3709,25.7779],[-109.336,25.7428],[-109.3083,25.7557],[-109.3263,25.7518],[-109.2818,25.7109],[-109.2937,25.6539],[-109.2346,25.6457],[-109.2642,25.6968],[-109.2387,25.7158],[-109.2245,25.6768],[-109.1925,25.6804],[-109.2032,25.6577],[-109.1624,25.665],[-109.1922,25.6489],[-109.1675,25.6523],[-109.1843,25.6432],[-109.1471,25.611],[-109.1515,25.5882],[-109.1039,25.5702],[-109.1231,25.6096],[-109.0741,25.5866],[-109.095,25.616],[-109.071,25.6239],[-109.084,25.6161],[-109.0725,25.5973],[-109.0584,25.6064],[-109.0605,25.5809],[-109.0157,25.6579],[-108.936,25.6778],[-108.9209,25.6251],[-108.9418,25.6066],[-108.9683,25.6123],[-108.984,25.5402],[-108.9987,25.5519],[-108.9904,25.5749],[-109.0152,25.5606],[-109.0468,25.5927],[-109.0467,25.5652],[-109.0621,25.5684],[-109.026,25.5518],[-109.0495,25.5349],[-109.0705,25.5575],[-109.0606,25.5165],[-109.0732,25.55],[-109.0762,25.5275],[-109.0945,25.5407],[-109.0877,25.5221],[-109.104,25.5346],[-109.092,25.546],[-109.1184,25.5467],[-109.0437,25.4638],[-109.032,25.4611],[-109.0462,25.4802],[-109.001,25.4686],[-109.0289,25.4949],[-108.9775,25.5102],[-108.9432,25.4987],[-108.9626,25.4793],[-108.9355,25.4763],[-108.9383,25.4526],[-108.9157,25.4627],[-108.8862,25.5049],[-108.9078,25.5145],[-108.9076,25.5586],[-108.8698,25.5616],[-108.8628,25.5793],[-108.8187,25.5272],[-108.7998,25.5444],[-108.7803,25.5315],[-108.7931,25.5447],[-108.7762,25.549],[-108.7583,25.5202],[-108.7809,25.5152],[-108.7647,25.4931],[-108.7902,25.4648],[-108.7656,25.4625],[-108.7922,25.4178],[-108.7335,25.4764],[-108.7559,25.454],[-108.7416,25.4317],[-108.7654,25.431],[-108.7411,25.4021],[-108.7254,25.412],[-108.7409,25.3953],[-108.6707,25.4027],[-108.6203,25.3404],[-108.6628,25.3682],[-108.7532,25.3686],[-108.5401,25.3055],[-108.5769,25.3215],[-108.5702,25.3422],[-108.5644,25.3203],[-108.5251,25.314],[-108.5391,25.3011],[-108.444,25.2516],[-108.387,25.1853],[-108.3699,25.2137],[-108.3867,25.2461],[-108.3694,25.2576],[-108.3996,25.279],[-108.3724,25.2627],[-108.3562,25.2828],[-108.3633,25.2554],[-108.3145,25.2426],[-108.3155,25.2137],[-108.3336,25.2147],[-108.3181,25.1935],[-108.3069,25.2026],[-108.284,25.1785],[-108.2899,25.2079],[-108.255,25.201],[-108.1627,25.1069],[-108.1304,25.1007],[-108.1323,25.1203],[-108.0523,25.0736],[-108.0438,24.9994],[-107.9926,24.9648],[-108.018,24.9113],[-108.0042,24.9038],[-108.0211,24.8959],[-107.986,24.8848],[-108.0075,24.8627],[-107.9499,24.8826],[-108.0175,24.841],[-107.9727,24.7926],[-107.9514,24.8061],[-107.9575,24.7907],[-107.9404,24.7879],[-107.968,24.7896],[-107.9873,24.755],[-107.96,24.7309],[-107.927,24.7409],[-107.9653,24.7282],[-107.963,24.7148],[-108.0434,24.7836],[-108.0494,24.7705],[-108.0435,24.7904],[-108.0688,24.7845],[-108.0164,24.7264],[-108.0002,24.6539],[-107.8801,24.5788],[-107.9821,24.6528],[-107.982,24.6934],[-107.9777,24.6607],[-107.953,24.6637],[-107.9277,24.6284],[-107.7835,24.5651],[-107.7416,24.5205],[-107.755,24.4988],[-107.7087,24.4998],[-107.7017,24.5559],[-107.7069,24.4977],[-107.6845,24.5131],[-107.6443,24.4646],[-107.5951,24.4706],[-107.5859,24.4919],[-107.6138,24.5154],[-107.5391,24.5207],[-107.4754,24.3932],[-107.5094,24.3788],[-107.4883,24.3778],[-107.4988,24.3559],[-107.5586,24.3869],[-107.4877,24.3246],[-107.7847,24.5123],[-107.8097,24.5],[-107.4159,24.2453],[-107.4095,24.2754],[-107.4113,24.2443],[-107.3994,24.2537],[-107.3406,24.2218],[-107.3356,24.244],[-107.2952,24.2197],[-107.3409,24.2363],[-107.3323,24.2102],[-107.2064,24.121],[-107.1705,24.1101],[-107.1841,24.1617],[-107.1431,24.1423],[-107.1565,24.109],[-107.0486,24.0346],[-107.1279,24.0945],[-107.1645,24.0996],[-107.1126,24.0639],[-107.1061,24.0356],[-107.0541,23.9981],[-107.0397,24.0054],[-107.0534,24.0167],[-107.0388,24.0058],[-107.0492,23.9951],[-106.988,23.9434],[-107.1541,24.0889],[-107.192,24.0946],[-106.8909,23.8389],[-106.8815,23.7951],[-106.7929,23.6773],[-106.8108,23.6529],[-106.7301,23.5958],[-106.759,23.6201],[-106.7224,23.6086],[-106.7284,23.5947],[-106.6268,23.4782],[-106.5881,23.4665],[-106.5993,23.4567],[-106.4835,23.3314],[-106.4935,23.3038],[-106.4221,23.2168],[-106.4294,23.1764],[-106.3875,23.2161],[-106.3972,23.2255],[-106.3271,23.1728],[-106.3134,23.1505],[-106.3805,23.2109],[-106.4006,23.1929],[-106.4036,23.2074],[-106.4191,23.178],[-106.3906,23.1807],[-106.2946,23.0955],[-106.2833,23.1097],[-106.2926,23.0931],[-106.1748,22.9917],[-106.0373,22.8341],[-106.0015,22.8498],[-106.0302,22.831],[-105.8477,22.6852],[-105.7018,22.4744],[-105.6866,22.499],[-105.7076,22.5603],[-105.6852,22.6196],[-105.7343,22.7135],[-105.7048,22.7359],[-105.6569,22.6967],[-105.7037,22.7015],[-105.7178,22.6792],[-105.6614,22.628],[-105.6666,22.5806],[-105.6392,22.577],[-105.6309,22.593],[-105.5983,22.5367],[-105.4608,22.5086],[-105.4366,22.5375],[-105.4369,22.5819],[-105.456,22.5987],[-105.451,22.627],[-105.4727,22.6272],[-105.464,22.6592],[-105.4981,22.6514],[-105.5248,22.7748],[-105.4746,22.8514],[-105.5013,22.9586],[-105.4533,22.9774],[-105.4326,23.024],[-105.409,23.0236],[-105.413,23.0741],[-105.3923,23.0853],[-105.4244,23.1203],[-105.504,23.1277],[-105.5543,23.0989],[-105.624,23.1224],[-105.6462,23.1489],[-105.6297,23.2023],[-105.6432,23.2765],[-105.6871,23.2875],[-105.694,23.3406],[-105.7307,23.3749],[-105.7003,23.4202],[-105.7389,23.4452],[-105.7234,23.4748],[-105.7603,23.503],[-105.7693,23.5565],[-105.8116,23.611],[-105.8455,23.6033],[-105.8452,23.5837],[-105.8843,23.5904],[-105.8927,23.5526],[-105.9266,23.6841],[-105.9061,23.7394],[-105.9613,23.8407],[-105.9537,23.9086],[-105.8672,23.8752],[-105.8576,23.8993],[-105.8999,23.9439],[-105.9454,23.948],[-105.9121,23.9975],[-105.9987,24.0434],[-106.0079,24.0725],[-105.9897,24.1144],[-106.0439,24.2209],[-106.0699,24.2202],[-106.0758,24.2714],[-106.1525,24.3388],[-106.2689,24.3748],[-106.3363,24.3557],[-106.3675,24.3019],[-106.4697,24.2779],[-106.5171,24.287],[-106.6016,24.4146],[-106.5693,24.437],[-106.56,24.4727],[-106.6301,24.5065],[-106.6226,24.5249],[-106.6455,24.529],[-106.7059,24.6653],[-106.8659,24.823],[-106.9307,24.8209],[-106.9514,24.859],[-106.9271,24.8666],[-106.9345,24.8805],[-107.0006,24.9282],[-107.0211,24.9099],[-107.0636,25.0253],[-107.1299,25.0531],[-107.1249,25.1866],[-107.1488,25.2245],[-107.1211,25.2431],[-107.1572,25.2618],[-107.2078,25.3316],[-107.1716,25.3264],[-107.2101,25.4171],[-107.1587,25.442],[-107.1393,25.4896],[-107.1781,25.5152],[-107.1739,25.5566],[-107.1246,25.5504],[-106.9733,25.6296],[-106.9943,25.6622],[-106.9669,25.6683],[-106.9653,25.6979],[-106.9903,25.7149],[-107.0107,25.6915],[-107.0431,25.6977],[-107.0642,25.7191],[-107.0579,25.7574],[-107.2961,25.9248],[-107.2763,26.002],[-107.3049,26.0764],[-107.3465,26.1095],[-107.431,26.1429],[-107.52,26.1042],[-107.582,26.1706],[-107.6357,26.1546],[-107.7111,26.1744],[-107.7387,26.1672],[-107.7552,26.1345],[-107.7807,26.1369],[-107.7889,26.1686],[-107.854,26.1965],[-107.8563,26.226],[-108.0128,26.439],[-107.9696,26.4702],[-107.9856,26.4721],[-107.9573,26.4937],[-107.961,26.527],[-108.0318,26.6159],[-108.0816,26.642],[-108.0117,26.6895],[-108.0057,26.761],[-108.0376,26.7698],[-108.0268,26.7985],[-108.0941,26.8705],[-108.1442,26.8676],[-108.1431,26.9079],[-108.1745,26.8815],[-108.1839,26.8997],[-108.2074,26.906],[-108.2097,26.8854],[-108.2302,26.9057],[-108.235,26.9586],[-108.1815,26.9941],[-108.1951,27.0327],[-108.2504,27.041],[-108.286,27.0125],[-108.3166,27.0345],[-108.3333,27.0046],[-108.3501,27.0226],[-108.4096,27.0134],[-108.48,27.0396],[-108.5025,26.9874]]]]},"properties":{"iso3":"MEX","shapeId":"31927357B30231562725156","regionId":"MEX.25_1","name":"Sinaloa"}},{"type":"Feature","geometry":{"type":"MultiPolygon","coordinates":[[[[-109.2082,26.3502],[-109.2107,26.3503],[-109.2133,26.3451],[-109.2087,26.343],[-109.2081,26.3464],[-109.2031,26.3474],[-109.2037,26.3497],[-109.2082,26.3502]]],[[[-109.25,26.3384],[-109.2299,26.3659],[-109.2416,26.4034],[-109.25,26.3384]]],[[[-109.2433,26.421],[-109.2445,26.4231],[-109.2423,26.4255],[-109.246,26.4236],[-109.2485,26.4202],[-109.2444,26.4162],[-109.2427,26.4119],[-109.2407,26.4139],[-109.2434,26.4166],[-109.2413,26.4158],[-109.2428,26.4189],[-109.245,26.4188],[-109.2449,26.4199],[-109.2433,26.4193],[-109.2433,26.421]]],[[[-109.6407,26.6962],[-109.6437,26.6956],[-109.6449,26.6936],[-109.641,26.694],[-109.6407,26.6962]]],[[[-109.8997,26.9641],[-109.8994,26.9651],[-109.9012,26.9649],[-109.8997,26.9641]]],[[[-109.9206,26.9743],[-109.9203,26.9784],[-109.9233,26.9794],[-109.9267,26.9863],[-109.927,26.9926],[-109.9291,26.9981],[-109.9322,27.0011],[-109.9375,27.0034],[-109.9304,26.9924],[-109.929,26.9852],[-109.9206,26.9743]]],[[[-110.0344,27.0876],[-110.046,27.0841],[-109.9672,27.0542],[-109.9391,27.0192],[-109.9737,27.0648],[-110.0344,27.0876]]],[[[-110.0221,27.1121],[-110.0215,27.1134],[-110.0241,27.1128],[-110.0221,27.1121]]],[[[-110.2752,27.1459],[-110.278,27.1466],[-110.2655,27.1432],[-110.2752,27.1459]]],[[[-110.557,27.3856],[-110.5611,27.3861],[-110.5613,27.3837],[-110.5651,27.3823],[-110.5656,27.3804],[-110.5645,27.3818],[-110.5621,27.3815],[-110.5602,27.3851],[-110.557,27.3856]]],[[[-110.5569,27.3888],[-110.5563,27.3871],[-110.5545,27.3881],[-110.5569,27.3888]]],[[[-110.5562,27.3927],[-110.5583,27.3936],[-110.5583,27.3901],[-110.5578,27.3925],[-110.5562,27.3927]]],[[[-110.5222,27.3956],[-110.5291,27.3957],[-110.5315,27.3919],[-110.5381,27.389],[-110.5385,27.3872],[-110.5431,27.3867],[-110.5474,27.3886],[-110.5467,27.3833],[-110.5514,27.3808],[-110.5601,27.3688],[-110.5473,27.3711],[-110.5382,27.3805],[-110.5413,27.3764],[-110.5387,27.3769],[-110.5393,27.3756],[-110.5376,27.3739],[-110.5329,27.3798],[-110.5275,27.3822],[-110.5294,27.3865],[-110.5271,27.391],[-110.5218,27.3914],[-110.5176,27.394],[-110.5222,27.3956]]],[[[-110.5323,27.3977],[-110.5366,27.3954],[-110.5404,27.3908],[-110.5504,27.3931],[-110.5524,27.391],[-110.5521,27.3845],[-110.5502,27.3846],[-110.5485,27.3899],[-110.5408,27.3887],[-110.5368,27.3925],[-110.536,27.3907],[-110.5341,27.3912],[-110.5315,27.3934],[-110.5323,27.3977]]],[[[-110.5385,27.3981],[-110.5392,27.402],[-110.5407,27.4019],[-110.5424,27.4005],[-110.541,27.3979],[-110.5439,27.3947],[-110.5401,27.3915],[-110.5408,27.3953],[-110.5385,27.3981]]],[[[-110.559,27.3955],[-110.5569,27.4003],[-110.5595,27.403],[-110.56,27.3947],[-110.559,27.3955]]],[[[-110.5721,27.4084],[-110.577,27.412],[-110.5834,27.4106],[-110.5794,27.4076],[-110.5721,27.4084]]],[[[-110.5905,27.4081],[-110.6021,27.3183],[-110.5378,27.2865],[-110.531,27.3023],[-110.5849,27.3217],[-110.5824,27.3468],[-110.6028,27.3616],[-110.5905,27.4081]]],[[[-110.5547,27.4184],[-110.5537,27.4211],[-110.5558,27.4193],[-110.5547,27.4184]]],[[[-110.5664,27.4288],[-110.5673,27.4315],[-110.5681,27.4295],[-110.5664,27.4288]]],[[[-110.574,27.4378],[-110.5769,27.4374],[-110.5754,27.4375],[-110.5748,27.4357],[-110.5729,27.4371],[-110.574,27.4378]]],[[[-110.5761,27.4338],[-110.588,27.4395],[-110.5887,27.4175],[-110.5761,27.4338]]],[[[-110.575,27.4429],[-110.5747,27.4444],[-110.5777,27.4455],[-110.575,27.4429]]],[[[-110.5774,27.4519],[-110.5801,27.4543],[-110.583,27.454],[-110.5848,27.4517],[-110.5864,27.443],[-110.5836,27.4403],[-110.5774,27.4399],[-110.577,27.4426],[-110.5793,27.4459],[-110.5752,27.4475],[-110.573,27.446],[-110.5733,27.4524],[-110.5774,27.4519]]],[[[-110.601,27.5545],[-110.5994,27.5556],[-110.6014,27.5616],[-110.6075,27.5676],[-110.601,27.5545]]],[[[-110.6131,27.5819],[-110.6146,27.5838],[-110.6092,27.5714],[-110.6091,27.5734],[-110.6051,27.5769],[-110.6131,27.5819]]],[[[-110.6136,27.5863],[-110.6168,27.5894],[-110.6149,27.5845],[-110.6102,27.5828],[-110.6136,27.5863]]],[[[-110.6256,27.6191],[-110.625,27.6272],[-110.6264,27.6245],[-110.6256,27.6191]]],[[[-110.6105,27.6538],[-110.6128,27.6577],[-110.6122,27.6607],[-110.6162,27.6664],[-110.6151,27.6547],[-110.6105,27.6538]]],[[[-110.5963,27.6599],[-110.5961,27.6696],[-110.5976,27.6703],[-110.5984,27.662],[-110.5963,27.6599]]],[[[-110.5912,27.6716],[-110.5901,27.676],[-110.5932,27.6739],[-110.5944,27.6708],[-110.5909,27.6678],[-110.5923,27.6704],[-110.5912,27.6716]]],[[[-110.5839,27.6769],[-110.5851,27.6779],[-110.5879,27.675],[-110.5839,27.6769]]],[[[-110.5771,27.6823],[-110.5755,27.6833],[-110.5817,27.6798],[-110.5786,27.6793],[-110.5791,27.681],[-110.5771,27.6823]]],[[[-110.5903,27.6819],[-110.5872,27.6866],[-110.5916,27.6844],[-110.5903,27.6819]]],[[[-110.5925,27.6882],[-110.5947,27.6885],[-110.5916,27.6856],[-110.5925,27.6882]]],[[[-110.588,27.7396],[-110.5899,27.7424],[-110.5923,27.7432],[-110.594,27.7369],[-110.5917,27.7367],[-110.5915,27.7395],[-110.588,27.7396]]],[[[-110.5966,27.7484],[-110.5992,27.75],[-110.6038,27.7467],[-110.6045,27.7387],[-110.6009,27.7361],[-110.5998,27.7378],[-110.5973,27.7381],[-110.5972,27.7402],[-110.5947,27.7367],[-110.5935,27.7469],[-110.5944,27.7487],[-110.5966,27.7484]]],[[[-110.5906,27.7918],[-110.5912,27.7891],[-110.5879,27.7886],[-110.5864,27.7916],[-110.5906,27.7918]]],[[[-110.6132,27.7837],[-110.6156,27.7894],[-110.6151,27.7963],[-110.6164,27.7878],[-110.6132,27.7837]]],[[[-110.616,27.8011],[-110.6165,27.8019],[-110.6166,27.7964],[-110.6149,27.8008],[-110.616,27.8011]]],[[[-110.6042,27.8049],[-110.6105,27.7888],[-110.5924,27.7883],[-110.6042,27.8049]]],[[[-110.6011,27.8076],[-110.6037,27.8073],[-110.6018,27.8033],[-110.6004,27.804],[-110.6028,27.8072],[-110.6009,27.8066],[-110.6011,27.8076]]],[[[-110.6155,27.8073],[-110.616,27.81],[-110.6163,27.8069],[-110.615,27.8063],[-110.6155,27.8073]]],[[[-110.5763,27.8308],[-110.5788,27.8342],[-110.5797,27.8307],[-110.5763,27.8308]]],[[[-110.8595,27.8785],[-110.8597,27.8808],[-110.8659,27.8746],[-110.8595,27.8785]]],[[[-110.8364,27.8946],[-110.8335,27.9019],[-110.8396,27.8986],[-110.8427,27.8909],[-110.8455,27.8884],[-110.8478,27.8885],[-110.8482,27.8916],[-110.8482,27.8885],[-110.8435,27.8866],[-110.8364,27.8946]]],[[[-110.9685,27.9085],[-110.9691,27.9097],[-110.9708,27.9092],[-110.9685,27.9085]]],[[[-110.8804,27.9079],[-110.8793,27.9109],[-110.8819,27.9098],[-110.8804,27.9079]]],[[[-110.8714,27.9124],[-110.8747,27.9115],[-110.8749,27.9066],[-110.8698,27.9097],[-110.8695,27.9118],[-110.8714,27.9124]]],[[[-110.9463,27.9287],[-110.9472,27.9296],[-110.9488,27.9287],[-110.9463,27.9287]]],[[[-110.9904,27.9352],[-110.993,27.9352],[-110.9911,27.9329],[-110.9904,27.9352]]],[[[-111.0287,27.9527],[-111.0321,27.9471],[-111.0291,27.9485],[-111.0287,27.9527]]],[[[-111.1217,27.9526],[-111.1192,27.9596],[-111.1247,27.9527],[-111.1217,27.9526]]],[[[-111.3791,27.974],[-111.3893,27.9855],[-111.3674,27.9525],[-111.3791,27.974]]],[[[-112.5567,28.7334],[-112.612,28.7256],[-112.6028,28.6713],[-112.5545,28.6725],[-112.5429,28.7117],[-112.5567,28.7334]]],[[[-112.2969,28.734],[-112.2955,28.7309],[-112.2971,28.7289],[-112.2937,28.7252],[-112.29,28.7121],[-112.2854,28.7092],[-112.2838,28.7142],[-112.2868,28.7185],[-112.2862,28.7215],[-112.2969,28.734]]],[[[-111.8772,28.8072],[-111.876,28.8093],[-111.8774,28.8105],[-111.8792,28.8073],[-111.8772,28.8072]]],[[[-111.9663,28.8088],[-111.9637,28.816],[-111.9652,28.8167],[-111.9666,28.8139],[-111.971,28.812],[-111.9731,28.809],[-111.9721,28.8079],[-111.9663,28.8088]]],[[[-111.9193,28.8102],[-111.9184,28.812],[-111.9213,28.8172],[-111.9233,28.8143],[-111.9229,28.8115],[-111.9184,28.8086],[-111.9193,28.8102]]],[[[-112.2947,29.2246],[-112.3597,29.2203],[-112.41,29.1857],[-112.4566,29.1942],[-112.5058,29.063],[-112.4895,28.949],[-112.5836,28.8757],[-112.4615,28.8026],[-112.4068,28.7995],[-112.3102,28.7468],[-112.2539,28.7676],[-112.2752,28.8166],[-112.2149,28.9569],[-112.1894,28.977],[-112.2154,28.9569],[-112.1951,29.0207],[-112.2744,29.1368],[-112.2625,29.1938],[-112.2947,29.2246]]],[[[-114.6216,31.7566],[-114.6778,31.756],[-114.5975,31.7346],[-114.6216,31.7566]]],[[[-114.9648,31.9177],[-114.9112,31.8667],[-114.8511,31.8668],[-114.8132,31.8224],[-114.7744,31.8261],[-114.7056,31.7689],[-114.5831,31.7529],[-114.4927,31.6762],[-114.1692,31.4988],[-114.0259,31.4922],[-114.0123,31.5327],[-114.0249,31.5371],[-113.99,31.5283],[-113.9562,31.5624],[-113.9681,31.5787],[-113.9941,31.5679],[-113.9806,31.5747],[-113.9965,31.591],[-113.9727,31.5856],[-113.975,31.6553],[-113.9724,31.6299],[-113.9398,31.6054],[-113.9162,31.5991],[-113.9204,31.6284],[-113.8734,31.5887],[-113.8464,31.5985],[-113.6553,31.4963],[-113.6092,31.3646],[-113.6111,31.3427],[-113.6439,31.3433],[-113.6246,31.328],[-113.5584,31.3178],[-113.5456,31.2964],[-113.2551,31.2405],[-113.2139,31.2544],[-113.1891,31.2228],[-113.1103,31.1996],[-113.0775,31.1517],[-113.059,31.0723],[-113.062,31.0334],[-113.0919,30.9953],[-113.1284,31.0589],[-113.0965,30.97],[-113.1272,30.812],[-113.0843,30.6785],[-112.9876,30.5361],[-112.8646,30.4139],[-112.846,30.3302],[-112.8644,30.2682],[-112.8168,30.2635],[-112.7596,30.1986],[-112.7615,30.0631],[-112.7327,29.9964],[-112.7468,29.9148],[-112.6665,29.893],[-112.5799,29.7115],[-112.4345,29.5585],[-112.4288,29.5197],[-112.3805,29.4867],[-112.4213,29.3758],[-112.4104,29.3459],[-112.353,29.321],[-112.3349,29.2918],[-112.3597,29.3257],[-112.3468,29.3163],[-112.323,29.3407],[-112.2793,29.3399],[-112.3332,29.3205],[-112.2695,29.3308],[-112.2321,29.3062],[-112.2085,29.2434],[-112.229,29.179],[-112.1995,29.1764],[-112.1648,29.1141],[-112.1876,29.0733],[-112.1703,29.0718],[-112.1503,28.9938],[-112.1717,28.9683],[-112.1013,28.9549],[-112.0313,28.8594],[-111.9692,28.8419],[-111.9159,28.7908],[-111.9178,28.8209],[-111.899,28.8128],[-111.9065,28.7933],[-111.8891,28.8228],[-111.8734,28.8108],[-111.8897,28.7937],[-111.847,28.7968],[-111.8758,28.7441],[-111.9001,28.7872],[-111.9504,28.758],[-111.9075,28.7027],[-111.7755,28.6088],[-111.7109,28.4586],[-111.505,28.3926],[-111.4573,28.3581],[-111.4521,28.3798],[-111.4283,28.3721],[-111.4465,28.3551],[-111.455,28.3671],[-111.4514,28.3079],[-111.3904,28.2709],[-111.3767,28.2188],[-111.3438,28.2097],[-111.33,28.1582],[-111.2936,28.1308],[-111.2544,28.0538],[-111.2119,28.042],[-111.1738,27.9917],[-111.0993,27.9612],[-111.105,27.9367],[-111.06,27.9278],[-111.0654,27.9529],[-111.0579,27.9374],[-111.024,27.9629],[-110.9741,27.9521],[-110.9853,27.9673],[-110.9716,27.9725],[-110.9708,27.9287],[-110.943,27.9277],[-110.9665,27.9054],[-110.9503,27.8685],[-110.9328,27.8817],[-110.8839,27.8395],[-110.8558,27.8999],[-110.9072,27.8976],[-110.8862,27.9239],[-110.8614,27.921],[-110.8446,27.9527],[-110.8695,27.9702],[-110.8558,27.9645],[-110.8662,27.9814],[-110.8484,27.985],[-110.7992,27.9206],[-110.8532,27.9123],[-110.7292,27.9088],[-110.6105,27.8582],[-110.6646,27.8943],[-110.6551,27.9052],[-110.631,27.8822],[-110.5124,27.8594],[-110.535,27.8338],[-110.5715,27.8398],[-110.5791,27.8191],[-110.5903,27.8453],[-110.5829,27.8311],[-110.6051,27.8104],[-110.5775,27.7865],[-110.6163,27.78],[-110.6076,27.7295],[-110.6095,27.7564],[-110.5933,27.7634],[-110.5892,27.7321],[-110.5676,27.7471],[-110.5474,27.733],[-110.5632,27.7174],[-110.5744,27.7309],[-110.6031,27.7215],[-110.601,27.7019],[-110.5883,27.7163],[-110.6075,27.6603],[-110.5852,27.6965],[-110.5677,27.6731],[-110.5951,27.6615],[-110.5602,27.6663],[-110.6078,27.6521],[-110.6173,27.6648],[-110.6262,27.6186],[-110.6071,27.5802],[-110.6078,27.6097],[-110.5961,27.5986],[-110.5992,27.5461],[-110.5885,27.528],[-110.5767,27.5363],[-110.57,27.5063],[-110.5901,27.5262],[-110.5909,27.4394],[-110.5643,27.4856],[-110.5773,27.4794],[-110.5651,27.4586],[-110.5395,27.4575],[-110.5743,27.4405],[-110.5555,27.4352],[-110.5631,27.4161],[-110.547,27.4364],[-110.5528,27.4176],[-110.5357,27.4213],[-110.5475,27.4144],[-110.5351,27.4053],[-110.5636,27.4149],[-110.5567,27.3942],[-110.5138,27.4111],[-110.5377,27.371],[-110.4904,27.3775],[-110.4763,27.3528],[-110.4878,27.3174],[-110.456,27.3016],[-110.5015,27.3132],[-110.5222,27.2909],[-110.4329,27.2676],[-110.3257,27.1679],[-110.3034,27.1541],[-110.3344,27.1807],[-110.3045,27.1732],[-110.3058,27.1573],[-110.2916,27.1709],[-110.3025,27.1537],[-110.288,27.1483],[-110.2564,27.1447],[-110.2618,27.158],[-110.2263,27.1455],[-110.2541,27.1395],[-110.11,27.1228],[-110.1559,27.1196],[-110.0608,27.0824],[-110.034,27.1113],[-110.0567,27.1215],[-110.0348,27.1139],[-110.0304,27.1285],[-110.0326,27.108],[-110.011,27.1268],[-110.0064,27.1031],[-109.9887,27.117],[-109.9254,27.0702],[-109.9093,27.0016],[-109.8933,26.9979],[-109.9185,26.9956],[-109.8847,26.9742],[-109.9048,26.9708],[-109.8879,26.9301],[-109.9399,27.0095],[-109.9465,26.996],[-109.8519,26.8422],[-109.8541,26.8164],[-109.8647,26.8407],[-109.8467,26.7849],[-109.7668,26.708],[-109.6688,26.6733],[-109.652,26.6927],[-109.6847,26.6897],[-109.6401,26.6964],[-109.4954,26.6703],[-109.6013,26.721],[-109.583,26.7284],[-109.5746,26.7159],[-109.5918,26.7054],[-109.5398,26.6913],[-109.5536,26.7014],[-109.5083,26.7044],[-109.5555,26.7171],[-109.5285,26.7585],[-109.5077,26.7218],[-109.4764,26.758],[-109.4799,26.7259],[-109.4378,26.7127],[-109.4305,26.6719],[-109.4862,26.6835],[-109.403,26.6535],[-109.2738,26.5151],[-109.2536,26.4351],[-109.26,26.3198],[-109.2572,26.4731],[-109.2368,26.4543],[-109.2363,26.3989],[-109.1894,26.3581],[-109.1807,26.3799],[-109.2081,26.4195],[-109.1659,26.3797],[-109.1663,26.3511],[-109.1511,26.3601],[-109.1579,26.3375],[-109.1345,26.3417],[-109.1476,26.3139],[-109.1197,26.303],[-109.0064,26.4024],[-108.9365,26.3902],[-108.9101,26.4217],[-108.8814,26.4063],[-108.8603,26.4328],[-108.8761,26.4476],[-108.8378,26.4725],[-108.8475,26.4872],[-108.9147,26.4795],[-108.8913,26.4896],[-108.8732,26.5511],[-108.7343,26.5936],[-108.6788,26.587],[-108.679,26.6429],[-108.6304,26.6766],[-108.6284,26.7184],[-108.601,26.7272],[-108.5808,26.7896],[-108.554,26.7799],[-108.5369,26.7984],[-108.557,26.8238],[-108.467,26.9707],[-108.4243,26.9762],[-108.5518,26.9971],[-108.5722,27.0127],[-108.5625,27.046],[-108.6023,27.0369],[-108.6114,27.1541],[-108.6536,27.1769],[-108.6626,27.2195],[-108.6644,27.2394],[-108.591,27.3181],[-108.6616,27.4647],[-108.6524,27.537],[-108.7399,27.6],[-108.7493,27.6647],[-108.7845,27.7305],[-108.8955,27.7448],[-108.9203,27.784],[-108.8691,27.8393],[-108.9149,27.854],[-108.9265,27.9406],[-109.0319,28.0183],[-109.0729,28.1486],[-109.0687,28.2861],[-108.9974,28.2551],[-108.994,28.298],[-108.9673,28.265],[-108.922,28.2515],[-108.8807,28.2647],[-108.7917,28.2536],[-108.7967,28.2672],[-108.6872,28.3035],[-108.6413,28.2916],[-108.6362,28.3352],[-108.6035,28.3476],[-108.5509,28.3181],[-108.5196,28.3348],[-108.5217,28.3651],[-108.4797,28.3696],[-108.5155,28.4263],[-108.5077,28.5082],[-108.5233,28.5059],[-108.5313,28.5567],[-108.5802,28.6324],[-108.5838,28.7401],[-108.6433,28.7651],[-108.6456,28.7947],[-108.6238,28.8061],[-108.6578,28.8092],[-108.6782,28.8633],[-108.7098,28.8895],[-108.6981,28.9363],[-108.7244,29.0699],[-108.7094,29.083],[-108.7296,29.0965],[-108.6985,29.1277],[-108.7289,29.1718],[-108.7453,29.1623],[-108.7539,29.2001],[-108.7354,29.2177],[-108.7619,29.2539],[-108.6822,29.2674],[-108.6697,29.3074],[-108.7178,29.466],[-108.6252,29.501],[-108.6487,29.5091],[-108.6623,29.5445],[-108.6383,29.5583],[-108.6595,29.584],[-108.6411,29.5889],[-108.655,29.6494],[-108.6183,29.6605],[-108.6591,29.7161],[-108.5925,29.7176],[-108.535,29.7514],[-108.5413,29.7961],[-108.6186,29.8005],[-108.6357,29.8297],[-108.6072,29.8471],[-108.6287,29.953],[-108.6069,30.0286],[-108.6202,30.2982],[-108.5505,30.2666],[-108.5422,30.2835],[-108.58,30.3375],[-108.6221,30.3403],[-108.6198,30.3748],[-108.6487,30.4169],[-108.6136,30.4357],[-108.6038,30.4651],[-108.6648,30.4682],[-108.6778,30.5571],[-108.7267,30.5945],[-108.762,30.5873],[-108.8765,30.6246],[-108.8669,30.6894],[-108.919,30.7394],[-108.9483,30.7369],[-108.9392,30.9076],[-108.8024,30.9041],[-108.8033,31.0048],[-108.6838,31.006],[-108.6844,31.0337],[-108.7525,31.0338],[-108.7299,31.0522],[-108.7662,31.0736],[-108.77,31.1025],[-108.8456,31.1356],[-108.805,31.193],[-108.8483,31.1951],[-108.8607,31.2189],[-108.9066,31.2081],[-108.8798,31.2388],[-108.8172,31.239],[-108.7559,31.3324],[-111.075,31.3324],[-114.8136,32.4939],[-114.8483,32.4734],[-114.8815,32.4922],[-114.9351,32.4818],[-114.9319,32.4397],[-114.9685,32.3907],[-114.9666,32.3388],[-115.053,32.2452],[-114.9753,32.178],[-114.9897,32.1464],[-114.957,32.0386],[-114.9648,31.9177]]]]},"properties":{"iso3":"MEX","shapeId":"31927357B37261891092938","regionId":"MEX.26_1","name":"Sonora"}},{"type":"Feature","geometry":{"type":"MultiPolygon","coordinates":[[[[-93.403,17.6861],[-93.4105,17.6892],[-93.4089,17.6838],[-93.403,17.6815],[-93.3911,17.6719],[-93.3922,17.6772],[-93.3959,17.6825],[-93.403,17.6861]]],[[[-93.4079,17.6928],[-93.4115,17.6987],[-93.416,17.7018],[-93.4125,17.6939],[-93.4079,17.6928]]],[[[-93.4142,17.7272],[-93.411,17.7468],[-93.4152,17.7368],[-93.4157,17.7318],[-93.4142,17.7272]]],[[[-93.4081,17.7567],[-93.4073,17.7609],[-93.4102,17.7577],[-93.4093,17.7563],[-93.4081,17.7567]]],[[[-93.4079,17.7635],[-93.4062,17.7724],[-93.4034,17.778],[-93.4032,17.7851],[-93.4046,17.7855],[-93.4071,17.783],[-93.4072,17.7739],[-93.4092,17.7661],[-93.4079,17.7635]]],[[[-93.3528,17.9395],[-93.3503,17.9453],[-93.3531,17.9426],[-93.3528,17.9395]]],[[[-93.2981,17.9471],[-93.3477,17.9415],[-93.3729,17.8271],[-93.4006,17.7863],[-93.4188,17.7161],[-93.3824,17.6448],[-93.3563,17.648],[-93.3529,17.7061],[-93.3905,17.7734],[-93.3491,17.7671],[-93.3431,17.7875],[-93.3809,17.7832],[-93.3666,17.8029],[-93.3406,17.7981],[-93.3409,17.9303],[-93.2981,17.9471]]],[[[-93.3253,17.9514],[-93.3327,17.9511],[-93.3375,17.9469],[-93.3288,17.946],[-93.3186,17.9474],[-93.3253,17.9514]]],[[[-93.3019,17.9487],[-93.2967,17.9512],[-93.2963,17.954],[-93.3033,17.9494],[-93.3019,17.9487]]],[[[-93.3381,17.9515],[-93.336,17.9541],[-93.3412,17.955],[-93.3487,17.9482],[-93.3471,17.9473],[-93.3381,17.9515]]],[[[-94.0635,17.9908],[-94.0656,17.9969],[-94.0667,17.9928],[-94.0622,17.9889],[-94.0635,17.9908]]],[[[-93.2253,18.0258],[-93.2279,18.0282],[-93.2337,18.0257],[-93.2413,18.0265],[-93.2503,18.0245],[-93.2574,18.021],[-93.2649,18.0199],[-93.2683,18.016],[-93.2682,18.0088],[-93.2668,18.0081],[-93.258,18.0154],[-93.2505,18.0179],[-93.2195,18.0185],[-93.2229,18.0201],[-93.2253,18.0258]]],[[[-93.2009,18.0215],[-93.2148,18.0185],[-93.1871,18.0186],[-93.2009,18.0215]]],[[[-92.1861,18.1055],[-92.189,18.1092],[-92.1961,18.1129],[-92.1934,18.1092],[-92.1861,18.1055]]],[[[-92.1829,18.1418],[-92.1806,18.1439],[-92.1795,18.1498],[-92.1844,18.1416],[-92.1829,18.1418]]],[[[-92.9554,18.1615],[-92.958,18.1654],[-92.9572,18.1575],[-92.9499,18.1574],[-92.9527,18.1612],[-92.9554,18.1615]]],[[[-92.5937,18.1732],[-92.594,18.1758],[-92.5943,18.1722],[-92.5905,18.17],[-92.5916,18.1726],[-92.5937,18.1732]]],[[[-92.9538,18.1901],[-92.9509,18.1994],[-92.953,18.1975],[-92.953,18.1937],[-92.9558,18.1916],[-92.9538,18.1901]]],[[[-92.2032,18.203],[-92.1983,18.2126],[-92.2025,18.2086],[-92.2043,18.2036],[-92.2032,18.203]]],[[[-92.2022,18.2104],[-92.1974,18.2153],[-92.1969,18.222],[-92.2026,18.2125],[-92.2022,18.2104]]],[[[-93.6751,18.3527],[-93.6777,18.3516],[-93.675,18.3504],[-93.6751,18.3527]]],[[[-93.6132,18.3733],[-93.6156,18.3754],[-93.6156,18.3738],[-93.6132,18.3733]]],[[[-92.9718,18.3721],[-92.979,18.3806],[-92.9818,18.3869],[-92.9834,18.3843],[-92.9812,18.3788],[-92.9757,18.3729],[-92.9718,18.3721]]],[[[-92.9827,18.3869],[-92.9813,18.3988],[-92.982,18.401],[-92.9848,18.4018],[-92.9857,18.3921],[-92.9827,18.3869]]],[[[-92.9856,18.3985],[-92.9858,18.4021],[-92.9908,18.4047],[-92.9914,18.4021],[-92.9856,18.3985]]],[[[-93.1121,18.4079],[-93.1095,18.4101],[-93.1128,18.4107],[-93.1121,18.4079]]],[[[-93.1397,18.4161],[-93.1394,18.4186],[-93.1411,18.4193],[-93.1426,18.4174],[-93.1397,18.4161]]],[[[-93.1443,18.417],[-93.1425,18.4187],[-93.1426,18.4209],[-93.147,18.4208],[-93.1473,18.4182],[-93.1443,18.417]]],[[[-93.1572,18.4123],[-93.152,18.4179],[-93.1528,18.4215],[-93.1574,18.4185],[-93.1585,18.4129],[-93.1572,18.4123]]],[[[-93.1339,18.4221],[-93.1418,18.4216],[-93.1363,18.4152],[-93.1302,18.4186],[-93.1339,18.4221]]],[[[-93.1504,18.4169],[-93.1494,18.4213],[-93.1509,18.4228],[-93.1518,18.4223],[-93.1504,18.4169]]],[[[-93.1324,18.4365],[-93.1371,18.4387],[-93.1428,18.4359],[-93.1474,18.4377],[-93.1564,18.4382],[-93.1578,18.4369],[-93.1523,18.4321],[-93.1385,18.4282],[-93.1328,18.4312],[-93.1315,18.4339],[-93.1324,18.4365]]],[[[-93.4892,17.5381],[-93.4792,17.5565],[-93.4525,17.5472],[-93.447,17.5859],[-93.4217,17.5903],[-93.3892,17.6391],[-93.4203,17.7327],[-93.3462,17.9547],[-93.2975,17.9591],[-93.2512,18.026],[-93.0457,18.0196],[-93.0235,18.0662],[-93.0343,18.0243],[-92.954,18.1465],[-92.9435,18.2267],[-92.8841,18.3158],[-92.9652,18.3684],[-92.9555,18.3492],[-92.9727,18.3485],[-92.9734,18.318],[-92.9869,18.324],[-92.9665,18.3679],[-92.9851,18.3841],[-92.9705,18.3564],[-92.9834,18.3568],[-92.9877,18.3975],[-93.0168,18.4203],[-93.1409,18.4419],[-93.1287,18.4323],[-93.1472,18.4225],[-93.0635,18.3977],[-93.1004,18.3744],[-93.1203,18.3309],[-93.1079,18.3859],[-93.1678,18.3667],[-93.1745,18.4053],[-93.1488,18.4276],[-93.1634,18.4339],[-93.1775,18.4132],[-93.1947,18.4302],[-93.1749,18.4148],[-93.1441,18.4393],[-93.1984,18.4531],[-93.1867,18.4307],[-93.214,18.4468],[-93.4875,18.417],[-93.8463,18.3059],[-93.8385,18.2915],[-93.664,18.3642],[-93.5166,18.402],[-93.5694,18.3927],[-93.5772,18.36],[-93.5438,18.361],[-93.5503,18.3123],[-93.5263,18.3175],[-93.5181,18.2792],[-93.5395,18.2606],[-93.449,18.1707],[-93.5405,18.26],[-93.5196,18.2851],[-93.5268,18.3168],[-93.5511,18.3118],[-93.5505,18.3652],[-93.5763,18.359],[-93.5692,18.3437],[-93.5961,18.3251],[-93.6691,18.3172],[-93.6774,18.3406],[-93.7538,18.3147],[-93.7442,18.2648],[-93.7007,18.234],[-93.7482,18.2714],[-93.8711,18.2448],[-93.8822,18.2658],[-93.8513,18.2998],[-94.1298,18.2125],[-94.1229,18.1949],[-94.0892,18.2111],[-94.0564,18.1984],[-94.0899,18.2101],[-94.0913,18.1936],[-94.1279,18.1828],[-94.09,18.1563],[-94.0999,18.128],[-94.0809,18.094],[-94.0964,18.0792],[-94.0726,18.0586],[-94.0706,17.9727],[-94.0478,17.9693],[-94.0535,17.955],[-94.0135,17.9562],[-93.9894,17.918],[-93.9491,17.94],[-93.9895,17.9156],[-94.0144,17.9551],[-94.0542,17.9527],[-94.0639,17.9702],[-94.0753,17.943],[-94.0727,17.9877],[-94.092,17.9612],[-94.0834,17.8699],[-94.0332,17.8726],[-94.0259,17.8404],[-93.9678,17.8453],[-93.9401,17.7532],[-93.877,17.7566],[-93.87,17.7135],[-93.8266,17.7192],[-93.8052,17.6894],[-93.7385,17.6794],[-93.7329,17.6258],[-93.7132,17.6307],[-93.6565,17.5552],[-93.6135,17.5522],[-93.6504,17.4589],[-93.6382,17.4361],[-93.6949,17.3878],[-93.635,17.3377],[-93.6415,17.318],[-93.6079,17.3149],[-93.5154,17.4403],[-93.5149,17.4902],[-93.4892,17.5381]]],[[[-92.331,18.4611],[-92.267,18.3936],[-92.2833,18.3874],[-92.2716,18.3621],[-92.2855,18.3492],[-92.2555,18.3368],[-92.2659,18.3197],[-92.2155,18.3062],[-92.193,18.2662],[-92.218,18.2487],[-92.1936,18.2212],[-92.2136,18.1786],[-92.185,18.1874],[-92.1706,18.1726],[-92.1951,18.1151],[-92.1378,18.086],[-92.1225,18.1028],[-92.1609,18.1554],[-92.1644,18.1979],[-92.1489,18.2104],[-92.1832,18.2741],[-92.1761,18.4582],[-92.3103,18.4556],[-92.3225,18.4731],[-92.331,18.4611]]],[[[-92.6611,18.5361],[-92.6617,18.5444],[-92.6639,18.5496],[-92.6737,18.5612],[-92.6771,18.563],[-92.6649,18.5381],[-92.6611,18.5361]]],[[[-91.9662,18.0159],[-91.9716,18.0007],[-91.9785,18.0407],[-92.0147,18.0511],[-92.044,18.078],[-92.0407,18.0974],[-92.0823,18.0848],[-92.1207,18.1013],[-92.1551,18.0295],[-92.1397,18.0074],[-92.1542,17.98],[-92.1301,17.9948],[-92.0178,17.9175],[-92.0004,17.9447],[-92.0142,17.9862],[-92.0001,17.9817],[-92.0184,17.9819],[-92.0001,17.943],[-92.0251,17.9164],[-92.1304,17.9935],[-92.1507,17.9745],[-92.1613,17.9915],[-92.141,18.0081],[-92.1567,18.0291],[-92.1361,18.0813],[-92.1979,18.1119],[-92.1741,18.1707],[-92.2158,18.1745],[-92.2028,18.2333],[-92.2821,18.2603],[-92.3063,18.2404],[-92.3371,18.2815],[-92.4977,18.3116],[-92.4913,18.3391],[-92.5232,18.3628],[-92.5445,18.3395],[-92.5733,18.3907],[-92.6473,18.3963],[-92.6695,18.3667],[-92.6513,18.3435],[-92.6684,18.3164],[-92.6525,18.2866],[-92.668,18.2309],[-92.6474,18.2531],[-92.6099,18.2445],[-92.6259,18.2322],[-92.6124,18.2243],[-92.5742,18.2342],[-92.5645,18.2546],[-92.5473,18.2432],[-92.5641,18.2523],[-92.5838,18.222],[-92.6456,18.2219],[-92.6314,18.1939],[-92.5921,18.1897],[-92.6166,18.1959],[-92.5806,18.1603],[-92.4536,18.1779],[-92.4441,18.1624],[-92.4571,18.1918],[-92.4333,18.2037],[-92.445,18.2326],[-92.4082,18.2108],[-92.3903,18.2211],[-92.3815,18.1919],[-92.4359,18.2203],[-92.4322,18.2021],[-92.4526,18.2021],[-92.4338,18.171],[-92.4522,18.1238],[-92.4277,18.1178],[-92.4522,18.1199],[-92.4447,18.0989],[-92.4609,18.0996],[-92.445,18.1612],[-92.5351,18.161],[-92.536,18.1229],[-92.5199,18.1159],[-92.5486,18.1058],[-92.5124,18.0856],[-92.5474,18.0965],[-92.5502,18.1352],[-92.5856,18.1278],[-92.5513,18.1452],[-92.5343,18.1266],[-92.5366,18.167],[-92.596,18.1538],[-92.5818,18.16],[-92.5893,18.1815],[-92.6205,18.1957],[-92.6265,18.166],[-92.6427,18.1947],[-92.6308,18.2121],[-92.6573,18.2187],[-92.6308,18.176],[-92.638,18.1529],[-92.6078,18.1505],[-92.5833,18.0905],[-92.5577,18.0958],[-92.532,18.0572],[-92.4777,18.0672],[-92.478,18.0399],[-92.4351,18.0642],[-92.3982,18.0308],[-92.4496,18.0007],[-92.3994,18.0306],[-92.408,18.054],[-92.4451,18.0635],[-92.4787,18.0391],[-92.4778,18.0659],[-92.5243,18.0526],[-92.5847,18.1054],[-92.608,18.098],[-92.6097,18.0635],[-92.553,18.0604],[-92.5587,18.034],[-92.5697,18.068],[-92.5885,18.0572],[-92.5599,18.023],[-92.5997,18.0629],[-92.6043,18.0327],[-92.6098,18.0557],[-92.62,18.0473],[-92.6521,18.0809],[-92.6539,18.0476],[-92.6796,18.0623],[-92.6428,18.0407],[-92.6702,18.041],[-92.7008,18.07],[-92.6858,18.0579],[-92.6418,18.0862],[-92.6206,18.0567],[-92.5884,18.1151],[-92.6087,18.1496],[-92.6393,18.1524],[-92.6319,18.175],[-92.6605,18.209],[-92.6506,18.1616],[-92.6589,18.1911],[-92.6612,18.163],[-92.6862,18.1957],[-92.6719,18.2121],[-92.6883,18.2096],[-92.6768,18.1728],[-92.6904,18.1723],[-92.6897,18.211],[-92.6577,18.2213],[-92.6758,18.2335],[-92.7194,18.1847],[-92.7005,18.1357],[-92.7162,18.0922],[-92.7389,18.1009],[-92.7524,18.0918],[-92.7415,18.0768],[-92.7811,18.0552],[-92.7631,18.0416],[-92.8211,18.0494],[-92.8321,18.0187],[-92.8562,18.0041],[-92.869,18.0217],[-92.9209,17.982],[-92.892,17.9551],[-92.8947,17.9012],[-92.8686,17.884],[-92.8754,17.8434],[-92.8601,17.844],[-92.8769,17.8229],[-92.8612,17.8436],[-92.8765,17.844],[-92.8694,17.8837],[-92.8957,17.9008],[-92.8931,17.9545],[-92.9225,17.9823],[-92.8699,18.0227],[-92.8532,18.0058],[-92.8211,18.0507],[-92.7657,18.0409],[-92.782,18.0553],[-92.7422,18.078],[-92.7526,18.0935],[-92.7174,18.0925],[-92.7016,18.1363],[-92.7206,18.1842],[-92.6677,18.2354],[-92.6541,18.2857],[-92.6704,18.3159],[-92.6531,18.3454],[-92.6715,18.3653],[-92.6499,18.3967],[-92.6576,18.5152],[-92.6847,18.5718],[-92.7134,18.572],[-92.6864,18.5738],[-92.7005,18.5954],[-92.7625,18.5122],[-92.8526,18.4569],[-92.988,18.4319],[-93.0885,18.4418],[-92.9349,18.3845],[-92.8436,18.3753],[-92.8366,18.3596],[-92.8909,18.3594],[-92.9077,18.3827],[-92.9807,18.401],[-92.9496,18.3474],[-92.9223,18.3469],[-92.8835,18.3035],[-92.9146,18.2758],[-92.9361,18.1668],[-92.9395,18.2057],[-92.9156,18.2554],[-92.9425,18.2259],[-92.9525,18.1468],[-93.0285,18.027],[-93.0827,18.011],[-93.2488,18.017],[-93.2765,17.9825],[-93.2409,17.9501],[-93.192,17.9561],[-93.0914,17.8976],[-93.1318,17.8523],[-93.1156,17.8222],[-93.1016,17.8458],[-93.0431,17.8426],[-93.0254,17.8254],[-93.012,17.7937],[-93.0426,17.7684],[-93.0577,17.7205],[-93.0371,17.7034],[-93.0405,17.6098],[-92.9805,17.5376],[-92.9849,17.5113],[-92.968,17.518],[-92.9481,17.4827],[-92.9392,17.5024],[-92.8874,17.5105],[-92.8598,17.5003],[-92.8499,17.469],[-92.8316,17.4809],[-92.8196,17.4327],[-92.8543,17.4112],[-92.8292,17.3963],[-92.7858,17.4175],[-92.7542,17.3433],[-92.6788,17.3785],[-92.6682,17.4567],[-92.6594,17.4443],[-92.6058,17.4774],[-92.5714,17.5496],[-92.5301,17.55],[-92.52,17.573],[-92.4021,17.578],[-92.3507,17.6179],[-92.3373,17.7121],[-92.2746,17.6923],[-92.1945,17.7766],[-92.172,17.7866],[-92.1308,17.7661],[-92.1466,17.8147],[-92.1205,17.796],[-92.102,17.8509],[-92.0494,17.8548],[-92.0718,17.8777],[-92.0034,17.8905],[-91.9999,17.9433],[-91.9785,17.9137],[-91.9403,17.9074],[-91.9484,17.8633],[-91.9181,17.8995],[-91.8497,17.8829],[-91.8093,17.8968],[-91.7797,17.8513],[-91.7823,17.7825],[-91.7902,17.746],[-91.8307,17.7377],[-91.7679,17.7031],[-91.7388,17.7108],[-91.6814,17.6701],[-91.6547,17.6762],[-91.6599,17.6304],[-91.6446,17.6219],[-91.6636,17.6122],[-91.6388,17.5815],[-91.6343,17.5346],[-91.6628,17.4798],[-91.7001,17.4675],[-91.5797,17.4073],[-91.5588,17.4005],[-91.5579,17.4222],[-91.5372,17.4197],[-91.5099,17.3922],[-91.4198,17.3741],[-91.3837,17.3112],[-91.4252,17.3023],[-91.4397,17.251],[-90.9875,17.2514],[-90.988,17.9625],[-91.1202,17.9634],[-91.1307,17.9823],[-91.1332,17.958],[-91.1511,17.9627],[-91.1447,17.9752],[-91.2175,17.975],[-91.327,18.0627],[-91.3844,18.0641],[-91.504,18.1165],[-91.5093,18.1711],[-91.5345,18.1462],[-91.58,18.1582],[-91.5722,18.142],[-91.611,18.095],[-91.6247,17.9491],[-91.6127,17.9129],[-91.6331,17.905],[-91.6388,17.874],[-91.7605,17.9576],[-91.7623,17.939],[-91.9004,18.0121],[-91.9662,18.0159]]],[[[-92.696,18.603],[-92.6978,18.6043],[-92.7008,18.6036],[-92.7002,18.5997],[-92.6997,18.6022],[-92.6976,18.603],[-92.6966,18.5985],[-92.6944,18.5981],[-92.696,18.603]]],[[[-92.4682,18.6477],[-92.6913,18.6145],[-92.6512,18.5224],[-92.6475,18.3991],[-92.6042,18.3827],[-92.5721,18.3917],[-92.544,18.3413],[-92.5228,18.3651],[-92.4934,18.3447],[-92.4963,18.3146],[-92.3371,18.2844],[-92.3052,18.2433],[-92.2815,18.2632],[-92.1937,18.2555],[-92.2165,18.3052],[-92.2647,18.3173],[-92.2566,18.3367],[-92.2865,18.3472],[-92.2726,18.3623],[-92.2848,18.3868],[-92.2673,18.3929],[-92.3237,18.4578],[-92.3549,18.4421],[-92.4143,18.4859],[-92.4682,18.6477]]]]},"properties":{"iso3":"MEX","shapeId":"31927357B81008000569871","regionId":"MEX.27_1","name":"Tabasco"}},{"type":"Feature","geometry":{"type":"MultiPolygon","coordinates":[[[[-97.8593,22.6248],[-97.8607,22.6271],[-97.868,22.6231],[-97.8722,22.6187],[-97.8688,22.6192],[-97.8639,22.6234],[-97.8593,22.6248]]],[[[-97.8419,22.6789],[-97.8432,22.6808],[-97.843,22.6785],[-97.8419,22.6789]]],[[[-97.8459,22.6799],[-97.8467,22.6816],[-97.8485,22.6808],[-97.8482,22.6797],[-97.8459,22.6799]]],[[[-97.8441,22.684],[-97.8474,22.6838],[-97.8438,22.6825],[-97.8441,22.684]]],[[[-97.8399,22.6806],[-97.8413,22.6852],[-97.8399,22.6859],[-97.8419,22.6874],[-97.8437,22.6855],[-97.843,22.682],[-97.8399,22.6806]]],[[[-97.8272,22.7065],[-97.8263,22.7085],[-97.8297,22.7082],[-97.8272,22.7065]]],[[[-97.8312,22.7105],[-97.8322,22.7112],[-97.8326,22.7087],[-97.8312,22.7105]]],[[[-97.7915,22.7933],[-97.7924,22.7951],[-97.7944,22.7926],[-97.7915,22.7933]]],[[[-97.7895,22.8184],[-97.7918,22.8214],[-97.7936,22.8161],[-97.7908,22.8178],[-97.7899,22.8129],[-97.7885,22.8142],[-97.7895,22.8184]]],[[[-97.7854,22.8244],[-97.7855,22.8275],[-97.7872,22.8264],[-97.7854,22.8244]]],[[[-97.7768,22.9106],[-97.7736,22.9123],[-97.7737,22.9139],[-97.7778,22.9101],[-97.7768,22.9106]]],[[[-97.759,23.5718],[-97.7601,23.5745],[-97.7627,23.5759],[-97.7629,23.5708],[-97.759,23.5718]]],[[[-97.764,23.5851],[-97.7675,23.587],[-97.7673,23.5838],[-97.7608,23.5783],[-97.7586,23.5805],[-97.7617,23.5846],[-97.764,23.5851]]],[[[-97.7617,23.6313],[-97.7601,23.6394],[-97.7628,23.6444],[-97.7645,23.6409],[-97.7629,23.6318],[-97.7617,23.6313]]],[[[-97.7473,23.8162],[-97.7463,23.8214],[-97.7499,23.827],[-97.7498,23.8164],[-97.7473,23.8162]]],[[[-97.7442,23.8269],[-97.7415,23.829],[-97.7454,23.8326],[-97.7452,23.8368],[-97.7471,23.8405],[-97.748,23.8324],[-97.7463,23.8274],[-97.7442,23.8269]]],[[[-97.7421,23.8361],[-97.7435,23.8417],[-97.744,23.8373],[-97.7421,23.8361]]],[[[-97.7491,23.8871],[-97.7489,23.8938],[-97.7509,23.8974],[-97.7508,23.8882],[-97.754,23.8864],[-97.7529,23.8848],[-97.7542,23.8808],[-97.7535,23.8745],[-97.75,23.8812],[-97.7491,23.8871]]],[[[-97.7461,23.9248],[-97.7532,23.935],[-97.7544,23.9142],[-97.7461,23.9248]]],[[[-97.7379,24.0822],[-97.737,24.0866],[-97.7388,24.0897],[-97.7406,24.0804],[-97.7399,24.0718],[-97.7381,24.0708],[-97.7379,24.0822]]],[[[-97.7556,24.0672],[-97.7542,24.0726],[-97.755,24.0772],[-97.7486,24.0824],[-97.7492,24.087],[-97.7526,24.09],[-97.7555,24.0886],[-97.7599,24.0748],[-97.7597,24.0692],[-97.7567,24.0664],[-97.7556,24.0672]]],[[[-97.794,24.0926],[-97.7967,24.0967],[-97.7993,24.0973],[-97.7985,24.0929],[-97.795,24.0912],[-97.794,24.0926]]],[[[-97.7589,24.0983],[-97.7545,24.1055],[-97.7556,24.11],[-97.7594,24.1092],[-97.7618,24.1041],[-97.7608,24.097],[-97.7589,24.0983]]],[[[-97.7521,24.0987],[-97.7474,24.1119],[-97.7487,24.1153],[-97.7509,24.1126],[-97.7513,24.1072],[-97.7556,24.1015],[-97.7551,24.0976],[-97.7521,24.0987]]],[[[-97.7493,24.1259],[-97.7515,24.135],[-97.753,24.1326],[-97.7531,24.1268],[-97.75,24.1248],[-97.7493,24.1259]]],[[[-97.7352,24.1164],[-97.7341,24.1401],[-97.7438,24.0956],[-97.7352,24.1164]]],[[[-97.7537,24.1363],[-97.7531,24.1405],[-97.7547,24.1429],[-97.7554,24.1354],[-97.7537,24.1363]]],[[[-97.7568,24.1387],[-97.756,24.144],[-97.7574,24.1445],[-97.7576,24.1468],[-97.7594,24.1396],[-97.7586,24.138],[-97.7568,24.1387]]],[[[-97.7381,24.1286],[-97.7366,24.149],[-97.7376,24.1523],[-97.7396,24.1439],[-97.738,24.1266],[-97.7381,24.1286]]],[[[-97.762,24.1515],[-97.76,24.1551],[-97.7635,24.1564],[-97.7642,24.1539],[-97.762,24.1515]]],[[[-97.744,24.259],[-97.7421,24.2606],[-97.7429,24.2622],[-97.7457,24.2592],[-97.744,24.259]]],[[[-97.7206,24.2727],[-97.7202,24.2786],[-97.7288,24.2604],[-97.7346,24.2393],[-97.7397,24.2286],[-97.7398,24.2204],[-97.7386,24.2206],[-97.7395,24.2243],[-97.7374,24.2255],[-97.7373,24.2274],[-97.7353,24.2269],[-97.7366,24.2294],[-97.7347,24.2362],[-97.733,24.2355],[-97.7306,24.2391],[-97.7314,24.2445],[-97.729,24.246],[-97.7259,24.2613],[-97.7238,24.2665],[-97.7231,24.2653],[-97.7226,24.2712],[-97.7212,24.2709],[-97.7206,24.2727]]],[[[-97.7463,24.2819],[-97.7458,24.2909],[-97.7483,24.2882],[-97.7511,24.2769],[-97.7504,24.2755],[-97.7473,24.2818],[-97.7445,24.2661],[-97.7429,24.2708],[-97.7463,24.2819]]],[[[-97.7364,24.2854],[-97.7407,24.2921],[-97.7418,24.2918],[-97.7406,24.285],[-97.7415,24.2808],[-97.7399,24.2802],[-97.7385,24.2816],[-97.7363,24.2805],[-97.7333,24.2822],[-97.7309,24.2808],[-97.7316,24.2829],[-97.7364,24.2854]]],[[[-97.7264,24.2947],[-97.7302,24.2996],[-97.7336,24.2881],[-97.7308,24.289],[-97.7313,24.2918],[-97.7296,24.2944],[-97.7264,24.2947]]],[[[-97.7463,24.2913],[-97.7447,24.2945],[-97.7447,24.3017],[-97.7471,24.2901],[-97.7463,24.2913]]],[[[-97.7448,24.3034],[-97.7453,24.3051],[-97.7469,24.3041],[-97.7498,24.2927],[-97.7448,24.3034]]],[[[-97.7255,24.3004],[-97.7264,24.3024],[-97.7242,24.3088],[-97.7254,24.311],[-97.7275,24.3015],[-97.7258,24.2993],[-97.7255,24.3004]]],[[[-97.7203,24.3207],[-97.7209,24.3217],[-97.7187,24.3242],[-97.721,24.3285],[-97.7221,24.325],[-97.7208,24.3184],[-97.7203,24.3207]]],[[[-97.7981,24.343],[-97.7994,24.3462],[-97.7982,24.349],[-97.8015,24.3545],[-97.8043,24.3519],[-97.8012,24.3478],[-97.8022,24.3428],[-97.7981,24.3413],[-97.7981,24.343]]],[[[-97.7192,24.349],[-97.7179,24.3513],[-97.7193,24.3522],[-97.7196,24.3568],[-97.724,24.3454],[-97.7219,24.331],[-97.7202,24.3292],[-97.7193,24.3334],[-97.7212,24.3364],[-97.7198,24.3379],[-97.7226,24.3449],[-97.7209,24.3467],[-97.7213,24.3438],[-97.7195,24.3438],[-97.7192,24.349]]],[[[-97.8162,24.3569],[-97.8157,24.359],[-97.8165,24.3594],[-97.8186,24.3588],[-97.8172,24.3564],[-97.8162,24.3569]]],[[[-97.7179,24.3579],[-97.7158,24.3599],[-97.7145,24.3663],[-97.7194,24.358],[-97.7186,24.3566],[-97.7179,24.3579]]],[[[-97.7906,24.3863],[-97.7908,24.3902],[-97.7928,24.3841],[-97.7917,24.3823],[-97.7894,24.3837],[-97.7914,24.3842],[-97.7906,24.3863]]],[[[-97.8187,24.3945],[-97.8153,24.3977],[-97.8173,24.4023],[-97.8208,24.395],[-97.8187,24.3945]]],[[[-97.7877,24.4027],[-97.7888,24.4037],[-97.7945,24.399],[-97.7876,24.4013],[-97.7877,24.4027]]],[[[-97.7039,24.3966],[-97.705,24.4009],[-97.7039,24.4076],[-97.7056,24.41],[-97.7069,24.4006],[-97.7039,24.3966]]],[[[-97.6869,24.4762],[-97.6984,24.4765],[-97.7018,24.4737],[-97.6947,24.4726],[-97.6922,24.4707],[-97.6869,24.4762]]],[[[-97.6812,24.4768],[-97.714,24.3692],[-97.7178,24.2783],[-97.6812,24.4768]]],[[[-97.6941,24.4792],[-97.6928,24.4811],[-97.6958,24.4818],[-97.6964,24.4807],[-97.6941,24.4792]]],[[[-97.8418,24.5054],[-97.84,24.5077],[-97.8408,24.5118],[-97.8363,24.5172],[-97.8389,24.5164],[-97.8458,24.5066],[-97.8441,24.504],[-97.8369,24.5041],[-97.8382,24.5056],[-97.8418,24.5054]]],[[[-97.8499,24.5182],[-97.8542,24.5176],[-97.8551,24.5126],[-97.854,24.5114],[-97.8511,24.5111],[-97.8498,24.5151],[-97.8464,24.5147],[-97.8499,24.5182]]],[[[-97.8358,24.551],[-97.8362,24.5526],[-97.8374,24.5518],[-97.8354,24.5494],[-97.8358,24.551]]],[[[-97.7138,24.5782],[-97.7139,24.5825],[-97.7078,24.5908],[-97.7129,24.5887],[-97.7145,24.5857],[-97.7165,24.5794],[-97.7155,24.5779],[-97.7138,24.5782]]],[[[-97.6812,24.6067],[-97.6982,24.6071],[-97.7061,24.6013],[-97.7034,24.5996],[-97.6993,24.6034],[-97.6903,24.6062],[-97.6816,24.6055],[-97.6816,24.6039],[-97.6792,24.6051],[-97.6812,24.6067]]],[[[-97.687,24.6194],[-97.6872,24.6207],[-97.6887,24.6203],[-97.6889,24.6159],[-97.6874,24.619],[-97.6847,24.6147],[-97.687,24.6194]]],[[[-97.705,24.6078],[-97.7112,24.6284],[-97.7215,24.5975],[-97.705,24.6078]]],[[[-97.6931,24.6466],[-97.6951,24.6453],[-97.6931,24.6452],[-97.6923,24.642],[-97.6903,24.6427],[-97.6859,24.6384],[-97.6866,24.637],[-97.6842,24.6377],[-97.6826,24.6361],[-97.685,24.6397],[-97.6874,24.6402],[-97.6877,24.6421],[-97.6931,24.6466]]],[[[-97.6933,24.6515],[-97.6953,24.6527],[-97.6982,24.6506],[-97.698,24.6497],[-97.6956,24.6513],[-97.6957,24.6473],[-97.6932,24.6495],[-97.6933,24.6515]]],[[[-97.6994,24.6642],[-97.6974,24.6669],[-97.6983,24.6679],[-97.701,24.6657],[-97.701,24.6636],[-97.7049,24.6623],[-97.7016,24.6613],[-97.701,24.657],[-97.7026,24.6556],[-97.7021,24.6529],[-97.7048,24.6472],[-97.7046,24.6581],[-97.7031,24.6586],[-97.7058,24.6602],[-97.7061,24.6461],[-97.7106,24.6318],[-97.7096,24.6313],[-97.7069,24.6387],[-97.7031,24.6413],[-97.7046,24.6423],[-97.7036,24.6469],[-97.6996,24.6559],[-97.6978,24.6579],[-97.6962,24.6564],[-97.6974,24.6605],[-97.7001,24.6586],[-97.7009,24.66],[-97.6994,24.6642]]],[[[-97.6983,24.6748],[-97.6975,24.6811],[-97.6999,24.6771],[-97.7002,24.6728],[-97.7018,24.6745],[-97.7038,24.6731],[-97.7032,24.672],[-97.7011,24.6724],[-97.7018,24.6697],[-97.6994,24.6713],[-97.6983,24.6748]]],[[[-97.7036,24.6757],[-97.7002,24.6928],[-97.7201,24.6675],[-97.7036,24.6757]]],[[[-97.6971,24.697],[-97.6973,24.6989],[-97.6994,24.7],[-97.6986,24.6965],[-97.702,24.6975],[-97.7028,24.6953],[-97.7012,24.6936],[-97.6976,24.6952],[-97.6971,24.697]]],[[[-97.6348,24.6935],[-97.6361,24.6962],[-97.6344,24.6974],[-97.6329,24.7029],[-97.637,24.6972],[-97.6363,24.6927],[-97.6348,24.6935]]],[[[-97.6363,24.7052],[-97.6355,24.7075],[-97.6375,24.7085],[-97.6382,24.7053],[-97.6371,24.7042],[-97.6363,24.7052]]],[[[-97.6967,24.702],[-97.6984,24.712],[-97.6999,24.7051],[-97.6967,24.6996],[-97.6967,24.702]]],[[[-97.7096,24.7113],[-97.7075,24.7131],[-97.7082,24.7149],[-97.7153,24.7096],[-97.7167,24.7118],[-97.7185,24.711],[-97.7231,24.707],[-97.7204,24.707],[-97.7173,24.7046],[-97.716,24.7062],[-97.7174,24.7081],[-97.7137,24.7075],[-97.7096,24.7113]]],[[[-97.6335,24.709],[-97.6302,24.714],[-97.6322,24.7165],[-97.6355,24.71],[-97.6344,24.7083],[-97.6335,24.709]]],[[[-97.6512,24.6976],[-97.6472,24.7083],[-97.6413,24.716],[-97.6416,24.7188],[-97.6448,24.7182],[-97.6529,24.6975],[-97.6512,24.6976]]],[[[-97.7011,24.7188],[-97.7006,24.7201],[-97.7041,24.7202],[-97.7059,24.7176],[-97.7011,24.7188]]],[[[-97.6923,24.7343],[-97.6966,24.7342],[-97.6986,24.7313],[-97.7009,24.7312],[-97.7018,24.7286],[-97.7009,24.725],[-97.6981,24.7241],[-97.6964,24.7202],[-97.6902,24.7208],[-97.6891,24.7222],[-97.6896,24.7248],[-97.6973,24.7259],[-97.6955,24.7317],[-97.6932,24.7325],[-97.6938,24.7304],[-97.692,24.7306],[-97.6903,24.7324],[-97.6923,24.7343]]],[[[-97.7046,24.7418],[-97.7048,24.744],[-97.7079,24.7444],[-97.7062,24.7407],[-97.7046,24.7418]]],[[[-97.7137,24.743],[-97.7143,24.745],[-97.7148,24.7411],[-97.7191,24.7394],[-97.7173,24.7347],[-97.7197,24.7321],[-97.7179,24.731],[-97.7103,24.7328],[-97.708,24.7353],[-97.7094,24.7367],[-97.7121,24.7342],[-97.7158,24.7347],[-97.7133,24.7357],[-97.7132,24.7393],[-97.7097,24.7413],[-97.7112,24.7431],[-97.7137,24.743]]],[[[-97.6949,24.7383],[-97.6914,24.7398],[-97.6944,24.7442],[-97.6918,24.7456],[-97.6923,24.7465],[-97.6954,24.7458],[-97.6936,24.741],[-97.6965,24.7373],[-97.6953,24.7366],[-97.6949,24.7383]]],[[[-97.6838,24.7457],[-97.6878,24.7488],[-97.6896,24.7479],[-97.6897,24.7442],[-97.6838,24.7457]]],[[[-97.7139,24.7466],[-97.7122,24.7497],[-97.713,24.7507],[-97.7181,24.7469],[-97.7164,24.7458],[-97.7139,24.7466]]],[[[-97.6973,24.7544],[-97.6929,24.7566],[-97.6928,24.7582],[-97.6941,24.7588],[-97.7006,24.7548],[-97.6973,24.7544]]],[[[-97.6866,24.7639],[-97.6737,24.7302],[-97.6605,24.7509],[-97.6866,24.7639]]],[[[-97.6913,24.7636],[-97.6932,24.7661],[-97.6969,24.7622],[-97.6913,24.7616],[-97.6913,24.7636]]],[[[-97.713,24.7637],[-97.7113,24.7654],[-97.7117,24.7672],[-97.7153,24.7645],[-97.713,24.7637]]],[[[-97.6971,24.7647],[-97.698,24.767],[-97.7005,24.7675],[-97.7053,24.7611],[-97.704,24.7584],[-97.7007,24.7592],[-97.7003,24.7639],[-97.6974,24.7631],[-97.6971,24.7647]]],[[[-97.6952,24.7769],[-97.6932,24.7805],[-97.694,24.7822],[-97.6964,24.7773],[-97.6958,24.7752],[-97.6952,24.7769]]],[[[-97.6107,24.7848],[-97.6094,24.7882],[-97.6138,24.7886],[-97.6145,24.7861],[-97.6107,24.7848]]],[[[-97.6102,24.7931],[-97.6095,24.7955],[-97.615,24.7976],[-97.6194,24.7853],[-97.622,24.7826],[-97.6216,24.78],[-97.6194,24.7808],[-97.618,24.7836],[-97.6154,24.7928],[-97.6129,24.7925],[-97.6112,24.7905],[-97.6102,24.7931]]],[[[-97.6933,24.7963],[-97.6957,24.8015],[-97.7001,24.8031],[-97.6963,24.8007],[-97.6946,24.7962],[-97.6956,24.7953],[-97.7004,24.7995],[-97.7014,24.7987],[-97.6969,24.7941],[-97.6953,24.7937],[-97.6933,24.7963]]],[[[-97.6056,24.8043],[-97.6098,24.8038],[-97.6105,24.7989],[-97.6095,24.7983],[-97.6061,24.8018],[-97.6056,24.8043]]],[[[-97.7031,24.8026],[-97.6966,24.8076],[-97.6971,24.8089],[-97.7006,24.8072],[-97.7045,24.8018],[-97.7036,24.8009],[-97.7031,24.8026]]],[[[-97.6885,24.8154],[-97.6921,24.8153],[-97.6948,24.8126],[-97.696,24.8093],[-97.6941,24.8094],[-97.6935,24.8063],[-97.696,24.8049],[-97.694,24.8044],[-97.6919,24.8061],[-97.6928,24.8095],[-97.6945,24.8104],[-97.6905,24.8141],[-97.6875,24.8137],[-97.6885,24.8154]]],[[[-97.7065,24.8169],[-97.7105,24.8162],[-97.7116,24.8172],[-97.7156,24.8158],[-97.7122,24.8144],[-97.7074,24.8155],[-97.7065,24.8169]]],[[[-97.6759,24.8154],[-97.6755,24.8172],[-97.6734,24.818],[-97.6746,24.8188],[-97.6854,24.8162],[-97.6864,24.813],[-97.6845,24.8092],[-97.6856,24.8084],[-97.6861,24.8097],[-97.6865,24.8083],[-97.6847,24.8079],[-97.6831,24.8099],[-97.6853,24.8141],[-97.6821,24.8132],[-97.6808,24.8149],[-97.6776,24.8142],[-97.6759,24.8154]]],[[[-97.6575,24.8208],[-97.6587,24.8286],[-97.661,24.8296],[-97.6618,24.8278],[-97.66,24.8262],[-97.6621,24.8232],[-97.6651,24.8201],[-97.671,24.819],[-97.6678,24.8156],[-97.6713,24.8114],[-97.6782,24.8065],[-97.6835,24.8058],[-97.6806,24.8042],[-97.678,24.8048],[-97.669,24.8112],[-97.6647,24.8176],[-97.6621,24.8175],[-97.6641,24.8134],[-97.668,24.8104],[-97.6661,24.8075],[-97.6695,24.8067],[-97.6674,24.8057],[-97.6638,24.8068],[-97.6599,24.8127],[-97.6575,24.8208]]],[[[-97.7373,24.8346],[-97.7395,24.8348],[-97.7381,24.8334],[-97.7373,24.8346]]],[[[-97.72,24.8363],[-97.7229,24.8406],[-97.7242,24.8347],[-97.7291,24.8344],[-97.7317,24.831],[-97.7346,24.8321],[-97.7384,24.8303],[-97.7381,24.8259],[-97.7366,24.8282],[-97.7215,24.8324],[-97.7223,24.8357],[-97.72,24.8363]]],[[[-97.7091,24.8386],[-97.7094,24.8408],[-97.7094,24.8365],[-97.7109,24.8356],[-97.7187,24.8377],[-97.7157,24.8362],[-97.7169,24.8335],[-97.7137,24.8323],[-97.7173,24.8291],[-97.7191,24.8299],[-97.7185,24.829],[-97.717,24.8281],[-97.7097,24.832],[-97.7086,24.828],[-97.7064,24.828],[-97.7091,24.8386]]],[[[-97.725,24.8393],[-97.7268,24.8428],[-97.7296,24.8426],[-97.73,24.8397],[-97.7331,24.839],[-97.7338,24.8334],[-97.7293,24.8354],[-97.7288,24.8388],[-97.725,24.8393]]],[[[-97.6784,24.8553],[-97.6777,24.8575],[-97.6834,24.8528],[-97.6896,24.8522],[-97.6903,24.8503],[-97.7021,24.8461],[-97.7083,24.8458],[-97.7141,24.8485],[-97.7162,24.851],[-97.7216,24.8526],[-97.7242,24.851],[-97.7268,24.8521],[-97.7181,24.8476],[-97.7149,24.8426],[-97.7123,24.8424],[-97.7078,24.8443],[-97.6986,24.8452],[-97.6815,24.8515],[-97.6784,24.8553]]],[[[-97.7024,24.8536],[-97.7025,24.8576],[-97.7045,24.8586],[-97.7062,24.8551],[-97.7034,24.8529],[-97.7024,24.8536]]],[[[-97.7287,24.8644],[-97.7296,24.8668],[-97.7303,24.8644],[-97.7287,24.8644]]],[[[-97.7234,24.8611],[-97.7247,24.8631],[-97.7226,24.8651],[-97.7229,24.8673],[-97.7254,24.8662],[-97.7276,24.861],[-97.7296,24.8606],[-97.7312,24.863],[-97.7317,24.8607],[-97.7332,24.8607],[-97.7339,24.8633],[-97.7381,24.8635],[-97.7286,24.8558],[-97.7244,24.8582],[-97.7234,24.8611]]],[[[-97.7144,24.8656],[-97.7138,24.8697],[-97.7187,24.8717],[-97.7203,24.8692],[-97.7167,24.8661],[-97.72,24.8663],[-97.721,24.8628],[-97.7182,24.8599],[-97.7215,24.8572],[-97.7208,24.8599],[-97.7242,24.8542],[-97.7171,24.8547],[-97.714,24.8626],[-97.7144,24.8656]]],[[[-97.7234,24.8846],[-97.7267,24.8878],[-97.7291,24.8863],[-97.7292,24.8849],[-97.7251,24.8827],[-97.7233,24.8826],[-97.7234,24.8846]]],[[[-97.6513,24.89],[-97.6507,24.8921],[-97.6521,24.8929],[-97.6512,24.8908],[-97.6544,24.8899],[-97.6562,24.8862],[-97.6513,24.89]]],[[[-97.613,24.8966],[-97.6155,24.8966],[-97.6139,24.8961],[-97.6135,24.8936],[-97.613,24.8966]]],[[[-97.5841,24.9362],[-97.5822,24.9388],[-97.5845,24.9462],[-97.5855,24.9341],[-97.5841,24.9362]]],[[[-97.5753,24.9406],[-97.5738,24.9442],[-97.5778,24.9484],[-97.578,24.9423],[-97.5767,24.9397],[-97.5753,24.9406]]],[[[-97.6078,24.9213],[-97.6048,24.9525],[-97.6253,24.9033],[-97.6078,24.9213]]],[[[-97.5855,24.9528],[-97.5871,24.9559],[-97.5881,24.953],[-97.5855,24.9528]]],[[[-97.5676,24.9607],[-97.5658,24.9678],[-97.5689,24.971],[-97.5702,24.9687],[-97.5687,24.9604],[-97.5676,24.9607]]],[[[-97.5475,24.9677],[-97.593,24.8702],[-97.6163,24.7432],[-97.6369,24.7344],[-97.6293,24.7024],[-97.6921,24.479],[-97.5475,24.9677]]],[[[-97.585,24.9596],[-97.5814,24.9637],[-97.5812,24.9678],[-97.5857,24.9738],[-97.5881,24.9739],[-97.59,24.9728],[-97.591,24.9679],[-97.5888,24.9619],[-97.585,24.9596]]],[[[-97.5621,24.9692],[-97.5633,24.9732],[-97.5662,24.974],[-97.5657,24.9712],[-97.5621,24.9692]]],[[[-97.5552,24.9714],[-97.5509,24.9734],[-97.5567,24.9742],[-97.5599,24.9718],[-97.5552,24.9714]]],[[[-97.6096,24.9707],[-97.6111,24.9744],[-97.6135,24.975],[-97.6119,24.9704],[-97.6096,24.9707]]],[[[-97.677,24.9749],[-97.6813,24.9775],[-97.6799,24.9735],[-97.677,24.9749]]],[[[-97.6689,24.9773],[-97.6685,24.9792],[-97.6707,24.9822],[-97.6713,24.9787],[-97.6697,24.9767],[-97.6689,24.9773]]],[[[-97.5491,24.9859],[-97.5502,24.988],[-97.5531,24.989],[-97.5549,24.9868],[-97.5533,24.9815],[-97.5488,24.9778],[-97.5471,24.9793],[-97.5518,24.9838],[-97.5492,24.9833],[-97.5491,24.9859]]],[[[-97.6082,24.9897],[-97.6097,24.9937],[-97.6118,24.994],[-97.6121,24.9897],[-97.609,24.9854],[-97.6099,24.9885],[-97.6083,24.9877],[-97.6082,24.9897]]],[[[-97.5983,24.9922],[-97.5988,24.9952],[-97.6002,24.9964],[-97.6017,24.9958],[-97.6026,24.9944],[-97.6009,24.9915],[-97.5983,24.9922]]],[[[-97.6486,24.9934],[-97.6589,24.9805],[-97.654,24.9924],[-97.6357,24.9734],[-97.6486,24.9934]]],[[[-97.6895,25.0026],[-97.6917,25.0046],[-97.695,25.0038],[-97.6976,24.9983],[-97.695,25.0019],[-97.6917,25.0023],[-97.6923,24.9998],[-97.6888,24.9966],[-97.6903,24.99],[-97.6852,24.9927],[-97.6854,24.9896],[-97.6812,24.9887],[-97.6781,24.9898],[-97.676,24.9889],[-97.6737,24.9826],[-97.6727,24.9885],[-97.6777,24.9933],[-97.6797,24.9914],[-97.6833,24.9908],[-97.6865,24.9949],[-97.6862,24.9973],[-97.6895,25.0004],[-97.6895,25.0026]]],[[[-97.5363,25.0032],[-97.5384,25.0034],[-97.5392,25.0053],[-97.5433,25.0057],[-97.5447,24.9994],[-97.5462,24.9998],[-97.5432,24.9921],[-97.5477,24.9845],[-97.5424,24.9813],[-97.5421,24.9794],[-97.5436,24.9784],[-97.5457,24.966],[-97.532,25.0029],[-97.5343,25.0044],[-97.5345,25.0018],[-97.5363,25.0032]]],[[[-97.559,25.0212],[-97.5634,25.0257],[-97.5694,25.0285],[-97.559,25.0212]]],[[[-97.7168,25.0271],[-97.7178,25.0292],[-97.7173,25.0264],[-97.7232,25.0226],[-97.7223,25.0207],[-97.7171,25.0238],[-97.7157,25.0257],[-97.7168,25.0271]]],[[[-97.5738,25.032],[-97.5817,25.0367],[-97.5726,25.0302],[-97.5738,25.032]]],[[[-97.5483,25.0341],[-97.5495,25.0376],[-97.5482,25.0388],[-97.5511,25.0415],[-97.5547,25.0349],[-97.554,25.0312],[-97.5508,25.0284],[-97.5491,25.0282],[-97.5483,25.0341]]],[[[-97.7085,25.0513],[-97.7074,25.0535],[-97.7095,25.0507],[-97.7119,25.0505],[-97.7124,25.0485],[-97.7197,25.0525],[-97.7128,25.0463],[-97.7101,25.0474],[-97.7085,25.0513]]],[[[-97.5431,25.0469],[-97.5421,25.0583],[-97.539,25.0644],[-97.5328,25.0686],[-97.5357,25.071],[-97.5433,25.0647],[-97.5469,25.0554],[-97.5458,25.0453],[-97.5431,25.0469]]],[[[-97.5366,25.0757],[-97.5361,25.079],[-97.5331,25.0804],[-97.5292,25.0882],[-97.5324,25.0918],[-97.5382,25.0838],[-97.5391,25.0757],[-97.5378,25.0739],[-97.5366,25.0757]]],[[[-97.5279,25.0943],[-97.5236,25.0994],[-97.5239,25.1009],[-97.5285,25.097],[-97.5301,25.0932],[-97.5283,25.0925],[-97.5279,25.0943]]],[[[-97.4984,25.1365],[-97.4961,25.1401],[-97.4973,25.1427],[-97.5,25.1417],[-97.5012,25.1355],[-97.4997,25.1347],[-97.4984,25.1365]]],[[[-97.5056,25.135],[-97.5022,25.143],[-97.5024,25.1469],[-97.507,25.1374],[-97.5073,25.1358],[-97.5056,25.135]]],[[[-97.7324,25.1445],[-97.7323,25.1479],[-97.7385,25.1491],[-97.7366,25.1445],[-97.7411,25.1435],[-97.7408,25.1422],[-97.7371,25.141],[-97.7324,25.1445]]],[[[-97.4945,25.1461],[-97.4962,25.1507],[-97.5003,25.1465],[-97.4961,25.145],[-97.4945,25.1461]]],[[[-97.7413,25.1531],[-97.7419,25.154],[-97.746,25.1517],[-97.7537,25.1522],[-97.7555,25.1511],[-97.7486,25.1483],[-97.7523,25.1458],[-97.7486,25.1439],[-97.7461,25.1476],[-97.7415,25.1474],[-97.7393,25.1495],[-97.7413,25.1531]]],[[[-97.7,25.1519],[-97.6994,25.155],[-97.7035,25.1545],[-97.7,25.1519]]],[[[-97.7354,25.1542],[-97.7329,25.156],[-97.7347,25.1589],[-97.7386,25.1558],[-97.7374,25.1538],[-97.7354,25.1542]]],[[[-97.7336,25.1683],[-97.7335,25.1701],[-97.7356,25.1678],[-97.7386,25.169],[-97.7396,25.1673],[-97.7375,25.1654],[-97.7336,25.1683]]],[[[-97.7343,25.1821],[-97.7353,25.1754],[-97.7396,25.1732],[-97.7379,25.1698],[-97.7344,25.1711],[-97.7329,25.1787],[-97.7311,25.18],[-97.7313,25.1816],[-97.7343,25.1821]]],[[[-97.483,25.1784],[-97.4828,25.1834],[-97.4842,25.1854],[-97.4868,25.1767],[-97.483,25.1784]]],[[[-97.7365,25.1809],[-97.7352,25.1824],[-97.7364,25.1901],[-97.7394,25.184],[-97.7441,25.1839],[-97.7424,25.1808],[-97.7365,25.1809]]],[[[-97.4923,25.166],[-97.4763,25.2058],[-97.5009,25.1518],[-97.4923,25.166]]],[[[-97.7362,25.2052],[-97.7383,25.2061],[-97.7389,25.2032],[-97.7404,25.2056],[-97.7422,25.2049],[-97.7392,25.2014],[-97.7362,25.2052]]],[[[-97.4704,25.2072],[-97.4672,25.216],[-97.4685,25.2168],[-97.4722,25.214],[-97.4748,25.2071],[-97.473,25.2055],[-97.4704,25.2072]]],[[[-97.4648,25.2191],[-97.4628,25.2248],[-97.4638,25.225],[-97.4676,25.2195],[-97.4666,25.2178],[-97.4648,25.2191]]],[[[-97.444,25.2386],[-97.5188,25.1099],[-97.5045,25.0973],[-97.5291,25.0657],[-97.5142,25.0556],[-97.5389,25.0549],[-97.5255,25.0252],[-97.5548,25.018],[-97.5349,25.0055],[-97.4294,25.2326],[-97.444,25.2386]]],[[[-97.4597,25.2424],[-97.4652,25.2423],[-97.4633,25.2398],[-97.4605,25.2406],[-97.4569,25.2395],[-97.4609,25.228],[-97.4547,25.2346],[-97.4543,25.2387],[-97.4523,25.2404],[-97.4597,25.2424]]],[[[-97.4485,25.2475],[-97.4431,25.2572],[-97.446,25.2584],[-97.4501,25.2537],[-97.4524,25.2469],[-97.4543,25.2454],[-97.454,25.2433],[-97.4487,25.2428],[-97.4485,25.2475]]],[[[-97.662,25.2551],[-97.6623,25.2589],[-97.6729,25.2544],[-97.6765,25.2496],[-97.6797,25.2504],[-97.678,25.2479],[-97.67,25.2541],[-97.6711,25.2498],[-97.6749,25.2493],[-97.6753,25.2466],[-97.6839,25.2424],[-97.6835,25.2395],[-97.6936,25.2293],[-97.6944,25.2302],[-97.6845,25.2442],[-97.681,25.2472],[-97.683,25.2475],[-97.6976,25.2274],[-97.695,25.2256],[-97.6923,25.2267],[-97.6678,25.2456],[-97.6681,25.2472],[-97.662,25.2551]]],[[[-97.4429,25.2635],[-97.4443,25.2665],[-97.4458,25.2658],[-97.446,25.2619],[-97.4429,25.2635]]],[[[-97.4378,25.2656],[-97.4354,25.2665],[-97.437,25.2714],[-97.4408,25.2671],[-97.4378,25.2656]]],[[[-97.4428,25.2708],[-97.4442,25.2733],[-97.4448,25.2701],[-97.4428,25.2708]]],[[[-97.4378,25.2723],[-97.4385,25.2741],[-97.4412,25.2746],[-97.4402,25.2709],[-97.4378,25.2723]]],[[[-97.4329,25.278],[-97.4329,25.28],[-97.435,25.2812],[-97.4364,25.2775],[-97.4339,25.2768],[-97.4329,25.278]]],[[[-97.426,25.2819],[-97.4262,25.285],[-97.4275,25.2809],[-97.426,25.2819]]],[[[-97.5899,25.2851],[-97.5991,25.2853],[-97.6001,25.2839],[-97.5952,25.2821],[-97.5931,25.2827],[-97.5942,25.2805],[-97.6021,25.2769],[-97.6336,25.2707],[-97.6563,25.2601],[-97.6458,25.2601],[-97.5972,25.2777],[-97.5937,25.28],[-97.592,25.2795],[-97.5899,25.2851]]],[[[-97.6092,25.2884],[-97.6105,25.2925],[-97.613,25.2895],[-97.6126,25.2882],[-97.6092,25.2884]]],[[[-97.4799,25.2953],[-97.4833,25.2947],[-97.4822,25.2922],[-97.4787,25.2926],[-97.4799,25.2953]]],[[[-97.4192,25.2922],[-97.4208,25.2956],[-97.4217,25.2911],[-97.4192,25.2922]]],[[[-97.5752,25.2952],[-97.5761,25.2961],[-97.5826,25.2948],[-97.5759,25.2934],[-97.5752,25.2952]]],[[[-97.4239,25.2938],[-97.4221,25.2981],[-97.4261,25.2959],[-97.4253,25.2932],[-97.4239,25.2938]]],[[[-97.6017,25.3032],[-97.6021,25.3045],[-97.6051,25.3027],[-97.6103,25.304],[-97.6137,25.2997],[-97.6194,25.3007],[-97.6129,25.2984],[-97.6017,25.3032]]],[[[-97.5903,25.3096],[-97.5912,25.3137],[-97.5932,25.3112],[-97.5977,25.3097],[-97.5917,25.3084],[-97.5903,25.3096]]],[[[-97.4298,25.3082],[-97.4293,25.311],[-97.4254,25.3151],[-97.4259,25.3167],[-97.4311,25.3121],[-97.433,25.3059],[-97.4298,25.3082]]],[[[-97.6533,25.32],[-97.6533,25.3185],[-97.6456,25.3136],[-97.6459,25.3184],[-97.6506,25.3179],[-97.6533,25.32]]],[[[-97.5291,25.3208],[-97.5373,25.3201],[-97.5386,25.3183],[-97.5302,25.3166],[-97.5304,25.3095],[-97.5289,25.3097],[-97.5277,25.3183],[-97.5291,25.3208]]],[[[-97.6228,25.3157],[-97.6244,25.3197],[-97.6272,25.3216],[-97.629,25.32],[-97.6282,25.3172],[-97.6309,25.3143],[-97.6279,25.3116],[-97.6352,25.3077],[-97.6305,25.3053],[-97.6229,25.3067],[-97.6178,25.3156],[-97.6196,25.3175],[-97.6202,25.3149],[-97.6228,25.3157]]],[[[-97.4171,25.3129],[-97.4164,25.3203],[-97.4198,25.3236],[-97.421,25.3206],[-97.4197,25.3102],[-97.4226,25.3073],[-97.4225,25.304],[-97.4184,25.3094],[-97.4159,25.3091],[-97.4146,25.3122],[-97.416,25.3115],[-97.4171,25.3129]]],[[[-97.4741,25.319],[-97.4773,25.3247],[-97.4793,25.325],[-97.476,25.3208],[-97.4768,25.3198],[-97.4897,25.3174],[-97.4994,25.3074],[-97.5,25.3049],[-97.5,25.3026],[-97.4969,25.3035],[-97.4959,25.3065],[-97.4933,25.3066],[-97.4923,25.3033],[-97.4935,25.3014],[-97.5043,25.2962],[-97.5072,25.2895],[-97.5126,25.2873],[-97.518,25.2886],[-97.5172,25.2866],[-97.5103,25.2835],[-97.5048,25.2847],[-97.4978,25.2884],[-97.4963,25.2933],[-97.4907,25.3002],[-97.4903,25.3054],[-97.4869,25.3108],[-97.4741,25.319]]],[[[-97.6368,25.3259],[-97.6401,25.3249],[-97.6395,25.3238],[-97.6356,25.3223],[-97.6307,25.3242],[-97.6316,25.3254],[-97.6368,25.3259]]],[[[-97.542,25.3234],[-97.5411,25.3257],[-97.5422,25.3266],[-97.5445,25.3251],[-97.542,25.3234]]],[[[-97.4028,25.3249],[-97.4024,25.3271],[-97.4052,25.329],[-97.407,25.328],[-97.405,25.3242],[-97.4028,25.3249]]],[[[-97.5223,25.3319],[-97.5249,25.3332],[-97.5234,25.3311],[-97.5223,25.3319]]],[[[-97.5298,25.3322],[-97.5324,25.3347],[-97.5342,25.3306],[-97.5371,25.3299],[-97.5339,25.3272],[-97.5355,25.3246],[-97.5372,25.3273],[-97.5401,25.3252],[-97.5387,25.3213],[-97.5365,25.3236],[-97.5353,25.3218],[-97.5325,25.325],[-97.5308,25.3248],[-97.5318,25.3217],[-97.5298,25.3234],[-97.5311,25.328],[-97.5298,25.3322]]],[[[-97.4375,25.3346],[-97.4379,25.3373],[-97.4402,25.3324],[-97.4375,25.3346]]],[[[-97.4073,25.3376],[-97.4111,25.3363],[-97.4096,25.3336],[-97.4108,25.3275],[-97.4087,25.3286],[-97.4097,25.3306],[-97.4083,25.3312],[-97.4073,25.3376]]],[[[-97.4997,25.3412],[-97.5008,25.3431],[-97.5013,25.3405],[-97.505,25.3422],[-97.504,25.3408],[-97.5052,25.339],[-97.5082,25.3382],[-97.5103,25.3392],[-97.5092,25.3373],[-97.5047,25.3365],[-97.4997,25.3412]]],[[[-97.6403,25.3392],[-97.641,25.3428],[-97.6435,25.3431],[-97.6457,25.3414],[-97.6451,25.339],[-97.6387,25.3371],[-97.6403,25.3392]]],[[[-97.5319,25.3384],[-97.5311,25.3426],[-97.5333,25.3458],[-97.5342,25.3379],[-97.5356,25.3382],[-97.5352,25.3428],[-97.5385,25.338],[-97.5379,25.3361],[-97.5337,25.3354],[-97.5319,25.3384]]],[[[-97.5136,25.3442],[-97.5194,25.3468],[-97.5195,25.3453],[-97.5159,25.3423],[-97.5104,25.3406],[-97.5076,25.342],[-97.5091,25.3445],[-97.5116,25.3432],[-97.5136,25.3442]]],[[[-97.4764,25.3428],[-97.475,25.3454],[-97.4787,25.3488],[-97.4786,25.3469],[-97.4817,25.3455],[-97.4791,25.3424],[-97.4809,25.3423],[-97.4898,25.3479],[-97.4972,25.3486],[-97.4939,25.3466],[-97.4962,25.3421],[-97.4935,25.3403],[-97.4986,25.3376],[-97.4865,25.3365],[-97.4828,25.3342],[-97.477,25.3356],[-97.4764,25.3428]]],[[[-97.4265,25.3428],[-97.445,25.2995],[-97.4218,25.3223],[-97.4265,25.3428]]],[[[-97.5394,25.3466],[-97.5358,25.3498],[-97.5373,25.3538],[-97.5392,25.3536],[-97.5415,25.3479],[-97.5442,25.3465],[-97.5442,25.3448],[-97.541,25.3435],[-97.5451,25.3426],[-97.5438,25.3409],[-97.5395,25.3418],[-97.5394,25.3466]]],[[[-97.5294,25.3501],[-97.5287,25.353],[-97.5301,25.3543],[-97.5332,25.3528],[-97.5319,25.3505],[-97.5344,25.3491],[-97.5348,25.3461],[-97.5312,25.3471],[-97.5284,25.3456],[-97.5243,25.3459],[-97.5242,25.3509],[-97.526,25.3538],[-97.5254,25.3482],[-97.5288,25.348],[-97.5294,25.3501]]],[[[-97.4805,25.3515],[-97.48,25.3535],[-97.4819,25.3558],[-97.481,25.3504],[-97.4805,25.3515]]],[[[-97.4188,25.355],[-97.422,25.3554],[-97.4214,25.3535],[-97.4242,25.3518],[-97.4236,25.3477],[-97.4189,25.352],[-97.4188,25.355]]],[[[-97.3891,25.3532],[-97.3913,25.3564],[-97.3943,25.3527],[-97.395,25.3561],[-97.3964,25.3545],[-97.3939,25.3505],[-97.3916,25.3523],[-97.3893,25.3518],[-97.3891,25.3532]]],[[[-97.4063,25.3564],[-97.408,25.3569],[-97.4102,25.3547],[-97.4086,25.3534],[-97.4063,25.3564]]],[[[-97.5078,25.3562],[-97.5093,25.3569],[-97.5112,25.3543],[-97.5129,25.3549],[-97.5094,25.3519],[-97.5103,25.3456],[-97.5078,25.3462],[-97.5066,25.3483],[-97.501,25.3452],[-97.4973,25.3462],[-97.5058,25.3492],[-97.5056,25.3517],[-97.5017,25.3516],[-97.5022,25.3501],[-97.5,25.3483],[-97.4976,25.3502],[-97.4999,25.3532],[-97.5078,25.3562]]],[[[-97.4724,25.3572],[-97.4738,25.3584],[-97.4739,25.357],[-97.4765,25.3576],[-97.4792,25.3555],[-97.4761,25.3532],[-97.4717,25.3558],[-97.4724,25.3572]]],[[[-97.5367,25.3591],[-97.5428,25.3585],[-97.5429,25.3546],[-97.5365,25.3554],[-97.5367,25.3591]]],[[[-97.5281,25.361],[-97.5295,25.3622],[-97.5329,25.3599],[-97.5312,25.3565],[-97.5287,25.3575],[-97.5281,25.361]]],[[[-97.4717,25.3593],[-97.4729,25.3632],[-97.4749,25.3623],[-97.4744,25.36],[-97.4717,25.3593]]],[[[-97.3799,25.361],[-97.3873,25.3627],[-97.3886,25.3551],[-97.3861,25.3555],[-97.3852,25.3607],[-97.3834,25.3593],[-97.3781,25.3593],[-97.3799,25.361]]],[[[-97.5345,25.3616],[-97.5349,25.3643],[-97.5396,25.3659],[-97.5389,25.3611],[-97.5345,25.3616]]],[[[-97.4398,25.3593],[-97.4367,25.3623],[-97.4307,25.3648],[-97.4293,25.3672],[-97.4307,25.3685],[-97.4371,25.366],[-97.4417,25.362],[-97.4422,25.3588],[-97.4398,25.3593]]],[[[-97.7017,25.3561],[-97.6918,25.3621],[-97.6903,25.3653],[-97.692,25.369],[-97.7102,25.3559],[-97.7065,25.3535],[-97.7017,25.3561]]],[[[-97.526,25.3709],[-97.5281,25.3709],[-97.532,25.3679],[-97.5313,25.3633],[-97.527,25.3633],[-97.5217,25.3664],[-97.5222,25.369],[-97.526,25.3709]]],[[[-97.4791,25.3667],[-97.4781,25.3697],[-97.4802,25.3711],[-97.4824,25.3684],[-97.4811,25.3666],[-97.4791,25.3667]]],[[[-97.5431,25.3665],[-97.5448,25.3668],[-97.5476,25.3712],[-97.5497,25.3712],[-97.5469,25.3665],[-97.5507,25.367],[-97.5497,25.3649],[-97.5514,25.3558],[-97.5465,25.3536],[-97.5441,25.354],[-97.5444,25.3571],[-97.5452,25.358],[-97.5463,25.3564],[-97.5483,25.3568],[-97.5484,25.3604],[-97.545,25.3638],[-97.542,25.3642],[-97.5416,25.3658],[-97.5431,25.3665]]],[[[-97.6766,25.3743],[-97.6866,25.3726],[-97.6863,25.371],[-97.6837,25.3687],[-97.6708,25.3677],[-97.671,25.3697],[-97.6725,25.3696],[-97.6766,25.3743]]],[[[-97.4903,25.3671],[-97.4905,25.372],[-97.4923,25.3752],[-97.4928,25.3661],[-97.4903,25.3671]]],[[[-97.4869,25.3683],[-97.4841,25.3741],[-97.4853,25.3764],[-97.489,25.3728],[-97.4889,25.3693],[-97.4869,25.3683]]],[[[-97.5428,25.37],[-97.5408,25.3744],[-97.5435,25.377],[-97.5474,25.3732],[-97.5439,25.3681],[-97.5428,25.37]]],[[[-97.4699,25.3799],[-97.4725,25.3795],[-97.4743,25.3736],[-97.4763,25.3731],[-97.4753,25.3713],[-97.4726,25.3707],[-97.4701,25.3738],[-97.4686,25.3767],[-97.4699,25.3799]]],[[[-97.5403,25.3832],[-97.541,25.3856],[-97.5429,25.3854],[-97.5446,25.3798],[-97.5392,25.3769],[-97.5386,25.3751],[-97.5415,25.3717],[-97.5411,25.3704],[-97.5367,25.3714],[-97.5363,25.3747],[-97.5333,25.3779],[-97.5354,25.3798],[-97.538,25.3782],[-97.5409,25.3801],[-97.5423,25.3815],[-97.5403,25.3832]]],[[[-97.4836,25.3823],[-97.482,25.3839],[-97.483,25.3864],[-97.4877,25.3843],[-97.4861,25.3822],[-97.4836,25.3823]]],[[[-97.4444,25.38],[-97.4432,25.3845],[-97.4458,25.3872],[-97.4487,25.3784],[-97.4444,25.38]]],[[[-97.472,25.3831],[-97.4702,25.3846],[-97.4707,25.3874],[-97.4754,25.3871],[-97.4742,25.3831],[-97.472,25.3831]]],[[[-97.4779,25.3854],[-97.4784,25.387],[-97.476,25.3901],[-97.4772,25.3918],[-97.4822,25.3871],[-97.4779,25.3854]]],[[[-97.4947,25.3841],[-97.4914,25.3884],[-97.4948,25.3922],[-97.4974,25.3865],[-97.4966,25.3827],[-97.4945,25.3824],[-97.4947,25.3841]]],[[[-97.4844,25.3896],[-97.4816,25.3939],[-97.4899,25.3913],[-97.4844,25.3896]]],[[[-97.4554,25.3847],[-97.455,25.395],[-97.4578,25.3939],[-97.4582,25.392],[-97.4625,25.3905],[-97.4574,25.3872],[-97.4589,25.3822],[-97.4609,25.3819],[-97.4604,25.38],[-97.4582,25.3799],[-97.4554,25.3847]]],[[[-97.4364,25.3965],[-97.4462,25.395],[-97.4456,25.3925],[-97.442,25.3908],[-97.4363,25.3939],[-97.4364,25.3965]]],[[[-97.449,25.4021],[-97.4501,25.4043],[-97.4523,25.4013],[-97.459,25.4035],[-97.4623,25.4021],[-97.4582,25.3987],[-97.4537,25.3986],[-97.4494,25.4006],[-97.449,25.4021]]],[[[-97.4695,25.4025],[-97.4721,25.4044],[-97.4713,25.4027],[-97.4742,25.4035],[-97.4764,25.4001],[-97.4805,25.3983],[-97.4778,25.3965],[-97.4726,25.3981],[-97.4696,25.4003],[-97.4695,25.4025]]],[[[-97.4944,25.4064],[-97.4954,25.4085],[-97.4979,25.4063],[-97.5019,25.4058],[-97.5017,25.3924],[-97.4997,25.3934],[-97.4996,25.3974],[-97.4944,25.4064]]],[[[-97.4261,25.4068],[-97.4262,25.4113],[-97.4303,25.4059],[-97.4351,25.407],[-97.4354,25.405],[-97.4388,25.4034],[-97.4366,25.4016],[-97.4287,25.4041],[-97.4261,25.4068]]],[[[-97.4811,25.4054],[-97.4765,25.4084],[-97.4766,25.412],[-97.4836,25.4072],[-97.4824,25.4049],[-97.4811,25.4054]]],[[[-97.4178,25.4117],[-97.4183,25.4144],[-97.4213,25.4109],[-97.4249,25.4126],[-97.4227,25.4092],[-97.4186,25.4097],[-97.4178,25.4117]]],[[[-97.5088,25.4163],[-97.5109,25.4169],[-97.5102,25.4159],[-97.5123,25.4142],[-97.5102,25.4136],[-97.5088,25.4163]]],[[[-97.4458,25.4115],[-97.4421,25.4135],[-97.444,25.4162],[-97.4475,25.4177],[-97.452,25.411],[-97.4564,25.4124],[-97.4553,25.4099],[-97.4514,25.4086],[-97.4458,25.4115]]],[[[-97.4612,25.4154],[-97.459,25.4165],[-97.4587,25.4193],[-97.4623,25.4172],[-97.463,25.4152],[-97.4748,25.4127],[-97.4726,25.4103],[-97.4695,25.4097],[-97.4613,25.4131],[-97.4612,25.4154]]],[[[-97.4931,25.414],[-97.4944,25.4185],[-97.4921,25.4254],[-97.4934,25.4262],[-97.4966,25.421],[-97.4953,25.4165],[-97.4969,25.4125],[-97.4947,25.4122],[-97.4931,25.414]]],[[[-97.4576,25.4245],[-97.4586,25.4276],[-97.4607,25.4244],[-97.4642,25.4259],[-97.4636,25.4244],[-97.466,25.424],[-97.4675,25.4208],[-97.4667,25.419],[-97.4576,25.4245]]],[[[-97.4405,25.4234],[-97.4506,25.4286],[-97.4525,25.4287],[-97.4473,25.4236],[-97.4523,25.4232],[-97.4558,25.4259],[-97.452,25.421],[-97.4451,25.4182],[-97.4417,25.4203],[-97.4405,25.4234]]],[[[-97.5409,25.4385],[-97.5432,25.441],[-97.5437,25.439],[-97.5409,25.4385]]],[[[-97.4757,25.441],[-97.4799,25.4429],[-97.4811,25.4406],[-97.4879,25.4424],[-97.4894,25.4382],[-97.4935,25.4377],[-97.4948,25.4379],[-97.4906,25.4412],[-97.4914,25.4419],[-97.4947,25.44],[-97.5168,25.4411],[-97.5159,25.4365],[-97.5182,25.4338],[-97.5207,25.4319],[-97.5297,25.4332],[-97.532,25.4277],[-97.529,25.4252],[-97.5259,25.4256],[-97.5089,25.4307],[-97.5106,25.4336],[-97.4856,25.4346],[-97.4771,25.4382],[-97.4757,25.441]]],[[[-97.5266,25.4476],[-97.5213,25.4505],[-97.5235,25.4536],[-97.525,25.4538],[-97.525,25.4523],[-97.5333,25.4475],[-97.5359,25.4504],[-97.5426,25.446],[-97.5402,25.4442],[-97.533,25.4448],[-97.5266,25.4476]]],[[[-97.5265,25.4725],[-97.531,25.4693],[-97.5354,25.471],[-97.5322,25.4635],[-97.5369,25.4621],[-97.5367,25.4605],[-97.5329,25.4612],[-97.5251,25.4665],[-97.5265,25.4725]]],[[[-97.2728,25.6568],[-97.2817,25.6543],[-97.2818,25.6506],[-97.2796,25.6518],[-97.2779,25.6508],[-97.2728,25.6548],[-97.2718,25.6542],[-97.2732,25.6512],[-97.2715,25.6515],[-97.2673,25.6547],[-97.2673,25.6564],[-97.2713,25.6554],[-97.2728,25.6568]]],[[[-97.2498,25.6544],[-97.2444,25.6612],[-97.2454,25.6633],[-97.2492,25.6615],[-97.2519,25.6548],[-97.2498,25.6544]]],[[[-97.2095,25.6651],[-97.2102,25.6682],[-97.2121,25.667],[-97.2107,25.6642],[-97.2095,25.6651]]],[[[-97.2552,25.6704],[-97.2618,25.6676],[-97.2632,25.6646],[-97.2611,25.6643],[-97.2614,25.6659],[-97.2569,25.6677],[-97.2552,25.6704]]],[[[-97.2428,25.6748],[-97.2417,25.6774],[-97.2371,25.6806],[-97.2372,25.6835],[-97.2449,25.6786],[-97.2468,25.6728],[-97.246,25.6694],[-97.2432,25.6697],[-97.2388,25.6737],[-97.2398,25.6758],[-97.2428,25.6748]]],[[[-97.2247,25.6801],[-97.2221,25.683],[-97.2153,25.6865],[-97.2229,25.6838],[-97.2301,25.6758],[-97.23,25.6743],[-97.2247,25.6801]]],[[[-97.2255,25.6864],[-97.2255,25.6875],[-97.2311,25.685],[-97.2265,25.685],[-97.2255,25.6864]]],[[[-97.2013,25.6942],[-97.2008,25.697],[-97.204,25.6942],[-97.2013,25.6942]]],[[[-97.2056,25.6948],[-97.2041,25.6956],[-97.2047,25.6972],[-97.2083,25.696],[-97.2056,25.6948]]],[[[-97.1956,25.6986],[-97.1948,25.7004],[-97.1971,25.7006],[-97.1993,25.6979],[-97.1976,25.6971],[-97.1956,25.6986]]],[[[-97.2013,25.6994],[-97.1986,25.7011],[-97.2089,25.6981],[-97.2132,25.6983],[-97.2117,25.6951],[-97.2013,25.6994]]],[[[-97.215,25.6953],[-97.2138,25.6997],[-97.2155,25.7021],[-97.2192,25.6976],[-97.2256,25.6946],[-97.2315,25.6948],[-97.2332,25.693],[-97.2292,25.6912],[-97.2215,25.6936],[-97.2166,25.6914],[-97.2142,25.6931],[-97.215,25.6953]]],[[[-97.1936,25.7036],[-97.1921,25.7043],[-97.1953,25.7039],[-97.1936,25.7036]]],[[[-97.1785,25.7125],[-97.1828,25.7126],[-97.1844,25.71],[-97.1897,25.7078],[-97.1905,25.7058],[-97.1894,25.7053],[-97.1785,25.7125]]],[[[-97.1823,25.7156],[-97.1846,25.7162],[-97.1844,25.7147],[-97.1817,25.7145],[-97.1823,25.7156]]],[[[-97.1806,25.7219],[-97.184,25.7267],[-97.1852,25.7189],[-97.1841,25.7176],[-97.182,25.7192],[-97.1835,25.7207],[-97.1807,25.7202],[-97.1806,25.7219]]],[[[-97.1877,25.7338],[-97.1866,25.7362],[-97.1901,25.7362],[-97.2015,25.7329],[-97.1992,25.7312],[-97.1892,25.7312],[-97.1839,25.7344],[-97.186,25.7355],[-97.1877,25.7338]]],[[[-97.1902,25.7394],[-97.1915,25.7415],[-97.1968,25.7401],[-97.1976,25.7386],[-97.1902,25.7394]]],[[[-97.1962,25.7438],[-97.2035,25.7442],[-97.2021,25.7414],[-97.1962,25.7438]]],[[[-97.2078,25.745],[-97.2118,25.7437],[-97.2116,25.7418],[-97.2095,25.7422],[-97.2078,25.745]]],[[[-97.1861,25.7439],[-97.1879,25.7458],[-97.1894,25.7441],[-97.1861,25.7439]]],[[[-97.188,25.7544],[-97.1882,25.7556],[-97.1912,25.7548],[-97.188,25.7544]]],[[[-97.2093,25.7674],[-97.2088,25.7706],[-97.2116,25.7749],[-97.2136,25.7754],[-97.211,25.7671],[-97.2093,25.7674]]],[[[-97.2055,25.7723],[-97.204,25.775],[-97.2072,25.7784],[-97.2088,25.7777],[-97.2069,25.7749],[-97.208,25.7713],[-97.2067,25.7701],[-97.1989,25.7686],[-97.1922,25.7714],[-97.1945,25.7737],[-97.1994,25.7721],[-97.2055,25.7723]]],[[[-97.1727,25.7831],[-97.1765,25.783],[-97.1789,25.7784],[-97.1766,25.7788],[-97.1757,25.7814],[-97.1727,25.7831]]],[[[-97.2062,25.7881],[-97.2075,25.7896],[-97.2126,25.788],[-97.2156,25.7835],[-97.2137,25.7828],[-97.2094,25.7853],[-97.2044,25.7859],[-97.201,25.7846],[-97.2004,25.7869],[-97.2062,25.7881]]],[[[-97.1903,25.783],[-97.1887,25.7859],[-97.1888,25.792],[-97.1905,25.786],[-97.1947,25.7826],[-97.1942,25.7808],[-97.1903,25.783]]],[[[-97.1724,25.7947],[-97.1775,25.7977],[-97.1797,25.7965],[-97.1773,25.7959],[-97.177,25.7944],[-97.1734,25.7944],[-97.174,25.7891],[-97.172,25.7893],[-97.1724,25.7947]]],[[[-97.1639,25.8053],[-97.1623,25.8098],[-97.1677,25.8044],[-97.1687,25.796],[-97.1639,25.8053]]],[[[-100.1038,23.2315],[-100.1156,23.126],[-100.0687,23.1212],[-100.069,23.0959],[-100.0113,23.0639],[-100.0621,23.0398],[-100.0717,22.9974],[-100.0975,23.0131],[-100.0894,22.9688],[-100.1108,22.9757],[-100.1104,22.9167],[-100.0442,22.9179],[-100.0294,22.8244],[-100.1019,22.7628],[-100.0941,22.7513],[-100.0223,22.7259],[-99.957,22.7517],[-99.8824,22.7499],[-99.8428,22.7306],[-99.8479,22.6784],[-99.814,22.6608],[-99.7241,22.6596],[-99.6825,22.6811],[-99.5606,22.6412],[-99.5347,22.6128],[-99.4945,22.6209],[-99.5443,22.7441],[-99.4968,22.7485],[-99.4771,22.7406],[-99.4421,22.6636],[-99.3856,22.6703],[-99.3732,22.6291],[-99.3296,22.6349],[-99.2368,22.4129],[-99.0604,22.4153],[-98.932,22.3928],[-98.89,22.3551],[-98.7589,22.3663],[-98.7008,22.4026],[-98.6382,22.4145],[-98.5749,22.3939],[-98.5064,22.4293],[-98.4668,22.4288],[-98.461,22.4122],[-98.4338,22.4329],[-98.4095,22.3999],[-98.3886,22.4243],[-98.3878,22.3893],[-98.3552,22.4074],[-98.3523,22.3887],[-98.3188,22.3907],[-98.3168,22.4686],[-98.2729,22.4473],[-98.2479,22.4717],[-98.195,22.4696],[-98.1858,22.4229],[-98.1135,22.3953],[-98.1062,22.3667],[-98.086,22.3702],[-98.0743,22.3478],[-97.99,22.3509],[-97.9705,22.3281],[-98.0003,22.2974],[-97.9567,22.2939],[-97.8958,22.2238],[-97.8395,22.2115],[-97.8333,22.2399],[-97.784,22.2639],[-97.8246,22.3363],[-97.8582,22.4852],[-97.889,22.483],[-97.855,22.4939],[-97.8413,22.6712],[-97.8634,22.5394],[-97.9013,22.5994],[-97.8514,22.7098],[-97.8844,22.7259],[-97.879,22.74],[-97.9005,22.7365],[-97.8888,22.7582],[-97.9078,22.7672],[-97.9286,22.8285],[-97.8878,22.7591],[-97.8996,22.7397],[-97.853,22.7167],[-97.8329,22.7621],[-97.8033,22.7783],[-97.7663,22.9584],[-97.7848,22.8107],[-97.8406,22.6725],[-97.7754,22.8444],[-97.7619,23.049],[-97.7868,23.0536],[-97.7857,23.0361],[-97.8022,23.0712],[-97.8183,23.0578],[-97.8104,23.0821],[-97.8575,23.0993],[-97.8614,23.1455],[-97.8565,23.0998],[-97.8086,23.0818],[-97.8181,23.0604],[-97.8054,23.0735],[-97.7955,23.0531],[-97.7731,23.0575],[-97.7665,23.1018],[-97.7626,23.057],[-97.7814,23.3382],[-97.7703,23.3336],[-97.7336,23.7672],[-97.7552,23.7566],[-97.7509,23.5991],[-97.7723,23.5135],[-97.7515,23.7659],[-97.9138,23.7939],[-98.0003,23.773],[-97.9112,23.7972],[-97.7315,23.7717],[-97.7373,23.9536],[-97.7113,24.2762],[-97.7521,23.9443],[-97.7377,23.8933],[-97.74,23.8566],[-97.7535,23.8618],[-97.7392,23.8514],[-97.7462,23.8045],[-97.7701,23.913],[-97.7744,24.0678],[-97.7956,24.0628],[-97.7925,24.0232],[-97.8132,24.1028],[-97.8038,24.0894],[-97.7882,24.1042],[-97.7941,24.0665],[-97.772,24.0872],[-97.7639,24.1898],[-97.7976,24.2104],[-97.7651,24.1914],[-97.7449,24.2644],[-97.7444,24.4436],[-97.8151,24.4042],[-97.7786,24.4181],[-97.7944,24.3184],[-97.7963,24.3403],[-97.8237,24.3253],[-97.8084,24.3285],[-97.804,24.3474],[-97.8229,24.3582],[-97.8052,24.3746],[-97.8312,24.3879],[-97.8572,24.465],[-97.8107,24.5255],[-97.8416,24.4957],[-97.8763,24.5064],[-97.8581,24.516],[-97.8649,24.5311],[-97.8496,24.5231],[-97.8672,24.571],[-97.8472,24.5331],[-97.8332,24.542],[-97.8524,24.5888],[-97.8333,24.6043],[-97.8579,24.6232],[-97.8236,24.6049],[-97.844,24.5928],[-97.8251,24.5794],[-97.8346,24.5502],[-97.7689,24.5593],[-97.7732,24.4989],[-97.7424,24.4861],[-97.7169,24.5763],[-97.7324,24.5543],[-97.7213,24.595],[-97.7271,24.5788],[-97.7246,24.5941],[-97.7418,24.5926],[-97.7228,24.5978],[-97.7079,24.659],[-97.7258,24.6737],[-97.7453,24.6505],[-97.7092,24.6868],[-97.7335,24.6744],[-97.7565,24.6865],[-97.7542,24.6671],[-97.7666,24.6704],[-97.7618,24.6878],[-97.7388,24.6782],[-97.7195,24.6984],[-97.7277,24.7505],[-97.7082,24.7546],[-97.7313,24.7619],[-97.7079,24.7708],[-97.7297,24.7897],[-97.7494,24.77],[-97.7088,24.8088],[-97.7387,24.8114],[-97.7291,24.8239],[-97.7521,24.8324],[-97.732,24.8551],[-97.7486,24.8611],[-97.7221,24.8708],[-97.7337,24.9055],[-97.7157,24.9022],[-97.7092,24.8566],[-97.6921,24.8791],[-97.6928,24.8641],[-97.6668,24.8749],[-97.6803,24.8743],[-97.6559,24.8977],[-97.6669,24.914],[-97.6482,24.9016],[-97.6196,24.9288],[-97.673,24.9532],[-97.703,25.0024],[-97.7435,24.9925],[-97.7151,25.0127],[-97.7208,25.0351],[-97.7452,25.0359],[-97.7207,25.0396],[-97.6891,25.1529],[-97.7549,25.1434],[-97.7631,25.1249],[-97.7848,25.1339],[-97.7408,25.1563],[-97.7409,25.2109],[-97.7209,25.1861],[-97.7345,25.1607],[-97.6882,25.1539],[-97.6715,25.1757],[-97.7045,25.195],[-97.7045,25.2403],[-97.7336,25.2311],[-97.7631,25.2661],[-97.7966,25.2558],[-97.7629,25.2801],[-97.7192,25.2574],[-97.6905,25.3411],[-97.705,25.3087],[-97.7363,25.3345],[-97.694,25.3812],[-97.6559,25.3649],[-97.6458,25.3843],[-97.6392,25.3576],[-97.6157,25.3714],[-97.636,25.332],[-97.6042,25.326],[-97.6107,25.3075],[-97.5665,25.3266],[-97.5699,25.284],[-97.5325,25.2886],[-97.522,25.3176],[-97.5495,25.3093],[-97.5449,25.3782],[-97.5584,25.3776],[-97.5373,25.386],[-97.5144,25.3588],[-97.4817,25.3597],[-97.5053,25.3697],[-97.5008,25.3907],[-97.5202,25.3782],[-97.5069,25.4101],[-97.5133,25.3956],[-97.5375,25.4397],[-97.5662,25.4306],[-97.577,25.4444],[-97.5303,25.4764],[-97.5098,25.4464],[-97.4658,25.4406],[-97.4769,25.4252],[-97.4633,25.439],[-97.4986,25.5269],[-97.5398,25.5335],[-97.5253,25.5412],[-97.4966,25.5276],[-97.4654,25.4277],[-97.4439,25.4499],[-97.4458,25.4274],[-97.393,25.4066],[-97.4496,25.3559],[-97.4101,25.374],[-97.4222,25.3347],[-97.4074,25.3203],[-97.4143,25.3548],[-97.3774,25.3676],[-97.4466,25.2465],[-97.4237,25.2383],[-97.201,25.6299],[-97.168,25.7304],[-97.1852,25.7313],[-97.1757,25.7111],[-97.2201,25.6422],[-97.2526,25.6531],[-97.2539,25.6201],[-97.2557,25.634],[-97.2871,25.6307],[-97.2894,25.653],[-97.2593,25.674],[-97.2843,25.6602],[-97.266,25.697],[-97.2782,25.696],[-97.2323,25.7051],[-97.2487,25.7199],[-97.1975,25.7042],[-97.1854,25.7242],[-97.2375,25.7494],[-97.2273,25.767],[-97.2587,25.7669],[-97.2592,25.7427],[-97.295,25.7354],[-97.2603,25.7438],[-97.2582,25.7682],[-97.2124,25.7641],[-97.2268,25.7869],[-97.1857,25.8053],[-97.1855,25.7896],[-97.1559,25.8211],[-97.1656,25.7546],[-97.1461,25.8727],[-97.158,25.9612],[-97.284,25.9593],[-97.2768,25.9352],[-97.3261,25.9175],[-97.3479,25.9313],[-97.3745,25.9088],[-97.3562,25.8882],[-97.3738,25.8806],[-97.3564,25.8679],[-97.3726,25.84],[-97.4062,25.8379],[-97.4095,25.8623],[-97.4251,25.8405],[-97.4541,25.8543],[-97.4555,25.8841],[-97.4972,25.8799],[-97.4983,25.8991],[-97.5213,25.8863],[-97.5373,25.9308],[-97.5833,25.9332],[-97.5679,25.9525],[-97.6021,25.9574],[-97.6343,25.9895],[-97.6184,26.0023],[-97.6493,26.0104],[-97.6399,26.024],[-97.6681,26.0194],[-97.6626,26.0381],[-97.6933,26.0324],[-97.6916,26.0188],[-97.7071,26.0377],[-97.7615,26.0256],[-97.768,26.0473],[-97.7779,26.0292],[-97.8011,26.0602],[-97.8343,26.0456],[-97.861,26.053],[-97.8614,26.07],[-97.9659,26.0517],[-98.0279,26.067],[-98.0387,26.0414],[-98.0729,26.0364],[-98.0811,26.0713],[-98.0936,26.0586],[-98.1319,26.0743],[-98.147,26.0491],[-98.1768,26.0753],[-98.1948,26.0531],[-98.2882,26.1043],[-98.2661,26.1207],[-98.2969,26.1203],[-98.3056,26.1028],[-98.3356,26.1657],[-98.387,26.1577],[-98.4448,26.2011],[-98.4448,26.2243],[-98.4817,26.2194],[-98.4814,26.2006],[-98.5254,26.2215],[-98.522,26.2355],[-98.5356,26.2254],[-98.5574,26.2476],[-98.5455,26.2378],[-98.5621,26.2242],[-98.5828,26.2564],[-98.617,26.2464],[-98.6231,26.2597],[-98.6696,26.2363],[-98.6813,26.263],[-98.7198,26.2721],[-98.7023,26.2869],[-98.7509,26.296],[-98.7361,26.3083],[-98.7507,26.3312],[-98.7892,26.3306],[-98.8046,26.3676],[-98.897,26.3531],[-98.9267,26.3946],[-98.9431,26.3693],[-98.9737,26.4011],[-99.0108,26.3923],[-99.0363,26.4135],[-99.085,26.398],[-99.1137,26.4329],[-99.0916,26.4756],[-99.1045,26.4995],[-99.1711,26.5419],[-99.209,26.7247],[-99.2408,26.7475],[-99.2699,26.845],[-99.3171,26.8655],[-99.3285,26.9195],[-99.3849,26.9388],[-99.3949,26.9622],[-99.3813,26.9793],[-99.4457,27.0219],[-99.4527,27.0641],[-99.4287,27.0926],[-99.4425,27.1068],[-99.4262,27.1761],[-99.4418,27.2508],[-99.462,27.2684],[-99.4909,27.2627],[-99.4946,27.3038],[-99.5381,27.3165],[-99.5045,27.3388],[-99.4788,27.4795],[-99.5282,27.4982],[-99.5115,27.5661],[-99.5544,27.6141],[-99.5842,27.6035],[-99.5959,27.6398],[-99.6555,27.6293],[-99.6632,27.6569],[-99.6901,27.6688],[-99.7055,27.6553],[-99.7281,27.6791],[-99.9264,27.5492],[-99.9192,27.4915],[-99.7604,27.437],[-99.7477,27.2772],[-99.6501,27.0659],[-99.7342,26.9206],[-99.7701,26.9284],[-99.7667,26.8898],[-99.7443,26.9122],[-99.7211,26.8965],[-99.6614,26.9008],[-99.591,26.8625],[-99.5808,26.8301],[-99.6592,26.6704],[-99.5383,26.6646],[-99.3968,26.5966],[-99.4309,26.3513],[-99.4012,26.3048],[-99.3642,26.3293],[-99.26,26.2528],[-99.1978,26.2587],[-99.1601,26.0612],[-99.1263,26.054],[-99.1309,26.0688],[-99.0765,26.0719],[-99.0239,26.1041],[-98.9008,25.9683],[-98.8232,26.0476],[-98.5851,26.0179],[-98.5818,25.4894],[-98.4216,25.4894],[-98.4231,25.4475],[-98.9342,25.0728],[-99.0191,25.0699],[-99.0288,25.1104],[-99.0525,25.1271],[-99.0976,25.0631],[-99.1606,25.0553],[-99.1565,25.0278],[-99.1809,25.0115],[-99.1589,24.916],[-99.2074,24.8614],[-99.182,24.776],[-99.2949,24.8041],[-99.3644,24.7718],[-99.3894,24.7398],[-99.4777,24.7126],[-99.5007,24.6792],[-99.4995,24.6413],[-99.5462,24.6131],[-99.6094,24.6225],[-99.733,24.554],[-99.7198,24.4837],[-99.6364,24.5067],[-99.5899,24.3961],[-99.5943,24.3309],[-99.6478,24.2181],[-99.6571,24.118],[-99.5709,24.0394],[-99.5419,24.0336],[-99.5409,23.9973],[-99.4869,23.9605],[-99.4569,23.8661],[-99.4938,23.8787],[-99.6022,23.7629],[-99.769,23.7845],[-99.8607,23.7745],[-99.9612,23.5569],[-99.9213,23.3792],[-100.0803,23.3957],[-100.145,23.3395],[-100.078,23.306],[-100.1038,23.2315]]]]},"properties":{"iso3":"MEX","shapeId":"31927357B88239390016047","regionId":"MEX.28_1","name":"Tamaulipas"}},{"type":"Feature","geometry":{"type":"Polygon","coordinates":[[[-98.6656,19.6062],[-98.7084,19.5476],[-98.6532,19.466],[-98.5913,19.4492],[-98.5703,19.4668],[-98.5232,19.4609],[-98.4703,19.3608],[-98.4077,19.3159],[-98.3689,19.2261],[-98.3307,19.2002],[-98.3427,19.1779],[-98.3239,19.1687],[-98.3072,19.1892],[-98.2302,19.1567],[-98.223,19.1366],[-98.1907,19.14],[-98.2043,19.1149],[-98.1474,19.1144],[-98.0317,19.2309],[-97.9282,19.1642],[-97.851,19.2229],[-97.8703,19.2706],[-97.8393,19.3014],[-97.7714,19.2838],[-97.7196,19.3048],[-97.6909,19.2859],[-97.6264,19.3239],[-97.6314,19.3554],[-97.6739,19.3675],[-97.7548,19.4575],[-97.7969,19.4724],[-97.7945,19.4984],[-97.8623,19.4562],[-97.8487,19.4828],[-97.8897,19.5046],[-97.8701,19.5592],[-97.9162,19.5939],[-97.9466,19.5855],[-97.9679,19.6247],[-98.0422,19.6402],[-98.0364,19.6858],[-98.0608,19.7289],[-98.101,19.668],[-98.1177,19.6883],[-98.1656,19.6675],[-98.2411,19.6758],[-98.2553,19.7188],[-98.3317,19.7223],[-98.3238,19.6853],[-98.3817,19.6094],[-98.4902,19.62],[-98.5192,19.6024],[-98.5356,19.6344],[-98.5504,19.6186],[-98.5664,19.6411],[-98.6098,19.602],[-98.6656,19.6062]]]},"properties":{"iso3":"MEX","shapeId":"31927357B22008724034476","regionId":"MEX.29_1","name":"Tlaxcala"}},{"type":"Feature","geometry":{"type":"MultiPolygon","coordinates":[[[[-94.9337,17.402],[-94.9359,17.404],[-94.9333,17.4007],[-94.9337,17.402]]],[[[-94.6296,17.8294],[-94.6327,17.8331],[-94.6294,17.8275],[-94.6296,17.8294]]],[[[-94.4896,17.9226],[-94.4927,17.9312],[-94.4933,17.9271],[-94.4899,17.9206],[-94.4896,17.9226]]],[[[-94.4764,17.9966],[-94.4709,17.9997],[-94.4689,18.0035],[-94.4694,18.0081],[-94.4653,18.0137],[-94.4711,18.0148],[-94.477,18.012],[-94.4786,18.006],[-94.4782,17.9959],[-94.4764,17.9966]]],[[[-94.4626,18.031],[-94.4589,18.0487],[-94.4619,18.0457],[-94.4657,18.0363],[-94.4626,18.031]]],[[[-94.6237,18.2125],[-94.6224,18.2143],[-94.6271,18.2122],[-94.626,18.2113],[-94.6237,18.2125]]],[[[-95.8439,18.3116],[-95.8413,18.3187],[-95.8402,18.3318],[-95.8477,18.3243],[-95.8497,18.3173],[-95.8452,18.3082],[-95.8439,18.3116]]],[[[-95.724,18.5361],[-95.7236,18.5405],[-95.7264,18.5513],[-95.727,18.5418],[-95.724,18.5361]]],[[[-95.7006,18.5817],[-95.6979,18.5875],[-95.6982,18.5915],[-95.7003,18.595],[-95.7041,18.5971],[-95.7064,18.5873],[-95.7045,18.5829],[-95.7011,18.5798],[-95.7006,18.5817]]],[[[-95.8959,18.6171],[-95.9245,18.6005],[-95.9206,18.568],[-95.8987,18.5792],[-95.8959,18.6171]]],[[[-95.8489,18.6581],[-95.8479,18.6622],[-95.8507,18.6593],[-95.8489,18.6581]]],[[[-95.7743,18.6934],[-95.7741,18.6955],[-95.7762,18.6957],[-95.7743,18.6924],[-95.7743,18.6934]]],[[[-95.7798,18.6951],[-95.7756,18.6966],[-95.7749,18.6982],[-95.7778,18.7028],[-95.7816,18.7037],[-95.7803,18.7001],[-95.7827,18.6977],[-95.7815,18.6952],[-95.7798,18.6951]]],[[[-95.7835,18.6947],[-95.783,18.6984],[-95.7808,18.7009],[-95.7859,18.7078],[-95.7903,18.7072],[-95.7923,18.7057],[-95.7925,18.7032],[-95.788,18.6951],[-95.7835,18.6947]]],[[[-95.7957,18.7097],[-95.7974,18.7116],[-95.8002,18.7045],[-95.8035,18.7071],[-95.8061,18.7038],[-95.8068,18.6963],[-95.8049,18.6913],[-95.8016,18.6884],[-95.7922,18.6931],[-95.7895,18.6962],[-95.7935,18.7029],[-95.794,18.7098],[-95.7957,18.7097]]],[[[-95.7843,18.7153],[-95.7945,18.7245],[-95.7924,18.7061],[-95.7843,18.7153]]],[[[-95.8261,18.7306],[-95.8225,18.7322],[-95.8357,18.7394],[-95.8391,18.7446],[-95.8339,18.733],[-95.8261,18.7306]]],[[[-95.839,18.7476],[-95.8408,18.751],[-95.8424,18.7508],[-95.839,18.7476]]],[[[-95.7864,18.7461],[-95.8109,18.747],[-95.8083,18.7244],[-95.7864,18.7461]]],[[[-95.8625,18.7446],[-95.8597,18.7464],[-95.8599,18.7516],[-95.8562,18.7545],[-95.8595,18.7548],[-95.8643,18.7525],[-95.8659,18.7457],[-95.8654,18.7444],[-95.8625,18.7446]]],[[[-93.6079,17.3149],[-93.6415,17.318],[-93.635,17.3377],[-93.6949,17.3878],[-93.6382,17.4361],[-93.6504,17.4589],[-93.6241,17.4935],[-93.6373,17.5098],[-93.6152,17.5551],[-93.6565,17.5552],[-93.7132,17.6307],[-93.7329,17.6258],[-93.7385,17.6794],[-93.8052,17.6894],[-93.8266,17.7192],[-93.87,17.7135],[-93.877,17.7566],[-93.9401,17.7532],[-93.9678,17.8453],[-94.0259,17.8404],[-94.0332,17.8726],[-94.0834,17.8699],[-94.092,17.9612],[-94.062,17.9875],[-94.0671,18.0089],[-94.0842,18.0062],[-94.0759,18.057],[-94.0979,18.0823],[-94.0825,18.0982],[-94.0974,18.1574],[-94.1048,18.1729],[-94.1306,18.1673],[-94.1312,18.2127],[-94.4077,18.1595],[-94.3896,18.1261],[-94.4112,18.1355],[-94.4123,18.0644],[-94.4556,18.0471],[-94.4468,18.0132],[-94.4678,18.0092],[-94.4719,17.9626],[-94.4928,17.943],[-94.4832,17.8969],[-94.4111,17.8809],[-94.4015,17.8128],[-94.3501,17.8569],[-94.3469,17.8826],[-94.3661,17.8804],[-94.3502,17.9047],[-94.3471,17.8835],[-94.3427,17.9014],[-94.3065,17.8775],[-94.3369,17.8617],[-94.3452,17.8754],[-94.3525,17.8565],[-94.3272,17.8392],[-94.2955,17.8507],[-94.2923,17.8713],[-94.3141,17.84],[-94.2632,17.8504],[-94.2554,17.8329],[-94.2007,17.8556],[-94.2213,17.7982],[-94.1979,17.7881],[-94.2258,17.7338],[-94.1803,17.7103],[-94.1781,17.6763],[-94.2006,17.6557],[-94.1707,17.6601],[-94.1451,17.6365],[-94.1684,17.6001],[-94.1223,17.5868],[-94.1749,17.5836],[-94.1911,17.5644],[-94.2012,17.5866],[-94.225,17.5575],[-94.1982,17.5434],[-94.2256,17.5554],[-94.2193,17.5824],[-94.1966,17.5864],[-94.1907,17.5653],[-94.1742,17.5848],[-94.1439,17.5749],[-94.1231,17.5891],[-94.1682,17.5985],[-94.1454,17.6352],[-94.1698,17.659],[-94.2009,17.6537],[-94.1793,17.6759],[-94.1815,17.7103],[-94.2267,17.7318],[-94.2264,17.7613],[-94.1994,17.7901],[-94.2236,17.7962],[-94.2031,17.8549],[-94.2557,17.8315],[-94.2665,17.8491],[-94.3276,17.8375],[-94.3602,17.8583],[-94.4015,17.8115],[-94.4134,17.8806],[-94.4883,17.9007],[-94.495,17.9485],[-94.4744,17.9686],[-94.544,17.977],[-94.5627,17.8892],[-94.6064,17.8938],[-94.6568,17.8649],[-94.6284,17.8535],[-94.6262,17.8178],[-94.6475,17.8106],[-94.6441,17.7761],[-94.6769,17.7641],[-94.6641,17.7597],[-94.6849,17.7401],[-94.6777,17.7012],[-94.7056,17.7253],[-94.6994,17.7035],[-94.7243,17.6701],[-94.7133,17.6574],[-94.7501,17.6355],[-94.7259,17.6055],[-94.76,17.5828],[-94.709,17.5367],[-94.723,17.5042],[-94.7958,17.4777],[-94.8325,17.5019],[-94.8522,17.4664],[-94.8307,17.4438],[-94.8399,17.4307],[-94.8747,17.4455],[-94.9255,17.3961],[-94.9493,17.4058],[-94.9261,17.397],[-94.8773,17.4461],[-94.8406,17.4332],[-94.8536,17.4661],[-94.8384,17.5024],[-94.7942,17.4798],[-94.7241,17.5069],[-94.7118,17.5388],[-94.7626,17.5849],[-94.7281,17.6082],[-94.7507,17.6425],[-94.715,17.6601],[-94.7257,17.6709],[-94.7049,17.7275],[-94.6804,17.6998],[-94.6861,17.7397],[-94.6652,17.761],[-94.6783,17.7637],[-94.6456,17.7779],[-94.6297,17.8523],[-94.6576,17.8596],[-94.6554,17.8818],[-94.7169,17.8738],[-94.7219,17.8455],[-94.7744,17.815],[-94.7628,17.8061],[-94.7785,17.78],[-94.774,17.8175],[-94.7229,17.846],[-94.7172,17.8745],[-94.5633,17.893],[-94.5518,17.9731],[-94.4792,17.9724],[-94.4789,18.0138],[-94.4492,18.016],[-94.4639,18.0451],[-94.418,18.0616],[-94.4398,18.1075],[-94.5098,18.0932],[-94.5254,18.1124],[-94.511,18.0963],[-94.5062,18.1162],[-94.4487,18.1034],[-94.4421,18.1182],[-94.4336,18.0964],[-94.4108,18.1492],[-94.528,18.1577],[-94.6229,18.2101],[-94.6171,18.1642],[-94.6399,18.18],[-94.6456,18.1679],[-94.6279,18.2176],[-94.6005,18.1966],[-94.6231,18.2871],[-94.7365,18.3939],[-94.7996,18.5249],[-94.8446,18.5458],[-94.9859,18.5575],[-95.013,18.5528],[-94.9939,18.5291],[-95.0233,18.5129],[-95.006,18.5077],[-95.0306,18.5086],[-95.0189,18.5531],[-94.9892,18.5569],[-95.0449,18.5784],[-95.0795,18.6416],[-95.1216,18.6525],[-95.1846,18.708],[-95.5731,18.7196],[-95.6834,18.7499],[-95.7428,18.7905],[-95.7437,18.7466],[-95.582,18.6871],[-95.5967,18.6627],[-95.5949,18.6871],[-95.6264,18.6882],[-95.633,18.7056],[-95.6457,18.6766],[-95.634,18.6201],[-95.6973,18.6089],[-95.6886,18.5623],[-95.7232,18.5564],[-95.7153,18.5204],[-95.6761,18.4838],[-95.6855,18.4714],[-95.6993,18.507],[-95.7317,18.4542],[-95.7044,18.4104],[-95.7136,18.3619],[-95.7586,18.3669],[-95.809,18.3145],[-95.8384,18.3325],[-95.8523,18.2833],[-95.9161,18.2691],[-95.8921,18.227],[-95.9107,18.2495],[-95.9498,18.2507],[-95.9458,18.2213],[-95.9722,18.2145],[-95.9766,18.1884],[-96.0064,18.1836],[-96.0317,18.2155],[-96.0422,18.1724],[-96.0838,18.1614],[-96.0514,18.1267],[-95.9535,18.1599],[-95.9333,18.1417],[-95.9146,18.1522],[-95.9072,18.1356],[-95.8332,18.129],[-95.7999,17.95],[-95.8588,17.8448],[-95.8664,17.7744],[-95.8929,17.7651],[-95.9028,17.7327],[-95.8728,17.7274],[-95.8953,17.7045],[-95.871,17.7022],[-95.8033,17.6294],[-95.7811,17.6389],[-95.7737,17.6059],[-95.8035,17.6071],[-95.8075,17.5918],[-95.7818,17.603],[-95.7269,17.578],[-95.7251,17.5362],[-95.7022,17.5185],[-95.6485,17.5399],[-95.6541,17.5604],[-95.5867,17.5349],[-95.532,17.5558],[-95.4842,17.6019],[-95.4793,17.5878],[-95.463,17.5964],[-95.4731,17.6091],[-95.4255,17.6475],[-95.3344,17.6748],[-95.2978,17.7221],[-95.2672,17.7167],[-95.269,17.7409],[-95.2389,17.7393],[-95.1824,17.6911],[-95.1881,17.6507],[-95.2482,17.646],[-95.2484,17.6256],[-95.2788,17.6132],[-95.253,17.6078],[-95.0766,17.3729],[-94.951,17.3156],[-94.8908,17.3111],[-94.9148,17.2926],[-94.8954,17.2564],[-94.9228,17.1938],[-93.8674,17.137],[-93.8609,17.1637],[-93.8271,17.1725],[-93.8014,17.2404],[-93.6627,17.2563],[-93.6644,17.2862],[-93.6079,17.3149]]],[[[-97.3613,21.0258],[-97.362,21.0278],[-97.3632,21.0271],[-97.3615,21.0248],[-97.3613,21.0258]]],[[[-97.363,21.0291],[-97.3635,21.0304],[-97.3651,21.0287],[-97.363,21.0291]]],[[[-97.4521,21.3676],[-97.4527,21.3713],[-97.4563,21.3666],[-97.4587,21.3672],[-97.458,21.3613],[-97.4545,21.3557],[-97.4521,21.3676]]],[[[-97.2289,21.4696],[-97.2276,21.4712],[-97.2284,21.4753],[-97.2314,21.47],[-97.2289,21.4696]]],[[[-97.4049,21.4761],[-97.4877,21.4295],[-97.484,21.4103],[-97.4637,21.4193],[-97.4684,21.3631],[-97.4049,21.4761]]],[[[-97.4922,21.5572],[-97.4915,21.5589],[-97.4977,21.5577],[-97.4976,21.556],[-97.4922,21.5572]]],[[[-97.5116,21.5786],[-97.53,21.5809],[-97.4899,21.5495],[-97.5188,21.5776],[-97.4885,21.5768],[-97.5116,21.5786]]],[[[-97.6299,21.7619],[-97.6314,21.7625],[-97.631,21.7602],[-97.6258,21.7596],[-97.6222,21.7573],[-97.6196,21.7588],[-97.6126,21.759],[-97.6169,21.7619],[-97.6299,21.7619]]],[[[-97.6449,21.7935],[-97.6477,21.7962],[-97.6472,21.7941],[-97.6449,21.7935]]],[[[-97.6471,21.8011],[-97.6525,21.8059],[-97.6577,21.8046],[-97.6577,21.803],[-97.6525,21.7998],[-97.648,21.8007],[-97.6468,21.7977],[-97.6433,21.7951],[-97.6435,21.7886],[-97.6417,21.7847],[-97.6429,21.7815],[-97.6346,21.7907],[-97.6471,21.8011]]],[[[-97.662,21.8059],[-97.6634,21.8092],[-97.6656,21.8098],[-97.6638,21.8052],[-97.662,21.8059]]],[[[-97.6704,21.8204],[-97.7006,21.8747],[-97.6758,21.7736],[-97.6095,21.7183],[-97.6704,21.8204]]],[[[-97.6758,21.9236],[-97.7051,21.9695],[-97.6964,21.9172],[-97.6741,21.9167],[-97.6203,21.7805],[-97.3827,21.5297],[-97.3798,21.4772],[-97.4489,21.3523],[-97.4418,21.2749],[-97.4214,21.2606],[-97.4158,21.323],[-97.3506,21.4566],[-97.3279,21.5672],[-97.5561,21.7616],[-97.6758,21.9236]]],[[[-97.985,20.517],[-97.9808,20.5407],[-97.9097,20.5864],[-97.8951,20.6227],[-97.9178,20.6712],[-97.8974,20.7032],[-97.9224,20.7165],[-97.8791,20.8343],[-97.8411,20.8393],[-97.8501,20.8169],[-97.8307,20.808],[-97.773,20.8272],[-97.7389,20.8015],[-97.6952,20.8],[-97.726,20.7917],[-97.7228,20.75],[-97.753,20.7324],[-97.7569,20.6895],[-97.7371,20.6797],[-97.7495,20.6433],[-97.7045,20.6292],[-97.7154,20.6091],[-97.6934,20.6027],[-97.7019,20.5719],[-97.6841,20.5725],[-97.6848,20.5543],[-97.588,20.5611],[-97.541,20.4897],[-97.576,20.4909],[-97.6354,20.4522],[-97.6454,20.4083],[-97.6721,20.4085],[-97.7092,20.4551],[-97.7346,20.4513],[-97.7656,20.3812],[-97.7444,20.3801],[-97.7429,20.3512],[-97.7007,20.3199],[-97.6793,20.3499],[-97.6731,20.3366],[-97.6899,20.3201],[-97.6814,20.3024],[-97.7573,20.2791],[-97.7351,20.2424],[-97.7394,20.1895],[-97.6868,20.1658],[-97.6524,20.1636],[-97.6328,20.1832],[-97.6045,20.1669],[-97.586,20.0793],[-97.4948,20.1373],[-97.5054,20.1539],[-97.4651,20.1802],[-97.4453,20.2462],[-97.4082,20.2321],[-97.3782,20.2493],[-97.3655,20.2158],[-97.2832,20.1811],[-97.15,20.1606],[-97.1514,20.1375],[-97.1224,20.1367],[-97.2062,20.0564],[-97.2069,20.0147],[-97.2607,19.9773],[-97.2558,19.9325],[-97.3046,19.8707],[-97.3138,19.7351],[-97.3331,19.7168],[-97.3039,19.6712],[-97.3412,19.6758],[-97.4027,19.6153],[-97.4185,19.6272],[-97.4343,19.5888],[-97.4046,19.4959],[-97.3483,19.4846],[-97.3573,19.4324],[-97.3974,19.4191],[-97.3605,19.376],[-97.285,19.3916],[-97.2102,19.3594],[-97.2156,19.3233],[-97.2003,19.3093],[-97.1702,19.329],[-97.102,19.3036],[-97.0455,19.3213],[-96.9856,19.2794],[-97.0012,19.2365],[-97.0562,19.1977],[-97.0271,19.1332],[-97.0556,19.134],[-97.0667,19.1595],[-97.1946,19.1718],[-97.2096,19.1599],[-97.1972,19.1466],[-97.2614,19.0966],[-97.2851,18.9994],[-97.2583,18.9777],[-97.2418,18.9021],[-97.2973,18.8673],[-97.3548,18.7794],[-97.3303,18.7671],[-97.35,18.7171],[-97.3232,18.6643],[-97.3032,18.6743],[-97.2719,18.6278],[-97.2354,18.6436],[-97.1414,18.5964],[-97.1446,18.5709],[-97.08,18.4545],[-97.0258,18.5171],[-96.9543,18.5538],[-96.9259,18.5349],[-96.8993,18.5486],[-96.8424,18.4934],[-96.797,18.5119],[-96.7814,18.4296],[-96.7591,18.4083],[-96.7249,18.4082],[-96.7415,18.3839],[-96.7002,18.3829],[-96.6959,18.3648],[-96.6746,18.3814],[-96.681,18.4122],[-96.7097,18.43],[-96.6815,18.5033],[-96.7269,18.5298],[-96.7156,18.5732],[-96.6996,18.5533],[-96.7021,18.5812],[-96.6725,18.6076],[-96.683,18.6697],[-96.5609,18.5877],[-96.4611,18.573],[-96.403,18.4399],[-96.3526,18.4102],[-96.3099,18.3224],[-96.2708,18.2978],[-96.2692,18.274],[-96.2887,18.2627],[-96.2663,18.2238],[-96.2177,18.1626],[-96.1695,18.1865],[-96.1884,18.1513],[-96.1592,18.1331],[-96.1242,18.1417],[-96.1144,18.1666],[-96.0448,18.173],[-96.0296,18.2191],[-96.0069,18.1855],[-95.9769,18.1936],[-95.9712,18.2184],[-95.9479,18.2221],[-95.9552,18.2494],[-95.9171,18.2488],[-95.9159,18.2723],[-95.8505,18.2878],[-95.8411,18.3341],[-95.8051,18.3182],[-95.7572,18.3698],[-95.7178,18.3612],[-95.7072,18.4155],[-95.7352,18.4501],[-95.7026,18.5032],[-95.7289,18.5522],[-95.6912,18.5633],[-95.7099,18.5867],[-95.7005,18.6101],[-95.6355,18.6265],[-95.6492,18.6771],[-95.6377,18.7064],[-95.6692,18.7226],[-95.783,18.749],[-95.7902,18.725],[-95.7589,18.6915],[-95.7637,18.6646],[-95.7512,18.67],[-95.8004,18.6167],[-95.7764,18.5579],[-95.7578,18.5553],[-95.7717,18.5057],[-95.7582,18.5535],[-95.778,18.5584],[-95.8012,18.6163],[-95.7581,18.6859],[-95.7786,18.7118],[-95.763,18.6814],[-95.7718,18.67],[-95.7703,18.6865],[-95.7877,18.6836],[-95.7889,18.6489],[-95.8461,18.6605],[-95.8673,18.6445],[-95.8547,18.68],[-95.8498,18.6617],[-95.7872,18.6542],[-95.8049,18.6874],[-95.8014,18.6665],[-95.822,18.6719],[-95.7955,18.7237],[-95.862,18.7161],[-95.8495,18.7452],[-95.8263,18.7273],[-95.8568,18.753],[-95.8819,18.7184],[-95.8761,18.6739],[-95.8975,18.6251],[-95.8763,18.6309],[-95.8488,18.5645],[-95.8837,18.5829],[-95.882,18.6268],[-95.9062,18.5604],[-95.9374,18.5654],[-95.9878,18.5037],[-95.9691,18.4618],[-95.9935,18.4636],[-95.9902,18.4374],[-96.0018,18.4502],[-95.9859,18.4761],[-95.9988,18.4694],[-96.0126,18.4919],[-96.0525,18.468],[-96.0139,18.4932],[-96.0329,18.5042],[-96.0122,18.4965],[-95.9793,18.5163],[-96.0098,18.5417],[-95.9766,18.5198],[-95.949,18.5363],[-95.9307,18.5855],[-95.9577,18.6069],[-95.9418,18.6151],[-95.9311,18.5875],[-95.9322,18.6192],[-95.9139,18.6029],[-95.9024,18.6176],[-95.8689,18.7531],[-95.8187,18.7409],[-95.8657,18.7824],[-95.8544,18.8052],[-95.8789,18.8022],[-95.8682,18.8266],[-95.9507,18.8405],[-95.9433,18.8689],[-95.9223,18.8762],[-95.8943,18.8367],[-95.7584,18.7651],[-95.7522,18.7922],[-95.8623,18.8325],[-95.9282,18.8867],[-95.9736,19.0575],[-96.0442,19.0586],[-96.0988,19.1021],[-96.1172,19.0927],[-96.0966,19.1046],[-96.0941,19.1513],[-96.1414,19.2117],[-96.1234,19.2137],[-96.1644,19.2174],[-96.1822,19.2501],[-96.3258,19.3216],[-96.3311,19.3359],[-96.2828,19.3093],[-96.3215,19.4139],[-96.3585,19.4063],[-96.3218,19.4152],[-96.3134,19.4798],[-96.3745,19.5605],[-96.4084,19.7463],[-96.4608,19.861],[-96.7826,20.2384],[-96.7795,20.2117],[-96.815,20.2109],[-96.8247,20.1868],[-96.8167,20.2114],[-96.7913,20.2034],[-96.7783,20.2258],[-96.8599,20.2801],[-96.7855,20.2422],[-96.9915,20.469],[-97.0711,20.477],[-97.0926,20.4129],[-97.131,20.4442],[-97.1679,20.422],[-97.2008,20.4534],[-97.166,20.4238],[-97.1272,20.4452],[-97.0911,20.4148],[-97.0739,20.4784],[-97.0018,20.4754],[-97.1452,20.5983],[-97.1316,20.5999],[-97.2062,20.7417],[-97.2588,20.7332],[-97.237,20.7087],[-97.2461,20.692],[-97.2867,20.7187],[-97.2467,20.6931],[-97.2587,20.7354],[-97.1941,20.7383],[-97.3057,20.9671],[-97.365,20.9398],[-97.4117,20.9494],[-97.4127,20.9258],[-97.4382,20.9117],[-97.4727,20.9102],[-97.4738,20.9382],[-97.5059,20.9076],[-97.5,20.9314],[-97.5303,20.954],[-97.5755,20.9462],[-97.5588,20.9201],[-97.5766,20.901],[-97.6028,20.9266],[-97.6549,20.9216],[-97.6039,20.928],[-97.5778,20.9018],[-97.5603,20.9215],[-97.5767,20.9468],[-97.5297,20.9555],[-97.4992,20.9339],[-97.5005,20.9079],[-97.4813,20.9391],[-97.4667,20.9366],[-97.4683,20.911],[-97.4163,20.9276],[-97.4112,20.9534],[-97.3565,20.9471],[-97.3263,20.9672],[-97.3587,20.9894],[-97.3582,21.0248],[-97.3665,21.0156],[-97.3835,21.0421],[-97.3543,21.0321],[-97.3392,20.9764],[-97.3059,20.972],[-97.402,21.1716],[-97.4206,21.2588],[-97.4383,21.2603],[-97.4479,21.3107],[-97.4896,21.3454],[-97.5006,21.4684],[-97.5125,21.4783],[-97.5207,21.4558],[-97.5168,21.4771],[-97.5761,21.4701],[-97.6432,21.5849],[-97.6438,21.6268],[-97.7251,21.5929],[-97.6969,21.6192],[-97.6674,21.6057],[-97.6467,21.6277],[-97.6821,21.6689],[-97.696,21.7837],[-97.7223,21.8298],[-97.7021,21.8799],[-97.7168,21.9533],[-97.7683,22.0501],[-97.7924,22.1637],[-97.7465,22.0271],[-97.7055,21.9709],[-97.7764,22.1328],[-97.7901,22.26],[-97.8184,22.2462],[-97.806,22.2212],[-97.8198,22.2453],[-97.8424,22.2061],[-97.9011,22.2207],[-98.0003,22.2021],[-97.8958,22.2238],[-97.9567,22.2939],[-98.0003,22.2974],[-97.9705,22.3281],[-97.99,22.3509],[-98.0743,22.3478],[-98.086,22.3702],[-98.1062,22.3667],[-98.1135,22.3953],[-98.189,22.4253],[-98.195,22.4696],[-98.2479,22.4717],[-98.2729,22.4473],[-98.3168,22.4686],[-98.3188,22.3907],[-98.3523,22.3887],[-98.3552,22.4074],[-98.3878,22.3893],[-98.3847,22.4223],[-98.4095,22.3999],[-98.4372,22.4336],[-98.461,22.4122],[-98.4668,22.4288],[-98.5064,22.4293],[-98.5749,22.3939],[-98.6382,22.4145],[-98.6709,22.4057],[-98.6815,22.3716],[-98.5793,22.3778],[-98.5793,22.3486],[-98.5352,22.3379],[-98.4759,22.2886],[-98.4467,22.3056],[-98.4304,22.2746],[-98.3964,22.2763],[-98.4051,22.2561],[-98.3681,22.2554],[-98.3746,22.2361],[-98.326,22.2431],[-98.3523,22.2228],[-98.3365,22.1877],[-98.432,22.1283],[-98.4387,22.1119],[-98.4188,22.098],[-98.4595,21.9952],[-98.4815,21.9905],[-98.4688,21.9646],[-98.522,21.9794],[-98.5791,21.9648],[-98.566,21.9376],[-98.5156,21.9513],[-98.5031,21.9366],[-98.5005,21.9231],[-98.5438,21.9321],[-98.5459,21.9173],[-98.5108,21.9087],[-98.5382,21.9058],[-98.548,21.8601],[-98.5289,21.8632],[-98.5145,21.8239],[-98.4863,21.8363],[-98.4931,21.8139],[-98.475,21.8142],[-98.4547,21.766],[-98.5167,21.7169],[-98.5374,21.7206],[-98.5205,21.7102],[-98.5307,21.6973],[-98.5438,21.7234],[-98.5674,21.7174],[-98.5583,21.6877],[-98.5792,21.6719],[-98.622,21.6824],[-98.6095,21.6672],[-98.6437,21.6309],[-98.6211,21.6278],[-98.6257,21.5855],[-98.6022,21.5404],[-98.5323,21.5011],[-98.5216,21.4047],[-98.4686,21.3861],[-98.4636,21.3502],[-98.4956,21.3404],[-98.544,21.2639],[-98.5165,21.2443],[-98.4684,21.2497],[-98.4797,21.2239],[-98.4164,21.155],[-98.3508,21.1571],[-98.2791,21.1928],[-98.2945,21.1472],[-98.2491,21.1294],[-98.2168,21.1515],[-98.202,21.1064],[-98.1749,21.1062],[-98.1474,21.0766],[-98.1612,21.0191],[-98.1883,21.0313],[-98.215,20.9896],[-98.2095,20.9671],[-98.2394,20.923],[-98.2249,20.9064],[-98.2655,20.8665],[-98.2538,20.8215],[-98.2247,20.8182],[-98.2337,20.7976],[-98.2988,20.7778],[-98.3078,20.8019],[-98.3285,20.7841],[-98.3447,20.7975],[-98.3148,20.8098],[-98.3529,20.836],[-98.3451,20.8649],[-98.4029,20.8584],[-98.4506,20.8215],[-98.4646,20.7725],[-98.4497,20.7513],[-98.5036,20.7322],[-98.5167,20.7429],[-98.5064,20.7331],[-98.5502,20.6894],[-98.5334,20.6627],[-98.4214,20.7443],[-98.4948,20.6443],[-98.4802,20.589],[-98.5122,20.5942],[-98.5347,20.5307],[-98.5973,20.4958],[-98.5497,20.4354],[-98.5488,20.3601],[-98.5174,20.3369],[-98.4604,20.3314],[-98.3861,20.4027],[-98.321,20.418],[-98.3121,20.4498],[-98.2287,20.5208],[-98.158,20.5426],[-98.1118,20.6159],[-98.0806,20.6335],[-98.0749,20.6765],[-98.021,20.6268],[-98.0173,20.526],[-97.985,20.517]]]]},"properties":{"iso3":"MEX","shapeId":"31927357B5337219705256","regionId":null,"name":"Veracruz de Ignacio de la Llave"}},{"type":"Feature","geometry":{"type":"MultiPolygon","coordinates":[[[[-89.8465,21.2427],[-89.8437,21.2451],[-89.8445,21.2477],[-89.8686,21.2415],[-89.8896,21.2336],[-89.8879,21.2307],[-89.8775,21.2335],[-89.8698,21.2338],[-89.86,21.2399],[-89.8465,21.2427]]],[[[-88.1661,21.5989],[-88.1652,21.6011],[-88.176,21.5968],[-88.1716,21.5984],[-88.1703,21.5968],[-88.1661,21.5989]]],[[[-88.1717,21.6055],[-88.1727,21.6063],[-88.1741,21.6035],[-88.1762,21.6028],[-88.1792,21.6034],[-88.1845,21.5988],[-88.1761,21.5993],[-88.1728,21.6018],[-88.1737,21.5996],[-88.1714,21.6003],[-88.1702,21.6011],[-88.1731,21.6045],[-88.1703,21.6051],[-88.1717,21.6055]]],[[[-88.1743,21.6063],[-88.2382,21.5752],[-88.2009,21.5789],[-88.1743,21.6063]]],[[[-90.3879,20.8471],[-90.3424,20.9642],[-90.3295,20.9384],[-90.3814,20.8535],[-90.3866,20.5556],[-90.3411,20.5537],[-90.3352,20.5763],[-90.3352,20.5413],[-90.2292,20.5436],[-90.2342,20.4705],[-90.1848,20.461],[-90.1863,20.4369],[-90.0672,20.4252],[-90.0042,20.487],[-89.838,20.2872],[-89.8724,20.2876],[-89.8757,20.2531],[-89.8407,20.251],[-89.8462,20.2097],[-89.8025,20.2016],[-89.794,20.1362],[-89.7485,20.1793],[-89.5987,19.9982],[-89.5875,19.8744],[-89.5257,19.7756],[-89.4759,19.7712],[-89.4917,19.7422],[-89.4683,19.7002],[-89.2966,19.5512],[-89.2196,19.608],[-89.2229,19.6367],[-89.1892,19.644],[-89.1449,19.6374],[-89.1495,19.5812],[-89.109,19.5823],[-89.1084,19.6123],[-89.1336,19.6146],[-89.1234,19.7034],[-89.0362,19.678],[-89.0305,19.7088],[-88.9975,19.7049],[-88.9947,19.7274],[-89.0488,19.7215],[-89.0252,19.7767],[-89.0041,19.772],[-88.9745,19.8181],[-88.9295,19.7909],[-88.9111,19.8009],[-88.9005,19.8611],[-88.8259,19.8799],[-88.7835,20.0082],[-88.7002,20.0104],[-88.6906,20.0899],[-88.5767,20.1481],[-88.5076,20.1434],[-88.5023,20.1901],[-88.5199,20.1923],[-88.4434,20.2381],[-88.4029,20.2395],[-88.4091,20.2521],[-88.3088,20.2535],[-88.2668,20.2691],[-88.2646,20.2903],[-88.1365,20.2814],[-87.993,20.418],[-87.9951,20.4473],[-87.9627,20.4467],[-87.7443,20.6538],[-87.5331,20.9996],[-87.5349,21.4894],[-87.77,21.5388],[-87.9591,21.6089],[-88.1391,21.6241],[-88.176,21.6121],[-88.0673,21.5963],[-88.122,21.611],[-88.2677,21.5556],[-88.3976,21.5654],[-88.607,21.5248],[-88.6939,21.4546],[-88.6345,21.4985],[-88.6394,21.4685],[-88.6791,21.4587],[-88.7056,21.4269],[-88.73,21.4243],[-88.6945,21.4516],[-88.8406,21.3979],[-89.7025,21.2826],[-89.6971,21.2684],[-89.6694,21.2738],[-89.7765,21.2409],[-89.7974,21.245],[-89.7078,21.2638],[-89.7027,21.2793],[-89.8448,21.2499],[-89.8308,21.2225],[-89.8551,21.213],[-89.8741,21.2271],[-89.899,21.1965],[-89.9313,21.2019],[-89.8924,21.2326],[-89.9922,21.1781],[-90.0946,21.1556],[-90.3057,21.0317],[-90.3633,20.9672],[-90.4069,20.8482],[-90.3879,20.8471]]]]},"properties":{"iso3":"MEX","shapeId":"31927357B35199150741361","regionId":"MEX.31_1","name":"Yucatan"}},{"type":"Feature","geometry":{"type":"Polygon","coordinates":[[[-101.8617,22.0289],[-101.751,22.0146],[-101.6591,21.9416],[-101.6501,21.9074],[-101.6167,21.9294],[-101.5958,21.91],[-101.5698,21.9171],[-101.566,21.842],[-101.537,21.8105],[-101.4963,21.8099],[-101.4832,21.8677],[-101.4407,21.8927],[-101.4401,21.9103],[-101.4346,21.8971],[-101.4102,21.9087],[-101.4292,21.9344],[-101.3734,21.9902],[-101.3265,21.9997],[-101.3524,22.0131],[-101.3486,22.0281],[-101.3272,22.0215],[-101.3517,22.0438],[-101.3828,22.0207],[-101.3771,22.045],[-101.3466,22.0497],[-101.3277,22.1441],[-101.3513,22.1768],[-101.3243,22.2099],[-101.3768,22.2617],[-101.4163,22.2673],[-101.3914,22.2999],[-101.4351,22.3415],[-101.433,22.3633],[-101.3819,22.3575],[-101.3748,22.4565],[-101.3137,22.4535],[-101.2857,22.5079],[-101.2936,22.5845],[-101.3369,22.6588],[-101.3594,22.6535],[-101.38,22.6758],[-101.3492,22.7118],[-101.4111,22.7477],[-101.491,22.7429],[-101.497,22.7015],[-101.5674,22.6568],[-101.5738,22.6128],[-101.5953,22.6241],[-101.5901,22.589],[-101.6599,22.5053],[-101.696,22.5204],[-101.7462,22.5087],[-101.7354,22.4802],[-101.7715,22.4882],[-101.7834,22.465],[-101.8371,22.4997],[-101.8199,22.5513],[-101.873,22.5631],[-101.8533,22.656],[-101.9398,22.6457],[-102.1249,22.783],[-102.1921,22.8649],[-102.2381,23.0476],[-102.2601,23.0459],[-102.2142,23.1313],[-102.241,23.1694],[-102.2395,23.2095],[-102.2894,23.2317],[-102.2858,23.2733],[-102.2447,23.2768],[-102.2316,23.3151],[-102.2695,23.2799],[-102.296,23.3205],[-102.2536,23.365],[-102.2382,23.4469],[-102.1936,23.4476],[-102.1688,23.361],[-102.1225,23.3539],[-101.7751,23.4476],[-101.1925,23.9186],[-101.2167,24.1597],[-101.0654,24.207],[-100.9873,24.4325],[-101.0099,24.3851],[-101.0067,24.3358],[-100.9453,24.2812],[-100.8504,24.3435],[-100.7423,24.4604],[-100.7999,24.5562],[-100.8478,24.5556],[-100.9022,24.5839],[-100.9588,24.5427],[-101.0805,24.5912],[-101.1276,24.6234],[-101.215,24.7752],[-101.3421,24.8134],[-101.4616,24.7368],[-101.6223,24.759],[-101.6408,24.8007],[-101.609,24.7897],[-101.6013,24.8356],[-101.6563,24.8608],[-101.6851,24.84],[-101.7735,24.8755],[-101.8488,25.0176],[-102.2376,25.1185],[-102.4633,25.1159],[-102.4468,24.9995],[-102.6697,25.0666],[-102.6289,25.0083],[-102.643,24.9786],[-102.673,24.9788],[-102.6731,24.9428],[-102.5662,24.9022],[-102.5122,24.7097],[-102.4797,24.4286],[-102.5339,24.4077],[-102.6066,24.4112],[-102.6999,24.374],[-102.7567,24.377],[-102.7889,24.4062],[-102.8317,24.3847],[-102.8919,24.4611],[-102.9001,24.4285],[-102.9674,24.4577],[-102.9836,24.4333],[-103.0432,24.4665],[-103.0751,24.4226],[-103.0875,24.436],[-103.0985,24.4016],[-103.1653,24.4352],[-103.2228,24.4171],[-103.2535,24.4473],[-103.2826,24.4288],[-103.4193,24.4305],[-103.4483,24.3326],[-103.5068,24.288],[-103.5683,24.2864],[-103.5595,24.1938],[-103.622,24.1175],[-103.636,24.1103],[-103.6604,24.1493],[-103.7998,24.0506],[-103.8133,24.022],[-103.8431,24.027],[-103.8478,24.0032],[-103.8724,24.007],[-103.8388,23.9648],[-103.8184,23.9649],[-103.8531,23.8746],[-103.8161,23.8077],[-103.8624,23.7526],[-103.841,23.7012],[-103.8511,23.6796],[-103.7851,23.6766],[-103.7935,23.6309],[-103.8113,23.6136],[-103.8492,23.6401],[-103.8774,23.629],[-103.8825,23.5923],[-103.9069,23.6019],[-103.8901,23.5798],[-103.9215,23.5892],[-103.9253,23.557],[-104.066,23.4635],[-104.1112,23.3512],[-104.129,23.1822],[-104.1721,23.1284],[-104.1666,22.9452],[-104.133,22.905],[-104.1126,22.9051],[-104.1115,22.8103],[-104.0805,22.7666],[-104.1822,22.7583],[-104.221,22.7794],[-104.2663,22.7365],[-104.29,22.6456],[-104.2693,22.6358],[-104.2833,22.6217],[-104.2614,22.5862],[-104.3258,22.5374],[-104.2961,22.473],[-104.3535,22.4013],[-104.2748,22.3428],[-104.2547,22.3488],[-104.2583,22.3847],[-104.2257,22.4193],[-104.1671,22.3876],[-104.1675,22.4452],[-104.1951,22.4476],[-104.1857,22.4714],[-104.2148,22.4842],[-104.1504,22.5163],[-104.1135,22.4966],[-104.1208,22.517],[-104.0777,22.5323],[-104.0515,22.4674],[-104.0973,22.3578],[-104.0488,22.3764],[-104.0151,22.3648],[-104.0059,22.4087],[-103.9294,22.4761],[-103.9344,22.4999],[-104.0056,22.5366],[-103.9723,22.5451],[-104.0008,22.5668],[-103.9862,22.5909],[-104.027,22.6132],[-104.0155,22.6689],[-104.0736,22.697],[-104.0592,22.6921],[-104.0559,22.724],[-104.013,22.7476],[-103.9093,22.7501],[-103.8983,22.7283],[-103.7747,22.7339],[-103.752,22.7116],[-103.761,22.6256],[-103.8607,22.5676],[-103.8518,22.5536],[-103.8752,22.5216],[-103.864,22.4914],[-103.8854,22.4735],[-103.8761,22.4412],[-103.8947,22.4382],[-103.8669,22.4094],[-103.9261,22.3321],[-103.9179,22.262],[-103.8629,22.1669],[-103.8286,22.2866],[-103.8454,22.3428],[-103.8112,22.3767],[-103.7691,22.5558],[-103.7266,22.5741],[-103.661,22.5471],[-103.6028,22.5568],[-103.5592,22.4284],[-103.594,22.4072],[-103.6048,22.3401],[-103.6421,22.3409],[-103.6378,22.2952],[-103.5949,22.2731],[-103.6903,22.1301],[-103.6838,22.1092],[-103.6047,22.0979],[-103.5601,22.1366],[-103.5427,22.1206],[-103.5146,22.1291],[-103.5016,22.1056],[-103.4395,22.1176],[-103.4197,22.1775],[-103.4341,22.1908],[-103.4172,22.1905],[-103.409,22.2154],[-103.3377,22.2452],[-103.3119,22.2333],[-103.2951,22.2533],[-103.3139,22.2587],[-103.3069,22.3063],[-103.3557,22.2798],[-103.3638,22.3145],[-103.343,22.3351],[-103.3667,22.351],[-103.3647,22.3695],[-103.2852,22.4142],[-103.2321,22.3934],[-103.2134,22.4101],[-103.1988,22.3806],[-103.1686,22.385],[-103.1686,22.3546],[-103.2082,22.3331],[-103.2206,22.2805],[-103.1906,22.2985],[-103.101,22.294],[-103.0555,22.2473],[-103.0548,22.2138],[-103.1061,22.1914],[-103.1088,22.1443],[-103.077,22.1255],[-103.1528,22.0876],[-103.1543,22.0722],[-103.1079,22.0634],[-103.1115,22.0143],[-103.2017,21.9986],[-103.1918,21.9744],[-103.2056,21.9652],[-103.2647,21.9718],[-103.2786,21.9897],[-103.3414,21.9404],[-103.3441,21.9135],[-103.4139,21.9055],[-103.4554,21.8328],[-103.4724,21.836],[-103.4705,21.8135],[-103.5028,21.8331],[-103.5314,21.8178],[-103.5261,21.8051],[-103.5726,21.8035],[-103.5085,21.7397],[-103.5555,21.6341],[-103.5452,21.5876],[-103.5905,21.5898],[-103.5929,21.5592],[-103.6449,21.5765],[-103.6898,21.5524],[-103.6945,21.5289],[-103.6726,21.5055],[-103.7015,21.4663],[-103.6587,21.4637],[-103.6608,21.4416],[-103.6265,21.4345],[-103.5953,21.3909],[-103.5759,21.4362],[-103.5387,21.4448],[-103.5039,21.3768],[-103.51,21.3549],[-103.5676,21.3522],[-103.5785,21.3302],[-103.6169,21.3534],[-103.6774,21.3199],[-103.7051,21.3255],[-103.7208,21.308],[-103.7162,21.2679],[-103.6667,21.2905],[-103.634,21.2823],[-103.6402,21.2221],[-103.6673,21.216],[-103.6186,21.1888],[-103.5917,21.1286],[-103.5537,21.1167],[-103.5315,21.142],[-103.511,21.1462],[-103.5041,21.1277],[-103.4286,21.1467],[-103.3855,21.0674],[-103.3402,21.0422],[-103.2966,21.0648],[-103.2757,21.0514],[-103.2582,21.0831],[-103.2096,21.0942],[-103.1301,21.0535],[-103.09,21.0651],[-103.0565,21.0993],[-103.0758,21.0969],[-103.0985,21.1285],[-103.0714,21.1529],[-103.0843,21.1941],[-103.0655,21.2558],[-103.0449,21.2624],[-103.017,21.241],[-102.9969,21.2597],[-102.9107,21.2052],[-102.903,21.2352],[-102.8766,21.2366],[-102.8448,21.2773],[-102.8488,21.2932],[-102.8152,21.2947],[-102.812,21.3237],[-102.7985,21.3069],[-102.7889,21.3295],[-102.7553,21.3232],[-102.728,21.3571],[-102.7291,21.3874],[-102.6941,21.3407],[-102.6426,21.3672],[-102.6381,21.3932],[-102.6597,21.4109],[-102.6369,21.4589],[-102.6493,21.4736],[-102.6248,21.5014],[-102.6422,21.5187],[-102.6307,21.534],[-102.6964,21.543],[-102.6951,21.5729],[-102.7647,21.5961],[-102.7734,21.6583],[-102.8053,21.6713],[-102.7665,21.6869],[-102.7453,21.7201],[-102.8533,21.7991],[-102.8473,21.8334],[-102.8742,21.8528],[-102.7558,22.0737],[-102.6909,22.1066],[-102.6693,22.194],[-102.6516,22.1931],[-102.6393,22.226],[-102.67,22.2457],[-102.6687,22.2919],[-102.527,22.2909],[-102.4702,22.3092],[-102.4686,22.3519],[-102.3784,22.3609],[-102.3629,22.3887],[-102.3214,22.3885],[-102.3118,22.4569],[-102.2983,22.4596],[-102.2532,22.3745],[-102.1498,22.3472],[-102.1532,22.2904],[-102.1052,22.2808],[-102.0756,22.3061],[-102.0373,22.299],[-102.0225,22.2416],[-101.9997,22.2337],[-102.001,22.1681],[-102.0452,22.1537],[-102.0171,22.154],[-102.0259,22.1298],[-101.8552,22.0465],[-101.8617,22.0289]]]},"properties":{"iso3":"MEX","shapeId":"31927357B22408340646138","regionId":"MEX.32_1","name":"Zacatecas"}}]}