{"type":"FeatureCollection","features":[{"type":"Feature","geometry":{"type":"MultiPolygon","coordinates":[[[[174.1898,-36.2407],[174.1894,-36.239],[174.1879,-36.2397],[174.1898,-36.2407]]],[[[174.1647,-36.2236],[174.1625,-36.2241],[174.1628,-36.2254],[174.1647,-36.2236]]],[[[174.6973,-35.9922],[174.6959,-35.9928],[174.6976,-35.9941],[174.6989,-35.9926],[174.6973,-35.9922]]],[[[174.7021,-35.9551],[174.7066,-35.9698],[174.7467,-35.9672],[174.7021,-35.9551]]],[[[174.6981,-35.8931],[174.6946,-35.8922],[174.6908,-35.8947],[174.6928,-35.8958],[174.6998,-35.8957],[174.7019,-35.8982],[174.7011,-35.8932],[174.6981,-35.8931]]],[[[174.7802,-35.8841],[174.7744,-35.8862],[174.7723,-35.8847],[174.7694,-35.887],[174.7643,-35.888],[174.763,-35.8907],[174.7668,-35.8945],[174.7753,-35.8887],[174.7802,-35.8895],[174.7836,-35.8859],[174.7802,-35.8841]]],[[[174.7545,-35.8851],[174.7517,-35.8843],[174.7485,-35.8864],[174.7464,-35.8906],[174.7433,-35.8909],[174.7451,-35.8951],[174.7469,-35.8952],[174.7469,-35.8925],[174.75,-35.8908],[174.7525,-35.8917],[174.7538,-35.8941],[174.76,-35.8941],[174.7619,-35.8878],[174.7606,-35.888],[174.7581,-35.8849],[174.7545,-35.8851]]],[[[174.7238,-35.8848],[174.7175,-35.8844],[174.7161,-35.8896],[174.7233,-35.8944],[174.7279,-35.892],[174.7306,-35.8958],[174.7341,-35.895],[174.7374,-35.8982],[174.7397,-35.8896],[174.7344,-35.8854],[174.7254,-35.8868],[174.7238,-35.8848]]],[[[174.6958,-35.882],[174.6938,-35.8817],[174.6939,-35.8832],[174.6956,-35.8849],[174.6984,-35.8849],[174.6991,-35.8837],[174.6958,-35.882]]],[[[174.5936,-35.8371],[174.5921,-35.8375],[174.5934,-35.8396],[174.5936,-35.8371]]],[[[174.3915,-35.8131],[174.3893,-35.8132],[174.3942,-35.8162],[174.3915,-35.8131]]],[[[174.3741,-35.8135],[174.3766,-35.8122],[174.3747,-35.8107],[174.3741,-35.8135]]],[[[174.3663,-35.8071],[174.3688,-35.8062],[174.3649,-35.8057],[174.363,-35.8071],[174.3663,-35.8071]]],[[[174.3649,-35.8008],[174.3628,-35.801],[174.3642,-35.8018],[174.3649,-35.8008]]],[[[174.5429,-35.6101],[174.5447,-35.6136],[174.5463,-35.6134],[174.5462,-35.6101],[174.5429,-35.6101]]],[[[174.7407,-35.4892],[174.7392,-35.4887],[174.7394,-35.4921],[174.7423,-35.4911],[174.7407,-35.4892]]],[[[174.7481,-35.4852],[174.7453,-35.4852],[174.7451,-35.4878],[174.7466,-35.488],[174.7481,-35.4852]]],[[[174.7373,-35.474],[174.7383,-35.4797],[174.7325,-35.4825],[174.7325,-35.4857],[174.7363,-35.4886],[174.7411,-35.4872],[174.7431,-35.4834],[174.7453,-35.4834],[174.7465,-35.4795],[174.7448,-35.4767],[174.7424,-35.4768],[174.7407,-35.4744],[174.7373,-35.474]]],[[[174.4558,-35.4722],[174.4551,-35.4741],[174.4583,-35.4734],[174.4583,-35.4723],[174.4558,-35.4722]]],[[[174.7385,-35.4474],[174.7362,-35.444],[174.7342,-35.4451],[174.734,-35.4481],[174.7309,-35.4482],[174.7328,-35.449],[174.7316,-35.4502],[174.7338,-35.4535],[174.7319,-35.4578],[174.7335,-35.4576],[174.7333,-35.4597],[174.7372,-35.4641],[174.7368,-35.4674],[174.7348,-35.4685],[174.7362,-35.4704],[174.7391,-35.4687],[174.7374,-35.4677],[174.7382,-35.4665],[174.7417,-35.4655],[174.7424,-35.4626],[174.7403,-35.4617],[174.7451,-35.4607],[174.7413,-35.4599],[174.7414,-35.4563],[174.7392,-35.4556],[174.7418,-35.4548],[174.7435,-35.4513],[174.7397,-35.4507],[174.7389,-35.4485],[174.7408,-35.4485],[174.7385,-35.4474]]],[[[174.3975,-35.432],[174.3943,-35.4328],[174.3978,-35.4331],[174.3975,-35.432]]],[[[174.3846,-35.432],[174.3834,-35.4326],[174.3858,-35.4322],[174.3846,-35.432]]],[[[174.4437,-35.4225],[174.4418,-35.4213],[174.4412,-35.4246],[174.4377,-35.4256],[174.4366,-35.4289],[174.4386,-35.4268],[174.442,-35.4269],[174.4415,-35.4255],[174.4441,-35.4244],[174.4442,-35.4227],[174.4463,-35.4229],[174.4444,-35.4213],[174.4437,-35.4225]]],[[[174.3625,-35.4035],[174.3608,-35.4042],[174.3626,-35.4048],[174.3625,-35.4035]]],[[[174.3598,-35.4023],[174.3589,-35.4018],[174.36,-35.4042],[174.3598,-35.4023]]],[[[174.3418,-35.3523],[174.3395,-35.3525],[174.339,-35.3547],[174.3409,-35.3544],[174.3418,-35.3523]]],[[[174.3744,-35.3447],[174.372,-35.3454],[174.3728,-35.3466],[174.3757,-35.3463],[174.3744,-35.3447]]],[[[173.5804,-35.3503],[173.5772,-35.3507],[173.5811,-35.3535],[173.5864,-35.3528],[173.5888,-35.3509],[173.5804,-35.3503]]],[[[173.5506,-35.3531],[173.5518,-35.3502],[173.5495,-35.3534],[173.5506,-35.3531]]],[[[174.1119,-35.2844],[174.1103,-35.2833],[174.1131,-35.2854],[174.1119,-35.2844]]],[[[174.0957,-35.2761],[174.0941,-35.274],[174.0936,-35.2765],[174.0957,-35.2761]]],[[[174.1573,-35.2293],[174.1578,-35.2348],[174.1608,-35.2338],[174.1662,-35.2359],[174.167,-35.2328],[174.1702,-35.2326],[174.1768,-35.2364],[174.1752,-35.2321],[174.1728,-35.2332],[174.1726,-35.232],[174.1695,-35.2311],[174.1686,-35.2322],[174.1659,-35.2304],[174.1625,-35.2318],[174.1609,-35.23],[174.1589,-35.2313],[174.1573,-35.2293]]],[[[174.2216,-35.2276],[174.2202,-35.2275],[174.2286,-35.2305],[174.2216,-35.2276]]],[[[174.2692,-35.2214],[174.269,-35.2227],[174.271,-35.2223],[174.2692,-35.2214]]],[[[174.1796,-35.2178],[174.1784,-35.2179],[174.1793,-35.219],[174.1796,-35.2178]]],[[[174.1915,-35.2155],[174.1895,-35.2157],[174.1888,-35.2173],[174.1858,-35.2164],[174.1863,-35.2179],[174.1835,-35.2198],[174.1837,-35.2227],[174.1816,-35.2233],[174.1845,-35.2257],[174.1843,-35.2279],[174.1873,-35.2288],[174.1878,-35.2275],[174.1899,-35.2276],[174.1918,-35.2308],[174.1951,-35.2323],[174.1958,-35.2274],[174.1987,-35.228],[174.1988,-35.2253],[174.202,-35.2275],[174.2024,-35.2255],[174.2003,-35.225],[174.2001,-35.2232],[174.1958,-35.223],[174.1963,-35.2214],[174.1921,-35.2187],[174.1924,-35.2166],[174.1908,-35.2168],[174.1915,-35.2155]]],[[[174.199,-35.2144],[174.1971,-35.2151],[174.1999,-35.2165],[174.1999,-35.2183],[174.2072,-35.2215],[174.2053,-35.2189],[174.2075,-35.2173],[174.2036,-35.2165],[174.2029,-35.2144],[174.199,-35.2144]]],[[[174.036,-35.2085],[174.0372,-35.2074],[174.0352,-35.2085],[174.0324,-35.2077],[174.0348,-35.2087],[174.036,-35.2085]]],[[[174.078,-35.2059],[174.0762,-35.2059],[174.0771,-35.2069],[174.0738,-35.2082],[174.0739,-35.2095],[174.0825,-35.2133],[174.0896,-35.2138],[174.092,-35.2124],[174.0962,-35.2137],[174.0997,-35.2109],[174.1025,-35.2104],[174.1047,-35.212],[174.1063,-35.2105],[174.1044,-35.208],[174.1001,-35.2079],[174.0978,-35.2054],[174.0893,-35.2084],[174.078,-35.2059]]],[[[174.2324,-35.2048],[174.2169,-35.213],[174.2331,-35.228],[174.2324,-35.2048]]],[[[174.111,-35.2049],[174.1095,-35.2055],[174.1121,-35.2052],[174.111,-35.2049]]],[[[174.0842,-35.2046],[174.0838,-35.2027],[174.0837,-35.2061],[174.0842,-35.2046]]],[[[174.2148,-35.2004],[174.2132,-35.2002],[174.2129,-35.2031],[174.2103,-35.2055],[174.2109,-35.207],[174.2133,-35.2061],[174.2147,-35.2075],[174.2198,-35.2072],[174.223,-35.2042],[174.2162,-35.2034],[174.2151,-35.202],[174.217,-35.2013],[174.2148,-35.2004]]],[[[174.209,-35.1965],[174.2068,-35.1974],[174.2064,-35.2018],[174.2145,-35.1974],[174.209,-35.1965]]],[[[174.0509,-35.1992],[174.049,-35.1979],[174.0464,-35.1996],[174.0509,-35.1992]]],[[[174.081,-35.1818],[174.0804,-35.1826],[174.0821,-35.1828],[174.081,-35.1818]]],[[[174.0846,-35.1784],[174.0833,-35.179],[174.0848,-35.1794],[174.0846,-35.1784]]],[[[174.3403,-35.164],[174.3394,-35.1633],[174.3384,-35.1645],[174.3392,-35.1668],[174.3413,-35.1648],[174.3403,-35.164]]],[[[173.9449,-35.0311],[173.9429,-35.0324],[173.946,-35.0319],[173.9449,-35.0311]]],[[[173.9558,-35.0305],[173.9516,-35.0307],[173.9514,-35.0334],[173.9566,-35.0347],[173.9631,-35.0338],[173.9655,-35.032],[173.9558,-35.0305]]],[[[173.9348,-35.0285],[173.933,-35.0295],[173.9347,-35.0305],[173.9348,-35.0285]]],[[[173.9517,-35.0248],[173.9492,-35.025],[173.9519,-35.0259],[173.9517,-35.0248]]],[[[173.7613,-35.0243],[173.7597,-35.0227],[173.7593,-35.0255],[173.7564,-35.0241],[173.7623,-35.0288],[173.7711,-35.0276],[173.7683,-35.0268],[173.7681,-35.0247],[173.7667,-35.0252],[173.7652,-35.0234],[173.7645,-35.0263],[173.7621,-35.026],[173.7613,-35.0243]]],[[[173.9501,-35.0177],[173.9487,-35.0171],[173.9504,-35.0188],[173.9501,-35.0177]]],[[[173.7547,-35.0179],[173.7527,-35.0174],[173.752,-35.0192],[173.7562,-35.0209],[173.7547,-35.0179]]],[[[173.9689,-34.9989],[173.9651,-34.9994],[173.9719,-35.0037],[173.9732,-35.0015],[173.9689,-34.9989]]],[[[173.3025,-34.9994],[173.301,-34.998],[173.294,-34.9998],[173.3013,-35.002],[173.3037,-35.0012],[173.3025,-34.9994]]],[[[173.2646,-34.9967],[173.2632,-34.9973],[173.2663,-34.9994],[173.2665,-35.0014],[173.268,-35.0013],[173.2685,-35.0],[173.2646,-34.9967]]],[[[173.863,-34.9859],[173.8614,-34.9867],[173.8626,-34.9879],[173.8642,-34.9868],[173.863,-34.9859]]],[[[173.9549,-34.9861],[173.9322,-34.9977],[173.9427,-35.0167],[173.9549,-34.9861]]],[[[173.264,-34.9843],[173.2628,-34.9844],[173.2637,-34.9883],[173.2617,-34.9936],[173.2636,-34.9953],[173.2652,-34.9921],[173.2639,-34.99],[173.2675,-34.9862],[173.264,-34.9843]]],[[[173.9559,-34.9803],[173.9542,-34.9808],[173.9547,-34.9822],[173.9571,-34.9816],[173.9559,-34.9803]]],[[[173.9474,-34.9756],[173.9459,-34.9744],[173.9426,-34.9763],[173.9438,-34.9771],[173.9474,-34.9756]]],[[[173.8647,-34.9746],[173.863,-34.9747],[173.8614,-34.9785],[173.8652,-34.9833],[173.8675,-34.9776],[173.8647,-34.9746]]],[[[173.964,-34.974],[173.9624,-34.9744],[173.9628,-34.9775],[173.9644,-34.9782],[173.9666,-34.9754],[173.964,-34.974]]],[[[173.952,-34.9742],[173.9502,-34.9732],[173.9486,-34.9753],[173.9525,-34.9758],[173.9529,-34.977],[173.9576,-34.9749],[173.952,-34.9742]]],[[[173.941,-34.9718],[173.9418,-34.9705],[173.9389,-34.9694],[173.9386,-34.9712],[173.941,-34.9718]]],[[[173.7748,-34.9557],[173.7694,-34.9556],[173.7721,-34.9571],[173.7726,-34.9593],[173.7803,-34.9634],[173.7777,-34.9642],[173.7792,-34.9675],[173.7766,-34.968],[173.7771,-34.9695],[173.7848,-34.9712],[173.7856,-34.9696],[173.7872,-34.9703],[173.7883,-34.9681],[173.786,-34.9667],[173.7862,-34.9652],[173.7849,-34.9654],[173.7838,-34.9596],[173.7748,-34.9557]]],[[[173.7638,-34.9518],[173.7689,-34.9549],[173.7698,-34.9533],[173.7682,-34.952],[173.7638,-34.9518]]],[[[173.6533,-34.9448],[173.6523,-34.9437],[173.6515,-34.945],[173.654,-34.9466],[173.6533,-34.9448]]],[[[173.3767,-34.7863],[173.3747,-34.7852],[173.3768,-34.7892],[173.3781,-34.7879],[173.3816,-34.7882],[173.3796,-34.7861],[173.3767,-34.7863]]],[[[173.3588,-34.7808],[173.3572,-34.7794],[173.3588,-34.7826],[173.3606,-34.7809],[173.3588,-34.7808]]],[[[173.1536,-34.7554],[173.1533,-34.7568],[173.1555,-34.7573],[173.1536,-34.7554]]],[[[172.8894,-34.6848],[172.8886,-34.6858],[172.8929,-34.687],[172.8926,-34.6856],[172.8894,-34.6848]]],[[[172.6409,-34.4694],[172.6365,-34.4656],[172.6353,-34.4727],[172.6399,-34.473],[172.6409,-34.4694]]],[[[173.0496,-34.4127],[173.0483,-34.4129],[173.049,-34.4161],[173.0521,-34.4162],[173.0496,-34.4127]]],[[[174.6166,-36.1176],[174.5941,-36.0836],[174.6017,-36.1139],[174.568,-36.1409],[174.5807,-36.1241],[174.5632,-36.095],[174.5967,-36.1085],[174.5897,-36.0481],[174.5098,-36.0304],[174.4717,-35.9712],[174.4616,-35.9051],[174.4992,-35.8379],[174.4543,-35.8182],[174.4231,-35.8384],[174.3829,-35.8139],[174.3688,-35.8354],[174.3718,-35.8063],[174.3406,-35.8369],[174.3564,-35.8437],[174.3062,-35.8373],[174.3408,-35.8211],[174.3226,-35.8101],[174.341,-35.7915],[174.3317,-35.7779],[174.3059,-35.7847],[174.3512,-35.7584],[174.3441,-35.7313],[174.3614,-35.7393],[174.3611,-35.776],[174.3792,-35.7569],[174.4427,-35.7958],[174.4282,-35.7808],[174.4782,-35.7715],[174.4573,-35.7928],[174.4897,-35.7875],[174.4967,-35.828],[174.5328,-35.8345],[174.5308,-35.8621],[174.5915,-35.8537],[174.5488,-35.7873],[174.5517,-35.7284],[174.5673,-35.7174],[174.5365,-35.7259],[174.5522,-35.7344],[174.5389,-35.7528],[174.514,-35.7554],[174.5403,-35.7369],[174.526,-35.7263],[174.5415,-35.711],[174.4817,-35.7362],[174.4992,-35.7131],[174.5251,-35.7137],[174.5023,-35.649],[174.5143,-35.6303],[174.4668,-35.653],[174.436,-35.6346],[174.5359,-35.6401],[174.5362,-35.5806],[174.5109,-35.5561],[174.4728,-35.5558],[174.4683,-35.5121],[174.4292,-35.5178],[174.4367,-35.5051],[174.4802,-35.5143],[174.428,-35.4557],[174.4323,-35.428],[174.4087,-35.4435],[174.3635,-35.4368],[174.3753,-35.4195],[174.3025,-35.3295],[174.3366,-35.3346],[174.3762,-35.3778],[174.3759,-35.3499],[174.35,-35.339],[174.3772,-35.3186],[174.3367,-35.3253],[174.2898,-35.2752],[174.2965,-35.2557],[174.3259,-35.2501],[174.2945,-35.2539],[174.3129,-35.2369],[174.2907,-35.2343],[174.3406,-35.1908],[174.3344,-35.1721],[174.294,-35.1864],[174.305,-35.1997],[174.2837,-35.227],[174.2519,-35.2219],[174.2604,-35.2358],[174.2379,-35.2436],[174.2637,-35.2609],[174.1883,-35.2483],[174.2126,-35.253],[174.213,-35.2816],[174.1779,-35.2631],[174.1967,-35.2796],[174.1679,-35.2768],[174.1196,-35.2415],[174.1127,-35.2584],[174.1488,-35.2885],[174.1147,-35.283],[174.1217,-35.3083],[174.1673,-35.2914],[174.1951,-35.3121],[174.2073,-35.2956],[174.199,-35.3099],[174.2332,-35.3255],[174.2131,-35.3414],[174.2095,-35.3217],[174.1581,-35.3127],[174.1445,-35.3227],[174.1806,-35.3313],[174.136,-35.3415],[174.1337,-35.3148],[174.1072,-35.3449],[174.1431,-35.3674],[174.1041,-35.3622],[174.1179,-35.3313],[174.0937,-35.3331],[174.1215,-35.3119],[174.0798,-35.2729],[174.0507,-35.2781],[174.0594,-35.2618],[174.0834,-35.2717],[174.058,-35.2284],[174.071,-35.2108],[173.9626,-35.2173],[174.0109,-35.1879],[174.0504,-35.1932],[174.0036,-35.1724],[174.0038,-35.1572],[173.9774,-35.1754],[174.0041,-35.1376],[174.0387,-35.168],[174.0438,-35.144],[174.0695,-35.1463],[174.0744,-35.1581],[174.0449,-35.1556],[174.067,-35.1942],[174.0879,-35.1713],[174.1214,-35.1716],[174.1261,-35.1563],[174.0976,-35.1509],[174.0799,-35.1168],[173.9633,-35.1189],[173.936,-35.0895],[173.9199,-35.0268],[173.8931,-35.01],[173.8597,-35.0193],[173.8436,-34.9988],[173.8614,-34.9897],[173.7617,-35.0067],[173.7831,-35.0383],[173.7583,-35.0345],[173.7751,-35.0512],[173.7631,-35.0538],[173.7481,-35.0375],[173.7407,-35.0673],[173.7555,-35.0745],[173.7203,-35.0845],[173.7004,-35.055],[173.7474,-35.0251],[173.722,-35.0061],[173.7567,-34.9995],[173.712,-34.9943],[173.6998,-34.9517],[173.6463,-34.9668],[173.6208,-34.9388],[173.5728,-34.9444],[173.5593,-34.9136],[173.5263,-34.9508],[173.534,-34.9841],[173.5622,-34.9862],[173.5609,-35.0131],[173.5261,-34.9804],[173.4289,-34.9839],[173.3778,-34.9338],[173.373,-34.8816],[173.4136,-34.8809],[173.4701,-34.8494],[173.4406,-34.8355],[173.45,-34.8249],[173.4119,-34.8332],[173.3989,-34.7838],[173.3836,-34.8396],[173.2861,-34.8621],[173.3392,-34.9536],[173.3161,-35.0102],[173.3081,-34.9934],[173.2959,-35.0185],[173.2823,-35.0155],[173.2914,-35.0001],[173.2506,-34.9928],[173.2368,-35.0082],[173.2519,-35.0211],[173.2306,-35.0191],[173.236,-34.9949],[173.2201,-34.9955],[173.2126,-34.9678],[173.2364,-34.9378],[173.2137,-34.9336],[173.2686,-34.9218],[173.2808,-34.8926],[173.1942,-34.8683],[173.1508,-34.8223],[173.1319,-34.8318],[173.0777,-34.7589],[173.1253,-34.7771],[173.1561,-34.8231],[173.1746,-34.8025],[173.147,-34.7799],[173.1548,-34.7661],[173.0351,-34.6708],[172.9851,-34.528],[172.9572,-34.5331],[172.9888,-34.5722],[172.9765,-34.6206],[172.9475,-34.5941],[172.9643,-34.5878],[172.9407,-34.5846],[172.9724,-34.5736],[172.9633,-34.5579],[172.9495,-34.5509],[172.9267,-34.5875],[172.9081,-34.5793],[172.9292,-34.5722],[172.9061,-34.5606],[172.9345,-34.5543],[172.9463,-34.5274],[172.9195,-34.5521],[172.8505,-34.5391],[172.8952,-34.5312],[172.8607,-34.5093],[172.905,-34.5328],[172.9239,-34.5163],[172.9006,-34.4956],[172.9237,-34.4903],[172.8902,-34.4785],[172.9006,-34.4654],[172.9312,-34.4711],[172.9226,-34.487],[172.946,-34.4747],[172.922,-34.5019],[172.9516,-34.489],[172.9768,-34.4987],[172.9664,-34.5207],[172.9993,-34.5156],[173.0124,-34.4277],[173.0475,-34.4107],[173.0132,-34.3926],[172.9643,-34.4265],[172.8575,-34.414],[172.8375,-34.4436],[172.7854,-34.4545],[172.6794,-34.4204],[172.6728,-34.4601],[172.6431,-34.4774],[172.6903,-34.4906],[172.7039,-34.5236],[172.8499,-34.6283],[173.1358,-34.9688],[173.1732,-35.0592],[173.1692,-35.1357],[173.1346,-35.1773],[173.0706,-35.1642],[173.0543,-35.1914],[173.163,-35.2925],[173.21,-35.2606],[173.1826,-35.287],[173.2008,-35.2961],[173.1564,-35.3006],[173.2142,-35.3783],[173.233,-35.3551],[173.2197,-35.3347],[173.2479,-35.3283],[173.2231,-35.3172],[173.2434,-35.3215],[173.2814,-35.2768],[173.253,-35.3344],[173.2317,-35.3392],[173.2753,-35.3381],[173.2194,-35.3823],[173.354,-35.521],[173.3868,-35.4863],[173.3739,-35.4736],[173.3892,-35.4344],[173.3597,-35.4196],[173.4083,-35.4302],[173.3817,-35.3893],[173.3991,-35.4103],[173.4208,-35.3939],[173.4071,-35.3832],[173.423,-35.4077],[173.4363,-35.3899],[173.4393,-35.404],[173.4811,-35.4001],[173.4805,-35.3832],[173.4319,-35.358],[173.4584,-35.3737],[173.4759,-35.3629],[173.4859,-35.3859],[173.5397,-35.3749],[173.5447,-35.3346],[173.5209,-35.2752],[173.5429,-35.2614],[173.535,-35.2434],[173.5497,-35.26],[173.5261,-35.2746],[173.5492,-35.3384],[173.572,-35.3283],[173.5636,-35.3005],[173.5816,-35.3261],[173.5696,-35.3372],[173.5886,-35.3455],[173.6102,-35.3049],[173.6421,-35.3063],[173.6166,-35.3147],[173.6135,-35.344],[173.5847,-35.3601],[173.5934,-35.3721],[173.5617,-35.3548],[173.5554,-35.3848],[173.5396,-35.3785],[173.5248,-35.4055],[173.5366,-35.4251],[173.553,-35.4083],[173.5918,-35.4407],[173.6193,-35.437],[173.5913,-35.4409],[173.5476,-35.4104],[173.5288,-35.4387],[173.5053,-35.3915],[173.4963,-35.4217],[173.5252,-35.4498],[173.499,-35.4573],[173.4812,-35.4075],[173.4625,-35.4068],[173.4724,-35.4289],[173.4382,-35.4132],[173.4648,-35.4541],[173.4231,-35.4198],[173.42,-35.4692],[173.4017,-35.4724],[173.4282,-35.486],[173.4105,-35.4798],[173.3651,-35.5473],[173.4109,-35.5914],[173.4274,-35.5822],[173.4144,-35.594],[173.4399,-35.6387],[173.6348,-35.8312],[173.9667,-36.2092],[174.0137,-36.2949],[174.0379,-36.3914],[174.1422,-36.3899],[174.1814,-36.3645],[174.1809,-36.3359],[174.1584,-36.3009],[174.1216,-36.3014],[174.1571,-36.2914],[174.1553,-36.276],[174.122,-36.2584],[174.0965,-36.2685],[174.1076,-36.2504],[173.99,-36.1235],[174.0458,-36.1701],[174.1207,-36.1675],[174.1538,-36.2143],[174.2274,-36.2635],[174.2933,-36.2383],[174.2876,-36.2155],[174.2665,-36.2193],[174.2627,-36.1936],[174.2491,-36.2125],[174.2451,-36.1964],[174.2177,-36.2083],[174.2397,-36.1854],[174.1948,-36.1961],[174.205,-36.1764],[174.2359,-36.1824],[174.21,-36.1591],[174.1873,-36.175],[174.1925,-36.1596],[174.1681,-36.1585],[174.199,-36.1508],[174.1616,-36.1408],[174.1899,-36.1417],[174.1857,-36.1229],[174.206,-36.1371],[174.2334,-36.1058],[174.218,-36.1207],[174.2264,-36.1596],[174.2394,-36.122],[174.27,-36.117],[174.2389,-36.1381],[174.2358,-36.1713],[174.2542,-36.1836],[174.2436,-36.1657],[174.3129,-36.1723],[174.266,-36.1854],[174.297,-36.2119],[174.3297,-36.1926],[174.3145,-36.2259],[174.3589,-36.2049],[174.3673,-36.1605],[174.3851,-36.1554],[174.3624,-36.116],[174.3886,-36.1447],[174.4242,-36.138],[174.4317,-36.1575],[174.3889,-36.1476],[174.4011,-36.1574],[174.3722,-36.169],[174.4045,-36.1699],[174.3733,-36.1812],[174.3815,-36.2096],[174.3224,-36.234],[174.3611,-36.2809],[174.3324,-36.263],[174.3182,-36.2726],[174.3075,-36.2437],[174.2707,-36.262],[174.2845,-36.2956],[174.3392,-36.3169],[174.3737,-36.2756],[174.3977,-36.2881],[174.4258,-36.2712],[174.4242,-36.2529],[174.4652,-36.2602],[174.4701,-36.2123],[174.4835,-36.2302],[174.523,-36.2101],[174.6166,-36.1176]]]]},"properties":{"iso3":"NZL","shapeId":"40311993B95835387341305","regionId":"NZL.11_1","name":"Northland"}},{"type":"Feature","geometry":{"type":"MultiPolygon","coordinates":[[[[174.4657,-36.9532],[174.4652,-36.9549],[174.4676,-36.9539],[174.4657,-36.9532]]],[[[175.1583,-36.9255],[175.1573,-36.9229],[175.1566,-36.9252],[175.1583,-36.9255]]],[[[174.9938,-36.9185],[174.9927,-36.9207],[174.997,-36.9224],[174.9964,-36.9198],[174.9946,-36.9203],[174.9938,-36.9185]]],[[[174.997,-36.916],[174.9959,-36.9137],[174.9941,-36.918],[174.997,-36.916]]],[[[175.166,-36.9036],[175.165,-36.903],[175.1596,-36.9075],[175.1549,-36.9076],[175.1547,-36.9114],[175.1512,-36.9136],[175.1557,-36.9195],[175.1571,-36.9191],[175.157,-36.9146],[175.159,-36.9114],[175.1641,-36.9113],[175.1704,-36.9081],[175.1684,-36.9064],[175.169,-36.9036],[175.166,-36.9036]]],[[[174.98,-36.8771],[174.9778,-36.8794],[174.9803,-36.879],[174.98,-36.8771]]],[[[174.6631,-36.8569],[174.6737,-36.8666],[174.6741,-36.8696],[174.6751,-36.8679],[174.675,-36.8656],[174.6663,-36.8578],[174.6631,-36.8569]]],[[[175.1874,-36.8335],[175.1716,-36.8396],[175.1771,-36.861],[175.1528,-36.8621],[175.1946,-36.9017],[175.2067,-36.8788],[175.1947,-36.8557],[175.2138,-36.835],[175.1874,-36.8335]]],[[[174.8963,-36.827],[174.889,-36.8286],[174.8919,-36.8359],[174.8999,-36.8314],[174.899,-36.828],[174.8963,-36.827]]],[[[174.9734,-36.8108],[174.9723,-36.8121],[174.9735,-36.8126],[174.9734,-36.8108]]],[[[175.2019,-36.8112],[175.2009,-36.8075],[175.1987,-36.8066],[175.1977,-36.8106],[175.1916,-36.8111],[175.1942,-36.8156],[175.1913,-36.8184],[175.1944,-36.8183],[175.1963,-36.8164],[175.1979,-36.8173],[175.1995,-36.8204],[175.1974,-36.8239],[175.1993,-36.8253],[175.2018,-36.8245],[175.203,-36.8212],[175.2007,-36.8175],[175.2033,-36.8132],[175.2019,-36.8112]]],[[[174.9386,-36.8036],[174.9431,-36.8226],[174.9595,-36.811],[174.9386,-36.8036]]],[[[175.1972,-36.7956],[175.1915,-36.7922],[175.1896,-36.7939],[175.1964,-36.7998],[175.1995,-36.7971],[175.1972,-36.7956]]],[[[175.2276,-36.7884],[175.2268,-36.7877],[175.2247,-36.7905],[175.2269,-36.7921],[175.2276,-36.7884]]],[[[175.1726,-36.7387],[175.0868,-36.7882],[175.0603,-36.7655],[175.0173,-36.7845],[174.9939,-36.7687],[174.9881,-36.8118],[175.0093,-36.7896],[175.0275,-36.7976],[175.0215,-36.8132],[175.0477,-36.7909],[175.041,-36.8052],[175.0714,-36.8019],[175.0325,-36.8183],[175.0675,-36.8179],[175.0627,-36.8317],[175.0971,-36.8414],[175.1087,-36.8153],[175.1109,-36.8445],[175.1267,-36.8481],[175.1402,-36.8237],[175.144,-36.8483],[175.1646,-36.8247],[175.1538,-36.7845],[175.2033,-36.766],[175.1726,-36.7387]]],[[[174.9159,-36.7307],[174.8968,-36.7753],[174.8376,-36.7687],[174.8389,-36.8045],[174.8897,-36.8013],[174.8968,-36.7754],[174.9112,-36.7959],[174.9284,-36.7839],[174.9342,-36.7424],[174.9159,-36.7307]]],[[[174.9454,-36.7088],[174.9422,-36.7131],[174.9452,-36.7139],[174.9452,-36.716],[174.9401,-36.718],[174.9436,-36.7182],[174.9426,-36.7207],[174.9448,-36.7291],[174.9484,-36.725],[174.9522,-36.7276],[174.9516,-36.7244],[174.9536,-36.7227],[174.9518,-36.7186],[174.9543,-36.7159],[174.9544,-36.7128],[174.9531,-36.7112],[174.9454,-36.7088]]],[[[174.9744,-36.6932],[174.9719,-36.6954],[174.9734,-36.6989],[174.9776,-36.6946],[174.9744,-36.6932]]],[[[174.9636,-36.688],[174.9623,-36.6867],[174.9648,-36.6918],[174.9649,-36.6874],[174.9636,-36.688]]],[[[174.4147,-36.6394],[174.4183,-36.6372],[174.417,-36.6347],[174.4157,-36.6374],[174.4137,-36.6385],[174.4147,-36.6394]]],[[[174.3686,-36.6146],[174.3668,-36.6169],[174.3692,-36.6195],[174.3702,-36.6182],[174.3686,-36.6146]]],[[[174.362,-36.6042],[174.362,-36.6085],[174.3574,-36.6121],[174.3582,-36.6154],[174.3617,-36.6134],[174.3609,-36.612],[174.3655,-36.6131],[174.3648,-36.6093],[174.3633,-36.6088],[174.3648,-36.6086],[174.3654,-36.6053],[174.362,-36.6042]]],[[[174.8818,-36.5913],[174.8796,-36.5927],[174.8811,-36.5967],[174.8796,-36.5987],[174.8835,-36.6017],[174.8872,-36.6022],[174.8903,-36.6087],[174.8996,-36.6094],[174.8975,-36.6038],[174.8984,-36.6024],[174.8942,-36.5999],[174.8914,-36.5962],[174.8924,-36.5949],[174.8885,-36.5951],[174.8885,-36.5935],[174.8818,-36.5913]]],[[[174.4005,-36.566],[174.3964,-36.5686],[174.402,-36.5763],[174.4023,-36.5701],[174.4005,-36.566]]],[[[174.7485,-36.5082],[174.7463,-36.5124],[174.7473,-36.5142],[174.7485,-36.5082]]],[[[174.8022,-36.5007],[174.801,-36.4991],[174.7893,-36.5056],[174.7861,-36.5129],[174.788,-36.511],[174.7917,-36.511],[174.7939,-36.5078],[174.7961,-36.5077],[174.7976,-36.5042],[174.8017,-36.5044],[174.8034,-36.502],[174.8022,-36.5007]]],[[[174.7263,-36.4883],[174.7248,-36.4906],[174.7289,-36.492],[174.7263,-36.4883]]],[[[174.7891,-36.4758],[174.789,-36.4769],[174.7926,-36.4774],[174.7891,-36.4758]]],[[[174.7985,-36.4718],[174.7958,-36.4752],[174.793,-36.4748],[174.7935,-36.4767],[174.8014,-36.475],[174.8013,-36.4729],[174.7985,-36.4718]]],[[[174.808,-36.4678],[174.8054,-36.4678],[174.8077,-36.4688],[174.8073,-36.4717],[174.8053,-36.473],[174.8067,-36.4738],[174.8109,-36.472],[174.8126,-36.4695],[174.8096,-36.4673],[174.808,-36.4678]]],[[[174.7951,-36.4242],[174.7938,-36.4259],[174.7952,-36.4269],[174.7951,-36.4242]]],[[[174.394,-36.4213],[174.3913,-36.423],[174.3929,-36.4236],[174.3952,-36.4216],[174.394,-36.4213]]],[[[174.7932,-36.4146],[174.7932,-36.4158],[174.7947,-36.4148],[174.7932,-36.4146]]],[[[174.8396,-36.3917],[174.8188,-36.4181],[174.8552,-36.4256],[174.8156,-36.4315],[174.8766,-36.4499],[174.8771,-36.416],[174.8396,-36.3917]]],[[[174.3078,-36.381],[174.3065,-36.3812],[174.3068,-36.3832],[174.3103,-36.3837],[174.3108,-36.3824],[174.3078,-36.381]]],[[[174.243,-36.3716],[174.2396,-36.3723],[174.2368,-36.3762],[174.2406,-36.382],[174.2451,-36.38],[174.2425,-36.3784],[174.2454,-36.373],[174.243,-36.3716]]],[[[175.5069,-36.3487],[175.5068,-36.3457],[175.5044,-36.3447],[175.5027,-36.3472],[175.5069,-36.3487]]],[[[175.5406,-36.3344],[175.5422,-36.3329],[175.5409,-36.3315],[175.5384,-36.3334],[175.5406,-36.3344]]],[[[175.3739,-36.2576],[175.3701,-36.2555],[175.3714,-36.2574],[175.3739,-36.2576]]],[[[175.4929,-36.2544],[175.4932,-36.2529],[175.4913,-36.2525],[175.4911,-36.2543],[175.4929,-36.2544]]],[[[174.7977,-36.2639],[174.7955,-36.2648],[174.7966,-36.2679],[174.8001,-36.265],[174.7977,-36.2639]]],[[[175.3191,-36.2361],[175.318,-36.2316],[175.3173,-36.2349],[175.3191,-36.2361]]],[[[175.3018,-36.2277],[175.3021,-36.2321],[175.3,-36.2312],[175.2972,-36.2345],[175.3016,-36.2374],[175.3039,-36.2353],[175.3076,-36.2352],[175.3072,-36.2323],[175.3018,-36.2277]]],[[[175.2984,-36.2183],[175.2976,-36.217],[175.2955,-36.2185],[175.295,-36.2227],[175.3037,-36.2226],[175.3053,-36.2246],[175.3027,-36.2252],[175.3059,-36.2257],[175.3071,-36.2273],[175.3065,-36.2253],[175.3098,-36.2264],[175.3101,-36.2249],[175.3115,-36.2251],[175.3071,-36.2224],[175.3059,-36.2186],[175.2997,-36.2205],[175.2984,-36.2183]]],[[[175.286,-36.2131],[175.2847,-36.2142],[175.2883,-36.2193],[175.2924,-36.2189],[175.293,-36.2165],[175.2893,-36.2164],[175.286,-36.2131]]],[[[175.2984,-36.2032],[175.2995,-36.2019],[175.2974,-36.2008],[175.2984,-36.2032]]],[[[175.2944,-36.1844],[175.2927,-36.1841],[175.2935,-36.1852],[175.2944,-36.1844]]],[[[175.339,-36.1637],[175.3029,-36.167],[175.331,-36.1901],[175.339,-36.1637]]],[[[175.3007,-36.1643],[175.2972,-36.1647],[175.2969,-36.1663],[175.3011,-36.1671],[175.3007,-36.1643]]],[[[175.0909,-36.1656],[175.051,-36.1845],[175.05,-36.2206],[175.1046,-36.2293],[175.1141,-36.1822],[175.0909,-36.1656]]],[[[175.2889,-36.1596],[175.2825,-36.1609],[175.2892,-36.1634],[175.291,-36.1675],[175.294,-36.1631],[175.2923,-36.1608],[175.2881,-36.1603],[175.2889,-36.1596]]],[[[175.3075,-36.1417],[175.3068,-36.1443],[175.3091,-36.1443],[175.3102,-36.1427],[175.3075,-36.1417]]],[[[175.4965,-36.1156],[175.4911,-36.1383],[175.5137,-36.1235],[175.4965,-36.1156]]],[[[174.4817,-36.2283],[174.4731,-36.2593],[174.4981,-36.2401],[174.4912,-36.2527],[174.509,-36.2527],[174.481,-36.2615],[174.4948,-36.2729],[174.455,-36.2556],[174.4245,-36.2763],[174.4319,-36.2932],[174.4454,-36.2841],[174.4333,-36.3023],[174.414,-36.28],[174.3845,-36.3256],[174.3664,-36.3108],[174.3696,-36.3239],[174.3205,-36.3313],[174.2968,-36.3081],[174.2665,-36.3111],[174.2536,-36.3739],[174.3088,-36.3899],[174.3039,-36.3539],[174.3536,-36.41],[174.3823,-36.4059],[174.3697,-36.3806],[174.4152,-36.3747],[174.3876,-36.3352],[174.4078,-36.3504],[174.4397,-36.3302],[174.4155,-36.3548],[174.4284,-36.3718],[174.3927,-36.392],[174.4239,-36.3966],[174.4128,-36.4107],[174.4414,-36.4236],[174.4068,-36.4775],[174.4313,-36.511],[174.4229,-36.5356],[174.4475,-36.5536],[174.4091,-36.5841],[174.4445,-36.5947],[174.4284,-36.6232],[174.4495,-36.6844],[174.4193,-36.6197],[174.4046,-36.6247],[174.4256,-36.6388],[174.4177,-36.6508],[174.4135,-36.6314],[174.3816,-36.635],[174.4025,-36.6306],[174.3785,-36.6229],[174.3776,-36.5913],[174.3658,-36.6009],[174.3786,-36.627],[174.3519,-36.6248],[174.36,-36.5994],[174.3393,-36.6054],[174.3635,-36.5919],[174.344,-36.5836],[174.3773,-36.5649],[174.2964,-36.53],[174.2358,-36.4281],[174.208,-36.4385],[174.1979,-36.4752],[174.1948,-36.438],[174.2194,-36.4297],[174.1879,-36.4345],[174.1623,-36.4814],[174.4189,-36.8115],[174.4342,-36.8905],[174.4684,-36.9461],[174.4844,-37.0496],[174.5572,-37.0216],[174.5667,-36.9989],[174.612,-37.02],[174.6143,-36.9661],[174.6329,-36.979],[174.6438,-36.9485],[174.65,-36.9648],[174.6815,-36.9338],[174.7713,-36.9241],[174.8308,-36.9418],[174.8174,-36.9577],[174.7861,-36.9347],[174.7559,-36.942],[174.7742,-36.9659],[174.7302,-36.9618],[174.7658,-36.9675],[174.7419,-36.9926],[174.771,-37.0048],[174.7651,-37.0187],[174.8169,-37.0176],[174.8022,-37.0122],[174.8192,-37.003],[174.8443,-37.0296],[174.8569,-37.0165],[174.859,-37.0518],[174.8735,-37.0374],[174.893,-37.0419],[174.8726,-37.0551],[174.9076,-37.0427],[174.9375,-37.0596],[174.9075,-37.0605],[174.8996,-37.0813],[174.9456,-37.0943],[174.9423,-37.1109],[174.9211,-37.0913],[174.918,-37.1126],[174.9173,-37.0943],[174.8949,-37.1147],[174.9124,-37.0977],[174.8969,-37.061],[174.8673,-37.0862],[174.87,-37.1119],[174.8608,-37.089],[174.876,-37.0734],[174.8564,-37.0555],[174.7969,-37.0962],[174.793,-37.1376],[174.7761,-37.1049],[174.7925,-37.0924],[174.7755,-37.0887],[174.7394,-37.1264],[174.6899,-37.1373],[174.7424,-37.1467],[174.7446,-37.1659],[174.7922,-37.1632],[174.7458,-37.1701],[174.7467,-37.1882],[174.7415,-37.1618],[174.7038,-37.1572],[174.7454,-37.2413],[174.7299,-37.2355],[174.732,-37.2512],[174.7275,-37.2328],[174.7045,-37.2335],[174.719,-37.2162],[174.6934,-37.2163],[174.7036,-37.1957],[174.6872,-37.2031],[174.7026,-37.1857],[174.6801,-37.1746],[174.6991,-37.1513],[174.6666,-37.1632],[174.6895,-37.1469],[174.6489,-37.146],[174.67,-37.1347],[174.6674,-37.1184],[174.6427,-37.1205],[174.6689,-37.106],[174.6355,-37.087],[174.6582,-37.0817],[174.6425,-37.0776],[174.6647,-37.0682],[174.6583,-37.0439],[174.5364,-37.0535],[174.6592,-37.2926],[174.8063,-37.2268],[174.8481,-37.2342],[174.8504,-37.2512],[174.8868,-37.2306],[174.9308,-37.2331],[174.9299,-37.2062],[174.948,-37.1957],[174.9903,-37.2166],[175.0453,-37.1828],[175.1326,-37.1854],[175.1539,-37.1361],[175.1408,-37.0987],[175.1521,-37.0216],[175.1848,-37.0408],[175.2913,-37.024],[175.2833,-36.9885],[175.2492,-36.9578],[175.1921,-36.9303],[175.1589,-36.951],[175.1409,-36.9274],[175.077,-36.9569],[175.0772,-36.9147],[175.0991,-36.9007],[175.0696,-36.9043],[175.0381,-36.8743],[174.9836,-36.8814],[174.9978,-36.924],[174.9632,-36.9136],[174.9657,-36.9477],[174.9594,-36.9138],[174.9333,-36.9289],[174.9544,-36.9017],[174.9006,-36.8466],[174.8962,-36.8926],[174.8584,-36.9162],[174.8868,-36.9259],[174.8922,-36.9088],[174.9056,-36.9286],[174.869,-36.9275],[174.862,-36.9444],[174.8856,-36.9498],[174.86,-36.946],[174.8452,-36.9685],[174.8663,-36.9328],[174.844,-36.9363],[174.8629,-36.9256],[174.8437,-36.9064],[174.892,-36.8717],[174.8754,-36.8465],[174.8006,-36.8531],[174.7423,-36.835],[174.7111,-36.861],[174.7031,-36.851],[174.6989,-36.8713],[174.6624,-36.861],[174.6908,-36.9117],[174.6531,-36.8862],[174.6603,-36.8307],[174.6327,-36.8394],[174.635,-36.8711],[174.6404,-36.8464],[174.6128,-36.856],[174.6735,-36.7889],[174.6374,-36.7972],[174.6608,-36.7742],[174.6101,-36.774],[174.5912,-36.7937],[174.6062,-36.773],[174.5963,-36.754],[174.6138,-36.7727],[174.6377,-36.752],[174.6343,-36.7722],[174.6598,-36.7706],[174.6929,-36.7231],[174.6838,-36.763],[174.6623,-36.772],[174.6761,-36.7865],[174.7028,-36.7714],[174.7073,-36.7916],[174.6787,-36.79],[174.697,-36.8231],[174.7493,-36.8267],[174.7669,-36.7903],[174.7847,-36.8068],[174.7659,-36.8216],[174.7946,-36.8179],[174.7729,-36.8294],[174.8136,-36.8286],[174.7531,-36.7325],[174.7486,-36.6645],[174.7223,-36.6544],[174.709,-36.622],[174.6964,-36.6331],[174.7092,-36.6178],[174.6772,-36.6196],[174.7099,-36.615],[174.7408,-36.648],[174.7881,-36.618],[174.8013,-36.6276],[174.808,-36.6078],[174.8344,-36.6186],[174.8385,-36.5933],[174.7745,-36.6066],[174.7584,-36.6283],[174.697,-36.6004],[174.6913,-36.5739],[174.7299,-36.5162],[174.7078,-36.4857],[174.676,-36.4854],[174.6953,-36.4734],[174.7142,-36.4875],[174.7188,-36.4719],[174.6869,-36.4644],[174.7106,-36.452],[174.6814,-36.418],[174.7094,-36.4306],[174.7193,-36.4155],[174.7313,-36.4328],[174.7264,-36.4876],[174.7382,-36.4517],[174.7526,-36.4645],[174.736,-36.5043],[174.7791,-36.4373],[174.7321,-36.4243],[174.7376,-36.3988],[174.709,-36.3914],[174.7089,-36.3695],[174.7259,-36.3806],[174.7186,-36.3517],[174.7429,-36.3973],[174.7549,-36.3817],[174.771,-36.3927],[174.867,-36.3689],[174.7894,-36.3506],[174.7796,-36.3192],[174.7756,-36.3611],[174.758,-36.3196],[174.7334,-36.3292],[174.7865,-36.3045],[174.8001,-36.3206],[174.7946,-36.3033],[174.822,-36.2774],[174.7285,-36.2446],[174.6166,-36.1176],[174.5809,-36.1664],[174.4817,-36.2283]],[[174.6712,-36.5919],[174.6976,-36.5995],[174.6579,-36.5977],[174.6712,-36.5919]],[[174.8196,-36.9793],[174.8332,-36.9967],[174.8086,-37.0055],[174.7904,-36.9891],[174.8166,-36.9931],[174.8196,-36.9793]],[[174.6943,-36.8877],[174.6733,-36.8699],[174.7049,-36.8733],[174.6943,-36.8877]],[[174.8106,-36.87],[174.8085,-36.8676],[174.8128,-36.8613],[174.8208,-36.8654],[174.8283,-36.8636],[174.834,-36.8651],[174.8223,-36.8663],[174.818,-36.8655],[174.8194,-36.8712],[174.8227,-36.8721],[174.8183,-36.8721],[174.8183,-36.8746],[174.8168,-36.8747],[174.8188,-36.8709],[174.8175,-36.8675],[174.8142,-36.8704],[174.8106,-36.87]],[[174.8083,-36.8643],[174.8063,-36.8663],[174.8046,-36.8659],[174.8034,-36.8621],[174.7984,-36.8617],[174.796,-36.8643],[174.7956,-36.8633],[174.7886,-36.8637],[174.7907,-36.8617],[174.7901,-36.8599],[174.7932,-36.8538],[174.7919,-36.8519],[174.7925,-36.849],[174.7886,-36.8498],[174.7862,-36.8478],[174.7922,-36.8486],[174.7983,-36.8537],[174.8055,-36.8529],[174.8085,-36.8549],[174.8093,-36.8587],[174.8126,-36.8611],[174.8081,-36.862],[174.8083,-36.8643]],[[174.7501,-36.8063],[174.7532,-36.8071],[174.7528,-36.8102],[174.7503,-36.811],[174.7504,-36.8155],[174.7494,-36.812],[174.7444,-36.8098],[174.7458,-36.8077],[174.7459,-36.8095],[174.749,-36.8106],[174.7482,-36.8089],[174.7501,-36.8063]]],[[[175.3974,-36.0497],[175.3393,-36.0734],[175.3494,-36.1085],[175.3765,-36.1166],[175.3673,-36.1275],[175.3109,-36.1293],[175.3166,-36.1478],[175.3536,-36.1496],[175.3392,-36.1586],[175.3699,-36.1823],[175.3465,-36.1861],[175.3493,-36.2165],[175.3078,-36.186],[175.3143,-36.2256],[175.3863,-36.2562],[175.3967,-36.2356],[175.4005,-36.2683],[175.4377,-36.2586],[175.4333,-36.3093],[175.4868,-36.3011],[175.4935,-36.3231],[175.4743,-36.3319],[175.5297,-36.3475],[175.5505,-36.3147],[175.5431,-36.295],[175.4777,-36.2454],[175.4801,-36.2005],[175.5054,-36.174],[175.4351,-36.1407],[175.4106,-36.1468],[175.4132,-36.1333],[175.4299,-36.143],[175.4236,-36.1183],[175.4403,-36.1116],[175.4224,-36.0859],[175.4069,-36.0923],[175.4129,-36.0616],[175.3974,-36.0497]]],[[[175.3999,-36.0405],[175.3985,-36.0501],[175.4038,-36.0486],[175.4013,-36.0458],[175.404,-36.0437],[175.4005,-36.0432],[175.4015,-36.0422],[175.3999,-36.0405]]],[[[175.4084,-36.0295],[175.4043,-36.0298],[175.4046,-36.0315],[175.4013,-36.032],[175.4001,-36.0386],[175.4026,-36.0394],[175.4023,-36.038],[175.4037,-36.0384],[175.4065,-36.0354],[175.4098,-36.0362],[175.4082,-36.0346],[175.4109,-36.0321],[175.4084,-36.0295]]],[[[175.1535,-35.9343],[175.1483,-35.9358],[175.1457,-35.9413],[175.1532,-35.9436],[175.1592,-35.9435],[175.1609,-35.9451],[175.161,-35.9414],[175.1546,-35.9409],[175.1551,-35.9381],[175.1531,-35.9361],[175.1552,-35.9344],[175.1535,-35.9343]]],[[[175.098,-35.9111],[175.0964,-35.9121],[175.0974,-35.914],[175.1025,-35.9174],[175.1008,-35.9126],[175.099,-35.9135],[175.098,-35.9111]]],[[[175.1041,-35.9097],[175.1038,-35.9132],[175.102,-35.9138],[175.1036,-35.9144],[175.1068,-35.9106],[175.1041,-35.9097]]],[[[175.119,-35.9004],[175.1147,-35.9022],[175.1178,-35.9031],[175.114,-35.903],[175.114,-35.9051],[175.1106,-35.9041],[175.1108,-35.9059],[175.1089,-35.9046],[175.1067,-35.9057],[175.1094,-35.9067],[175.1076,-35.9071],[175.1091,-35.9093],[175.112,-35.9077],[175.1159,-35.9082],[175.1164,-35.9057],[175.121,-35.9032],[175.1187,-35.903],[175.1201,-35.9008],[175.119,-35.9004]]],[[[175.0602,-35.8975],[175.0591,-35.8992],[175.0605,-35.8992],[175.0602,-35.8975]]]]},"properties":{"iso3":"NZL","shapeId":"40311993B8827335688438","regionId":"NZL.1_1","name":"Auckland"}},{"type":"Feature","geometry":{"type":"MultiPolygon","coordinates":[[[[174.8639,-38.1025],[174.8618,-38.1032],[174.8649,-38.1084],[174.8632,-38.1115],[174.8663,-38.1135],[174.8655,-38.1177],[174.8685,-38.1186],[174.8697,-38.1158],[174.8715,-38.1175],[174.8727,-38.1169],[174.8734,-38.1133],[174.8713,-38.1094],[174.8674,-38.1108],[174.8663,-38.1096],[174.8639,-38.1025]]],[[[174.8033,-38.1],[174.8,-38.1012],[174.8021,-38.1049],[174.8018,-38.1035],[174.8051,-38.1023],[174.8033,-38.1]]],[[[175.8927,-37.2126],[175.8886,-37.2139],[175.8918,-37.2152],[175.8934,-37.214],[175.8927,-37.2126]]],[[[175.9267,-37.0688],[175.9243,-37.0674],[175.9245,-37.0699],[175.9271,-37.0721],[175.9289,-37.0697],[175.9267,-37.0688]]],[[[175.9342,-37.0634],[175.9294,-37.0652],[175.93,-37.0668],[175.9326,-37.0664],[175.9342,-37.0634]]],[[[175.9444,-37.037],[175.9394,-37.0614],[175.956,-37.0469],[175.9444,-37.037]]],[[[175.9065,-36.9899],[175.9032,-36.9904],[175.9044,-36.9947],[175.9021,-36.9995],[175.9069,-36.9993],[175.9088,-36.9978],[175.908,-36.9962],[175.91,-36.9931],[175.9065,-36.9899]]],[[[176.0821,-36.9724],[176.0781,-36.974],[176.0779,-36.9769],[176.079,-36.9759],[176.0833,-36.9776],[176.0843,-36.973],[176.0821,-36.9724]]],[[[176.0789,-36.9652],[176.0753,-36.9668],[176.0784,-36.9665],[176.0789,-36.9652]]],[[[176.0872,-36.9538],[176.076,-36.9592],[176.0761,-36.9624],[176.0777,-36.9616],[176.0771,-36.9599],[176.0791,-36.9589],[176.0804,-36.9599],[176.0814,-36.9581],[176.0852,-36.9573],[176.0872,-36.9538]]],[[[176.1011,-36.9528],[176.0994,-36.9538],[176.1003,-36.9546],[176.1011,-36.9528]]],[[[176.0594,-36.9538],[176.0548,-36.9545],[176.0563,-36.9585],[176.0599,-36.956],[176.0594,-36.9538]]],[[[176.0967,-36.9494],[176.0957,-36.9489],[176.0904,-36.9555],[176.0945,-36.9565],[176.0978,-36.9547],[176.097,-36.9517],[176.0987,-36.9497],[176.0967,-36.9494]]],[[[175.8604,-36.93],[175.8589,-36.9302],[175.8593,-36.9324],[175.8604,-36.93]]],[[[175.8903,-36.8667],[175.8894,-36.8674],[175.891,-36.8679],[175.8903,-36.8667]]],[[[175.8265,-36.8509],[175.825,-36.851],[175.8255,-36.8522],[175.8265,-36.8509]]],[[[175.422,-36.8401],[175.4169,-36.8414],[175.4204,-36.8424],[175.422,-36.8401]]],[[[175.8227,-36.8259],[175.8162,-36.8302],[175.8165,-36.8339],[175.8189,-36.8331],[175.8191,-36.8309],[175.8213,-36.8308],[175.8206,-36.8287],[175.8248,-36.8273],[175.8227,-36.8259]]],[[[175.8023,-36.8185],[175.7996,-36.8201],[175.8042,-36.8195],[175.8023,-36.8185]]],[[[175.4078,-36.8208],[175.4065,-36.8209],[175.4077,-36.8255],[175.412,-36.828],[175.412,-36.8309],[175.4139,-36.8326],[175.4167,-36.8295],[175.4132,-36.8283],[175.4138,-36.8251],[175.4095,-36.8235],[175.4078,-36.8208]]],[[[175.4323,-36.7814],[175.4315,-36.7775],[175.4282,-36.7748],[175.4249,-36.7808],[175.4295,-36.7842],[175.4334,-36.7837],[175.4323,-36.7814]]],[[[175.4527,-36.7686],[175.4282,-36.7938],[175.4573,-36.7891],[175.4527,-36.7686]]],[[[175.4528,-36.7582],[175.4521,-36.7571],[175.4502,-36.759],[175.4526,-36.7593],[175.4528,-36.7582]]],[[[175.6126,-36.7542],[175.6107,-36.7558],[175.6133,-36.755],[175.6126,-36.7542]]],[[[175.4144,-36.7573],[175.4127,-36.7569],[175.4163,-36.7639],[175.4147,-36.7694],[175.4204,-36.7703],[175.4223,-36.7692],[175.4197,-36.7576],[175.4144,-36.7573]]],[[[175.8193,-36.7435],[175.8189,-36.745],[175.8213,-36.7465],[175.8224,-36.7454],[175.8193,-36.7435]]],[[[175.4202,-36.7506],[175.4204,-36.7562],[175.4223,-36.7566],[175.4223,-36.7526],[175.4202,-36.7506]]],[[[175.4026,-36.7391],[175.4015,-36.7385],[175.3973,-36.742],[175.3991,-36.7473],[175.4013,-36.7445],[175.407,-36.7428],[175.4109,-36.7436],[175.412,-36.742],[175.4071,-36.7395],[175.4026,-36.7391]]],[[[175.8376,-36.7285],[175.8358,-36.7286],[175.8344,-36.7314],[175.8376,-36.7285]]],[[[175.8774,-36.7226],[175.8761,-36.7267],[175.8822,-36.73],[175.8856,-36.7339],[175.8827,-36.7302],[175.8841,-36.7281],[175.8784,-36.725],[175.8774,-36.7226]]],[[[175.8828,-36.7175],[175.883,-36.7143],[175.8806,-36.7185],[175.8828,-36.7175]]],[[[175.8179,-36.7126],[175.8167,-36.7142],[175.8194,-36.7139],[175.8179,-36.7126]]],[[[175.8684,-36.7109],[175.8654,-36.7103],[175.8678,-36.7117],[175.8684,-36.7109]]],[[[175.3908,-36.7027],[175.3885,-36.7034],[175.3909,-36.7039],[175.3908,-36.7027]]],[[[175.3918,-36.6918],[175.393,-36.6947],[175.3897,-36.6955],[175.3914,-36.6985],[175.3987,-36.701],[175.3936,-36.6954],[175.3939,-36.6925],[175.3918,-36.6918]]],[[[175.3933,-36.6781],[175.3907,-36.68],[175.3938,-36.6819],[175.3962,-36.6792],[175.3933,-36.6781]]],[[[175.3998,-36.6712],[175.3978,-36.674],[175.401,-36.6751],[175.4008,-36.6772],[175.4073,-36.679],[175.4044,-36.6754],[175.4016,-36.6751],[175.3998,-36.6712]]],[[[175.85,-36.6571],[175.8482,-36.656],[175.8473,-36.6594],[175.8446,-36.6615],[175.847,-36.6616],[175.8492,-36.6595],[175.8512,-36.6601],[175.8512,-36.6583],[175.8527,-36.6585],[175.85,-36.6571]]],[[[175.3754,-36.654],[175.3707,-36.6564],[175.37,-36.6595],[175.3739,-36.6565],[175.3744,-36.6604],[175.3766,-36.6569],[175.3754,-36.654]]],[[[175.3696,-36.6509],[175.3695,-36.6528],[175.3709,-36.6519],[175.3696,-36.6509]]],[[[175.8618,-36.638],[175.8624,-36.6362],[175.8605,-36.6346],[175.858,-36.6395],[175.862,-36.6407],[175.8603,-36.6395],[175.8618,-36.638]]],[[[175.8857,-36.6339],[175.8806,-36.6352],[175.8821,-36.6378],[175.881,-36.6412],[175.8869,-36.6471],[175.8904,-36.6483],[175.8916,-36.6435],[175.8875,-36.6391],[175.8906,-36.636],[175.8888,-36.6338],[175.8857,-36.6339]]],[[[175.9022,-36.6214],[175.8996,-36.6235],[175.9019,-36.6255],[175.912,-36.6266],[175.9142,-36.6257],[175.9108,-36.6242],[175.9078,-36.6257],[175.9022,-36.6214]]],[[[175.9384,-36.6172],[175.9271,-36.6303],[175.9489,-36.6278],[175.9384,-36.6172]]],[[[175.7767,-36.5829],[175.7774,-36.5822],[175.7754,-36.582],[175.7767,-36.5829]]],[[[175.7886,-36.5795],[175.7508,-36.5873],[175.7868,-36.6094],[175.7759,-36.6375],[175.8342,-36.637],[175.7904,-36.6056],[175.7886,-36.5795]]],[[[175.4145,-36.4695],[175.4133,-36.4709],[175.4149,-36.471],[175.4145,-36.4695]]],[[[174.6592,-37.2926],[174.7203,-37.3799],[174.745,-37.3671],[174.7407,-37.3418],[174.7754,-37.345],[174.741,-37.3857],[174.707,-37.3763],[174.7,-37.4168],[174.7687,-37.5609],[174.8384,-37.7963],[174.8709,-37.789],[174.8647,-37.7739],[174.9012,-37.7906],[174.9102,-37.7664],[174.8967,-37.7635],[174.9128,-37.7431],[174.9299,-37.7549],[174.9335,-37.7324],[174.9531,-37.7503],[174.9525,-37.7244],[174.9521,-37.7659],[174.9675,-37.7735],[174.9128,-37.7861],[174.9274,-37.7959],[174.9511,-37.7793],[174.9744,-37.7972],[174.9472,-37.7889],[174.9457,-37.8089],[174.9387,-37.7889],[174.9019,-37.8176],[174.8724,-37.7961],[174.87,-37.8316],[174.8615,-37.8071],[174.8447,-37.811],[174.8653,-37.8005],[174.8437,-37.8039],[174.7768,-37.8313],[174.7582,-37.859],[174.7957,-38.0155],[174.8338,-37.9897],[174.8143,-37.9646],[174.8507,-37.9323],[174.8508,-37.9519],[174.8955,-37.963],[174.8732,-37.969],[174.8486,-38.0247],[174.8207,-38.0063],[174.7895,-38.0272],[174.7782,-38.0826],[174.811,-38.0791],[174.8424,-38.0395],[174.8473,-38.0616],[174.8588,-38.0368],[174.8598,-38.0558],[174.8884,-38.0467],[174.8902,-38.0648],[174.9085,-38.0499],[174.8999,-38.0751],[174.8759,-38.0783],[174.9174,-38.075],[174.9034,-38.0839],[174.9212,-38.0919],[174.8693,-38.0952],[174.8753,-38.1154],[174.8945,-38.1071],[174.8746,-38.1269],[174.8592,-38.0995],[174.8549,-38.1194],[174.848,-38.1023],[174.8272,-38.1077],[174.8183,-38.1288],[174.8425,-38.117],[174.8583,-38.1403],[174.8545,-38.1552],[174.8491,-38.1297],[174.835,-38.133],[174.8288,-38.1579],[174.8049,-38.1193],[174.7781,-38.1364],[174.7788,-38.1091],[174.7619,-38.12],[174.7753,-38.0885],[174.7344,-38.124],[174.6812,-38.11],[174.7139,-38.2018],[174.7159,-38.3059],[174.6567,-38.3834],[174.6346,-38.3868],[174.6456,-38.4564],[174.6169,-38.7229],[174.7561,-38.745],[174.7943,-38.7311],[174.8629,-38.7746],[174.9378,-38.7502],[174.9643,-38.6968],[174.9567,-38.6647],[175.0005,-38.6663],[175.1164,-38.6219],[175.2224,-38.6365],[175.2851,-38.588],[175.3019,-38.5992],[175.3247,-38.5514],[175.3355,-38.5815],[175.3778,-38.5727],[175.3835,-38.5418],[175.4389,-38.4928],[175.5382,-38.4703],[175.5655,-38.4945],[175.6122,-38.4876],[175.6369,-38.5525],[175.6285,-38.6007],[175.5759,-38.6499],[175.5796,-38.6818],[175.5187,-38.7507],[175.5772,-38.8232],[175.5447,-38.8645],[175.58,-38.9107],[175.5539,-38.9557],[175.5626,-38.9868],[175.682,-38.9797],[175.6358,-39.0453],[175.6136,-39.0506],[175.6187,-39.0826],[175.6478,-39.1001],[175.6347,-39.1584],[175.5579,-39.276],[175.8126,-39.3003],[175.8681,-39.263],[175.8547,-39.2444],[175.8927,-39.2236],[175.886,-39.2059],[175.9642,-39.18],[175.9888,-39.1159],[176.0231,-39.0829],[176.0857,-39.1294],[176.1135,-39.0912],[176.1728,-39.0785],[176.1449,-39.0412],[176.2576,-38.9479],[176.2426,-38.9172],[176.2584,-38.89],[176.2551,-38.8082],[176.4752,-38.5444],[176.5053,-38.4022],[176.447,-38.3565],[176.4403,-38.3134],[176.3905,-38.323],[176.2811,-38.2189],[176.2217,-38.238],[176.1905,-38.1959],[176.1503,-38.2182],[176.0828,-38.1531],[176.0623,-38.0268],[175.9715,-37.9864],[175.9494,-37.9567],[175.9414,-37.9278],[175.9772,-37.9137],[175.9542,-37.9019],[175.9718,-37.8828],[175.9363,-37.8814],[175.935,-37.8426],[175.9059,-37.8286],[175.9277,-37.776],[175.8336,-37.6275],[175.8113,-37.5608],[175.8308,-37.5356],[175.8059,-37.5099],[175.8328,-37.4716],[175.8656,-37.5004],[175.8993,-37.4957],[175.8609,-37.4611],[175.9101,-37.4303],[175.9166,-37.3793],[175.9401,-37.3732],[175.9433,-37.3451],[175.8785,-37.1995],[175.8574,-37.2069],[175.8507,-37.176],[175.8637,-37.1649],[175.881,-37.2018],[175.8928,-37.1956],[175.879,-37.1499],[175.8902,-37.1129],[175.8604,-37.1264],[175.8887,-37.1133],[175.8858,-37.0285],[175.8618,-37.006],[175.837,-37.0524],[175.8127,-37.0596],[175.8356,-37.048],[175.8484,-37.0031],[175.872,-37.0001],[175.8431,-36.9643],[175.856,-36.9229],[175.8193,-36.8831],[175.8199,-36.8414],[175.7642,-36.8209],[175.7632,-36.8648],[175.7589,-36.8365],[175.7129,-36.8271],[175.697,-36.8636],[175.7194,-36.8726],[175.6996,-36.8885],[175.7154,-36.9061],[175.6666,-36.8719],[175.6851,-36.8615],[175.6727,-36.835],[175.7063,-36.8386],[175.7016,-36.8071],[175.7477,-36.7906],[175.7553,-36.7573],[175.8271,-36.7396],[175.82,-36.7173],[175.7987,-36.718],[175.7831,-36.6921],[175.7091,-36.7271],[175.6353,-36.7261],[175.6777,-36.7425],[175.6398,-36.7439],[175.6443,-36.7674],[175.6072,-36.7572],[175.6275,-36.7179],[175.6069,-36.7096],[175.6052,-36.6821],[175.5559,-36.6844],[175.5567,-36.6648],[175.5844,-36.664],[175.5711,-36.6453],[175.5836,-36.6275],[175.5601,-36.5982],[175.5232,-36.5954],[175.5331,-36.5401],[175.4945,-36.5109],[175.4696,-36.51],[175.4761,-36.5353],[175.4433,-36.5029],[175.4232,-36.5119],[175.41,-36.4706],[175.3455,-36.4695],[175.3262,-36.49],[175.3453,-36.5538],[175.4718,-36.6206],[175.4375,-36.6264],[175.4471,-36.6604],[175.4305,-36.7169],[175.4809,-36.734],[175.4571,-36.7687],[175.4831,-36.7542],[175.5056,-36.794],[175.423,-36.8201],[175.4658,-36.8284],[175.4281,-36.8334],[175.4737,-36.8377],[175.4686,-36.8533],[175.4063,-36.8537],[175.4995,-36.9742],[175.5242,-37.0548],[175.5151,-37.102],[175.5438,-37.1663],[175.4401,-37.2179],[175.3659,-37.2191],[175.323,-37.1906],[175.2954,-37.1234],[175.2913,-37.024],[175.1848,-37.0408],[175.1608,-37.0159],[175.1408,-37.0987],[175.1539,-37.1361],[175.1326,-37.1854],[175.0453,-37.1828],[174.9903,-37.2166],[174.948,-37.1957],[174.9299,-37.2062],[174.9308,-37.2331],[174.8868,-37.2306],[174.8504,-37.2512],[174.8481,-37.2342],[174.8063,-37.2268],[174.6592,-37.2926]],[[175.843,-36.9974],[175.8467,-36.9979],[175.8481,-37.0041],[175.8417,-37.0051],[175.8409,-37.0042],[175.8437,-37.0001],[175.8396,-37.0016],[175.8364,-37.0005],[175.8358,-36.9986],[175.8367,-37.0005],[175.8401,-37.0013],[175.8405,-36.9982],[175.843,-36.9974]]],[[[175.4005,-36.4611],[175.3992,-36.4606],[175.3995,-36.4622],[175.4024,-36.4629],[175.4028,-36.4613],[175.4005,-36.4611]]],[[[175.7715,-36.429],[175.7599,-36.4381],[175.7873,-36.4418],[175.7715,-36.429]]]]},"properties":{"iso3":"NZL","shapeId":"40311993B15069482995997","regionId":"NZL.17_1","name":"Waikato"}},{"type":"Feature","geometry":{"type":"MultiPolygon","coordinates":[[[[177.1344,-38.019],[177.1335,-38.0177],[177.1317,-38.0191],[177.1341,-38.0224],[177.1344,-38.019]]],[[[177.1392,-38.0111],[177.1383,-38.0065],[177.1305,-38.004],[177.1266,-38.0077],[177.1348,-38.0139],[177.1392,-38.0111]]],[[[177.1531,-37.9981],[177.1455,-37.999],[177.144,-38.0009],[177.1471,-38.0017],[177.1473,-37.9997],[177.1545,-37.9983],[177.1531,-37.9981]]],[[[177.1234,-37.9951],[177.1209,-37.9966],[177.1215,-37.998],[177.1198,-37.9965],[177.1198,-37.9986],[177.1144,-37.9965],[177.1176,-37.9989],[177.1162,-38.0026],[177.1129,-38.0039],[177.1134,-38.007],[177.117,-38.0058],[177.1188,-38.0009],[177.1207,-38.0051],[177.1249,-38.0036],[177.1254,-37.9968],[177.1247,-37.9957],[177.123,-37.9963],[177.1234,-37.9951]]],[[[177.0717,-37.9841],[177.0678,-37.9856],[177.069,-37.9872],[177.0713,-37.986],[177.0737,-37.9898],[177.0769,-37.9884],[177.0781,-37.991],[177.0818,-37.9898],[177.0832,-37.9932],[177.0844,-37.9923],[177.084,-37.9898],[177.0717,-37.9841]]],[[[176.9668,-37.8463],[176.9614,-37.8483],[176.9594,-37.853],[176.9607,-37.8563],[176.9658,-37.8557],[176.9679,-37.8589],[176.9728,-37.8608],[176.9806,-37.8579],[176.9858,-37.8592],[176.9871,-37.8571],[176.985,-37.8551],[176.9788,-37.8554],[176.9758,-37.8525],[176.967,-37.8506],[176.9668,-37.8463]]],[[[176.1535,-37.6844],[176.1513,-37.6845],[176.1516,-37.6861],[176.1535,-37.6844]]],[[[176.0851,-37.6346],[176.0701,-37.6368],[176.0647,-37.6395],[176.0621,-37.6452],[176.0644,-37.6484],[176.0744,-37.6416],[176.0766,-37.6385],[176.0851,-37.6346]]],[[[176.1944,-37.63],[176.1942,-37.6321],[176.1954,-37.6317],[176.1944,-37.63]]],[[[175.9963,-37.6172],[175.9927,-37.6186],[175.9902,-37.6244],[175.9933,-37.6291],[175.9965,-37.6297],[175.9984,-37.6279],[175.9986,-37.624],[175.9963,-37.6172]]],[[[176.4151,-37.6028],[176.4068,-37.6471],[176.4381,-37.6208],[176.4151,-37.6028]]],[[[176.092,-37.6072],[176.1068,-37.6392],[176.1267,-37.6365],[176.092,-37.6072]]],[[[177.1833,-37.5111],[177.1671,-37.5173],[177.195,-37.5266],[177.1833,-37.5111]]],[[[176.0195,-37.4937],[175.983,-37.4753],[175.9849,-37.499],[176.0729,-37.581],[176.0301,-37.5707],[176.0339,-37.6007],[176.0853,-37.625],[176.0842,-37.5938],[176.1535,-37.6433],[176.0195,-37.4937]]],[[[176.2584,-38.89],[176.3114,-38.9027],[176.3321,-38.9525],[176.3809,-38.9881],[176.448,-39.0041],[176.4553,-38.9891],[176.4348,-38.9689],[176.4681,-38.9414],[176.4417,-38.9203],[176.4953,-38.8814],[176.5199,-38.7971],[176.5606,-38.8002],[176.5897,-38.8353],[176.6517,-38.822],[176.6967,-38.8564],[176.7141,-38.7279],[176.7429,-38.7278],[176.7733,-38.6845],[176.8225,-38.6914],[176.8868,-38.6665],[176.9714,-38.7048],[177.046,-38.6208],[177.0779,-38.6106],[177.1003,-38.627],[177.1189,-38.5867],[177.1668,-38.5779],[177.2025,-38.5243],[177.2258,-38.5341],[177.2549,-38.5127],[177.2369,-38.4263],[177.4637,-38.3335],[177.501,-38.2134],[177.5333,-38.2184],[177.6048,-38.1866],[177.6024,-38.1712],[177.6536,-38.1586],[177.6641,-38.1164],[177.7026,-38.1057],[177.6772,-38.0862],[177.6976,-38.0606],[177.6811,-38.0124],[177.861,-38.1117],[177.9723,-37.845],[178.073,-37.7636],[178.0387,-37.7331],[177.9946,-37.7643],[177.9781,-37.7441],[177.9982,-37.6896],[177.9782,-37.617],[178.1076,-37.5987],[178.0853,-37.5424],[178.008,-37.5533],[177.9835,-37.5364],[177.9923,-37.574],[177.9541,-37.6154],[177.9038,-37.6052],[177.8638,-37.6566],[177.7276,-37.6802],[177.7079,-37.7224],[177.6706,-37.7387],[177.6842,-37.7605],[177.6507,-37.8054],[177.6129,-37.812],[177.5841,-37.8674],[177.4859,-37.9505],[177.3872,-37.9854],[177.1574,-37.9866],[177.1619,-38.007],[177.1381,-38.021],[177.1494,-38.0442],[177.1191,-38.0178],[177.1026,-38.0249],[177.1093,-38.0018],[177.0931,-38.0022],[177.0962,-38.0175],[177.0893,-37.997],[177.0641,-38.0148],[177.0571,-38.0013],[177.0744,-37.9775],[177.1417,-37.9843],[176.6624,-37.8546],[176.479,-37.7555],[176.4961,-37.7778],[176.4689,-37.7745],[176.4681,-37.7408],[176.4312,-37.7625],[176.4178,-37.7493],[176.4541,-37.7548],[176.2503,-37.6802],[176.1738,-37.6251],[176.1796,-37.6686],[176.2055,-37.6848],[176.183,-37.6967],[176.2151,-37.6863],[176.2373,-37.6965],[176.2309,-37.7142],[176.167,-37.7221],[176.1746,-37.6583],[176.1642,-37.6711],[176.1245,-37.6598],[176.1216,-37.6831],[176.0955,-37.6871],[176.093,-37.6631],[176.049,-37.6596],[176.0535,-37.6796],[176.0331,-37.6834],[176.0487,-37.6541],[176.0231,-37.6674],[176.0536,-37.6264],[176.0087,-37.6518],[176.0069,-37.6269],[175.9866,-37.6465],[175.9871,-37.6271],[175.9585,-37.6323],[175.9818,-37.6113],[175.9572,-37.6116],[175.9722,-37.5737],[175.9451,-37.5962],[175.9431,-37.5688],[175.9229,-37.5788],[175.9533,-37.554],[175.9178,-37.5336],[175.9781,-37.5146],[175.9501,-37.4846],[175.9551,-37.4972],[175.9297,-37.4973],[175.9469,-37.4832],[175.9382,-37.4654],[175.9691,-37.4503],[175.9487,-37.4395],[175.9912,-37.4649],[175.9409,-37.4011],[175.9401,-37.3732],[175.9228,-37.3742],[175.9101,-37.4303],[175.8609,-37.4611],[175.8993,-37.4957],[175.8656,-37.5004],[175.8328,-37.4716],[175.8059,-37.5099],[175.8308,-37.5356],[175.8113,-37.5608],[175.8336,-37.6275],[175.9277,-37.776],[175.9059,-37.8286],[175.935,-37.8426],[175.9363,-37.8814],[175.9718,-37.8828],[175.9542,-37.9019],[175.9772,-37.9137],[175.9414,-37.9278],[175.9494,-37.9567],[175.9715,-37.9864],[176.0623,-38.0268],[176.0828,-38.1531],[176.1503,-38.2182],[176.1905,-38.1959],[176.2217,-38.238],[176.2811,-38.2189],[176.3905,-38.323],[176.4403,-38.3134],[176.447,-38.3565],[176.5053,-38.4022],[176.4752,-38.5444],[176.2551,-38.8082],[176.2584,-38.89]],[[176.1475,-37.6865],[176.147,-37.6846],[176.1436,-37.6834],[176.1444,-37.6811],[176.1461,-37.6798],[176.1565,-37.6787],[176.1589,-37.6746],[176.1582,-37.6714],[176.1604,-37.6712],[176.1652,-37.6747],[176.1631,-37.6835],[176.1555,-37.6948],[176.1521,-37.6965],[176.15,-37.6937],[176.1494,-37.6883],[176.1468,-37.6876],[176.1475,-37.6865]],[[176.1633,-37.7104],[176.1611,-37.7289],[176.146,-37.7262],[176.1633,-37.7104]]],[[[176.262,-37.2678],[176.2314,-37.2841],[176.2578,-37.3106],[176.2805,-37.2736],[176.262,-37.2678]]]]},"properties":{"iso3":"NZL","shapeId":"40311993B61794104142346","regionId":"NZL.2_1","name":"Bay of Plenty"}},{"type":"Feature","geometry":{"type":"MultiPolygon","coordinates":[[[[178.0487,-38.7051],[178.0476,-38.7067],[178.0505,-38.7067],[178.0487,-38.7051]]],[[[178.3432,-38.379],[178.3421,-38.3868],[178.3438,-38.3888],[178.3488,-38.3879],[178.3457,-38.3859],[178.3466,-38.383],[178.3451,-38.3834],[178.3445,-38.382],[178.3485,-38.3794],[178.3432,-38.379]]],[[[178.5759,-37.6893],[178.5739,-37.693],[178.5768,-37.6924],[178.5772,-37.6898],[178.5759,-37.6893]]],[[[177.1222,-38.5839],[177.3076,-38.6597],[177.309,-38.5969],[177.3534,-38.6246],[177.4478,-38.6359],[177.4088,-38.6994],[177.4662,-38.7056],[177.4699,-38.7554],[177.5313,-38.7916],[177.5306,-38.8197],[177.5931,-38.8031],[177.5998,-38.8519],[177.6261,-38.8434],[177.6375,-38.8711],[177.6624,-38.8458],[177.6602,-38.9047],[177.7217,-38.8983],[177.7289,-38.9188],[177.7492,-38.8967],[177.7761,-38.9128],[177.799,-38.8944],[177.8047,-38.9118],[177.8445,-38.9215],[177.8369,-38.956],[177.899,-38.9718],[177.903,-38.8879],[177.9205,-38.8669],[177.9118,-38.8279],[177.9292,-38.7871],[177.9723,-38.7579],[177.9352,-38.7505],[177.9518,-38.6977],[178.0148,-38.6709],[178.0697,-38.7079],[178.0802,-38.6781],[178.1472,-38.652],[178.2033,-38.5872],[178.2919,-38.5293],[178.2799,-38.475],[178.3468,-38.4158],[178.3403,-38.3787],[178.3175,-38.3825],[178.3056,-38.3627],[178.3297,-38.3524],[178.3256,-38.3054],[178.3594,-38.289],[178.3347,-38.2832],[178.3084,-38.2342],[178.3676,-38.1759],[178.3178,-38.1393],[178.374,-38.0935],[178.3716,-38.0499],[178.3368,-38.0372],[178.3372,-38.0093],[178.3914,-37.9612],[178.387,-37.9192],[178.4127,-37.8591],[178.4517,-37.8332],[178.45,-37.8134],[178.5497,-37.6873],[178.4807,-37.6401],[178.3408,-37.6217],[178.3163,-37.6019],[178.3251,-37.5909],[178.294,-37.5842],[178.3147,-37.5562],[178.2095,-37.5352],[178.1713,-37.5344],[178.1639,-37.5525],[178.0853,-37.5424],[178.1076,-37.5987],[177.9782,-37.617],[177.9982,-37.6896],[177.9781,-37.7441],[177.9946,-37.7643],[178.0387,-37.7331],[178.073,-37.7636],[177.9723,-37.845],[177.861,-38.1117],[177.6811,-38.0124],[177.6976,-38.0606],[177.6772,-38.0862],[177.7026,-38.1057],[177.6641,-38.1164],[177.6536,-38.1586],[177.6024,-38.1712],[177.6048,-38.1866],[177.5604,-38.2094],[177.501,-38.2134],[177.4637,-38.3335],[177.2369,-38.4263],[177.2549,-38.5127],[177.2258,-38.5341],[177.2025,-38.5243],[177.1668,-38.5779],[177.1222,-38.5839]]]]},"properties":{"iso3":"NZL","shapeId":"40311993B37770658240242","regionId":"NZL.5_1","name":"Gisborne"}},{"type":"Feature","geometry":{"type":"MultiPolygon","coordinates":[[[[177.0299,-39.8316],[177.0268,-39.8317],[177.0234,-39.8377],[177.025,-39.8353],[177.0298,-39.8338],[177.0299,-39.8316]]],[[[177.8683,-39.3039],[177.8723,-39.2884],[177.8709,-39.2763],[177.8685,-39.282],[177.8639,-39.2855],[177.8625,-39.2959],[177.8637,-39.3041],[177.8652,-39.3053],[177.8683,-39.3039]]],[[[176.0857,-39.1294],[176.1029,-39.1766],[176.075,-39.2109],[176.1155,-39.2188],[176.0807,-39.26],[176.1218,-39.3271],[176.0429,-39.381],[176.1112,-39.3844],[176.1214,-39.4344],[176.144,-39.4485],[176.1369,-39.4759],[176.1939,-39.5045],[176.1425,-39.5799],[176.179,-39.6053],[176.1651,-39.6487],[176.2009,-39.673],[176.1691,-39.7179],[176.1769,-39.744],[176.1172,-39.8868],[176.1261,-39.9048],[176.1068,-39.9171],[176.1211,-39.9624],[176.0938,-39.9955],[176.1366,-40.0286],[176.1543,-40.0122],[176.2388,-40.0273],[176.2638,-40.0627],[176.3209,-40.0856],[176.3132,-40.1239],[176.3787,-40.1581],[176.3587,-40.1979],[176.3781,-40.2725],[176.3992,-40.2849],[176.3889,-40.323],[176.4058,-40.333],[176.3706,-40.3586],[176.3919,-40.3617],[176.3915,-40.3778],[176.4614,-40.4118],[176.4929,-40.4001],[176.55,-40.4212],[176.5588,-40.4072],[176.5873,-40.4313],[176.6226,-40.428],[176.6355,-40.4078],[176.6782,-40.2656],[176.787,-40.2183],[176.8697,-40.1305],[176.9077,-39.9821],[177.0053,-39.8412],[176.9942,-39.7977],[177.0148,-39.7322],[177.096,-39.6426],[177.0318,-39.6498],[176.9663,-39.6235],[176.9232,-39.5535],[176.9237,-39.4727],[176.889,-39.4828],[176.8731,-39.456],[176.9,-39.3667],[177.0187,-39.261],[177.0407,-39.1993],[177.1952,-39.1234],[177.4186,-39.063],[177.6608,-39.0507],[177.8231,-39.0768],[177.8426,-39.0594],[177.8718,-39.0863],[177.8224,-39.16],[177.8649,-39.2649],[177.9062,-39.2263],[177.9252,-39.169],[178.0017,-39.1049],[177.9018,-39.073],[177.8864,-39.0241],[177.899,-38.9718],[177.8369,-38.956],[177.8357,-38.9141],[177.8219,-38.9217],[177.799,-38.8944],[177.7761,-38.9128],[177.7492,-38.8967],[177.7289,-38.9188],[177.7217,-38.8983],[177.6602,-38.9047],[177.6624,-38.8458],[177.6375,-38.8711],[177.6261,-38.8434],[177.5998,-38.8519],[177.5931,-38.8031],[177.5306,-38.8197],[177.5313,-38.7916],[177.4699,-38.7554],[177.4662,-38.7056],[177.4088,-38.6994],[177.4478,-38.6359],[177.3534,-38.6246],[177.309,-38.5969],[177.3076,-38.6597],[177.1222,-38.5839],[177.1003,-38.627],[177.0779,-38.6106],[177.046,-38.6208],[176.9714,-38.7048],[176.8868,-38.6665],[176.8225,-38.6914],[176.7733,-38.6845],[176.7429,-38.7278],[176.7141,-38.7279],[176.6967,-38.8564],[176.6517,-38.822],[176.5897,-38.8353],[176.5606,-38.8002],[176.5199,-38.7971],[176.4953,-38.8814],[176.4417,-38.9203],[176.4681,-38.9414],[176.4348,-38.9689],[176.4553,-38.9891],[176.448,-39.0041],[176.3809,-38.9881],[176.3321,-38.9525],[176.3114,-38.9027],[176.2506,-38.8917],[176.2576,-38.9479],[176.1449,-39.0412],[176.1728,-39.0785],[176.1135,-39.0912],[176.0857,-39.1294]],[[176.8593,-39.4818],[176.8778,-39.4827],[176.8774,-39.4847],[176.8591,-39.4839],[176.8593,-39.4818]]]]},"properties":{"iso3":"NZL","shapeId":"40311993B4436499338527","regionId":"NZL.6_1","name":"Hawke's Bay"}},{"type":"Feature","geometry":{"type":"Polygon","coordinates":[[[174.6149,-38.7071],[174.5931,-38.8172],[174.4381,-38.9633],[174.3646,-38.9926],[174.2007,-38.9884],[174.0889,-39.0512],[174.0293,-39.0545],[174.0038,-39.0854],[173.7916,-39.1929],[173.7516,-39.281],[173.7932,-39.4128],[173.9109,-39.519],[173.9871,-39.5542],[174.2016,-39.5881],[174.2979,-39.6265],[174.4185,-39.7323],[174.5589,-39.8174],[174.7618,-39.8661],[174.7838,-39.8579],[174.7663,-39.8529],[174.8032,-39.8029],[174.9181,-39.7492],[174.9301,-39.6833],[174.988,-39.6654],[174.9676,-39.6053],[174.9917,-39.5401],[174.97,-39.5243],[174.967,-39.4848],[174.9285,-39.4762],[174.8845,-39.4354],[174.8659,-39.3893],[174.8917,-39.3582],[174.8229,-39.334],[174.7831,-39.2876],[174.7566,-39.2899],[174.752,-39.2251],[174.7,-39.2057],[174.702,-39.1489],[174.6752,-39.1302],[174.7416,-39.0767],[174.7575,-39.088],[174.7925,-39.0636],[174.7657,-38.9878],[174.7996,-38.9712],[174.7809,-38.9602],[174.7846,-38.9214],[174.8321,-38.9151],[174.7866,-38.821],[174.8629,-38.7746],[174.7943,-38.7311],[174.7561,-38.745],[174.6537,-38.7331],[174.6169,-38.7229],[174.6149,-38.7071]]]},"properties":{"iso3":"NZL","shapeId":"40311993B7212192632593","regionId":"NZL.15_1","name":"Taranaki"}},{"type":"Feature","geometry":{"type":"Polygon","coordinates":[[[174.8629,-38.7746],[174.7866,-38.821],[174.8321,-38.9151],[174.7846,-38.9214],[174.7809,-38.9602],[174.7996,-38.9712],[174.7657,-38.9878],[174.7925,-39.0636],[174.7575,-39.088],[174.7416,-39.0767],[174.6752,-39.1302],[174.702,-39.1489],[174.7,-39.2057],[174.752,-39.2251],[174.7566,-39.2899],[174.7831,-39.2876],[174.8229,-39.334],[174.8875,-39.3538],[174.8837,-39.3846],[174.8659,-39.3893],[174.8845,-39.4354],[174.9285,-39.4762],[174.967,-39.4848],[174.97,-39.5243],[174.9917,-39.5401],[174.9676,-39.6053],[174.988,-39.6654],[174.9301,-39.6833],[174.9181,-39.7492],[174.8032,-39.8029],[174.7663,-39.8529],[174.9477,-39.9113],[175.1436,-40.0828],[175.1935,-40.1651],[175.2242,-40.2928],[175.2271,-40.398],[175.1929,-40.5597],[175.1365,-40.7003],[175.2065,-40.7321],[175.193,-40.7573],[175.2682,-40.7687],[175.3468,-40.7521],[175.3715,-40.7268],[175.4343,-40.7464],[175.4734,-40.6934],[175.6277,-40.7528],[175.6937,-40.7163],[175.6907,-40.6966],[175.7524,-40.6974],[175.7907,-40.7256],[175.7647,-40.7681],[175.8109,-40.7796],[175.8497,-40.7614],[175.8716,-40.7779],[175.9099,-40.7509],[175.935,-40.7668],[175.9434,-40.7407],[176.0172,-40.7056],[176.082,-40.7157],[176.1032,-40.6729],[176.1625,-40.6822],[176.2113,-40.6592],[176.2855,-40.6979],[176.3328,-40.6979],[176.4673,-40.5753],[176.4932,-40.5307],[176.5595,-40.496],[176.6219,-40.4913],[176.6226,-40.428],[176.5873,-40.4313],[176.5588,-40.4072],[176.55,-40.4212],[176.4929,-40.4001],[176.4403,-40.4067],[176.3706,-40.3586],[176.4058,-40.333],[176.3889,-40.323],[176.3992,-40.2849],[176.3781,-40.2725],[176.3587,-40.1979],[176.3787,-40.1581],[176.3132,-40.1239],[176.3209,-40.0856],[176.2638,-40.0627],[176.2388,-40.0273],[176.1543,-40.0122],[176.1366,-40.0286],[176.0938,-39.9955],[176.1211,-39.9624],[176.1068,-39.9171],[176.1261,-39.9048],[176.1172,-39.8868],[176.1769,-39.744],[176.1691,-39.7179],[176.2009,-39.673],[176.1651,-39.6487],[176.179,-39.6053],[176.1425,-39.5799],[176.1939,-39.5045],[176.1369,-39.4759],[176.144,-39.4485],[176.1214,-39.4344],[176.1112,-39.3844],[176.0429,-39.381],[176.1218,-39.3271],[176.0807,-39.26],[176.1155,-39.2188],[176.075,-39.2109],[176.1029,-39.1766],[176.0857,-39.1294],[176.0231,-39.0829],[175.9888,-39.1159],[175.9642,-39.18],[175.886,-39.2059],[175.8927,-39.2236],[175.8547,-39.2444],[175.8681,-39.263],[175.8126,-39.3003],[175.5579,-39.276],[175.6347,-39.1584],[175.6478,-39.1001],[175.6187,-39.0826],[175.6136,-39.0506],[175.6358,-39.0453],[175.682,-38.9797],[175.5626,-38.9868],[175.5539,-38.9557],[175.58,-38.9107],[175.5447,-38.8645],[175.5772,-38.8232],[175.5186,-38.7554],[175.5796,-38.6818],[175.5759,-38.6499],[175.6325,-38.5916],[175.6122,-38.4876],[175.5655,-38.4945],[175.5382,-38.4703],[175.4596,-38.4843],[175.3835,-38.5418],[175.3778,-38.5727],[175.3355,-38.5815],[175.3247,-38.5514],[175.3019,-38.5992],[175.2851,-38.588],[175.2224,-38.6365],[175.1164,-38.6219],[175.0005,-38.6663],[174.9567,-38.6647],[174.9643,-38.6968],[174.9378,-38.7502],[174.8629,-38.7746]]]},"properties":{"iso3":"NZL","shapeId":"40311993B31372788647917","regionId":"NZL.7_1","name":"Manawatu-Wanganui"}},{"type":"Feature","geometry":{"type":"MultiPolygon","coordinates":[[[[174.7745,-41.3487],[174.7721,-41.3499],[174.7734,-41.3504],[174.7745,-41.3487]]],[[[174.8713,-41.293],[174.8714,-41.2949],[174.8726,-41.2936],[174.8713,-41.293]]],[[[174.8653,-41.2528],[174.8621,-41.2597],[174.8661,-41.262],[174.868,-41.2601],[174.8678,-41.2562],[174.8653,-41.2528]]],[[[174.7822,-41.0778],[174.773,-41.0976],[174.7896,-41.0904],[174.7822,-41.0778]]],[[[174.9387,-40.8202],[174.8688,-40.8862],[174.9351,-40.8534],[174.9544,-40.8287],[174.9387,-40.8202]]],[[[175.1365,-40.7003],[175.0631,-40.8243],[174.9834,-40.8847],[174.948,-40.9898],[174.8463,-41.0499],[174.8393,-41.0642],[174.8672,-41.0867],[174.8587,-41.1157],[174.8373,-41.1247],[174.8629,-41.1031],[174.8496,-41.0887],[174.8048,-41.1112],[174.7142,-41.2192],[174.6645,-41.2468],[174.6448,-41.2381],[174.6133,-41.2855],[174.6599,-41.3408],[174.7155,-41.3625],[174.7915,-41.3468],[174.7986,-41.3286],[174.8208,-41.3449],[174.839,-41.3277],[174.8342,-41.289],[174.8016,-41.3156],[174.8041,-41.2861],[174.7794,-41.288],[174.786,-41.2652],[174.8576,-41.2248],[174.9011,-41.2367],[174.9063,-41.2818],[174.8479,-41.3594],[174.8747,-41.384],[174.8686,-41.4097],[174.9192,-41.4368],[175.0455,-41.3733],[175.1965,-41.4189],[175.2213,-41.453],[175.1949,-41.5267],[175.2176,-41.5403],[175.2367,-41.6077],[175.2906,-41.6135],[175.3661,-41.5716],[175.4316,-41.5724],[175.5344,-41.4955],[175.5852,-41.4874],[175.6744,-41.4143],[175.8107,-41.3605],[175.8629,-41.317],[175.8827,-41.2742],[175.9629,-41.2448],[176.0035,-41.1715],[176.0632,-41.13],[176.146,-40.9572],[176.23,-40.9037],[176.2199,-40.8862],[176.2672,-40.7849],[176.3328,-40.6979],[176.2855,-40.6979],[176.2113,-40.6592],[176.1625,-40.6822],[176.1032,-40.6729],[176.082,-40.7157],[176.0172,-40.7056],[175.9434,-40.7407],[175.935,-40.7668],[175.9099,-40.7509],[175.8716,-40.7779],[175.8269,-40.7609],[175.8109,-40.7796],[175.7647,-40.7681],[175.7907,-40.7256],[175.7701,-40.6989],[175.6907,-40.6966],[175.6937,-40.7163],[175.6277,-40.7528],[175.4734,-40.6934],[175.4343,-40.7464],[175.3715,-40.7268],[175.3468,-40.7521],[175.2682,-40.7687],[175.193,-40.7573],[175.2065,-40.7321],[175.1365,-40.7003]],[[174.8908,-41.087],[174.9132,-41.1033],[174.87,-41.1039],[174.8908,-41.087]]]]},"properties":{"iso3":"NZL","shapeId":"40311993B14632257030086","regionId":"NZL.18_1","name":"Wellington"}},{"type":"Feature","geometry":{"type":"MultiPolygon","coordinates":[[[[168.8782,-43.8613],[168.874,-43.8633],[168.8771,-43.8631],[168.8782,-43.8613]]],[[[168.8834,-43.8593],[168.8797,-43.8612],[168.8825,-43.862],[168.8874,-43.8598],[168.8834,-43.8593]]],[[[170.1935,-43.2094],[170.1917,-43.2088],[170.1911,-43.2115],[170.1935,-43.2094]]],[[[170.1881,-43.2138],[170.1885,-43.2092],[170.1848,-43.207],[170.1695,-43.218],[170.1692,-43.2201],[170.1728,-43.2213],[170.1786,-43.2209],[170.1857,-43.2176],[170.1881,-43.2138]]],[[[170.1965,-43.1998],[170.1957,-43.1984],[170.1944,-43.2017],[170.1963,-43.2016],[170.1965,-43.1998]]],[[[170.219,-43.1814],[170.2205,-43.1801],[170.2179,-43.1805],[170.219,-43.1814]]],[[[170.2158,-43.177],[170.2132,-43.1797],[170.2173,-43.1789],[170.2158,-43.177]]],[[[170.2402,-43.1657],[170.2223,-43.1769],[170.2528,-43.1631],[170.2402,-43.1657]]],[[[171.3678,-42.0337],[171.367,-42.0307],[171.3658,-42.0333],[171.3678,-42.0337]]],[[[172.1034,-41.2608],[172.1041,-41.2567],[172.1027,-41.2578],[172.1034,-41.2608]]],[[[172.0976,-41.2482],[172.0951,-41.2559],[172.0951,-41.2663],[172.096,-41.2603],[172.0997,-41.256],[172.0994,-41.2493],[172.0976,-41.2482]]],[[[172.479,-42.277],[172.4536,-42.2748],[172.4309,-42.3056],[172.3479,-42.2767],[172.3335,-42.1491],[172.2515,-42.1503],[172.2067,-42.0983],[172.1352,-42.104],[172.1049,-42.0489],[172.12,-42.0146],[172.081,-42.0077],[172.0506,-41.9519],[172.0774,-41.9205],[172.0654,-41.8944],[172.1157,-41.8684],[172.1163,-41.7892],[172.0973,-41.7743],[172.1271,-41.716],[172.2134,-41.689],[172.2514,-41.7027],[172.2374,-41.6402],[172.291,-41.6348],[172.3276,-41.6035],[172.343,-41.5115],[172.4189,-41.4706],[172.4311,-41.429],[172.4161,-41.4124],[172.4612,-41.3944],[172.5124,-41.4128],[172.5843,-41.3763],[172.6003,-41.3009],[172.5746,-41.258],[172.6579,-41.2392],[172.6921,-41.2],[172.6289,-41.1948],[172.6185,-41.1604],[172.492,-41.0647],[172.4914,-41.0226],[172.3825,-41.0226],[172.3503,-41.0634],[172.3248,-41.0595],[172.3337,-41.035],[172.3109,-41.0112],[172.3863,-40.9493],[172.2976,-40.9225],[172.29,-40.8777],[172.2625,-40.859],[172.2337,-40.8691],[172.2488,-40.8069],[172.2178,-40.7745],[172.1339,-40.8503],[172.0929,-40.9147],[172.1117,-41.0269],[172.0981,-41.2399],[172.1316,-41.2607],[172.1049,-41.2581],[172.1005,-41.2897],[172.0916,-41.2761],[172.0608,-41.3882],[171.9864,-41.4456],[171.8582,-41.6244],[171.7054,-41.7247],[171.6547,-41.742],[171.5894,-41.727],[171.5951,-41.7664],[171.5769,-41.7494],[171.5871,-41.7274],[171.5501,-41.7501],[171.4593,-41.7528],[171.4553,-41.885],[171.4176,-41.9182],[171.3916,-42.0214],[171.3656,-42.0349],[171.3605,-42.0722],[171.3258,-42.114],[171.3062,-42.26],[171.2805,-42.3131],[171.2186,-42.3797],[171.1638,-42.5142],[171.0964,-42.6028],[170.9477,-42.7235],[170.8596,-42.8309],[170.7208,-42.9302],[170.5945,-42.9934],[170.4582,-43.0228],[170.3489,-43.0937],[170.2601,-43.1081],[170.1664,-43.2184],[170.2127,-43.1898],[170.224,-43.1553],[170.2575,-43.1565],[170.2727,-43.1763],[170.2267,-43.1937],[170.2054,-43.2265],[170.1341,-43.2306],[169.974,-43.3624],[169.7937,-43.4214],[169.6897,-43.5446],[169.6492,-43.5535],[169.6086,-43.5921],[169.5706,-43.6024],[169.5549,-43.5863],[169.501,-43.6271],[169.3707,-43.643],[169.3462,-43.6701],[169.1528,-43.7514],[169.0168,-43.8535],[168.887,-43.9062],[168.8048,-43.9719],[168.6495,-43.9955],[168.6154,-43.9769],[168.6169,-43.9578],[168.513,-44.0018],[168.3668,-44.0087],[168.3264,-44.0509],[168.3258,-44.084],[168.2855,-44.1026],[168.2514,-44.1542],[168.0521,-44.2586],[168.1577,-44.2822],[168.2503,-44.2551],[168.3454,-44.2821],[168.3482,-44.3291],[168.3814,-44.3381],[168.3684,-44.3545],[168.4117,-44.3637],[168.3518,-44.4042],[168.3661,-44.4244],[168.3345,-44.4968],[168.4609,-44.4954],[168.5235,-44.4604],[168.5861,-44.4538],[168.6867,-44.3919],[168.7433,-44.4207],[168.7534,-44.3922],[168.8323,-44.3508],[168.8494,-44.2461],[168.9109,-44.2098],[168.9592,-44.2058],[168.9652,-44.1738],[168.9874,-44.1689],[168.9751,-44.144],[169.0159,-44.1308],[169.0134,-44.1148],[169.1459,-44.0799],[169.1597,-44.1049],[169.2573,-44.1081],[169.309,-44.0606],[169.3387,-44.1025],[169.3871,-44.1187],[169.4626,-44.0593],[169.579,-44.0341],[169.5928,-43.9581],[169.72,-43.9599],[169.8584,-43.837],[169.9727,-43.7873],[169.9788,-43.7471],[170.0305,-43.7232],[170.0285,-43.6908],[170.0951,-43.6556],[170.0932,-43.5996],[170.1398,-43.5894],[170.2382,-43.5139],[170.3287,-43.4816],[170.3566,-43.5063],[170.395,-43.4982],[170.53,-43.4099],[170.6151,-43.4319],[170.6566,-43.3869],[170.6467,-43.3693],[170.7161,-43.3432],[170.7053,-43.3188],[170.7598,-43.3183],[170.8603,-43.2814],[170.8731,-43.2458],[170.9287,-43.2065],[170.9482,-43.206],[170.9485,-43.2273],[170.9917,-43.2176],[171.0793,-43.1023],[171.1073,-43.1113],[171.1164,-43.0863],[171.2196,-43.0647],[171.2377,-43.0025],[171.3142,-42.9481],[171.3622,-42.9372],[171.3932,-42.9426],[171.396,-42.9593],[171.4375,-42.9357],[171.4423,-42.9137],[171.491,-42.8959],[171.5172,-42.9142],[171.6652,-42.8863],[171.7101,-42.9038],[171.7464,-42.8741],[171.733,-42.8534],[171.7627,-42.8371],[171.764,-42.7915],[171.8126,-42.79],[171.8844,-42.7497],[171.8851,-42.7187],[171.9257,-42.6664],[171.9742,-42.6392],[172.0939,-42.6209],[172.1085,-42.5805],[172.1783,-42.5355],[172.2357,-42.4565],[172.2788,-42.4499],[172.3472,-42.3918],[172.4436,-42.3668],[172.479,-42.277]],[[170.3539,-43.0931],[170.3854,-43.0881],[170.3884,-43.1101],[170.3697,-43.1071],[170.3806,-43.0928],[170.3235,-43.1034],[170.3539,-43.0931]]]]},"properties":{"iso3":"NZL","shapeId":"40311993B79805700367517","regionId":"NZL.19_1","name":"West Coast"}},{"type":"Feature","geometry":{"type":"MultiPolygon","coordinates":[[[[172.6916,-43.6229],[172.683,-43.6273],[172.6833,-43.6302],[172.6858,-43.6304],[172.6892,-43.6333],[172.6915,-43.6328],[172.6911,-43.6304],[172.6962,-43.6306],[172.6967,-43.6317],[172.7006,-43.6285],[172.6926,-43.6257],[172.6916,-43.6229]]],[[[169.6993,-43.9635],[169.7194,-44.0367],[169.686,-44.0419],[169.6058,-44.1585],[169.5432,-44.2078],[169.5806,-44.2523],[169.5788,-44.3401],[169.5425,-44.4486],[169.6419,-44.4664],[169.6343,-44.5018],[169.6634,-44.5372],[169.641,-44.596],[169.7085,-44.601],[169.7306,-44.5651],[169.7549,-44.6389],[169.8056,-44.6613],[169.8362,-44.6689],[169.8913,-44.6443],[169.9442,-44.654],[169.9978,-44.8247],[170.0638,-44.8836],[170.0819,-44.9121],[170.0687,-44.9232],[170.1113,-44.9469],[170.1645,-44.946],[170.35,-44.9077],[170.3491,-44.9431],[170.3734,-44.9524],[170.3473,-44.9896],[170.3494,-45.0217],[170.3978,-45.0809],[170.481,-45.0473],[170.5794,-44.9655],[170.6146,-44.9667],[170.6369,-44.9513],[170.6375,-44.9178],[170.6806,-44.9049],[170.8824,-44.891],[171.1442,-44.9404],[171.1741,-44.8292],[171.1629,-44.6028],[171.1959,-44.5247],[171.2616,-44.4433],[171.2683,-44.3863],[171.2449,-44.3815],[171.4471,-44.2188],[172.0134,-43.9642],[172.3166,-43.8671],[172.7293,-43.827],[172.745,-43.8538],[172.7854,-43.8505],[172.7821,-43.8681],[172.8223,-43.8592],[172.8123,-43.88],[172.8402,-43.8755],[172.8266,-43.8885],[172.8571,-43.8765],[172.8683,-43.8945],[172.9304,-43.9017],[172.9493,-43.8954],[172.9124,-43.8626],[172.9032,-43.8227],[172.9252,-43.7961],[172.9103,-43.7622],[172.9278,-43.7766],[172.9327,-43.7505],[172.9629,-43.7648],[172.9487,-43.7745],[172.9662,-43.7842],[172.9425,-43.7877],[172.9675,-43.7996],[172.9389,-43.8537],[172.9686,-43.8869],[173.0374,-43.8727],[173.0573,-43.8376],[173.0784,-43.853],[173.1026,-43.8333],[173.0961,-43.8076],[173.1132,-43.799],[173.1084,-43.7747],[173.1273,-43.7765],[173.1294,-43.747],[173.0926,-43.7395],[173.1183,-43.7271],[173.0988,-43.72],[173.1073,-43.7004],[173.0868,-43.6829],[173.0762,-43.6993],[173.0564,-43.6917],[173.0731,-43.6753],[173.0348,-43.6623],[173.0472,-43.6514],[172.9934,-43.6756],[172.9992,-43.6449],[172.9781,-43.6332],[172.9608,-43.6483],[172.932,-43.6229],[172.8949,-43.689],[172.8848,-43.6718],[172.9114,-43.624],[172.8808,-43.6246],[172.8605,-43.6026],[172.8219,-43.6633],[172.8252,-43.6041],[172.7547,-43.6212],[172.7497,-43.6386],[172.7435,-43.6221],[172.7199,-43.6242],[172.6993,-43.6561],[172.6818,-43.6365],[172.6607,-43.6674],[172.6683,-43.6309],[172.65,-43.6406],[172.654,-43.6199],[172.8081,-43.5873],[172.7028,-43.5545],[172.7272,-43.5252],[172.7564,-43.5614],[172.71,-43.391],[172.701,-43.4186],[172.7398,-43.2415],[172.8169,-43.1333],[173.0439,-43.0467],[173.0806,-43.0507],[173.1397,-42.9896],[173.2395,-42.9543],[173.3187,-42.8844],[173.3132,-42.8521],[173.3684,-42.7988],[173.4785,-42.5918],[173.5172,-42.5557],[173.5023,-42.5264],[173.5288,-42.4786],[173.6127,-42.4222],[173.7162,-42.4244],[173.6816,-42.398],[173.6951,-42.354],[173.7486,-42.3211],[173.7616,-42.2846],[173.9398,-42.1622],[173.9243,-42.1303],[173.9379,-42.0831],[174.0634,-41.9347],[173.9771,-41.9334],[173.959,-41.9085],[173.8173,-41.933],[173.7894,-41.9582],[173.7621,-41.9119],[173.7368,-41.9113],[173.7142,-41.9405],[173.7202,-41.9608],[173.6381,-42.0094],[173.6097,-42.0045],[173.5468,-42.0698],[173.4991,-42.0787],[173.4865,-42.1104],[173.463,-42.1178],[173.4843,-42.1813],[173.464,-42.1798],[173.437,-42.2142],[173.2965,-42.248],[173.2959,-42.2658],[173.1832,-42.3368],[173.2433,-42.3561],[173.2238,-42.3567],[173.1523,-42.4496],[173.1063,-42.4477],[173.0542,-42.4881],[173.0145,-42.4463],[172.9695,-42.4487],[173.0029,-42.3933],[172.9414,-42.3778],[172.915,-42.3093],[172.847,-42.3081],[172.8635,-42.2562],[172.8266,-42.2482],[172.8321,-42.1845],[172.8069,-42.1895],[172.7938,-42.1617],[172.7292,-42.1654],[172.7177,-42.1016],[172.691,-42.1066],[172.6784,-42.0879],[172.6362,-42.102],[172.6409,-42.1329],[172.6097,-42.1658],[172.6161,-42.1943],[172.4784,-42.273],[172.4436,-42.3668],[172.3472,-42.3918],[172.2788,-42.4499],[172.2357,-42.4565],[172.1783,-42.5355],[172.1085,-42.5805],[172.0939,-42.6209],[171.9742,-42.6392],[171.9257,-42.6664],[171.8851,-42.7187],[171.8844,-42.7497],[171.8126,-42.79],[171.764,-42.7915],[171.7627,-42.8371],[171.733,-42.8534],[171.7464,-42.8741],[171.7101,-42.9038],[171.6652,-42.8863],[171.5172,-42.9142],[171.491,-42.8959],[171.4423,-42.9137],[171.4375,-42.9357],[171.396,-42.9593],[171.3932,-42.9426],[171.3622,-42.9372],[171.3142,-42.9481],[171.2377,-43.0025],[171.2196,-43.0647],[171.1164,-43.0863],[171.1073,-43.1113],[171.0793,-43.1023],[170.9917,-43.2176],[170.9485,-43.2273],[170.9482,-43.206],[170.9287,-43.2065],[170.8731,-43.2458],[170.8603,-43.2814],[170.7598,-43.3183],[170.7053,-43.3188],[170.7161,-43.3432],[170.6467,-43.3693],[170.6566,-43.3869],[170.6151,-43.4319],[170.53,-43.4099],[170.395,-43.4982],[170.3566,-43.5063],[170.3287,-43.4816],[170.2382,-43.5139],[170.1398,-43.5894],[170.0932,-43.5996],[170.0951,-43.6556],[170.0285,-43.6908],[170.0305,-43.7232],[169.9788,-43.7471],[169.9727,-43.7873],[169.8584,-43.837],[169.8379,-43.8666],[169.7709,-43.8993],[169.7583,-43.9337],[169.6993,-43.9635]]]]},"properties":{"iso3":"NZL","shapeId":"40311993B76352407092523","regionId":"NZL.3_1","name":"Canterbury"}},{"type":"Feature","geometry":{"type":"MultiPolygon","coordinates":[[[[169.6832,-46.4816],[169.682,-46.4822],[169.6837,-46.4836],[169.6853,-46.4825],[169.6832,-46.4816]]],[[[170.7156,-45.8794],[170.7137,-45.8796],[170.7159,-45.8807],[170.7156,-45.8794]]],[[[170.632,-45.826],[170.6288,-45.8271],[170.6331,-45.8285],[170.6323,-45.8304],[170.6355,-45.8311],[170.6377,-45.8292],[170.632,-45.826]]],[[[170.6267,-45.8226],[170.6254,-45.8245],[170.6271,-45.826],[170.6267,-45.8226]]],[[[168.3345,-44.4968],[168.2897,-44.4964],[168.2346,-44.543],[168.2369,-44.5758],[168.185,-44.6461],[168.1925,-44.6807],[168.1692,-44.7213],[168.1819,-44.7452],[168.2053,-44.7463],[168.1676,-44.8283],[168.1274,-44.8286],[168.1164,-44.8783],[168.131,-44.938],[168.1746,-44.981],[168.2357,-45.0243],[168.3097,-45.026],[168.2914,-45.0405],[168.2842,-45.1062],[168.217,-45.1444],[168.2394,-45.1544],[168.2515,-45.1995],[168.2996,-45.2212],[168.2882,-45.2449],[168.3233,-45.3275],[168.5394,-45.3093],[168.6741,-45.2431],[168.6922,-45.3397],[168.7747,-45.3652],[168.7787,-45.4366],[168.8252,-45.4461],[168.854,-45.4321],[168.8869,-45.4628],[168.9596,-45.3591],[169.0677,-45.269],[169.0993,-45.3199],[169.1482,-45.3388],[169.1707,-45.3805],[169.2093,-45.4024],[169.1996,-45.4343],[169.1472,-45.4506],[169.1303,-45.5248],[169.0587,-45.6411],[169.0247,-45.6596],[168.9934,-45.7285],[169.0035,-45.7958],[169.0289,-45.8089],[169.0052,-45.8635],[169.0566,-45.8501],[169.0991,-45.8844],[169.0734,-45.9247],[169.0997,-45.948],[169.0666,-45.9853],[169.0727,-46.0016],[169.1278,-46.0031],[169.0796,-46.0083],[169.1035,-46.036],[169.1533,-46.0487],[169.1579,-46.0684],[169.1356,-46.0854],[169.1633,-46.0958],[169.1632,-46.1171],[169.1298,-46.1478],[169.161,-46.1522],[169.167,-46.1919],[169.1983,-46.2004],[169.1769,-46.2857],[169.1969,-46.3043],[169.1774,-46.3219],[169.1908,-46.3264],[169.1341,-46.3754],[169.196,-46.4044],[169.1968,-46.4388],[169.1614,-46.4669],[169.173,-46.4861],[169.2499,-46.5127],[169.2256,-46.5498],[169.1905,-46.5569],[169.2649,-46.5859],[169.2654,-46.6157],[169.3109,-46.6342],[169.3601,-46.6373],[169.3555,-46.6213],[169.38,-46.6069],[169.435,-46.6146],[169.4474,-46.6062],[169.4326,-46.5924],[169.4768,-46.5611],[169.5627,-46.5613],[169.5851,-46.5783],[169.6169,-46.5403],[169.6978,-46.5204],[169.7229,-46.4903],[169.7051,-46.4734],[169.6143,-46.4815],[169.6397,-46.4684],[169.7534,-46.4832],[169.7811,-46.4525],[169.8191,-46.4498],[169.7803,-46.3976],[169.7981,-46.3547],[170.1709,-46.1531],[170.2003,-46.0919],[170.1923,-46.0527],[170.2124,-46.0516],[170.2975,-45.9624],[170.4982,-45.9107],[170.6631,-45.9038],[170.6872,-45.892],[170.6606,-45.851],[170.6867,-45.8621],[170.6805,-45.8813],[170.7479,-45.8729],[170.7485,-45.8459],[170.6802,-45.8462],[170.7323,-45.845],[170.7509,-45.8046],[170.7283,-45.7722],[170.721,-45.7982],[170.6692,-45.8145],[170.6719,-45.8331],[170.6424,-45.8243],[170.6511,-45.8393],[170.6027,-45.8453],[170.5968,-45.8696],[170.5072,-45.8872],[170.5677,-45.862],[170.6055,-45.8208],[170.6184,-45.8275],[170.6285,-45.7964],[170.7178,-45.7866],[170.6922,-45.7554],[170.6613,-45.7602],[170.6385,-45.7385],[170.6261,-45.7632],[170.618,-45.7342],[170.5695,-45.7457],[170.5712,-45.7219],[170.5896,-45.7126],[170.6021,-45.7281],[170.6101,-45.6965],[170.6743,-45.6402],[170.646,-45.6217],[170.6629,-45.6399],[170.6741,-45.5984],[170.7072,-45.6114],[170.7545,-45.5338],[170.8313,-45.4734],[170.8096,-45.4567],[170.8186,-45.4237],[170.8689,-45.3899],[170.8631,-45.3575],[170.8359,-45.3593],[170.8242,-45.3271],[170.8642,-45.2384],[170.9191,-45.1572],[170.9826,-45.1214],[170.9797,-45.0922],[171.0816,-45.0208],[171.1442,-44.9404],[170.8824,-44.891],[170.6806,-44.9049],[170.6375,-44.9178],[170.6369,-44.9513],[170.6146,-44.9667],[170.5794,-44.9655],[170.481,-45.0473],[170.3978,-45.0809],[170.3494,-45.0217],[170.3473,-44.9896],[170.3734,-44.9524],[170.3491,-44.9431],[170.35,-44.9077],[170.1645,-44.946],[170.1113,-44.9469],[170.0687,-44.9232],[170.0819,-44.9121],[170.0638,-44.8836],[169.9978,-44.8247],[169.9442,-44.654],[169.8913,-44.6443],[169.8362,-44.6689],[169.8056,-44.6613],[169.7549,-44.6389],[169.7306,-44.5651],[169.7085,-44.601],[169.641,-44.596],[169.6634,-44.5372],[169.6343,-44.5018],[169.6419,-44.4664],[169.5425,-44.4486],[169.5788,-44.3401],[169.5806,-44.2523],[169.5432,-44.2078],[169.6058,-44.1585],[169.686,-44.0419],[169.7194,-44.0367],[169.6919,-43.9579],[169.5928,-43.9581],[169.579,-44.0341],[169.4626,-44.0593],[169.3871,-44.1187],[169.3387,-44.1025],[169.309,-44.0606],[169.2573,-44.1081],[169.1597,-44.1049],[169.1459,-44.0799],[169.0134,-44.1148],[169.0159,-44.1308],[168.9751,-44.144],[168.9874,-44.1689],[168.9652,-44.1738],[168.9592,-44.2058],[168.9109,-44.2098],[168.8494,-44.2461],[168.8323,-44.3508],[168.7534,-44.3922],[168.7433,-44.4207],[168.6867,-44.3919],[168.5861,-44.4538],[168.5235,-44.4604],[168.4609,-44.4954],[168.3345,-44.4968]],[[170.5791,-45.749],[170.5801,-45.7471],[170.586,-45.7548],[170.5842,-45.7555],[170.5821,-45.754],[170.5816,-45.7501],[170.5787,-45.7521],[170.5808,-45.7499],[170.5791,-45.749]],[[170.519,-45.8938],[170.5215,-45.891],[170.5283,-45.8925],[170.519,-45.8938]]]]},"properties":{"iso3":"NZL","shapeId":"40311993B75469314212010","regionId":"NZL.12_1","name":"Otago"}},{"type":"Feature","geometry":{"type":"MultiPolygon","coordinates":[[[[167.3904,-47.2669],[167.3886,-47.2669],[167.3892,-47.2682],[167.3904,-47.2669]]],[[[167.3959,-47.2641],[167.391,-47.2647],[167.3911,-47.2688],[167.3935,-47.2705],[167.3996,-47.2684],[167.3995,-47.2654],[167.3959,-47.2641]]],[[[167.4185,-47.2495],[167.4168,-47.2499],[167.4197,-47.2503],[167.4185,-47.2495]]],[[[167.6087,-47.2557],[167.6071,-47.2547],[167.6068,-47.2557],[167.6087,-47.2557]]],[[[167.5931,-47.2522],[167.5939,-47.2502],[167.5918,-47.2513],[167.5931,-47.2522]]],[[[167.349,-47.2316],[167.3469,-47.2312],[167.3464,-47.2334],[167.3484,-47.2335],[167.349,-47.2316]]],[[[167.3673,-47.2274],[167.3653,-47.2288],[167.3679,-47.2286],[167.3673,-47.2274]]],[[[167.3636,-47.2266],[167.3629,-47.228],[167.3602,-47.2276],[167.3612,-47.2302],[167.3637,-47.2289],[167.3636,-47.2266]]],[[[167.3732,-47.2277],[167.374,-47.2264],[167.3713,-47.2255],[167.3732,-47.2277]]],[[[167.6622,-47.2377],[167.6596,-47.2374],[167.657,-47.2397],[167.6581,-47.242],[167.6634,-47.2406],[167.6622,-47.2377]]],[[[167.3293,-47.2217],[167.3266,-47.2208],[167.3209,-47.2233],[167.3231,-47.2282],[167.3266,-47.2286],[167.3293,-47.2217]]],[[[167.4336,-47.2246],[167.3794,-47.2559],[167.4002,-47.2612],[167.4336,-47.2246]]],[[[167.4373,-47.224],[167.4346,-47.2239],[167.4394,-47.2251],[167.4373,-47.224]]],[[[167.3318,-47.2172],[167.326,-47.2184],[167.3296,-47.22],[167.3283,-47.2207],[167.3302,-47.222],[167.3342,-47.2185],[167.3312,-47.2188],[167.3318,-47.2172]]],[[[167.4369,-47.2189],[167.4335,-47.2186],[167.4289,-47.2214],[167.4385,-47.2228],[167.4407,-47.2204],[167.4369,-47.2189]]],[[[167.3901,-47.2104],[167.3884,-47.2092],[167.3878,-47.2112],[167.386,-47.2095],[167.3842,-47.2122],[167.3792,-47.2125],[167.3794,-47.2164],[167.3783,-47.215],[167.3775,-47.2163],[167.3753,-47.2153],[167.3773,-47.2199],[167.3882,-47.2217],[167.3912,-47.2197],[167.3898,-47.2179],[167.3942,-47.2189],[167.3961,-47.2166],[167.399,-47.217],[167.3996,-47.215],[167.3969,-47.215],[167.3937,-47.2109],[167.3901,-47.2104]]],[[[167.4805,-47.2111],[167.4808,-47.2101],[167.4782,-47.2109],[167.4805,-47.2111]]],[[[167.4841,-47.2076],[167.4818,-47.2078],[167.483,-47.2087],[167.4841,-47.2076]]],[[[167.455,-47.2013],[167.4503,-47.2018],[167.4503,-47.2035],[167.4539,-47.2043],[167.4562,-47.2025],[167.455,-47.2013]]],[[[167.6574,-47.2074],[167.6548,-47.2068],[167.6513,-47.2092],[167.6532,-47.2155],[167.6613,-47.2178],[167.6564,-47.2195],[167.6615,-47.2237],[167.669,-47.2241],[167.6674,-47.2215],[167.6692,-47.2194],[167.6677,-47.2171],[167.665,-47.2171],[167.6685,-47.2155],[167.6689,-47.2127],[167.6657,-47.2098],[167.6574,-47.2074]]],[[[167.6799,-47.1991],[167.6697,-47.1989],[167.6663,-47.2014],[167.668,-47.2023],[167.662,-47.2036],[167.661,-47.2057],[167.6701,-47.2068],[167.6703,-47.209],[167.6782,-47.2117],[167.6807,-47.2087],[167.6805,-47.2035],[167.6832,-47.2006],[167.6799,-47.1991]]],[[[167.5364,-47.1772],[167.5387,-47.1762],[167.5359,-47.1763],[167.5364,-47.1772]]],[[[167.7006,-47.1779],[167.7056,-47.2095],[167.7248,-47.1901],[167.7006,-47.1779]]],[[[167.568,-47.1545],[167.5603,-47.1562],[167.5602,-47.1604],[167.5629,-47.1601],[167.568,-47.1545]]],[[[167.7009,-47.1593],[167.6994,-47.1602],[167.7023,-47.1608],[167.7009,-47.1593]]],[[[167.4021,-47.1405],[167.4033,-47.1393],[167.401,-47.1381],[167.3987,-47.1418],[167.4021,-47.1405]]],[[[167.4173,-47.1379],[167.4141,-47.139],[167.4154,-47.1421],[167.418,-47.1402],[167.4173,-47.1379]]],[[[167.4066,-47.1395],[167.4073,-47.1367],[167.4033,-47.1399],[167.4029,-47.1428],[167.3985,-47.145],[167.4006,-47.145],[167.3988,-47.1502],[167.4027,-47.1522],[167.4026,-47.1556],[167.3982,-47.1578],[167.4017,-47.1576],[167.4022,-47.1592],[167.4025,-47.158],[167.4043,-47.1583],[167.4031,-47.1575],[167.4054,-47.156],[167.4039,-47.1555],[167.4068,-47.1501],[167.4102,-47.1489],[167.4091,-47.1455],[167.4066,-47.1458],[167.4095,-47.1436],[167.4066,-47.143],[167.4066,-47.1395]]],[[[167.5182,-47.139],[167.5179,-47.1375],[167.5144,-47.1392],[167.5153,-47.1402],[167.5182,-47.139]]],[[[167.5251,-47.1353],[167.5216,-47.1352],[167.5225,-47.1371],[167.52,-47.1387],[167.5262,-47.1387],[167.5312,-47.1365],[167.5305,-47.1352],[167.5251,-47.1353]]],[[[167.5697,-47.1318],[167.5693,-47.1306],[167.5669,-47.1317],[167.5646,-47.1346],[167.5657,-47.1357],[167.569,-47.1351],[167.5697,-47.1318]]],[[[167.539,-47.1292],[167.5347,-47.1299],[167.5402,-47.1303],[167.539,-47.1292]]],[[[167.9397,-47.137],[167.9381,-47.1369],[167.9402,-47.1382],[167.9397,-47.137]]],[[[167.5555,-47.1164],[167.552,-47.1174],[167.5492,-47.1222],[167.5535,-47.1222],[167.5523,-47.1212],[167.5556,-47.1197],[167.5555,-47.1164]]],[[[168.1511,-47.1214],[168.151,-47.1199],[168.1489,-47.1205],[168.1505,-47.122],[168.1492,-47.125],[168.1525,-47.1259],[168.1539,-47.1242],[168.1547,-47.1277],[168.1574,-47.1268],[168.1609,-47.128],[168.1605,-47.1249],[168.1566,-47.1229],[168.1534,-47.1235],[168.1511,-47.1214]]],[[[168.2073,-47.1144],[168.2048,-47.1146],[168.2042,-47.1168],[168.2068,-47.1175],[168.2059,-47.1199],[168.2086,-47.1201],[168.2112,-47.116],[168.2073,-47.1144]]],[[[168.2005,-47.1123],[168.1975,-47.1133],[168.2019,-47.1157],[168.203,-47.1141],[168.2005,-47.1123]]],[[[168.1978,-47.1088],[168.1979,-47.1103],[168.1997,-47.11],[168.1978,-47.1088]]],[[[168.2024,-47.1024],[168.1997,-47.102],[168.1965,-47.1046],[168.203,-47.1066],[168.2029,-47.1045],[168.2054,-47.1046],[168.2045,-47.1026],[168.2024,-47.1024]]],[[[168.2183,-47.0723],[168.2181,-47.0709],[168.2158,-47.0754],[168.2194,-47.0743],[168.2283,-47.0749],[168.2219,-47.072],[168.2183,-47.0723]]],[[[168.2183,-47.0595],[168.2134,-47.0607],[168.2177,-47.0619],[168.2183,-47.0595]]],[[[168.1358,-46.982],[168.138,-46.9846],[168.1384,-46.9821],[168.1358,-46.982]]],[[[167.6717,-46.9499],[167.6688,-46.9494],[167.6705,-46.9539],[167.6653,-46.9539],[167.6636,-46.9559],[167.6726,-46.9568],[167.6723,-46.9605],[167.6694,-46.9622],[167.6708,-46.9665],[167.6732,-46.9669],[167.6701,-46.9687],[167.6715,-46.9699],[167.6763,-46.9665],[167.6783,-46.9619],[167.6777,-46.9572],[167.6717,-46.9499]]],[[[168.1633,-46.9654],[168.1626,-46.9667],[168.1642,-46.9665],[168.1633,-46.9654]]],[[[168.1399,-46.9633],[168.1403,-46.9615],[168.1351,-46.9597],[168.1314,-46.9628],[168.1333,-46.9649],[168.1359,-46.9632],[168.1399,-46.9633]]],[[[167.6831,-46.9395],[167.6734,-46.94],[167.6744,-46.9421],[167.6648,-46.946],[167.6664,-46.9468],[167.665,-46.9477],[167.6719,-46.9484],[167.6806,-46.9462],[167.6831,-46.9395]]],[[[168.141,-46.9562],[168.1366,-46.9563],[168.1462,-46.9582],[168.141,-46.9562]]],[[[168.1436,-46.9518],[168.1419,-46.9512],[168.1418,-46.9526],[168.1479,-46.9543],[168.1436,-46.9518]]],[[[168.1283,-46.9519],[168.1252,-46.9498],[168.1247,-46.9518],[168.1281,-46.9533],[168.127,-46.9547],[168.1321,-46.9542],[168.1283,-46.9519]]],[[[168.1354,-46.9501],[168.1302,-46.9508],[168.1341,-46.9523],[168.1354,-46.9501]]],[[[168.1278,-46.9487],[168.1264,-46.9488],[168.1275,-46.9497],[168.1278,-46.9487]]],[[[168.1815,-46.948],[168.178,-46.9488],[168.1815,-46.9501],[168.1831,-46.9492],[168.1815,-46.948]]],[[[168.1253,-46.9249],[168.1092,-46.9267],[168.1561,-46.9366],[168.1253,-46.9249]]],[[[168.1541,-46.9106],[168.1464,-46.9112],[168.1473,-46.9157],[168.1548,-46.9199],[168.157,-46.9173],[168.1611,-46.9172],[168.1624,-46.9157],[168.1602,-46.9139],[168.1546,-46.9139],[168.1526,-46.9111],[168.1541,-46.9106]]],[[[168.002,-46.9013],[168.0005,-46.9018],[168.0021,-46.9028],[168.002,-46.9013]]],[[[168.1229,-46.9062],[168.1199,-46.9076],[168.1238,-46.908],[168.1229,-46.9062]]],[[[168.2417,-46.9021],[168.2279,-46.9137],[168.2506,-46.9152],[168.2417,-46.9021]]],[[[167.7514,-46.877],[167.7482,-46.8777],[167.7497,-46.8784],[167.7514,-46.877]]],[[[167.7481,-46.8748],[167.7464,-46.8752],[167.7484,-46.876],[167.75,-46.8748],[167.7481,-46.8748]]],[[[168.2684,-46.8693],[168.2693,-46.8665],[168.2675,-46.8654],[168.2668,-46.8681],[168.2684,-46.8693]]],[[[168.2658,-46.8672],[168.2636,-46.8645],[168.263,-46.8656],[168.2658,-46.8672]]],[[[168.2301,-46.864],[168.2293,-46.8628],[168.2248,-46.8649],[168.2215,-46.8686],[168.2274,-46.8673],[168.2312,-46.8691],[168.2301,-46.864]]],[[[168.211,-46.8465],[168.2087,-46.8464],[168.2066,-46.8507],[168.2098,-46.8514],[168.2132,-46.8492],[168.2164,-46.8504],[168.2165,-46.8467],[168.211,-46.8465]]],[[[168.2217,-46.829],[168.2184,-46.8277],[168.2155,-46.8288],[168.2155,-46.8393],[168.2189,-46.8418],[168.2214,-46.8393],[168.2194,-46.8344],[168.2217,-46.829]]],[[[168.2468,-46.8249],[168.2458,-46.8215],[168.2435,-46.8248],[168.2468,-46.8249]]],[[[168.2367,-46.8143],[168.2411,-46.8191],[168.2405,-46.8157],[168.2367,-46.8143]]],[[[168.4538,-46.82],[168.4508,-46.8208],[168.4495,-46.8233],[168.4527,-46.8227],[168.4538,-46.82]]],[[[168.4721,-46.817],[168.4725,-46.8159],[168.4709,-46.8164],[168.4721,-46.817]]],[[[168.5065,-46.8022],[168.5041,-46.8021],[168.5043,-46.8053],[168.5071,-46.8034],[168.5088,-46.8038],[168.5065,-46.8022]]],[[[168.5053,-46.8006],[168.5036,-46.8003],[168.5083,-46.8012],[168.5053,-46.8006]]],[[[168.4976,-46.794],[168.4956,-46.7929],[168.4952,-46.7941],[168.4976,-46.794]]],[[[167.5937,-46.7512],[167.591,-46.7522],[167.5938,-46.7524],[167.5937,-46.7512]]],[[[167.6142,-46.75],[167.5979,-46.7668],[167.6065,-46.7894],[167.663,-46.7835],[167.6607,-46.7653],[167.6142,-46.75]]],[[[168.556,-46.7884],[168.5574,-46.7864],[168.5547,-46.7874],[168.556,-46.7884]]],[[[168.4235,-46.7653],[168.4191,-46.766],[168.4194,-46.7691],[168.4271,-46.7712],[168.4269,-46.7681],[168.4235,-46.7653]]],[[[168.4665,-46.767],[168.4639,-46.7679],[168.4663,-46.7682],[168.4665,-46.767]]],[[[168.5762,-46.7647],[168.5739,-46.7637],[168.5664,-46.7677],[168.5664,-46.771],[168.5701,-46.7734],[168.5727,-46.7715],[168.5746,-46.7735],[168.5775,-46.7716],[168.5807,-46.7719],[168.5762,-46.7647]]],[[[168.5558,-46.7526],[168.5533,-46.7514],[168.5569,-46.7533],[168.5558,-46.7526]]],[[[168.5969,-46.7498],[168.5955,-46.7491],[168.5972,-46.7508],[168.5969,-46.7498]]],[[[167.7197,-46.7054],[167.7178,-46.7066],[167.7238,-46.7082],[167.7231,-46.7063],[167.7197,-46.7054]]],[[[167.7174,-46.7013],[167.7128,-46.7009],[167.7122,-46.7046],[167.7088,-46.7081],[167.7173,-46.705],[167.7192,-46.7021],[167.7174,-46.7013]]],[[[168.5347,-46.736],[168.5114,-46.7578],[168.4797,-46.7533],[168.4998,-46.7691],[168.4753,-46.7779],[168.5067,-46.7801],[168.5115,-46.7996],[168.5443,-46.7714],[168.5347,-46.736]]],[[[167.8697,-46.6842],[167.8338,-46.7031],[167.7865,-46.6874],[167.7196,-46.7143],[167.7039,-46.7545],[167.7191,-46.7853],[167.7002,-46.7958],[167.7509,-46.8483],[167.7707,-46.9229],[167.7333,-46.9574],[167.6692,-46.9773],[167.7004,-47.0033],[167.6919,-47.0338],[167.7284,-47.0528],[167.6205,-47.0417],[167.5597,-47.0906],[167.5676,-47.1131],[167.5903,-47.1139],[167.5549,-47.1556],[167.5727,-47.1477],[167.576,-47.1662],[167.4665,-47.2163],[167.4541,-47.2774],[167.4917,-47.2701],[167.4904,-47.2853],[167.5397,-47.2898],[167.5729,-47.2787],[167.5938,-47.2452],[167.6173,-47.2479],[167.6096,-47.2713],[167.6459,-47.2638],[167.6567,-47.2443],[167.6367,-47.2494],[167.6624,-47.2292],[167.6511,-47.2214],[167.6206,-47.2448],[167.5529,-47.2329],[167.6391,-47.2048],[167.598,-47.1961],[167.6746,-47.1943],[167.6606,-47.1656],[167.6864,-47.171],[167.6974,-47.1512],[167.7221,-47.1823],[167.7579,-47.1708],[167.8203,-47.1924],[167.8973,-47.1704],[167.9498,-47.1282],[167.9821,-47.1344],[167.9968,-47.1247],[167.9875,-47.1121],[168.0314,-47.1284],[168.071,-47.103],[168.1349,-47.1172],[168.0553,-47.0762],[168.1462,-47.1177],[168.1571,-47.1071],[168.141,-47.0782],[168.2203,-47.097],[168.1512,-47.0673],[168.1758,-47.0581],[168.1614,-47.0416],[168.2106,-47.0663],[168.1977,-47.0517],[168.2188,-47.0351],[168.2016,-47.028],[168.2293,-47.016],[168.209,-47.015],[168.2162,-46.9937],[168.1779,-46.9741],[168.1941,-46.9213],[168.1678,-46.9383],[168.1737,-46.9711],[168.1433,-46.9694],[168.1393,-46.9907],[168.075,-46.9914],[168.131,-46.9587],[168.0226,-46.9512],[168.0136,-46.9242],[167.8868,-46.9844],[167.9787,-46.9294],[167.9404,-46.8825],[168.0023,-46.8949],[167.9908,-46.8707],[168.0076,-46.8695],[168.0322,-46.8978],[168.0119,-46.9026],[168.0465,-46.9196],[168.0631,-46.9174],[168.042,-46.9023],[168.0684,-46.8951],[168.1404,-46.9122],[168.1639,-46.8958],[168.1308,-46.9002],[168.1501,-46.8797],[168.126,-46.8753],[168.1447,-46.8611],[168.0764,-46.8541],[168.0909,-46.832],[168.0045,-46.7904],[167.9775,-46.721],[167.8697,-46.6842]]],[[[168.4078,-46.6486],[168.4049,-46.6486],[168.4047,-46.6501],[168.4094,-46.6515],[168.4098,-46.653],[168.4117,-46.6521],[168.4151,-46.6532],[168.4136,-46.6507],[168.4078,-46.6486]]],[[[166.9044,-46.587],[166.9048,-46.5843],[166.9024,-46.5812],[166.9048,-46.5778],[166.903,-46.575],[166.8928,-46.5763],[166.894,-46.581],[166.9016,-46.5867],[166.9044,-46.587]]],[[[166.8516,-46.5685],[166.8497,-46.5703],[166.8525,-46.5715],[166.8539,-46.5696],[166.8516,-46.5685]]],[[[168.4336,-46.5786],[168.4307,-46.5788],[168.435,-46.5797],[168.4406,-46.5786],[168.4354,-46.5795],[168.4372,-46.5787],[168.4336,-46.5786]]],[[[168.4358,-46.5757],[168.4335,-46.576],[168.436,-46.577],[168.4357,-46.5783],[168.4408,-46.5782],[168.4482,-46.5819],[168.4571,-46.5804],[168.4491,-46.5804],[168.4463,-46.5788],[168.4617,-46.5802],[168.4563,-46.5784],[168.4689,-46.5818],[168.4576,-46.5782],[168.4484,-46.5786],[168.4358,-46.5757]]],[[[168.322,-46.569],[168.3181,-46.5688],[168.3147,-46.5744],[168.3202,-46.5724],[168.322,-46.569]]],[[[168.3916,-46.5697],[168.3959,-46.5644],[168.3857,-46.5709],[168.3916,-46.5697]]],[[[168.314,-46.5514],[168.3095,-46.5511],[168.3084,-46.5532],[168.3132,-46.5553],[168.314,-46.5514]]],[[[168.3507,-46.5429],[168.3498,-46.5418],[168.3476,-46.5445],[168.3507,-46.5429]]],[[[168.2215,-46.5153],[168.2197,-46.514],[168.2181,-46.5151],[168.2198,-46.5166],[168.2215,-46.5153]]],[[[167.8429,-46.4515],[167.8425,-46.4494],[167.8381,-46.4514],[167.835,-46.4537],[167.835,-46.456],[167.8429,-46.4573],[167.8433,-46.461],[167.847,-46.4605],[167.8471,-46.4623],[167.8494,-46.4605],[167.8548,-46.4599],[167.8539,-46.4553],[167.8429,-46.4515]]],[[[166.6788,-45.6004],[166.5829,-45.6115],[166.5532,-45.6493],[166.5382,-45.627],[166.4444,-45.7392],[166.5407,-45.6816],[166.5521,-45.6509],[166.5547,-45.6832],[166.5809,-45.6908],[166.5455,-45.6985],[166.5828,-45.6961],[166.5627,-45.7155],[166.6094,-45.7359],[166.5804,-45.7325],[166.5899,-45.7542],[166.6472,-45.7397],[166.6477,-45.7143],[166.663,-45.7521],[166.6854,-45.7479],[166.7237,-45.6983],[166.7166,-45.6247],[166.6788,-45.6004]]],[[[166.9624,-45.1478],[166.8688,-45.2406],[166.9473,-45.2941],[166.9931,-45.3007],[166.9867,-45.2557],[166.9493,-45.2031],[166.9707,-45.1661],[166.9624,-45.1478]]],[[[168.0521,-44.2586],[168.1196,-44.2909],[168.0904,-44.3312],[167.9942,-44.3286],[168.0179,-44.3839],[168.058,-44.4123],[168.0758,-44.5186],[168.0555,-44.511],[168.0022,-44.3372],[167.9871,-44.3779],[167.9313,-44.3901],[167.8156,-44.4957],[167.8308,-44.5282],[167.8172,-44.5991],[167.9131,-44.6234],[167.9287,-44.6719],[167.9128,-44.6711],[167.9286,-44.6828],[167.7825,-44.5721],[167.75,-44.581],[167.7381,-44.6034],[167.6333,-44.6421],[167.6632,-44.6848],[167.6134,-44.6599],[167.5653,-44.685],[167.5606,-44.7179],[167.6203,-44.7482],[167.6319,-44.7827],[167.5933,-44.7391],[167.5268,-44.7314],[167.4939,-44.7529],[167.548,-44.8022],[167.5003,-44.8528],[167.5312,-44.8816],[167.4892,-44.8467],[167.5385,-44.8011],[167.489,-44.7774],[167.4421,-44.776],[167.3553,-44.8247],[167.4073,-44.9314],[167.383,-44.9346],[167.4423,-44.9837],[167.4123,-44.9728],[167.3816,-44.9979],[167.403,-44.9626],[167.3575,-44.947],[167.3764,-44.9099],[167.3268,-44.8445],[167.2713,-44.8698],[167.2213,-44.9185],[167.2421,-44.928],[167.2116,-44.9268],[167.1973,-44.9625],[167.1461,-44.9755],[167.125,-45.0118],[167.0922,-45.026],[167.1051,-45.0332],[166.9742,-45.1384],[166.994,-45.166],[166.9672,-45.1925],[167.0113,-45.2801],[167.1106,-45.2768],[167.1715,-45.2497],[167.1435,-45.2778],[167.1914,-45.3199],[167.1239,-45.2826],[167.0343,-45.2932],[167.0074,-45.3145],[167.1096,-45.3871],[167.1397,-45.4411],[167.1204,-45.4585],[167.0568,-45.5067],[167.1156,-45.4313],[167.0688,-45.3628],[167.0373,-45.3543],[167.0189,-45.4152],[166.9822,-45.4058],[166.917,-45.4245],[167.0203,-45.4019],[166.9992,-45.3717],[167.0279,-45.352],[166.9693,-45.3211],[166.8972,-45.3441],[166.9502,-45.3176],[166.8444,-45.2759],[166.7934,-45.3254],[166.711,-45.4709],[166.7277,-45.503],[166.6879,-45.5065],[166.6723,-45.5756],[166.7419,-45.5792],[166.8072,-45.5474],[166.8708,-45.5432],[166.8636,-45.52],[166.8981,-45.5277],[167.0147,-45.4866],[166.8849,-45.5397],[166.8947,-45.5562],[166.9628,-45.5461],[166.9958,-45.5539],[166.9866,-45.5639],[166.8702,-45.5524],[166.7291,-45.5959],[166.7344,-45.6609],[166.9697,-45.6044],[166.938,-45.6307],[166.7514,-45.6679],[166.7284,-45.7274],[166.8228,-45.7044],[166.935,-45.7236],[166.9528,-45.6955],[166.9477,-45.7198],[166.9807,-45.7176],[166.8833,-45.738],[166.8377,-45.7636],[166.8563,-45.7746],[166.7804,-45.7618],[166.5709,-45.8164],[166.5961,-45.795],[166.4549,-45.8133],[166.4331,-45.8417],[166.4261,-45.9047],[166.4513,-45.9413],[166.4499,-45.9985],[166.4719,-46.0118],[166.4732,-45.9957],[166.5957,-45.9705],[166.7079,-45.8583],[166.6473,-45.949],[166.767,-45.9446],[166.7541,-45.9538],[166.7714,-45.968],[166.6189,-45.9875],[166.599,-46.0159],[166.609,-46.0529],[166.5854,-46.0356],[166.5675,-46.0892],[166.6151,-46.0601],[166.6453,-46.0833],[166.6736,-46.0518],[166.6879,-46.0641],[166.7249,-46.0181],[166.697,-46.0552],[166.7163,-46.0753],[166.739,-46.0384],[166.7384,-46.0592],[166.7651,-46.0514],[166.7352,-46.0194],[166.7864,-45.9867],[166.7747,-45.9779],[166.8503,-45.969],[166.9188,-45.9295],[166.8549,-45.9812],[166.7737,-46.0013],[166.7815,-46.046],[166.737,-46.064],[166.7329,-46.0908],[166.7247,-46.0715],[166.7081,-46.0917],[166.7162,-46.1112],[166.6188,-46.1434],[166.6086,-46.1577],[166.6504,-46.1741],[166.6443,-46.1945],[166.6614,-46.2045],[166.7652,-46.2145],[166.7803,-46.2308],[166.8732,-46.21],[167.0186,-46.2272],[167.1062,-46.2579],[167.2169,-46.2626],[167.2698,-46.2452],[167.3416,-46.2505],[167.3638,-46.2274],[167.3523,-46.1951],[167.3922,-46.1783],[167.4029,-46.1521],[167.519,-46.1567],[167.6114,-46.1913],[167.7223,-46.2662],[167.7299,-46.2988],[167.6865,-46.3219],[167.7305,-46.3346],[167.7358,-46.3648],[167.783,-46.3889],[167.8311,-46.3681],[167.8838,-46.3916],[167.8804,-46.3677],[167.9142,-46.357],[168.0372,-46.3842],[168.0221,-46.3599],[167.9593,-46.3402],[167.95,-46.3078],[167.9617,-46.3328],[168.0184,-46.3283],[168.0125,-46.355],[168.0848,-46.3387],[168.1567,-46.3614],[168.2745,-46.4982],[168.3043,-46.4947],[168.3031,-46.464],[168.267,-46.4604],[168.2684,-46.4417],[168.2711,-46.4598],[168.3183,-46.4558],[168.3117,-46.4295],[168.3401,-46.4179],[168.3768,-46.4851],[168.2945,-46.5082],[168.2974,-46.5332],[168.2778,-46.5401],[168.286,-46.5117],[168.2241,-46.5232],[168.2307,-46.5524],[168.2669,-46.5565],[168.2751,-46.5845],[168.3105,-46.594],[168.3303,-46.6251],[168.3602,-46.6119],[168.3062,-46.5883],[168.3006,-46.5481],[168.3499,-46.5356],[168.3742,-46.548],[168.3625,-46.5555],[168.378,-46.5741],[168.4503,-46.5603],[168.5295,-46.5918],[168.4176,-46.5711],[168.3676,-46.602],[168.5185,-46.6069],[168.592,-46.5864],[168.5659,-46.5921],[168.5896,-46.5833],[168.5483,-46.5572],[168.603,-46.5519],[168.7701,-46.5749],[168.8293,-46.6057],[168.8473,-46.6608],[169.0666,-46.6714],[169.1427,-46.6421],[169.1267,-46.6395],[169.1415,-46.6303],[169.1289,-46.603],[169.1706,-46.6237],[169.144,-46.6503],[169.2037,-46.662],[169.254,-46.6406],[169.2792,-46.6224],[169.2649,-46.5859],[169.1905,-46.5569],[169.2256,-46.5498],[169.2499,-46.5127],[169.173,-46.4861],[169.1614,-46.4669],[169.1968,-46.4388],[169.196,-46.4044],[169.1341,-46.3754],[169.1908,-46.3264],[169.1774,-46.3219],[169.1969,-46.3043],[169.1769,-46.2857],[169.1983,-46.2004],[169.167,-46.1919],[169.161,-46.1522],[169.1298,-46.1478],[169.1632,-46.1171],[169.1633,-46.0958],[169.1356,-46.0854],[169.1579,-46.0684],[169.1533,-46.0487],[169.1035,-46.036],[169.0796,-46.0083],[169.1278,-46.0031],[169.0727,-46.0016],[169.0666,-45.9853],[169.0997,-45.948],[169.0734,-45.9247],[169.0991,-45.8844],[169.0566,-45.8501],[169.0052,-45.8635],[169.0289,-45.8089],[169.0035,-45.7958],[168.9934,-45.7285],[169.0247,-45.6596],[169.0587,-45.6411],[169.1303,-45.5248],[169.1472,-45.4506],[169.1996,-45.4343],[169.2093,-45.4024],[169.1707,-45.3805],[169.1482,-45.3388],[169.0993,-45.3199],[169.0677,-45.269],[168.9596,-45.3591],[168.8869,-45.4628],[168.854,-45.4321],[168.8252,-45.4461],[168.7787,-45.4366],[168.7747,-45.3652],[168.6922,-45.3397],[168.6741,-45.2431],[168.5394,-45.3093],[168.3233,-45.3275],[168.2882,-45.2449],[168.2996,-45.2212],[168.2515,-45.1995],[168.2394,-45.1544],[168.217,-45.1444],[168.2842,-45.1062],[168.2914,-45.0405],[168.3097,-45.026],[168.2357,-45.0243],[168.1746,-44.981],[168.131,-44.938],[168.1164,-44.8783],[168.1274,-44.8286],[168.1676,-44.8283],[168.2053,-44.7463],[168.1819,-44.7452],[168.1692,-44.7213],[168.1925,-44.6807],[168.185,-44.6461],[168.2369,-44.5758],[168.2346,-44.543],[168.2897,-44.4964],[168.337,-44.495],[168.3661,-44.4244],[168.3518,-44.4042],[168.4117,-44.3637],[168.3684,-44.3545],[168.3814,-44.3381],[168.3482,-44.3291],[168.3454,-44.2821],[168.2804,-44.2601],[168.2258,-44.2564],[168.1577,-44.2822],[168.0521,-44.2586]]]]},"properties":{"iso3":"NZL","shapeId":"40311993B33496206587618","regionId":"NZL.14_1","name":"Southland"}},{"type":"Feature","geometry":{"type":"MultiPolygon","coordinates":[[[[173.1448,-41.2867],[173.14,-41.2847],[173.1376,-41.2857],[173.1381,-41.287],[173.1412,-41.2869],[173.1499,-41.2917],[173.155,-41.2985],[173.1616,-41.3012],[173.1647,-41.3009],[173.1634,-41.2952],[173.159,-41.2909],[173.1546,-41.2886],[173.1448,-41.2867]]],[[[173.1508,-41.2848],[173.1485,-41.2846],[173.1591,-41.2875],[173.167,-41.2948],[173.1717,-41.2956],[173.1745,-41.2991],[173.1798,-41.2986],[173.1786,-41.2876],[173.1708,-41.2859],[173.1652,-41.2872],[173.1508,-41.2848]]],[[[173.1121,-41.267],[173.1076,-41.2691],[173.1133,-41.2691],[173.1157,-41.2766],[173.1232,-41.2774],[173.1343,-41.2845],[173.1406,-41.2821],[173.14,-41.2798],[173.1295,-41.2753],[173.1224,-41.2703],[173.1121,-41.267]]],[[[173.1087,-41.2663],[173.1085,-41.2674],[173.1101,-41.2671],[173.1087,-41.2663]]],[[[173.1004,-41.2644],[173.1008,-41.2626],[173.0991,-41.2634],[173.1004,-41.2644]]],[[[173.127,-41.2568],[173.1043,-41.2633],[173.2006,-41.2841],[173.127,-41.2568]]],[[[173.0254,-41.1385],[173.0241,-41.14],[173.0279,-41.1439],[173.0244,-41.1407],[173.0214,-41.1405],[173.0274,-41.1476],[173.0269,-41.1493],[173.0304,-41.1505],[173.0304,-41.154],[173.0331,-41.1534],[173.0329,-41.1547],[173.0357,-41.1561],[173.0344,-41.1576],[173.0361,-41.1577],[173.0362,-41.1551],[173.0339,-41.1517],[173.0392,-41.1574],[173.0399,-41.1556],[173.0334,-41.1502],[173.0254,-41.1385]]],[[[173.013,-41.0724],[173.0111,-41.0682],[173.0059,-41.0636],[173.013,-41.0724]]],[[[173.023,-41.0358],[173.022,-41.0366],[173.0239,-41.0368],[173.023,-41.0358]]],[[[173.0517,-40.992],[173.0484,-40.994],[173.0525,-40.9938],[173.0517,-40.992]]],[[[173.0585,-40.9748],[173.0568,-40.9793],[173.0529,-40.9817],[173.0537,-40.9846],[173.0574,-40.9864],[173.0594,-40.9842],[173.0622,-40.9847],[173.0614,-40.9806],[173.0653,-40.9808],[173.0687,-40.9764],[173.0585,-40.9748]]],[[[173.0685,-40.8895],[173.066,-40.889],[173.0643,-40.8903],[173.0678,-40.892],[173.0685,-40.8895]]],[[[172.6706,-40.6759],[172.6662,-40.6761],[172.6662,-40.6791],[172.6694,-40.6797],[172.6706,-40.6759]]],[[[172.6693,-40.67],[172.6625,-40.6702],[172.6614,-40.6713],[172.6628,-40.6742],[172.6648,-40.6747],[172.6662,-40.6745],[172.6704,-40.673],[172.6693,-40.67]]],[[[172.9326,-40.5268],[172.9303,-40.5269],[172.9462,-40.5308],[172.9408,-40.5282],[172.9326,-40.5268]]],[[[172.8929,-40.5199],[172.8901,-40.5202],[172.8988,-40.5219],[172.8929,-40.5199]]],[[[172.68,-40.5008],[172.6802,-40.4984],[172.6783,-40.4997],[172.68,-40.5008]]],[[[172.479,-42.277],[172.6161,-42.1943],[172.6097,-42.1658],[172.6409,-42.1329],[172.6362,-42.102],[172.6784,-42.0879],[172.691,-42.1066],[172.7215,-42.1035],[172.733,-42.0344],[172.7571,-42.036],[172.8081,-41.9581],[172.8472,-41.9426],[172.8647,-41.9089],[172.8476,-41.8743],[172.9457,-41.7809],[172.9306,-41.7438],[172.9579,-41.7495],[173.0038,-41.7248],[173.0574,-41.6685],[173.0588,-41.6256],[173.1516,-41.5855],[173.1724,-41.5241],[173.3039,-41.5087],[173.2508,-41.4666],[173.2949,-41.4256],[173.2974,-41.3931],[173.23,-41.3688],[173.1366,-41.2876],[173.0753,-41.2772],[173.0868,-41.2673],[173.0717,-41.2535],[173.1074,-41.2488],[173.0658,-41.1838],[173.037,-41.1587],[173.0495,-41.187],[173.0088,-41.1421],[173.0362,-41.0961],[173.0003,-41.0637],[173.0237,-41.0444],[173.0124,-40.9921],[173.0693,-40.9611],[173.0496,-40.9497],[173.0581,-40.857],[173.0142,-40.8473],[172.9976,-40.782],[172.9542,-40.7888],[172.9397,-40.8281],[172.9212,-40.8002],[172.8761,-40.8336],[172.798,-40.8163],[172.6878,-40.7158],[172.6788,-40.7321],[172.687,-40.6793],[172.6488,-40.6572],[172.6698,-40.6385],[172.682,-40.6605],[172.6856,-40.5839],[172.7362,-40.5223],[172.8929,-40.5195],[173.0154,-40.5539],[172.9785,-40.5298],[172.81,-40.5037],[172.6471,-40.5062],[172.5502,-40.5715],[172.5537,-40.5885],[172.6299,-40.5554],[172.6249,-40.6039],[172.5763,-40.5911],[172.5863,-40.6173],[172.5521,-40.619],[172.5565,-40.6062],[172.5165,-40.6411],[172.5055,-40.6221],[172.5439,-40.6055],[172.5336,-40.5818],[172.2925,-40.7472],[172.2178,-40.7745],[172.2488,-40.8069],[172.2337,-40.8691],[172.2625,-40.859],[172.29,-40.8777],[172.2976,-40.9225],[172.3863,-40.9493],[172.3109,-41.0112],[172.3337,-41.035],[172.3248,-41.0595],[172.3503,-41.0634],[172.3825,-41.0226],[172.4914,-41.0226],[172.492,-41.0647],[172.6185,-41.1604],[172.6289,-41.1948],[172.6921,-41.2],[172.6579,-41.2392],[172.5746,-41.258],[172.6003,-41.3009],[172.5843,-41.3763],[172.5124,-41.4128],[172.4612,-41.3944],[172.4161,-41.4124],[172.4311,-41.429],[172.4189,-41.4706],[172.343,-41.5115],[172.3276,-41.6035],[172.291,-41.6348],[172.2374,-41.6402],[172.2514,-41.7027],[172.2134,-41.689],[172.1271,-41.716],[172.0973,-41.7743],[172.1163,-41.7892],[172.1157,-41.8684],[172.0654,-41.8944],[172.0774,-41.9205],[172.0506,-41.9519],[172.081,-42.0077],[172.12,-42.0146],[172.1049,-42.0489],[172.1352,-42.104],[172.2067,-42.0983],[172.2515,-42.1503],[172.3335,-42.1491],[172.3479,-42.2767],[172.4309,-42.3056],[172.4536,-42.2748],[172.479,-42.277]]]]},"properties":{"iso3":"NZL","shapeId":"40311993B18940272977460","regionId":null,"name":"Tasman Region"}},{"type":"Feature","geometry":{"type":"MultiPolygon","coordinates":[[[[173.1907,-41.3053],[173.1898,-41.3045],[173.1916,-41.3102],[173.1931,-41.3097],[173.1915,-41.3096],[173.1903,-41.3053],[173.1924,-41.3076],[173.1918,-41.3062],[173.1933,-41.3068],[173.1951,-41.3068],[173.1963,-41.3057],[173.1988,-41.3069],[173.1961,-41.3053],[173.195,-41.3066],[173.1942,-41.3067],[173.1907,-41.3053]]],[[[173.2031,-41.3013],[173.201,-41.3002],[173.1993,-41.3012],[173.2007,-41.303],[173.2031,-41.3013]]],[[[173.2585,-41.2655],[173.2572,-41.2652],[173.2568,-41.2686],[173.2591,-41.2694],[173.2585,-41.2655]]],[[[173.2974,-41.3931],[173.3375,-41.3855],[173.4068,-41.331],[173.4155,-41.2888],[173.4762,-41.2289],[173.5744,-41.1837],[173.5939,-41.0511],[173.514,-41.1044],[173.4827,-41.1568],[173.4293,-41.1768],[173.4135,-41.1611],[173.4443,-41.1644],[173.4167,-41.1362],[173.4158,-41.1592],[173.3189,-41.207],[173.3119,-41.2501],[173.2061,-41.2988],[173.2251,-41.3024],[173.1989,-41.3306],[173.23,-41.3688],[173.2974,-41.3931]]]]},"properties":{"iso3":"NZL","shapeId":"40311993B93133537770676","regionId":null,"name":"Nelson Region"}},{"type":"Feature","geometry":{"type":"MultiPolygon","coordinates":[[[[174.0947,-41.5356],[174.0932,-41.5331],[174.0949,-41.5365],[174.0947,-41.5356]]],[[[174.1066,-41.5331],[174.1049,-41.5342],[174.1089,-41.5348],[174.1066,-41.5331]]],[[[174.1016,-41.5322],[174.0929,-41.5301],[174.0968,-41.5342],[174.1025,-41.5335],[174.1016,-41.5322]]],[[[174.0738,-41.5244],[174.0723,-41.5221],[174.0728,-41.5246],[174.0694,-41.5347],[174.0727,-41.5362],[174.0714,-41.5342],[174.0736,-41.5334],[174.0726,-41.5328],[174.0726,-41.5313],[174.0732,-41.5331],[174.0772,-41.5333],[174.0743,-41.5327],[174.0728,-41.531],[174.0752,-41.5326],[174.0769,-41.5309],[174.0806,-41.5329],[174.0751,-41.5364],[174.0793,-41.5342],[174.0819,-41.5347],[174.0794,-41.5306],[174.0819,-41.529],[174.0849,-41.5324],[174.0835,-41.5285],[174.0888,-41.5306],[174.0889,-41.5341],[174.0899,-41.5269],[174.0776,-41.5231],[174.0775,-41.5248],[174.0749,-41.5236],[174.0738,-41.5244]]],[[[174.0737,-41.5179],[174.0665,-41.5166],[174.0696,-41.5204],[174.0722,-41.5214],[174.0697,-41.5192],[174.0712,-41.5181],[174.077,-41.5212],[174.0737,-41.5179]]],[[[174.0566,-41.5075],[174.0558,-41.5064],[174.0526,-41.5069],[174.0566,-41.5075]]],[[[174.1328,-41.331],[174.1314,-41.3316],[174.136,-41.3316],[174.1328,-41.331]]],[[[174.055,-41.2347],[174.0528,-41.2367],[174.0564,-41.2393],[174.0588,-41.2377],[174.0588,-41.2356],[174.055,-41.2347]]],[[[174.3639,-41.2046],[174.366,-41.2025],[174.3649,-41.2007],[174.3639,-41.2046]]],[[[174.0299,-41.1848],[174.0188,-41.1869],[174.0156,-41.19],[174.0286,-41.1895],[174.033,-41.1911],[174.033,-41.1887],[174.0357,-41.1871],[174.0312,-41.1868],[174.0299,-41.1848]]],[[[174.2383,-41.1591],[174.2214,-41.1902],[174.2544,-41.1792],[174.2383,-41.1591]]],[[[174.2788,-41.1575],[174.2749,-41.1552],[174.2738,-41.1632],[174.278,-41.1628],[174.2816,-41.1654],[174.2829,-41.1639],[174.2897,-41.165],[174.2879,-41.1597],[174.29,-41.1551],[174.2788,-41.1575]]],[[[174.4323,-41.1121],[174.4289,-41.1165],[174.433,-41.1138],[174.4323,-41.1121]]],[[[174.3262,-41.1129],[174.3265,-41.1143],[174.3299,-41.1152],[174.3262,-41.1129]]],[[[174.3,-41.1085],[174.3015,-41.1058],[174.2939,-41.1099],[174.2854,-41.1106],[174.2801,-41.1138],[174.2697,-41.1231],[174.2711,-41.1252],[174.2671,-41.1327],[174.2717,-41.1295],[174.274,-41.1231],[174.2794,-41.12],[174.2799,-41.1172],[174.2861,-41.1143],[174.2908,-41.1151],[174.3,-41.1085]]],[[[173.9791,-41.1097],[173.9799,-41.1082],[173.9749,-41.1115],[173.9791,-41.1097]]],[[[174.4426,-41.1021],[174.4403,-41.1025],[174.4398,-41.1044],[174.4426,-41.1021]]],[[[174.3089,-41.1021],[174.3089,-41.1008],[174.3073,-41.1024],[174.3089,-41.1021]]],[[[174.3814,-41.088],[174.3575,-41.1178],[174.3158,-41.118],[174.2877,-41.141],[174.3247,-41.131],[174.3391,-41.1468],[174.3745,-41.1252],[174.3415,-41.1766],[174.3027,-41.1625],[174.2879,-41.1827],[174.258,-41.1816],[174.2548,-41.2036],[174.2268,-41.2032],[174.2329,-41.2167],[174.1949,-41.2092],[174.1611,-41.242],[174.229,-41.2215],[174.2539,-41.2366],[174.2473,-41.2224],[174.28,-41.2086],[174.3708,-41.197],[174.3918,-41.1181],[174.3814,-41.088]]],[[[174.2806,-41.0838],[174.2725,-41.0888],[174.2703,-41.0958],[174.2715,-41.0975],[174.2763,-41.0981],[174.2765,-41.0921],[174.2806,-41.0838]]],[[[173.7941,-41.0708],[173.8,-41.0689],[173.8004,-41.0601],[173.797,-41.0613],[173.7941,-41.0708]]],[[[173.6551,-41.0546],[173.6539,-41.0547],[173.6564,-41.0555],[173.6551,-41.0546]]],[[[173.8016,-41.0463],[173.799,-41.0465],[173.8006,-41.0469],[173.8,-41.0488],[173.7972,-41.049],[173.7951,-41.0511],[173.8036,-41.051],[173.8016,-41.0463]]],[[[173.6411,-41.0396],[173.6385,-41.0408],[173.642,-41.0438],[173.6426,-41.0407],[173.6411,-41.0396]]],[[[173.6624,-41.0367],[173.6588,-41.0373],[173.6577,-41.0428],[173.6619,-41.0436],[173.6624,-41.0367]]],[[[173.9069,-41.0166],[173.8702,-41.0291],[173.9076,-41.0405],[173.8945,-41.0269],[173.9069,-41.0166]]],[[[174.0467,-41.0018],[174.0452,-41.0021],[174.0482,-41.0023],[174.0467,-41.0018]]],[[[174.1384,-40.9488],[174.1364,-40.9506],[174.1323,-40.9506],[174.1324,-40.9517],[174.1462,-40.9524],[174.1384,-40.9488]]],[[[174.081,-40.941],[174.0508,-40.952],[174.0746,-40.9572],[174.0492,-40.9796],[174.0595,-40.9952],[174.0875,-40.9699],[174.081,-40.941]]],[[[174.0857,-40.8889],[174.0765,-40.898],[174.0664,-40.8973],[174.0618,-40.8995],[174.0601,-40.9027],[174.0568,-40.9041],[174.0572,-40.911],[174.063,-40.9051],[174.0686,-40.9077],[174.0686,-40.9031],[174.0713,-40.9003],[174.0779,-40.9038],[174.0798,-40.903],[174.0809,-40.8981],[174.0852,-40.9006],[174.0856,-40.8979],[174.0899,-40.8963],[174.0896,-40.8919],[174.0873,-40.8916],[174.0857,-40.8889]]],[[[174.0488,-41.9681],[174.1965,-41.8365],[174.2763,-41.727],[174.2136,-41.7281],[174.1727,-41.6986],[174.1504,-41.5594],[174.062,-41.501],[174.1262,-41.5473],[174.0891,-41.5595],[174.0795,-41.537],[174.0762,-41.5548],[174.0576,-41.5512],[174.072,-41.524],[174.031,-41.4699],[174.0373,-41.4163],[174.0674,-41.3875],[174.0713,-41.3551],[174.105,-41.3391],[174.1136,-41.2985],[174.1498,-41.2843],[174.1394,-41.3144],[174.1595,-41.2876],[174.1901,-41.2932],[174.1234,-41.3516],[174.1916,-41.3369],[174.2012,-41.3101],[174.2385,-41.3196],[174.2231,-41.2917],[174.2827,-41.2685],[174.2748,-41.2556],[174.3157,-41.213],[174.2548,-41.2437],[174.2536,-41.2605],[174.2463,-41.2444],[174.1858,-41.2502],[174.211,-41.2661],[174.2028,-41.2775],[174.1768,-41.2504],[174.1345,-41.2585],[174.1463,-41.2317],[174.0791,-41.2492],[174.0882,-41.2688],[174.0652,-41.2517],[174.0395,-41.2688],[174.049,-41.2505],[174.0368,-41.2543],[174.0106,-41.2902],[174.0093,-41.2718],[173.9942,-41.2787],[174.0111,-41.2583],[173.904,-41.28],[173.9717,-41.2539],[173.9661,-41.2227],[173.9828,-41.2508],[173.9991,-41.217],[174.0247,-41.2408],[174.031,-41.2096],[174.0396,-41.2308],[174.0701,-41.2055],[174.0768,-41.2295],[174.0933,-41.2015],[174.1198,-41.22],[174.1252,-41.1923],[174.1565,-41.2135],[174.1527,-41.1732],[174.1805,-41.1797],[174.1696,-41.2021],[174.2028,-41.1832],[174.1842,-41.1747],[174.2007,-41.1541],[174.1592,-41.1496],[174.1453,-41.1084],[174.1639,-41.1164],[174.1805,-41.0871],[174.1873,-41.1396],[174.2203,-41.1418],[174.208,-41.1188],[174.2471,-41.1221],[174.2336,-41.0926],[174.2716,-41.0691],[174.3146,-40.994],[174.289,-41.0344],[174.2413,-41.0406],[174.2182,-41.0713],[174.1671,-41.043],[174.1835,-41.029],[174.1992,-41.0399],[174.1951,-41.012],[174.2302,-40.9851],[174.1823,-41.0113],[174.1559,-40.9686],[174.1413,-41.0199],[174.097,-40.995],[174.1077,-41.0527],[174.0667,-40.9961],[174.0465,-41.0178],[174.0086,-41.0101],[174.0227,-40.976],[173.9957,-40.9689],[173.995,-40.9953],[173.965,-40.9917],[173.9885,-41.0157],[173.95,-41.0126],[173.9348,-41.0199],[173.9528,-41.0327],[173.9341,-41.0393],[173.9838,-41.0315],[173.9748,-41.0562],[174.009,-41.0174],[174.0494,-41.021],[174.0484,-41.0538],[174.0095,-41.0591],[174.0481,-41.1047],[173.9865,-41.0997],[173.9942,-41.1356],[173.9736,-41.1278],[173.9654,-41.1504],[173.9502,-41.1146],[173.9765,-41.0788],[173.9332,-41.0838],[173.9309,-41.1133],[173.9014,-41.121],[173.9226,-41.1246],[173.8678,-41.1416],[173.9014,-41.1495],[173.8676,-41.1537],[173.898,-41.1685],[173.8722,-41.2095],[173.9669,-41.1721],[173.9656,-41.1891],[173.9983,-41.1953],[173.986,-41.1817],[174.0464,-41.1578],[174.0525,-41.1789],[174.1217,-41.1716],[173.9697,-41.2175],[173.9367,-41.219],[173.9467,-41.2003],[173.862,-41.2193],[173.9271,-41.2244],[173.8073,-41.2692],[173.827,-41.2857],[173.8548,-41.2782],[173.8468,-41.2899],[173.777,-41.2631],[173.7711,-41.2869],[173.7341,-41.2662],[173.8047,-41.2544],[173.7867,-41.2349],[173.822,-41.2502],[173.8505,-41.24],[173.8402,-41.2181],[173.8649,-41.176],[173.8289,-41.1728],[173.849,-41.1528],[173.785,-41.1765],[173.7777,-41.1528],[173.8375,-41.1446],[173.8562,-41.1227],[173.8442,-41.1137],[173.8834,-41.1212],[173.8886,-41.1004],[173.8577,-41.0978],[173.8691,-41.0789],[173.9064,-41.0912],[173.9053,-41.07],[173.9508,-41.0618],[173.8319,-41.0526],[173.8084,-41.0924],[173.7947,-41.0832],[173.786,-41.1113],[173.7598,-41.1186],[173.7729,-41.094],[173.7505,-41.1014],[173.78,-41.0851],[173.7867,-41.057],[173.7679,-41.0528],[173.8108,-41.0323],[173.773,-41.0193],[173.8277,-40.9885],[173.8133,-41.018],[173.8628,-41.021],[173.9189,-40.996],[173.9296,-40.9831],[173.8993,-40.9866],[173.9065,-40.9654],[173.9556,-40.9667],[173.9505,-40.9416],[173.9754,-40.9378],[173.9568,-40.9229],[173.9821,-40.9076],[173.9973,-40.9472],[174.0138,-40.9371],[174.023,-40.9106],[173.9795,-40.9049],[173.9792,-40.8884],[173.9074,-40.9267],[173.9169,-40.9433],[173.8608,-40.9877],[173.8319,-40.9812],[173.8556,-40.9292],[173.844,-40.923],[173.8054,-40.9717],[173.7856,-40.9682],[173.7977,-40.9843],[173.7773,-40.9902],[173.767,-40.9735],[173.7478,-41.0053],[173.7093,-41.0083],[173.672,-41.0364],[173.6898,-41.0563],[173.7446,-41.0331],[173.7409,-41.0481],[173.7627,-41.0457],[173.6633,-41.0783],[173.665,-41.1109],[173.6469,-41.0888],[173.616,-41.1036],[173.6366,-41.0789],[173.5939,-41.0511],[173.5744,-41.1837],[173.4762,-41.2289],[173.4155,-41.2888],[173.4068,-41.331],[173.285,-41.4027],[173.2949,-41.4256],[173.2508,-41.4666],[173.2987,-41.5156],[173.1724,-41.5241],[173.1516,-41.5855],[173.0588,-41.6256],[173.0574,-41.6685],[173.0038,-41.7248],[172.926,-41.7484],[172.9457,-41.7809],[172.8476,-41.8743],[172.8611,-41.9225],[172.8081,-41.9581],[172.7733,-42.0222],[172.733,-42.0344],[172.7188,-42.1491],[172.7496,-42.1724],[172.7938,-42.1617],[172.8069,-42.1895],[172.8321,-42.1845],[172.8266,-42.2482],[172.8635,-42.2562],[172.847,-42.3081],[172.915,-42.3093],[172.9414,-42.3778],[173.0029,-42.3933],[172.9695,-42.4487],[173.0145,-42.4463],[173.0542,-42.4881],[173.1063,-42.4477],[173.1523,-42.4496],[173.2238,-42.3567],[173.2433,-42.3561],[173.1832,-42.3368],[173.2959,-42.2658],[173.2965,-42.248],[173.437,-42.2142],[173.464,-42.1798],[173.4843,-42.1813],[173.463,-42.1178],[173.4865,-42.1104],[173.4991,-42.0787],[173.5468,-42.0698],[173.6097,-42.0045],[173.6381,-42.0094],[173.7202,-41.9608],[173.7142,-41.9405],[173.7368,-41.9113],[173.7621,-41.9119],[173.7894,-41.9582],[173.8173,-41.933],[173.959,-41.9085],[173.9771,-41.9334],[174.0634,-41.9347],[174.0488,-41.9681]]],[[[174.104,-40.8838],[174.1022,-40.883],[174.1004,-40.8896],[174.096,-40.8912],[174.105,-40.8933],[174.1038,-40.8983],[174.106,-40.8994],[174.1113,-40.896],[174.1106,-40.8925],[174.1064,-40.8913],[174.1067,-40.8835],[174.104,-40.8838]]],[[[173.9978,-40.8356],[173.996,-40.8359],[173.9982,-40.8371],[173.9963,-40.8413],[174.0035,-40.8378],[173.9978,-40.8356]]],[[[173.9738,-40.7688],[173.9666,-40.7706],[173.9617,-40.7793],[173.968,-40.7817],[173.9698,-40.7841],[173.9716,-40.7826],[173.9708,-40.7794],[173.9751,-40.7747],[173.9724,-40.7742],[173.9738,-40.7688]]],[[[173.9851,-40.7632],[173.9779,-40.7687],[173.9896,-40.7805],[173.9909,-40.7781],[173.9861,-40.7756],[173.9822,-40.7705],[173.9851,-40.7632]]],[[[173.8272,-40.7546],[173.826,-40.7553],[173.8274,-40.7573],[173.8272,-40.7546]]],[[[173.9901,-40.7591],[173.9957,-40.7536],[173.9947,-40.7453],[173.9904,-40.7492],[173.9905,-40.7524],[173.9884,-40.7538],[173.9899,-40.7564],[173.9876,-40.7603],[173.9901,-40.7591]]],[[[173.9165,-40.7342],[173.9158,-40.733],[173.9111,-40.7363],[173.9125,-40.7386],[173.9176,-40.7351],[173.9165,-40.7342]]],[[[173.9564,-40.6928],[173.9385,-40.7463],[173.8837,-40.7687],[173.9331,-40.769],[173.9056,-40.8035],[173.8938,-40.7779],[173.8658,-40.8071],[173.8606,-40.7681],[173.8843,-40.7359],[173.8652,-40.7311],[173.8404,-40.7693],[173.8279,-40.7553],[173.8344,-40.7709],[173.7941,-40.815],[173.8285,-40.8564],[173.8497,-40.8369],[173.8453,-40.8627],[173.7923,-40.8582],[173.7816,-40.8343],[173.77,-40.8958],[173.7983,-40.8898],[173.7704,-40.9419],[173.8336,-40.9193],[173.89,-40.8578],[173.9073,-40.8615],[173.8956,-40.8778],[173.9123,-40.8686],[173.9083,-40.8446],[173.957,-40.7962],[173.9395,-40.7875],[173.9615,-40.7577],[173.9564,-40.6928]]],[[[173.999,-40.6638],[173.9953,-40.6678],[173.9882,-40.6708],[173.9863,-40.6772],[174.0004,-40.6761],[174.0009,-40.6741],[174.003,-40.6741],[174.0049,-40.6716],[174.0092,-40.6699],[174.0049,-40.6697],[174.0037,-40.6683],[174.0049,-40.6666],[173.999,-40.6638]]]]},"properties":{"iso3":"NZL","shapeId":"40311993B74827549991310","regionId":"NZL.8_1","name":"Marlborough"}},{"type":"Feature","geometry":{"type":"MultiPolygon","coordinates":[[[[-176.1783,-44.3358],[-176.1849,-44.349],[-176.1641,-44.3543],[-176.1783,-44.3358]]],[[[-176.3141,-44.2767],[-176.3192,-44.2771],[-176.3191,-44.2798],[-176.3113,-44.2789],[-176.3109,-44.2777],[-176.3141,-44.2767]]],[[[-176.2931,-44.2631],[-176.2999,-44.2651],[-176.2995,-44.2676],[-176.3014,-44.2692],[-176.2969,-44.2712],[-176.3028,-44.2754],[-176.3089,-44.277],[-176.3086,-44.2794],[-176.3018,-44.2772],[-176.3,-44.2741],[-176.2961,-44.2728],[-176.2946,-44.2738],[-176.2935,-44.2722],[-176.2872,-44.271],[-176.2884,-44.2638],[-176.2931,-44.2631]]],[[[-176.2215,-44.2244],[-176.2758,-44.2401],[-176.2385,-44.2647],[-176.2694,-44.2883],[-176.2523,-44.3098],[-176.2677,-44.3262],[-176.2461,-44.3291],[-176.2562,-44.3443],[-176.2425,-44.3517],[-176.1544,-44.2622],[-176.2215,-44.2244]]],[[[-176.6265,-43.6929],[-176.6396,-43.7143],[-176.6217,-43.7176],[-176.6565,-43.7494],[-176.7506,-43.7655],[-176.8157,-43.7471],[-176.8109,-43.7843],[-176.866,-43.7907],[-176.8929,-43.8235],[-176.8542,-43.8436],[-176.7879,-43.8375],[-176.7938,-43.8212],[-176.7174,-43.8297],[-176.708,-43.808],[-176.691,-43.8178],[-176.6865,-43.7982],[-176.6639,-43.7973],[-176.6087,-43.81],[-176.5716,-43.8477],[-176.5341,-43.9143],[-176.5386,-43.9444],[-176.5726,-43.9412],[-176.5804,-43.9628],[-176.6825,-44.0117],[-176.6549,-44.0414],[-176.6609,-44.069],[-176.6347,-44.1233],[-176.5543,-44.126],[-176.4493,-44.0651],[-176.3287,-44.0524],[-176.3261,-44.0332],[-176.3948,-44.0097],[-176.4223,-43.9276],[-176.4359,-43.9677],[-176.4834,-43.9524],[-176.474,-43.9162],[-176.5119,-43.8887],[-176.524,-43.8533],[-176.4462,-43.8048],[-176.5411,-43.7932],[-176.5618,-43.7734],[-176.5536,-43.7431],[-176.5167,-43.743],[-176.5,-43.7639],[-176.4359,-43.7509],[-176.3787,-43.7853],[-176.4085,-43.8409],[-176.4281,-43.8444],[-176.4184,-43.9272],[-176.3987,-43.8656],[-176.3381,-43.7906],[-176.2804,-43.7618],[-176.2383,-43.7726],[-176.238,-43.7515],[-176.1985,-43.7361],[-176.4376,-43.748],[-176.6265,-43.6929]]]]},"properties":{"iso3":"NZL","shapeId":"40311993B35256795067825","regionId":null,"name":"Chatham Islands Territory"}}]}