{"type":"FeatureCollection","features":[{"type":"Feature","geometry":{"type":"MultiPolygon","coordinates":[[[[119.4688,4.5936],[119.4677,4.5943],[119.4684,4.5909],[119.4659,4.5874],[119.4707,4.5901],[119.4688,4.5936]]],[[[119.4702,4.6022],[119.4673,4.5995],[119.4708,4.5979],[119.472,4.5987],[119.4702,4.6022]]],[[[119.3848,4.6261],[119.3825,4.623],[119.3837,4.6169],[119.3919,4.6161],[119.3916,4.6228],[119.3848,4.6261]]],[[[119.3856,4.6347],[119.3813,4.6304],[119.3849,4.6292],[119.3856,4.6347]]],[[[119.3869,4.6401],[119.3848,4.6366],[119.3871,4.6383],[119.3869,4.6401]]],[[[119.4557,4.6419],[119.4555,4.6431],[119.4554,4.6412],[119.4571,4.6413],[119.4566,4.6399],[119.4584,4.6393],[119.4573,4.6401],[119.4587,4.64],[119.458,4.6416],[119.4557,4.6419]]],[[[119.3911,4.6508],[119.3902,4.6492],[119.3919,4.6418],[119.3958,4.6404],[119.3971,4.6423],[119.4001,4.6427],[119.398,4.6485],[119.3927,4.649],[119.3911,4.6508]]],[[[119.3956,4.667],[119.3952,4.6649],[119.3941,4.6658],[119.3948,4.6668],[119.3935,4.6667],[119.3937,4.665],[119.3929,4.6668],[119.3934,4.6642],[119.3914,4.6636],[119.3897,4.6599],[119.3928,4.6601],[119.3937,4.6616],[119.3963,4.6578],[119.3986,4.6587],[119.4016,4.657],[119.3994,4.6594],[119.4006,4.6621],[119.3989,4.6631],[119.4002,4.6645],[119.3968,4.6643],[119.3963,4.6653],[119.3954,4.6643],[119.3956,4.667]]],[[[119.2086,4.6692],[119.2077,4.6711],[119.2056,4.6699],[119.2086,4.6692]]],[[[119.3936,4.6784],[119.392,4.6767],[119.3926,4.6755],[119.395,4.6777],[119.3936,4.6784]]],[[[119.1465,4.7223],[119.1457,4.7211],[119.148,4.7167],[119.1481,4.7212],[119.1465,4.7223]]],[[[119.2378,4.7262],[119.239,4.7284],[119.2343,4.7265],[119.2378,4.7262]]],[[[119.4222,4.7879],[119.3892,4.7443],[119.4076,4.7388],[119.4014,4.6675],[119.4222,4.7879]]],[[[119.8266,4.8227],[119.8085,4.8175],[119.8144,4.7982],[119.8679,4.7965],[119.8266,4.8227]]],[[[119.4123,4.8666],[119.4086,4.8573],[119.41,4.8566],[119.4133,4.8476],[119.4159,4.8463],[119.4171,4.8472],[119.4166,4.8502],[119.4182,4.851],[119.4173,4.8518],[119.4191,4.8532],[119.4183,4.8539],[119.4161,4.8524],[119.4148,4.8624],[119.4123,4.8666]]],[[[119.9316,4.9022],[119.9287,4.9019],[119.93,4.9011],[119.929,4.8994],[119.9301,4.8996],[119.9297,4.8968],[119.9311,4.895],[119.9307,4.8977],[119.9339,4.901],[119.9319,4.9002],[119.9316,4.9022]]],[[[119.4038,4.9042],[119.407,4.8998],[119.4048,4.8991],[119.4046,4.8971],[119.4089,4.898],[119.4038,4.9042]]],[[[119.3973,4.9065],[119.3883,4.8963],[119.41,4.875],[119.3973,4.9065]]],[[[119.9431,4.9098],[119.9427,4.9083],[119.9407,4.9085],[119.937,4.9049],[119.9436,4.9048],[119.9431,4.9098]]],[[[119.4548,4.9138],[119.4714,4.7638],[119.458,4.6421],[119.4822,4.6695],[119.507,4.762],[119.4548,4.9138]]],[[[119.948,4.9143],[119.9469,4.9144],[119.9452,4.9107],[119.948,4.9143]]],[[[119.9494,4.9171],[119.9482,4.9158],[119.95,4.9154],[119.9494,4.9171]]],[[[119.8301,4.9177],[119.8292,4.9172],[119.8319,4.9164],[119.8301,4.9177]]],[[[119.9515,4.9186],[119.9505,4.9182],[119.9514,4.9174],[119.9515,4.9186]]],[[[119.9619,4.9255],[119.9552,4.9212],[119.9594,4.9213],[119.9631,4.9247],[119.9619,4.9255]]],[[[119.8017,4.9266],[119.7891,4.9171],[119.8041,4.8549],[119.852,4.8634],[119.8528,4.9012],[119.8275,4.9166],[119.8185,4.9028],[119.8242,4.9222],[119.8017,4.9266]]],[[[119.972,4.9382],[119.972,4.9339],[119.973,4.936],[119.972,4.9382]]],[[[119.9702,4.9405],[119.9699,4.9321],[119.9719,4.9342],[119.9712,4.9351],[119.9705,4.9335],[119.9702,4.9405]]],[[[119.8735,4.9445],[119.8728,4.9465],[119.8679,4.9439],[119.8672,4.9391],[119.8735,4.9445]]],[[[119.9783,4.9532],[119.9779,4.9513],[119.976,4.9518],[119.9735,4.9479],[119.9755,4.9488],[119.9806,4.9473],[119.981,4.9505],[119.9783,4.9532]]],[[[119.9877,4.9632],[119.9849,4.9639],[119.985,4.961],[119.987,4.961],[119.9877,4.9632]]],[[[119.9854,4.9727],[119.9836,4.9716],[119.9845,4.97],[119.9854,4.9727]]],[[[119.9863,4.9783],[119.9871,4.9733],[119.9908,4.9763],[119.9887,4.9783],[119.9863,4.9783]]],[[[119.989,4.9861],[119.9881,4.9798],[119.9895,4.9792],[119.9916,4.9833],[119.989,4.9861]]],[[[119.9897,5.0017],[119.9876,4.9989],[119.989,4.9966],[119.9925,4.9954],[119.9928,4.9978],[119.9897,5.0017]]],[[[119.9878,5.0083],[119.9879,5.0049],[119.9892,5.0037],[119.9904,5.0059],[119.9878,5.0083]]],[[[120.0303,5.0055],[120.0285,5.0091],[120.0289,5.0057],[120.0303,5.0055]]],[[[120.1893,5.0133],[120.1827,5.0129],[120.1939,5.0126],[120.1893,5.0133]]],[[[120.1159,5.0133],[120.1159,5.0111],[120.1201,5.0046],[120.1159,5.0133]]],[[[119.9865,5.0139],[119.9857,5.0118],[119.9872,5.0106],[119.9865,5.0139]]],[[[120.0135,5.0165],[119.9925,5.0049],[119.9947,4.9531],[120.0248,4.998],[120.0135,5.0165]]],[[[120.11,5.0193],[120.1071,5.0188],[120.1118,5.0183],[120.11,5.0193]]],[[[119.9843,5.0227],[119.9832,5.0225],[119.9844,5.0189],[119.9836,5.0178],[119.9859,5.0169],[119.9872,5.0201],[119.9843,5.0227]]],[[[120.0125,5.0214],[120.0102,5.0227],[120.0093,5.0194],[120.0124,5.019],[120.0125,5.0214]]],[[[120.0161,5.0237],[120.0165,5.0247],[120.0151,5.0249],[120.0161,5.0237]]],[[[120.0143,5.0285],[120.0137,5.0277],[120.0153,5.0275],[120.0143,5.0285]]],[[[119.7588,5.0353],[119.7375,5.0301],[119.7452,5.0055],[119.7802,5.0263],[119.7588,5.0353]]],[[[120.1062,5.037],[120.1341,5.0038],[120.1364,5.0205],[120.1062,5.037]]],[[[120.0151,5.0343],[120.0141,5.0375],[120.0099,5.0393],[120.0099,5.0359],[120.0133,5.0319],[120.015,5.0335],[120.0151,5.0302],[120.0163,5.0295],[120.0171,5.0335],[120.016,5.0314],[120.0157,5.036],[120.0151,5.0343]]],[[[119.7877,5.0397],[119.7777,5.0366],[119.7822,5.033],[119.7916,5.0312],[119.7961,5.0276],[119.7967,5.0249],[119.7998,5.0302],[119.8049,5.032],[119.8047,5.0352],[119.8017,5.0371],[119.7877,5.0397]]],[[[120.2102,5.0451],[120.1846,5.0217],[120.2146,5.0152],[120.2284,5.0337],[120.2102,5.0451]]],[[[120.0501,5.0454],[120.0489,5.0427],[120.0521,5.0421],[120.0501,5.0454]]],[[[120.0715,5.0615],[120.0697,5.0616],[120.0682,5.0607],[120.0707,5.0613],[120.0743,5.059],[120.0768,5.0593],[120.0715,5.0615]]],[[[119.9214,5.0727],[119.9191,5.0688],[119.9219,5.066],[119.9253,5.0705],[119.925,5.0719],[119.923,5.0709],[119.9214,5.0727]]],[[[119.8163,5.0746],[119.8194,5.0707],[119.8186,5.0736],[119.8163,5.0746]]],[[[119.9537,5.0785],[119.952,5.0781],[119.9514,5.0745],[119.9561,5.0778],[119.9537,5.0785]]],[[[119.9409,5.0863],[119.9365,5.0847],[119.9322,5.0783],[119.9327,5.0757],[119.9345,5.0755],[119.934,5.0738],[119.9377,5.0747],[119.9402,5.0781],[119.9438,5.08],[119.9446,5.0827],[119.9409,5.0863]]],[[[120.2597,5.0897],[120.2523,5.0645],[120.2728,5.0812],[120.2597,5.0897]]],[[[119.9779,5.0933],[119.9767,5.0931],[119.9774,5.0918],[119.9779,5.0933]]],[[[119.9918,5.1017],[119.9876,5.0996],[119.9888,5.0982],[119.9866,5.0978],[119.9875,5.0966],[119.9853,5.0946],[119.984,5.0895],[119.9842,5.0862],[119.9876,5.0846],[119.9935,5.0875],[119.9957,5.0917],[119.9958,5.0902],[119.9972,5.0904],[119.9963,5.0907],[119.9966,5.0917],[119.9954,5.0919],[119.9967,5.0935],[119.9962,5.0977],[119.9918,5.1017]]],[[[119.809,5.1047],[119.8047,5.1005],[119.8057,5.0962],[119.8146,5.0924],[119.8149,5.0933],[119.8154,5.0919],[119.8161,5.0933],[119.8146,5.0943],[119.8171,5.0968],[119.8159,5.0992],[119.8167,5.1015],[119.8116,5.102],[119.8115,5.1037],[119.809,5.1047]]],[[[119.9825,5.1109],[119.9815,5.11],[119.9832,5.109],[119.9825,5.1109]]],[[[119.8096,5.1231],[119.7652,5.0943],[119.7416,5.0364],[119.7854,5.0417],[119.7905,5.0658],[119.8168,5.0583],[119.8096,5.1231]]],[[[120.3129,5.1305],[120.2694,5.0895],[120.3184,5.1033],[120.3129,5.1305]]],[[[120.3131,5.1328],[120.312,5.1314],[120.3134,5.1317],[120.3131,5.1328]]],[[[119.8102,5.133],[119.805,5.1305],[119.8039,5.1284],[119.8048,5.1272],[119.8085,5.1285],[119.8113,5.1317],[119.8102,5.133]]],[[[120.2313,5.1418],[120.2276,5.1403],[120.229,5.137],[120.2323,5.1378],[120.2326,5.1407],[120.2313,5.1418]]],[[[120.1499,5.1498],[120.1485,5.1471],[120.1509,5.1454],[120.1499,5.1498]]],[[[120.2329,5.1507],[120.2319,5.1502],[120.2327,5.1493],[120.2329,5.1507]]],[[[120.4506,5.1517],[120.4499,5.155],[120.4475,5.1512],[120.4498,5.1478],[120.4506,5.1517]]],[[[120.5021,5.1581],[120.5029,5.1597],[120.5015,5.1593],[120.5021,5.1581]]],[[[119.8522,5.161],[119.8501,5.1593],[119.8528,5.1599],[119.8522,5.161]]],[[[120.3424,5.1611],[120.3182,5.1378],[120.336,5.117],[120.3424,5.1611]]],[[[120.0636,5.1613],[120.054,5.1601],[120.0514,5.1574],[120.0546,5.1558],[120.052,5.1559],[120.0512,5.1545],[120.049,5.1606],[120.0446,5.1609],[120.0406,5.1556],[120.0406,5.1532],[120.0433,5.1499],[120.052,5.152],[120.0564,5.1491],[120.0592,5.1525],[120.0576,5.1539],[120.0639,5.1591],[120.0636,5.1613]]],[[[120.2835,5.1617],[120.278,5.1591],[120.2795,5.1551],[120.2785,5.1553],[120.2787,5.1539],[120.2804,5.1516],[120.2845,5.152],[120.2882,5.1555],[120.2871,5.1581],[120.2844,5.1569],[120.2855,5.16],[120.2835,5.1617]]],[[[120.2346,5.1619],[120.2323,5.1574],[120.2344,5.1562],[120.2364,5.1583],[120.2346,5.1619]]],[[[120.14,5.1623],[120.1378,5.1612],[120.139,5.1587],[120.14,5.1623]]],[[[119.8505,5.1649],[119.8478,5.1647],[119.8461,5.1641],[119.8455,5.1634],[119.8452,5.1621],[119.8468,5.1624],[119.8458,5.1634],[119.8481,5.1645],[119.8526,5.1633],[119.8505,5.1649]]],[[[120.1496,5.1658],[120.1427,5.1624],[120.143,5.1587],[120.1472,5.1597],[120.1501,5.1587],[120.1541,5.1608],[120.1542,5.1642],[120.1523,5.1655],[120.1489,5.1643],[120.1496,5.1658]]],[[[120.2996,5.1711],[120.2971,5.1705],[120.2975,5.1685],[120.3001,5.1693],[120.2996,5.1711]]],[[[120.2889,5.1704],[120.2866,5.1711],[120.2842,5.1695],[120.2845,5.1668],[120.2866,5.1648],[120.2905,5.1667],[120.2889,5.1704]]],[[[120.2613,5.173],[120.2586,5.1695],[120.2596,5.1653],[120.269,5.167],[120.2667,5.1708],[120.2613,5.173]]],[[[120.3189,5.1733],[120.3185,5.1749],[120.3177,5.1735],[120.3189,5.1733]]],[[[120.3507,5.1764],[120.3473,5.1749],[120.347,5.1733],[120.3499,5.1707],[120.3537,5.1706],[120.3547,5.1721],[120.3538,5.1753],[120.3507,5.1764]]],[[[120.2825,5.177],[120.2817,5.1756],[120.2827,5.1745],[120.2839,5.1766],[120.2825,5.177]]],[[[120.4547,5.1765],[120.4533,5.1781],[120.4531,5.1769],[120.4547,5.1765]]],[[[120.5269,5.1771],[120.5237,5.1807],[120.5235,5.1789],[120.5269,5.1771]]],[[[120.2823,5.1808],[120.2813,5.1788],[120.2851,5.1779],[120.2823,5.1808]]],[[[120.4511,5.1791],[120.4519,5.1799],[120.4505,5.1815],[120.4511,5.1791]]],[[[120.266,5.1824],[120.2652,5.1805],[120.2668,5.1812],[120.266,5.1824]]],[[[120.3023,5.1897],[120.3017,5.1881],[120.3031,5.189],[120.3023,5.1897]]],[[[120.4821,5.194],[120.4884,5.1654],[120.5072,5.1739],[120.5077,5.1611],[120.4821,5.194]]],[[[120.5085,5.1943],[120.5081,5.1959],[120.5071,5.1947],[120.5085,5.1943]]],[[[120.6097,5.1951],[120.6099,5.1969],[120.6087,5.1959],[120.6097,5.1951]]],[[[120.2407,5.1977],[120.2384,5.1959],[120.2389,5.1944],[120.2413,5.1968],[120.2407,5.1977]]],[[[120.356,5.1978],[120.3528,5.1947],[120.3524,5.1901],[120.3539,5.1902],[120.3536,5.1916],[120.3561,5.1901],[120.3557,5.1924],[120.3576,5.1918],[120.356,5.1938],[120.3574,5.1958],[120.356,5.1978]]],[[[120.2461,5.1976],[120.2437,5.1974],[120.2438,5.1962],[120.2461,5.1976]]],[[[120.5951,5.2009],[120.5938,5.2004],[120.5959,5.1992],[120.5951,5.2009]]],[[[119.878,5.1997],[119.8782,5.2012],[119.8762,5.1991],[119.878,5.1997]]],[[[120.5844,5.1991],[120.5847,5.1991],[120.5859,5.2003],[120.5857,5.2019],[120.5839,5.2003],[120.5837,5.1997],[120.5841,5.1991],[120.5844,5.1991]]],[[[120.5914,5.2027],[120.5901,5.2014],[120.5923,5.2019],[120.5914,5.2027]]],[[[120.5119,5.2031],[120.5085,5.202],[120.5071,5.1996],[120.5145,5.1926],[120.5189,5.1929],[120.5181,5.1904],[120.5224,5.1882],[120.5239,5.1853],[120.5226,5.1922],[120.5119,5.2031]]],[[[120.5871,5.202],[120.5871,5.2041],[120.5839,5.2055],[120.5833,5.202],[120.5857,5.2019],[120.5859,5.2003],[120.5847,5.1991],[120.5841,5.1991],[120.5826,5.1997],[120.5825,5.201],[120.5809,5.2],[120.5861,5.1979],[120.5877,5.1989],[120.5871,5.202]]],[[[120.3563,5.2099],[120.3567,5.2117],[120.3555,5.2123],[120.3553,5.2097],[120.3563,5.2099]]],[[[120.6965,5.2095],[120.6905,5.2121],[120.6911,5.2107],[120.6965,5.2095]]],[[[119.8788,5.2133],[119.8698,5.2006],[119.8709,5.1972],[119.87,5.2005],[119.8788,5.2133]]],[[[120.6109,5.2135],[120.6095,5.2151],[120.6095,5.2135],[120.6109,5.2135]]],[[[120.3151,5.217],[120.3147,5.2161],[120.3158,5.216],[120.3151,5.217]]],[[[120.3545,5.2196],[120.353,5.2178],[120.3542,5.2145],[120.3562,5.218],[120.3559,5.2196],[120.3545,5.2196]]],[[[120.6035,5.2199],[120.5688,5.2076],[120.5988,5.2024],[120.6035,5.2199]]],[[[119.9069,5.2203],[119.9035,5.2197],[119.9062,5.2181],[119.9069,5.2203]]],[[[120.3303,5.2187],[120.3301,5.2205],[120.3293,5.2191],[120.3303,5.2187]]],[[[119.8995,5.2215],[119.8914,5.2181],[119.8913,5.2145],[119.8953,5.2133],[119.8959,5.2148],[119.8977,5.2146],[119.9016,5.2194],[119.8995,5.2215]]],[[[120.3277,5.2201],[120.3276,5.2225],[120.3251,5.2189],[120.3265,5.2153],[120.3281,5.2171],[120.3277,5.2201]]],[[[120.2475,5.2222],[120.2473,5.2168],[120.2489,5.2149],[120.2492,5.218],[120.2475,5.2222]]],[[[120.5823,5.2183],[120.5967,5.2217],[120.5937,5.2229],[120.5807,5.2187],[120.5823,5.2183]]],[[[120.6753,5.2205],[120.6717,5.2229],[120.6733,5.2205],[120.6753,5.2205]]],[[[120.6608,5.223],[120.6726,5.2091],[120.6787,5.2073],[120.6862,5.2096],[120.6708,5.2198],[120.6608,5.223]]],[[[120.3125,5.223],[120.3122,5.2199],[120.3145,5.2185],[120.3155,5.2205],[120.3125,5.223]]],[[[119.9054,5.225],[119.9036,5.2236],[119.9033,5.2207],[119.9103,5.2213],[119.9086,5.2249],[119.9054,5.225]]],[[[119.909,5.2261],[119.9097,5.2237],[119.9103,5.2249],[119.909,5.2261]]],[[[120.3691,5.2239],[120.3699,5.2257],[120.3675,5.2261],[120.3673,5.2247],[120.3691,5.2239]]],[[[120.3136,5.2273],[120.3121,5.2259],[120.3139,5.2252],[120.3136,5.2273]]],[[[119.92,5.2278],[119.918,5.2274],[119.9185,5.2219],[119.92,5.2278]]],[[[120.2507,5.2246],[120.2503,5.2282],[120.2476,5.2238],[120.2485,5.2216],[120.2507,5.2246]]],[[[119.9249,5.2268],[119.9246,5.2288],[119.9238,5.2265],[119.9249,5.2268]]],[[[120.3251,5.23],[120.3244,5.2275],[120.3259,5.229],[120.3251,5.23]]],[[[120.3208,5.233],[120.3195,5.2328],[120.3197,5.231],[120.3211,5.2312],[120.3208,5.233]]],[[[120.3278,5.233],[120.325,5.231],[120.328,5.2314],[120.3278,5.233]]],[[[119.9059,5.2333],[119.8982,5.2307],[119.8953,5.2286],[119.9044,5.2327],[119.908,5.2319],[119.9059,5.2333]]],[[[120.6481,5.2335],[120.6437,5.2337],[120.6473,5.2325],[120.6481,5.2335]]],[[[120.6393,5.235],[120.6306,5.2323],[120.6291,5.2299],[120.6299,5.2279],[120.6358,5.222],[120.6481,5.2227],[120.649,5.2274],[120.6528,5.2284],[120.6393,5.235]]],[[[120.3252,5.2349],[120.3225,5.2344],[120.3226,5.2323],[120.3252,5.2349]]],[[[120.3778,5.235],[120.3743,5.2344],[120.3766,5.2312],[120.3784,5.2326],[120.3778,5.235]]],[[[119.9351,5.2346],[119.9347,5.236],[119.9351,5.2335],[119.9351,5.2346]]],[[[119.9158,5.2364],[119.9127,5.2354],[119.9124,5.2339],[119.9158,5.2364]]],[[[120.4044,5.2367],[120.4032,5.2372],[120.4028,5.2359],[120.4042,5.2324],[120.4056,5.2322],[120.4058,5.2352],[120.4044,5.2367]]],[[[119.926,5.2414],[119.9175,5.2373],[119.92,5.2364],[119.9209,5.2386],[119.926,5.2412],[119.9275,5.2397],[119.926,5.2414]]],[[[119.9491,5.2415],[119.947,5.2387],[119.9423,5.2388],[119.9432,5.2353],[119.9395,5.2331],[119.9403,5.2305],[119.9381,5.2299],[119.9372,5.2279],[119.9411,5.2281],[119.9504,5.238],[119.9544,5.2397],[119.9497,5.2401],[119.9491,5.2415]]],[[[120.3233,5.2445],[120.3209,5.2396],[120.3226,5.2395],[120.3208,5.2356],[120.326,5.2368],[120.3262,5.2431],[120.3233,5.2445]]],[[[120.3465,5.2464],[120.3397,5.2356],[120.3442,5.237],[120.3441,5.2384],[120.3472,5.2433],[120.3465,5.2464]]],[[[119.9363,5.2469],[119.9339,5.2443],[119.9348,5.2377],[119.9343,5.2443],[119.9363,5.2469]]],[[[119.9634,5.2461],[119.9637,5.2474],[119.9596,5.2446],[119.9623,5.2448],[119.9631,5.2435],[119.9623,5.2449],[119.9634,5.2461]]],[[[120.2982,5.249],[120.2971,5.2486],[120.2973,5.2464],[120.2982,5.249]]],[[[120.3148,5.2508],[120.2982,5.2413],[120.3107,5.2246],[120.3148,5.2508]]],[[[119.9635,5.2506],[119.9634,5.2517],[119.962,5.2503],[119.961,5.2511],[119.9607,5.2491],[119.9599,5.25],[119.9603,5.2478],[119.9571,5.2438],[119.9652,5.2486],[119.9649,5.2468],[119.9666,5.2491],[119.9692,5.249],[119.9666,5.2495],[119.9677,5.2509],[119.9641,5.2489],[119.9635,5.2506]]],[[[120.3252,5.2524],[120.3252,5.2473],[120.3288,5.2434],[120.3301,5.246],[120.3252,5.2524]]],[[[119.9454,5.253],[119.9464,5.2538],[119.9445,5.2525],[119.9454,5.253]]],[[[120.2703,5.2564],[120.2416,5.1909],[120.272,5.1713],[120.3188,5.2067],[120.2703,5.2564]]],[[[119.9689,5.2577],[119.9672,5.2572],[119.9675,5.256],[119.9689,5.2577]]],[[[120.2804,5.2585],[120.2787,5.2574],[120.2792,5.2527],[120.2782,5.2534],[120.2779,5.2519],[120.28,5.2512],[120.2824,5.2477],[120.2863,5.2478],[120.2878,5.2543],[120.2804,5.2585]]],[[[120.3581,5.2587],[120.3288,5.213],[120.3426,5.1817],[120.3581,5.2587]]],[[[120.3675,5.261],[120.3645,5.2604],[120.3639,5.2583],[120.369,5.2581],[120.3695,5.2597],[120.3675,5.261]]],[[[120.2556,5.262],[120.2548,5.2607],[120.2562,5.2604],[120.2556,5.262]]],[[[120.2654,5.2626],[120.2631,5.2594],[120.2618,5.2518],[120.2652,5.2527],[120.269,5.2593],[120.2681,5.2621],[120.2654,5.2626]]],[[[120.2809,5.2697],[120.2797,5.2682],[120.2815,5.2671],[120.2828,5.2687],[120.2809,5.2697]]],[[[120.274,5.2675],[120.2749,5.2689],[120.2731,5.2699],[120.274,5.2675]]],[[[120.2822,5.272],[120.2809,5.2706],[120.2825,5.2696],[120.2822,5.272]]],[[[120.3727,5.2724],[120.3687,5.2699],[120.3686,5.2677],[120.3725,5.2647],[120.3754,5.2592],[120.3791,5.2597],[120.3824,5.2635],[120.3831,5.2671],[120.3727,5.2724]]],[[[120.2695,5.2714],[120.2689,5.2729],[120.2671,5.2719],[120.2695,5.2714]]],[[[120.2629,5.2719],[120.2623,5.2737],[120.2615,5.2727],[120.2629,5.2719]]],[[[120.2891,5.2747],[120.2847,5.2731],[120.2927,5.2624],[120.2973,5.2674],[120.2911,5.2699],[120.2891,5.2747]]],[[[120.2558,5.274],[120.2544,5.2739],[120.2545,5.2717],[120.2562,5.2716],[120.2558,5.274]]],[[[120.2951,5.2761],[120.2949,5.2744],[120.2976,5.2718],[120.2951,5.2761]]],[[[120.2928,5.2765],[120.29,5.2744],[120.2912,5.271],[120.2972,5.269],[120.2954,5.2725],[120.2956,5.2706],[120.2928,5.2731],[120.2941,5.2747],[120.2928,5.2765]]],[[[120.3059,5.2832],[120.304,5.2809],[120.307,5.2753],[120.31,5.2745],[120.3152,5.2758],[120.3108,5.2812],[120.3059,5.2832]]],[[[120.2605,5.2849],[120.2595,5.2843],[120.2616,5.2804],[120.265,5.2803],[120.2654,5.2823],[120.2605,5.2849]]],[[[120.2636,5.2851],[120.2625,5.2844],[120.2647,5.2833],[120.2636,5.2851]]],[[[120.2711,5.287],[120.2686,5.2869],[120.2711,5.2836],[120.2721,5.2851],[120.2711,5.287]]],[[[120.2761,5.2852],[120.2763,5.2872],[120.2745,5.2877],[120.2741,5.2852],[120.2757,5.2837],[120.2761,5.2852]]],[[[120.241,5.2962],[120.2387,5.2969],[120.2398,5.2953],[120.241,5.2962]]],[[[120.4774,5.2962],[120.4765,5.2979],[120.4748,5.2967],[120.4774,5.2962]]],[[[120.2256,5.2989],[120.2244,5.2984],[120.2297,5.2964],[120.2256,5.2989]]],[[[120.2845,5.3002],[120.2832,5.2962],[120.2839,5.2982],[120.287,5.2952],[120.2899,5.2973],[120.2891,5.2992],[120.2845,5.3002]]],[[[120.5729,5.3026],[120.5693,5.3057],[120.569,5.3035],[120.5663,5.3019],[120.566,5.2961],[120.5713,5.2927],[120.5736,5.293],[120.576,5.2968],[120.5729,5.3026]]],[[[120.4171,5.3087],[120.4156,5.3075],[120.4161,5.3054],[120.4185,5.3067],[120.4171,5.3087]]],[[[120.2661,5.3141],[120.2647,5.3084],[120.2659,5.3056],[120.2666,5.3067],[120.2678,5.305],[120.2665,5.305],[120.2715,5.3011],[120.2735,5.3017],[120.2733,5.3002],[120.2777,5.2996],[120.2773,5.3045],[120.2746,5.3064],[120.2741,5.3088],[120.272,5.31],[120.2729,5.3083],[120.2708,5.3079],[120.2691,5.3111],[120.2709,5.3116],[120.2661,5.3141]]],[[[120.2197,5.3154],[120.2208,5.3191],[120.2186,5.3151],[120.2197,5.3154]]],[[[120.2262,5.3261],[120.2199,5.3024],[120.2376,5.2987],[120.2262,5.3261]]],[[[120.5793,5.3298],[120.5774,5.3304],[120.5767,5.3277],[120.579,5.3279],[120.5793,5.3298]]],[[[120.2673,5.3488],[120.2647,5.3473],[120.266,5.3442],[120.2701,5.3444],[120.27,5.3432],[120.2726,5.3421],[120.2755,5.3427],[120.2706,5.3487],[120.2673,5.3488]]],[[[120.2098,5.3489],[120.1722,5.3431],[120.0313,5.2318],[119.9793,5.2371],[119.943,5.1883],[119.8572,5.1448],[119.8302,5.1495],[119.811,5.1243],[119.8254,5.111],[119.822,5.0538],[119.8611,5.0466],[119.8489,5.0626],[119.8823,5.0589],[119.8792,5.0725],[119.9204,5.074],[119.9187,5.0876],[119.9675,5.0789],[119.9869,5.1422],[120.0029,5.1378],[119.9952,5.1561],[120.051,5.1849],[120.0597,5.1619],[120.0767,5.1697],[120.0711,5.1469],[120.0881,5.1617],[120.0958,5.1506],[120.1183,5.2083],[120.1581,5.1632],[120.1681,5.1914],[120.1914,5.1832],[120.1664,5.1447],[120.2239,5.1243],[120.2162,5.1477],[120.255,5.2566],[120.2504,5.2828],[120.2143,5.302],[120.2098,5.3489]]],[[[120.226,5.3587],[120.2236,5.3586],[120.2201,5.3559],[120.2212,5.3505],[120.2243,5.3493],[120.2255,5.3469],[120.2252,5.3445],[120.2307,5.3457],[120.2273,5.3449],[120.2247,5.3387],[120.2284,5.3355],[120.2299,5.3358],[120.2306,5.3336],[120.2342,5.3336],[120.2367,5.3294],[120.238,5.3287],[120.239,5.33],[120.2407,5.3259],[120.2449,5.3242],[120.2463,5.3254],[120.2455,5.3282],[120.247,5.3315],[120.2425,5.3422],[120.2436,5.3416],[120.2439,5.3433],[120.2422,5.3488],[120.2365,5.3552],[120.226,5.3587]]],[[[120.3213,5.3869],[120.2934,5.3703],[120.3392,5.379],[120.3213,5.3869]]],[[[120.3917,5.4048],[120.3667,5.3885],[120.4035,5.3985],[120.3917,5.4048]]],[[[120.587,5.4243],[120.5856,5.4238],[120.5867,5.422],[120.587,5.4243]]],[[[120.5862,5.435],[120.5787,5.4202],[120.5851,5.4318],[120.6007,5.4089],[120.5736,5.4192],[120.5786,5.4051],[120.6079,5.4043],[120.5862,5.435]]],[[[120.2306,5.4477],[120.2297,5.4468],[120.2306,5.4445],[120.2302,5.4468],[120.2319,5.4464],[120.2306,5.4477]]],[[[120.2388,5.4543],[120.2369,5.4528],[120.241,5.4508],[120.2434,5.4514],[120.2424,5.4531],[120.2394,5.4528],[120.2388,5.4543]]],[[[120.1905,5.4616],[120.1879,5.4611],[120.1832,5.4573],[120.1814,5.4545],[120.1809,5.4493],[120.1855,5.4439],[120.1932,5.4432],[120.1946,5.4445],[120.1945,5.4478],[120.1914,5.4521],[120.194,5.4522],[120.1943,5.4498],[120.194,5.4552],[120.1905,5.4616]]],[[[120.817,5.4636],[120.8163,5.4646],[120.817,5.4634],[120.8203,5.4644],[120.817,5.4636]]],[[[120.233,5.4664],[120.2257,5.4421],[120.2506,5.4416],[120.2274,5.4431],[120.2281,5.458],[120.2487,5.4556],[120.233,5.4664]]],[[[120.8247,5.4675],[120.8203,5.4647],[120.8254,5.466],[120.826,5.4672],[120.8247,5.4675]]],[[[120.5872,5.4679],[120.5779,5.4601],[120.58,5.4459],[120.5846,5.4428],[120.5896,5.4431],[120.5912,5.4459],[120.5899,5.4659],[120.5872,5.4679]]],[[[120.8054,5.4714],[120.8042,5.4712],[120.8042,5.4693],[120.8054,5.4714]]],[[[120.7991,5.475],[120.7994,5.4699],[120.7978,5.4734],[120.7942,5.4734],[120.795,5.4692],[120.7932,5.4688],[120.7929,5.467],[120.7913,5.4672],[120.7933,5.4646],[120.7972,5.4654],[120.7975,5.4691],[120.8002,5.4687],[120.8004,5.4728],[120.7991,5.475]]],[[[120.8626,5.4746],[120.8617,5.478],[120.8577,5.4792],[120.8555,5.4783],[120.8555,5.4767],[120.8607,5.4735],[120.8626,5.4746]]],[[[120.8608,5.4857],[120.8596,5.4868],[120.8585,5.486],[120.8608,5.4857]]],[[[120.8506,5.4794],[120.8508,5.483],[120.8438,5.4867],[120.8406,5.4865],[120.8411,5.4835],[120.8447,5.48],[120.8506,5.4794]]],[[[120.8535,5.4872],[120.8515,5.4872],[120.8558,5.4863],[120.8535,5.4872]]],[[[120.7217,5.4881],[120.7165,5.4855],[120.7164,5.4782],[120.7215,5.4714],[120.7237,5.4728],[120.7245,5.4757],[120.7226,5.4784],[120.722,5.4762],[120.7206,5.4783],[120.7193,5.4775],[120.7189,5.4818],[120.7204,5.4833],[120.7217,5.4819],[120.7258,5.4831],[120.7332,5.4762],[120.7333,5.4747],[120.7325,5.4762],[120.7324,5.4752],[120.7345,5.4726],[120.7348,5.4671],[120.7394,5.4552],[120.7388,5.451],[120.7361,5.4534],[120.7356,5.4512],[120.7408,5.4437],[120.7435,5.4458],[120.7443,5.4491],[120.7432,5.4595],[120.7356,5.4749],[120.7217,5.4881]]],[[[120.8663,5.4864],[120.8694,5.4882],[120.8631,5.4867],[120.8663,5.4864]]],[[[120.8447,5.49],[120.8402,5.4907],[120.8401,5.4897],[120.8497,5.4882],[120.8447,5.49]]],[[[120.903,5.4919],[120.9014,5.4918],[120.9042,5.4915],[120.903,5.4919]]],[[[120.8992,5.4918],[120.8973,5.4917],[120.9004,5.4911],[120.8992,5.4918]]],[[[120.8931,5.4926],[120.8923,5.4915],[120.8965,5.4916],[120.8931,5.4926]]],[[[120.8842,5.4932],[120.8786,5.4924],[120.8761,5.4906],[120.8857,5.4925],[120.8842,5.4932]]],[[[120.7698,5.4939],[120.7661,5.4953],[120.7636,5.4919],[120.7705,5.4834],[120.7727,5.4782],[120.7733,5.4834],[120.7766,5.4869],[120.7779,5.4924],[120.7698,5.4939]]],[[[120.9476,5.495],[120.9463,5.4956],[120.9472,5.4941],[120.9476,5.495]]],[[[120.9435,5.4954],[120.9423,5.4956],[120.943,5.4933],[120.9447,5.4923],[120.9435,5.4954]]],[[[120.937,5.499],[120.9361,5.4987],[120.9369,5.4962],[120.937,5.499]]],[[[120.9257,5.5007],[120.9236,5.4975],[120.9243,5.4948],[120.9225,5.4948],[120.9258,5.4931],[120.9232,5.4932],[120.9219,5.4915],[120.9281,5.4876],[120.929,5.4932],[120.9274,5.4945],[120.9257,5.5007]]],[[[120.9283,5.5023],[120.9299,5.4969],[120.9307,5.4993],[120.9283,5.5023]]],[[[120.5669,5.4981],[120.5661,5.5023],[120.5621,5.5031],[120.5621,5.5017],[120.5669,5.4981]]],[[[120.7845,5.5057],[120.7834,5.5029],[120.7852,5.5037],[120.7845,5.5057]]],[[[120.9336,5.5051],[120.9336,5.5018],[120.9352,5.5003],[120.9352,5.5036],[120.9336,5.5051]]],[[[120.9632,5.5069],[120.9515,5.4904],[120.9034,5.4894],[120.9517,5.4894],[120.9632,5.5069]]],[[[120.9464,5.507],[120.9455,5.502],[120.9479,5.5006],[120.951,5.5043],[120.9496,5.5061],[120.9464,5.507]]],[[[120.9407,5.5077],[120.9393,5.5068],[120.941,5.5011],[120.9434,5.4988],[120.9441,5.506],[120.9407,5.5077]]],[[[120.907,5.508],[120.9076,5.5105],[120.9065,5.5113],[120.9054,5.5091],[120.907,5.508]]],[[[120.9456,5.5149],[120.9461,5.511],[120.948,5.5088],[120.9517,5.5086],[120.9527,5.5128],[120.9518,5.5142],[120.9496,5.5143],[120.9493,5.513],[120.9456,5.5149]]],[[[120.9533,5.5177],[120.9523,5.5159],[120.9542,5.5152],[120.9533,5.5177]]],[[[120.9478,5.5181],[120.9463,5.5181],[120.9473,5.5163],[120.9501,5.5157],[120.9478,5.5181]]],[[[120.9549,5.5195],[120.9523,5.5178],[120.9541,5.5182],[120.9545,5.5173],[120.9549,5.5195]]],[[[120.9639,5.517],[120.9632,5.5202],[120.9628,5.5178],[120.9639,5.517]]],[[[120.8067,5.509],[120.8093,5.5115],[120.8112,5.5163],[120.8105,5.5244],[120.8056,5.5103],[120.8067,5.509]]],[[[120.9564,5.5244],[120.9544,5.523],[120.9559,5.5228],[120.9564,5.5244]]],[[[120.9094,5.5261],[120.9073,5.5246],[120.9077,5.5231],[120.9098,5.5234],[120.9086,5.5251],[120.9094,5.5261]]],[[[120.8016,5.5264],[120.8001,5.5257],[120.8012,5.5237],[120.8016,5.5264]]],[[[120.8037,5.5147],[120.8069,5.5289],[120.7738,5.4836],[120.7903,5.4551],[120.8037,5.5147]]],[[[120.7564,5.5558],[120.7524,5.5527],[120.7535,5.5504],[120.7567,5.5513],[120.7564,5.5558]]],[[[120.9124,5.5567],[120.9112,5.5533],[120.9151,5.5496],[120.9148,5.5515],[120.9166,5.552],[120.9171,5.5488],[120.9197,5.55],[120.9189,5.5475],[120.92,5.5463],[120.9281,5.5449],[120.9301,5.5457],[120.9301,5.5484],[120.9272,5.5518],[120.9191,5.5531],[120.9124,5.5567]]],[[[120.7941,5.5698],[120.7607,5.5561],[120.7445,5.5175],[120.7585,5.4978],[120.8055,5.5305],[120.811,5.5586],[120.7941,5.5698]]],[[[120.7294,5.5861],[120.7261,5.584],[120.7292,5.5832],[120.7294,5.5861]]],[[[120.8507,5.5923],[120.8123,5.5445],[120.8569,5.4876],[120.9081,5.5364],[120.8507,5.5923]]],[[[120.8732,5.6033],[120.8721,5.6029],[120.8729,5.6001],[120.8732,5.6033]]],[[[120.8574,5.6005],[120.8579,5.6036],[120.8556,5.5996],[120.8567,5.5923],[120.8594,5.5887],[120.8738,5.5907],[120.8772,5.5942],[120.8772,5.6006],[120.8733,5.5985],[120.8706,5.5943],[120.8662,5.5927],[120.86,5.5943],[120.8574,5.6005]]],[[[120.2756,5.6297],[120.2712,5.6292],[120.2695,5.6235],[120.2706,5.6173],[120.2745,5.6151],[120.2793,5.6168],[120.285,5.6231],[120.2836,5.628],[120.2756,5.6297]]],[[[120.2792,5.6397],[120.2767,5.6396],[120.2764,5.6384],[120.2805,5.6349],[120.2813,5.6368],[120.2792,5.6397]]],[[[120.2817,5.6555],[120.28,5.6539],[120.2824,5.6515],[120.2817,5.6555]]],[[[120.3486,5.6699],[120.3463,5.669],[120.3458,5.6659],[120.3508,5.6612],[120.3533,5.6606],[120.3538,5.6631],[120.3486,5.6699]]],[[[121.0128,5.6853],[121.012,5.6834],[121.0135,5.6844],[121.0128,5.6853]]],[[[121.0111,5.692],[121.0093,5.6906],[121.0112,5.6881],[121.0081,5.6869],[121.0098,5.6848],[121.0102,5.686],[121.0137,5.6857],[121.0142,5.6872],[121.0136,5.6901],[121.0114,5.6896],[121.0111,5.692]]],[[[121.0669,5.6942],[121.0123,5.6819],[121.0422,5.6582],[121.071,5.6752],[121.0669,5.6942]]],[[[121.0156,5.6944],[121.0145,5.6934],[121.0166,5.6925],[121.0156,5.6944]]],[[[120.9943,5.6982],[120.9919,5.697],[120.9926,5.6876],[120.9917,5.6863],[120.9952,5.6816],[120.9954,5.679],[121.0044,5.6688],[121.0082,5.6668],[121.011,5.6677],[121.0126,5.6695],[121.0114,5.6728],[121.0079,5.6758],[121.0084,5.677],[121.0021,5.6864],[120.998,5.6902],[120.9981,5.6924],[120.9943,5.6982]]],[[[120.9098,5.6982],[120.9088,5.6946],[120.9095,5.6967],[120.9115,5.6964],[120.9098,5.6982]]],[[[120.2203,5.6984],[120.2158,5.6977],[120.22,5.6944],[120.2195,5.6925],[120.2222,5.6923],[120.2245,5.6946],[120.2243,5.6962],[120.2203,5.6984]]],[[[120.9154,5.7017],[120.9133,5.7006],[120.9145,5.6978],[120.9163,5.7001],[120.9154,5.7017]]],[[[121.0187,5.7071],[121.0191,5.7091],[121.0175,5.7081],[121.0187,5.7071]]],[[[120.8363,5.7102],[120.8048,5.7],[120.7984,5.6635],[120.8626,5.6662],[120.8882,5.6848],[120.8363,5.7102]]],[[[121.0177,5.713],[121.0159,5.7131],[121.0158,5.712],[121.0186,5.7128],[121.0177,5.713]]],[[[121.0307,5.7139],[121.0247,5.7138],[121.0254,5.7126],[121.0233,5.7121],[121.0229,5.7095],[121.0301,5.7117],[121.0307,5.7139]]],[[[121.0281,5.7167],[121.0285,5.7183],[121.0271,5.7173],[121.0281,5.7167]]],[[[121.0131,5.7212],[121.013,5.7195],[121.0153,5.7204],[121.0131,5.7212]]],[[[121.0247,5.7215],[121.0239,5.7225],[121.0237,5.7211],[121.0247,5.7215]]],[[[120.2995,5.7329],[120.2951,5.7299],[120.2949,5.7254],[120.3003,5.7278],[120.301,5.7317],[120.2995,5.7329]]],[[[120.998,5.7377],[121.0121,5.7158],[121.0165,5.7319],[120.998,5.7377]]],[[[120.4069,5.7344],[120.4088,5.74],[120.4029,5.7275],[120.401,5.7304],[120.3988,5.7282],[120.3973,5.7251],[120.3979,5.7194],[120.4007,5.7202],[120.4069,5.7344]]],[[[120.9108,5.7595],[120.886,5.7419],[120.8906,5.6941],[120.9348,5.7181],[120.9108,5.7595]]],[[[120.4157,5.7636],[120.4128,5.7634],[120.4117,5.7615],[120.4106,5.7622],[120.4088,5.7597],[120.4075,5.7507],[120.4105,5.7455],[120.4141,5.7493],[120.4188,5.7592],[120.4188,5.7628],[120.4157,5.7636]]],[[[121.2092,5.8066],[121.2067,5.8035],[121.2092,5.8007],[121.2091,5.8028],[121.2106,5.8025],[121.2092,5.8066]]],[[[121.2127,5.8101],[121.2117,5.8092],[121.2128,5.8076],[121.2112,5.8058],[121.2158,5.803],[121.2168,5.8052],[121.2133,5.8072],[121.2127,5.8101]]],[[[120.3994,5.8115],[120.3937,5.811],[120.3952,5.8022],[120.4012,5.788],[120.4089,5.7764],[120.4159,5.7733],[120.4217,5.778],[120.4217,5.7855],[120.4199,5.792],[120.4121,5.7978],[120.4129,5.7962],[120.4117,5.7948],[120.4128,5.7937],[120.4099,5.7953],[120.4107,5.7991],[120.3994,5.8115]]],[[[121.2101,5.8212],[121.218,5.8035],[121.2419,5.8149],[121.2101,5.8212]]],[[[121.2033,5.8288],[121.2018,5.8276],[121.2039,5.8264],[121.2033,5.8288]]],[[[121.1987,5.8382],[121.1953,5.8376],[121.1965,5.8367],[121.1953,5.8367],[121.1961,5.8336],[121.1984,5.8338],[121.1979,5.8327],[121.1971,5.8333],[121.1968,5.8326],[121.196,5.8332],[121.1958,5.8327],[121.198,5.8304],[121.2003,5.8312],[121.2004,5.8287],[121.2038,5.831],[121.2041,5.8337],[121.1987,5.8382]]],[[[121.1955,5.8395],[121.1951,5.838],[121.1973,5.8385],[121.1955,5.8395]]],[[[121.24,5.8437],[121.2386,5.844],[121.2406,5.8425],[121.2406,5.8404],[121.2382,5.8397],[121.2376,5.8374],[121.233,5.8379],[121.2351,5.8363],[121.2383,5.8367],[121.2413,5.8411],[121.241,5.8428],[121.24,5.8437]]],[[[121.0275,5.8412],[121.0255,5.8444],[121.0211,5.8395],[121.0247,5.8352],[121.0286,5.8337],[121.0304,5.8348],[121.0318,5.8385],[121.0275,5.8412]]],[[[121.1293,5.8451],[121.1278,5.8433],[121.1296,5.8415],[121.1314,5.843],[121.1293,5.8451]]],[[[121.1038,5.8448],[121.1022,5.8453],[121.1005,5.8417],[121.1025,5.8392],[121.1054,5.8399],[121.1072,5.8425],[121.1065,5.8444],[121.1038,5.8448]]],[[[121.1466,5.8498],[121.1386,5.7884],[121.1591,5.7785],[121.2061,5.8002],[121.1937,5.8359],[121.1466,5.8498]]],[[[121.2797,5.8557],[121.2712,5.8546],[121.2745,5.854],[121.2797,5.8557]]],[[[121.09,5.8592],[121.0846,5.858],[121.0816,5.8556],[121.0861,5.8447],[121.0831,5.8462],[121.0833,5.8491],[121.0791,5.8512],[121.0794,5.8438],[121.0825,5.8403],[121.0847,5.8401],[121.0927,5.8442],[121.0916,5.8457],[121.0952,5.8503],[121.0937,5.8563],[121.09,5.8592]]],[[[121.2175,5.8594],[121.2197,5.8482],[121.2242,5.8418],[121.2278,5.8395],[121.2373,5.839],[121.2387,5.843],[121.2374,5.8436],[121.2387,5.8449],[121.237,5.8438],[121.2349,5.8451],[121.2333,5.8493],[121.231,5.8499],[121.2309,5.8519],[121.226,5.8559],[121.2242,5.8558],[121.2232,5.858],[121.2175,5.8594]]],[[[121.2994,5.8753],[121.2991,5.8739],[121.3003,5.8749],[121.2994,5.8753]]],[[[119.9799,5.8752],[119.9795,5.8733],[119.9809,5.8725],[119.9799,5.8752]]],[[[119.976,5.8756],[119.9744,5.8728],[119.9764,5.8709],[119.9787,5.8708],[119.9755,5.8721],[119.976,5.8756]]],[[[121.213,5.8762],[121.2116,5.8769],[121.2086,5.8736],[121.2123,5.8699],[121.2138,5.8706],[121.2151,5.8747],[121.213,5.8762]]],[[[121.2576,5.881],[121.2568,5.8823],[121.2576,5.8793],[121.2576,5.881]]],[[[119.9396,5.885],[119.92,5.8722],[119.9619,5.8625],[119.9396,5.885]]],[[[119.975,5.8852],[119.9744,5.8861],[119.9734,5.8841],[119.9747,5.8837],[119.975,5.8852]]],[[[120.0178,5.8805],[120.0204,5.8863],[120.0175,5.8806],[120.0148,5.8787],[120.0178,5.8805]]],[[[119.9772,5.8878],[119.9764,5.8859],[119.9781,5.8855],[119.9772,5.8878]]],[[[120.01,5.8886],[119.9711,5.862],[120.0092,5.8689],[120.01,5.8886]]],[[[121.3096,5.88],[121.3127,5.8842],[121.3203,5.8876],[121.3202,5.89],[121.3192,5.888],[121.3104,5.8833],[121.3096,5.88]]],[[[120.0115,5.8904],[120.0106,5.8889],[120.0138,5.8889],[120.0115,5.8904]]],[[[120.0093,5.8917],[120.0095,5.8901],[120.011,5.8912],[120.0093,5.8917]]],[[[119.9719,5.8933],[119.9712,5.894],[119.9703,5.8925],[119.9712,5.8911],[119.9701,5.89],[119.9688,5.8911],[119.969,5.8898],[119.9659,5.8872],[119.9655,5.8848],[119.9673,5.8836],[119.9657,5.882],[119.9669,5.8813],[119.9646,5.8812],[119.9666,5.8766],[119.9656,5.875],[119.9669,5.8751],[119.9663,5.8735],[119.9677,5.8728],[119.9672,5.87],[119.9697,5.8664],[119.9731,5.8695],[119.9698,5.8694],[119.9694,5.871],[119.971,5.8704],[119.9717,5.8715],[119.9712,5.8731],[119.9697,5.8729],[119.9737,5.876],[119.9724,5.8784],[119.9715,5.8751],[119.969,5.8756],[119.9713,5.8775],[119.9716,5.8802],[119.9722,5.8787],[119.973,5.8792],[119.9711,5.8816],[119.9699,5.88],[119.969,5.8806],[119.9704,5.8823],[119.9694,5.8823],[119.9702,5.8852],[119.9692,5.8861],[119.9703,5.8863],[119.9681,5.8861],[119.9679,5.888],[119.9707,5.8889],[119.9705,5.8864],[119.9739,5.8862],[119.975,5.8886],[119.9716,5.889],[119.9723,5.8908],[119.9709,5.8925],[119.9722,5.8923],[119.9719,5.8933]]],[[[120.0733,5.8939],[120.0698,5.8941],[120.0673,5.8925],[120.0665,5.8874],[120.0677,5.885],[120.0689,5.8855],[120.0671,5.8894],[120.0674,5.8922],[120.0701,5.8939],[120.0724,5.8931],[120.0706,5.8933],[120.069,5.8914],[120.07,5.8765],[120.074,5.8711],[120.0786,5.8712],[120.0758,5.8908],[120.0733,5.8939]]],[[[120.0096,5.9008],[120.0083,5.8996],[120.007,5.8999],[120.0081,5.8991],[120.0057,5.8949],[120.0071,5.8948],[120.0077,5.8976],[120.01,5.8993],[120.0088,5.8983],[120.0101,5.8967],[120.0081,5.895],[120.0089,5.8934],[120.0114,5.8937],[120.01,5.8931],[120.0113,5.8922],[120.0143,5.8937],[120.0146,5.8927],[120.0149,5.8935],[120.0132,5.8963],[120.0141,5.8943],[120.0134,5.8951],[120.013,5.8943],[120.0092,5.8951],[120.0109,5.8955],[120.0104,5.8969],[120.0114,5.8963],[120.0096,5.9008]]],[[[120.0102,5.9025],[120.0067,5.9014],[120.0083,5.9002],[120.0102,5.9025]]],[[[119.9865,5.9081],[119.9835,5.9059],[119.9859,5.9047],[119.9854,5.9065],[119.9877,5.9061],[119.9865,5.9081]]],[[[121.0384,5.9089],[121.0376,5.9077],[121.04,5.9059],[121.0399,5.9085],[121.0384,5.9089]]],[[[121.0417,5.907],[121.0424,5.9079],[121.0409,5.9091],[121.0417,5.907]]],[[[119.9844,5.9109],[119.9813,5.9105],[119.9858,5.9098],[119.9844,5.9109]]],[[[119.9856,5.9143],[119.9835,5.913],[119.988,5.9106],[119.9856,5.9143]]],[[[121.3883,5.9145],[121.3863,5.9131],[121.3885,5.9131],[121.3883,5.9145]]],[[[119.9947,5.9159],[119.994,5.914],[119.9954,5.9145],[119.9947,5.9159]]],[[[119.9902,5.9179],[119.9905,5.9159],[119.9885,5.916],[119.99,5.9137],[119.9896,5.9155],[119.9908,5.9153],[119.9912,5.9165],[119.9902,5.9179]]],[[[119.9942,5.9204],[119.9943,5.9166],[119.9955,5.9164],[119.9966,5.9174],[119.9942,5.9204]]],[[[120.0035,5.921],[119.9999,5.9179],[119.9999,5.9159],[120.0039,5.9062],[120.0062,5.9084],[120.0042,5.9058],[120.0065,5.9044],[120.0048,5.9042],[120.0063,5.9028],[120.0082,5.9038],[120.0075,5.9065],[120.0062,5.9067],[120.0072,5.9088],[120.0054,5.9092],[120.007,5.9121],[120.0029,5.9134],[120.0062,5.9134],[120.0058,5.9171],[120.0083,5.9188],[120.0063,5.9204],[120.0027,5.9195],[120.0035,5.921]]],[[[120.0035,5.9244],[119.9991,5.9237],[120.0012,5.9226],[120.0008,5.9209],[119.998,5.92],[119.9991,5.9189],[119.9974,5.9174],[119.9993,5.9182],[119.9996,5.9201],[120.0016,5.9211],[120.0015,5.9234],[120.0021,5.9213],[120.0054,5.922],[120.0035,5.9244]]],[[[119.9918,5.9405],[119.98,5.917],[119.9994,5.9217],[119.9918,5.9405]]],[[[120.1205,5.9689],[120.119,5.9674],[120.1197,5.965],[120.1169,5.9644],[120.1159,5.9607],[120.1138,5.9622],[120.1118,5.961],[120.1144,5.9593],[120.1124,5.9582],[120.1121,5.9602],[120.1109,5.9602],[120.1096,5.9588],[120.1116,5.9489],[120.113,5.9454],[120.1143,5.9447],[120.1137,5.9432],[120.116,5.943],[120.1151,5.9397],[120.1165,5.9386],[120.1158,5.9412],[120.1173,5.9412],[120.1174,5.9375],[120.1193,5.9368],[120.1219,5.9397],[120.121,5.9407],[120.1224,5.9409],[120.121,5.9422],[120.1223,5.9422],[120.1207,5.9443],[120.1217,5.9461],[120.1201,5.9466],[120.1219,5.9479],[120.12,5.9484],[120.1214,5.95],[120.119,5.9509],[120.1195,5.9482],[120.1178,5.9476],[120.1186,5.9462],[120.1171,5.9469],[120.117,5.9455],[120.1149,5.9471],[120.1144,5.9448],[120.1127,5.9472],[120.1144,5.9478],[120.1112,5.9522],[120.1131,5.9537],[120.1107,5.9558],[120.1118,5.9584],[120.1126,5.9553],[120.1137,5.9577],[120.1165,5.9545],[120.1169,5.9557],[120.1152,5.957],[120.1162,5.958],[120.1142,5.9577],[120.1153,5.9597],[120.1166,5.9586],[120.1163,5.961],[120.1184,5.9614],[120.1208,5.9581],[120.1193,5.9585],[120.1181,5.9564],[120.1194,5.9561],[120.1201,5.9577],[120.1208,5.9549],[120.1181,5.9552],[120.118,5.9536],[120.1157,5.9532],[120.1191,5.9537],[120.1208,5.9512],[120.123,5.9515],[120.1217,5.9527],[120.1242,5.9571],[120.1225,5.9592],[120.1232,5.9617],[120.1212,5.9638],[120.1205,5.9689]]],[[[120.1036,5.9694],[120.1029,5.9682],[120.1045,5.9676],[120.1032,5.9665],[120.1049,5.9655],[120.106,5.9616],[120.1103,5.9615],[120.1106,5.9631],[120.1086,5.9646],[120.1104,5.9635],[120.1093,5.9671],[120.1058,5.9671],[120.1092,5.9661],[120.1054,5.9653],[120.1045,5.9674],[120.1054,5.9689],[120.1036,5.9694]]],[[[121.5786,5.9793],[121.5581,5.9552],[121.5707,5.9323],[121.5975,5.955],[121.5786,5.9793]]],[[[120.1028,5.9893],[120.0899,5.9742],[120.1199,5.9171],[120.0959,5.984],[120.1209,5.9706],[120.1028,5.9893]]],[[[121.6739,6.0151],[121.6725,6.0143],[121.6744,6.013],[121.6739,6.0151]]],[[[121.3677,6.0162],[121.3638,6.0148],[121.3623,6.0124],[121.3686,6.0069],[121.3693,6.0092],[121.3737,6.0099],[121.3742,6.0115],[121.3677,6.0162]]],[[[120.8815,6.0149],[120.8823,6.0173],[120.8805,6.0157],[120.8815,6.0149]]],[[[121.8615,6.023],[121.8595,6.0229],[121.8613,6.022],[121.8615,6.023]]],[[[121.6662,6.028],[121.66,6.022],[121.6593,6.0185],[121.6576,6.0174],[121.6558,6.0085],[121.6588,6.0104],[121.6604,6.016],[121.6649,6.0173],[121.6655,6.0208],[121.6674,6.0219],[121.6669,6.0231],[121.6684,6.0239],[121.6669,6.0241],[121.6662,6.028]]],[[[121.3274,6.0341],[121.3246,6.0333],[121.3241,6.0309],[121.317,6.0307],[121.3146,6.0265],[121.3157,6.018],[121.3194,6.0165],[121.3206,6.0199],[121.3269,6.0232],[121.328,6.0269],[121.3255,6.0315],[121.3282,6.0336],[121.3274,6.0341]]],[[[121.6635,6.0411],[121.6626,6.0394],[121.6645,6.037],[121.6655,6.0381],[121.6635,6.0411]]],[[[121.5511,6.0421],[121.5256,5.9927],[121.5562,6.016],[121.5511,6.0421]]],[[[121.5179,6.05],[121.5167,6.0512],[121.5145,6.05],[121.5141,6.0423],[121.5172,6.0416],[121.5234,6.0442],[121.5232,6.0466],[121.5179,6.05]]],[[[121.7806,6.0521],[121.7823,6.0495],[121.7914,6.0446],[121.7935,6.0447],[121.7806,6.0521]]],[[[121.4075,6.0571],[121.3814,6.0261],[121.4239,6.0137],[121.4332,6.0376],[121.4075,6.0571]]],[[[121.6776,6.0574],[121.6691,6.0384],[121.6873,6.0276],[121.6525,5.9965],[121.6674,5.9881],[121.7279,6.0311],[121.6884,6.0363],[121.6753,6.0546],[121.6998,6.0507],[121.6776,6.0574]]],[[[120.4833,6.0604],[120.48,6.0571],[120.4798,6.0533],[120.4831,6.0499],[120.4889,6.0483],[120.4897,6.0516],[120.4875,6.0574],[120.4833,6.0604]]],[[[121.1929,6.0713],[121.1921,6.0727],[121.1917,6.0703],[121.1936,6.0703],[121.1929,6.0713]]],[[[121.453,6.0764],[121.4469,6.0758],[121.4417,6.0711],[121.4404,6.0564],[121.4417,6.0528],[121.4457,6.0504],[121.4485,6.051],[121.452,6.0575],[121.4557,6.0597],[121.4589,6.0596],[121.4614,6.0642],[121.4584,6.073],[121.4567,6.0753],[121.453,6.0764]]],[[[121.7042,6.0767],[121.7017,6.076],[121.7012,6.0735],[121.7061,6.0693],[121.7072,6.0654],[121.7175,6.0595],[121.721,6.0601],[121.7208,6.0631],[121.7154,6.0711],[121.71,6.0749],[121.7042,6.0767]]],[[[121.1655,6.0784],[121.165,6.0762],[121.1672,6.071],[121.1731,6.0742],[121.1737,6.0735],[121.1746,6.0758],[121.1775,6.0762],[121.1737,6.0779],[121.1724,6.0771],[121.1655,6.0784]]],[[[118.3177,6.0867],[118.314,6.0852],[118.3145,6.0815],[118.3088,6.0766],[118.3076,6.0726],[118.3097,6.0709],[118.318,6.0735],[118.3181,6.0783],[118.3214,6.0825],[118.3202,6.0863],[118.3177,6.0867]]],[[[121.2723,6.0908],[121.2708,6.0897],[121.2708,6.0843],[121.2647,6.0774],[121.2655,6.075],[121.2762,6.0743],[121.2782,6.076],[121.2784,6.0813],[121.2764,6.0765],[121.2756,6.0795],[121.2713,6.0824],[121.2759,6.085],[121.2774,6.0851],[121.2785,6.0832],[121.2766,6.0898],[121.2738,6.0891],[121.2723,6.0908]]],[[[121.0597,6.0911],[121.0167,6.0866],[120.9833,6.0445],[120.918,6.0249],[120.8733,5.9544],[120.88,5.9203],[120.9403,5.8893],[121.0244,5.928],[121.0758,5.8777],[121.0852,5.8917],[121.0691,5.8979],[121.1279,5.9054],[121.1959,5.9549],[121.2375,5.9364],[121.2356,5.8937],[121.2889,5.8746],[121.2705,5.8724],[121.2841,5.8559],[121.3536,5.9188],[121.3848,5.904],[121.3833,5.937],[121.4255,5.9594],[121.4189,5.995],[121.394,6.0106],[121.3634,5.9889],[121.3638,6.0049],[121.2796,6.0189],[121.2061,5.9963],[121.154,6.0777],[121.0597,6.0911]]],[[[121.6629,6.0915],[121.6591,6.0898],[121.6566,6.0856],[121.655,6.0785],[121.6564,6.0774],[121.6627,6.0812],[121.6645,6.0806],[121.6683,6.0826],[121.6677,6.0887],[121.6629,6.0915]]],[[[121.7643,6.0946],[121.7564,6.0782],[121.7774,6.0533],[121.8542,5.9987],[121.9485,6.0519],[121.8535,6.0193],[121.7643,6.0946]]],[[[118.4495,6.1064],[118.4442,6.1053],[118.4459,6.1009],[118.4496,6.1011],[118.4509,6.1051],[118.4495,6.1064]]],[[[120.5047,6.1123],[120.5023,6.1089],[120.5043,6.1029],[120.5094,6.0983],[120.5136,6.0983],[120.5149,6.1017],[120.513,6.1062],[120.5084,6.1122],[120.5047,6.1123]]],[[[120.9662,6.1143],[120.9647,6.1153],[120.9621,6.1138],[120.9515,6.1032],[120.9625,6.1013],[120.9662,6.1047],[120.9652,6.106],[120.9638,6.1051],[120.9642,6.1034],[120.9619,6.1039],[120.9611,6.1017],[120.9591,6.1026],[120.9603,6.1043],[120.9548,6.1058],[120.9638,6.1143],[120.9662,6.1138],[120.9662,6.1099],[120.9678,6.1094],[120.9679,6.1109],[120.9667,6.1103],[120.9675,6.1137],[120.9662,6.1143]]],[[[120.9793,6.1215],[120.9776,6.1203],[120.9729,6.1209],[120.9776,6.1202],[120.9793,6.1215]]],[[[120.8889,6.1287],[120.8887,6.1263],[120.8927,6.1244],[120.8889,6.1287]]],[[[120.8981,6.131],[120.8969,6.1293],[120.8929,6.1305],[120.8945,6.1284],[120.8925,6.1283],[120.8919,6.1266],[120.8928,6.1273],[120.8934,6.1251],[120.8934,6.1261],[120.8948,6.1241],[120.8964,6.1243],[120.8944,6.1228],[120.9086,6.1244],[120.916,6.1294],[120.9096,6.1267],[120.9095,6.1278],[120.9069,6.1281],[120.9072,6.1293],[120.9047,6.1282],[120.9036,6.1297],[120.902,6.1291],[120.9021,6.1307],[120.8995,6.1296],[120.8981,6.131]]],[[[120.9833,6.1314],[120.9831,6.1302],[120.9861,6.1301],[120.9833,6.1314]]],[[[120.9922,6.1317],[120.9901,6.13],[120.9915,6.1277],[120.9873,6.1244],[120.9858,6.1274],[120.9821,6.1274],[120.9828,6.1215],[120.9862,6.1223],[120.9965,6.1309],[120.9922,6.1317]]],[[[120.8823,6.1353],[120.8812,6.1348],[120.8829,6.1318],[120.8858,6.1291],[120.888,6.1289],[120.8825,6.1334],[120.8823,6.1353]]],[[[121.0005,6.1352],[121.0004,6.1332],[120.9976,6.1327],[120.9998,6.1326],[121.0009,6.1334],[121.0005,6.1352]]],[[[120.9913,6.1362],[120.99,6.1371],[120.9888,6.1356],[120.9913,6.1362]]],[[[120.978,6.1373],[120.9722,6.1335],[120.9754,6.1301],[120.9765,6.1325],[120.979,6.1314],[120.9799,6.1331],[120.9782,6.1337],[120.978,6.1373]]],[[[120.8994,6.1373],[120.8984,6.1384],[120.8976,6.1369],[120.8995,6.1359],[120.8994,6.1373]]],[[[121.8158,6.1399],[121.8152,6.1374],[121.8164,6.1385],[121.8158,6.1399]]],[[[120.9928,6.1404],[120.9915,6.1404],[120.9904,6.1377],[120.9936,6.1372],[120.992,6.1387],[120.9935,6.1396],[120.9945,6.1367],[120.9966,6.1358],[120.9958,6.1353],[120.9961,6.1348],[120.9955,6.1349],[120.9953,6.1344],[120.995,6.1348],[120.9948,6.134],[120.9938,6.1348],[120.9942,6.1321],[120.9955,6.1331],[120.9946,6.134],[120.9954,6.1341],[120.9956,6.1347],[120.9962,6.1344],[120.997,6.1353],[120.9971,6.1381],[120.9995,6.1351],[121.0009,6.1362],[120.9986,6.1388],[120.9928,6.1404]]],[[[120.9887,6.1407],[120.9829,6.1389],[120.9845,6.1382],[120.9904,6.1399],[120.9887,6.1407]]],[[[120.535,6.1451],[120.547,6.1131],[120.5565,6.1275],[120.535,6.1451]]],[[[121.7635,6.1456],[121.7619,6.1387],[121.7684,6.1376],[121.7685,6.1401],[121.7635,6.1456]]],[[[120.9077,6.1475],[120.9054,6.1474],[120.9062,6.1452],[120.9089,6.1442],[120.9107,6.1451],[120.9113,6.1429],[120.9134,6.1424],[120.9146,6.1442],[120.9136,6.1457],[120.9151,6.1458],[120.913,6.1471],[120.9084,6.1461],[120.9077,6.1475]]],[[[121.841,6.1476],[121.8156,6.1345],[121.8211,6.1184],[121.8544,6.1263],[121.841,6.1476]]],[[[120.9333,6.1421],[120.935,6.148],[120.9322,6.1417],[120.9304,6.1413],[120.931,6.1401],[120.9333,6.1421]]],[[[120.4798,6.1492],[120.4768,6.1465],[120.474,6.1405],[120.4787,6.1365],[120.4816,6.1378],[120.4826,6.1418],[120.482,6.1485],[120.4798,6.1492]]],[[[120.897,6.151],[120.8943,6.1499],[120.8955,6.1461],[120.8966,6.1478],[120.8987,6.1475],[120.8962,6.1496],[120.8994,6.1495],[120.897,6.151]]],[[[121.871,6.1565],[121.8697,6.1561],[121.8715,6.1546],[121.8723,6.1554],[121.871,6.1565]]],[[[120.9484,6.166],[120.95,6.1634],[120.9469,6.1593],[120.9503,6.1636],[120.9484,6.166]]],[[[120.941,6.1678],[120.9379,6.1662],[120.9365,6.1671],[120.9362,6.1647],[120.9386,6.1643],[120.9404,6.1662],[120.9412,6.1654],[120.9421,6.1666],[120.941,6.1678]]],[[[118.1103,6.1649],[118.1116,6.1668],[118.1102,6.1678],[118.1087,6.1669],[118.1103,6.1649]]],[[[120.9917,6.1689],[120.9886,6.1681],[120.9865,6.1643],[120.9992,6.1614],[121.0013,6.1621],[120.9974,6.1626],[120.9953,6.1653],[120.9931,6.1645],[120.994,6.1658],[120.9931,6.1663],[120.9935,6.1669],[120.992,6.1679],[120.9917,6.1689]]],[[[121.005,6.1723],[120.9979,6.1701],[120.9954,6.1708],[120.9946,6.1692],[120.9925,6.1697],[120.9922,6.168],[120.9933,6.1675],[120.9936,6.1685],[120.9943,6.1674],[120.9959,6.1687],[120.9985,6.1677],[121.0051,6.1714],[121.0047,6.1695],[121.0062,6.1694],[121.0051,6.1681],[121.0071,6.1665],[121.0059,6.1662],[121.0064,6.1628],[121.0044,6.1602],[121.0033,6.1625],[121.0014,6.1615],[121.0045,6.1596],[121.0074,6.1624],[121.0088,6.1677],[121.007,6.1714],[121.005,6.1723]]],[[[120.4583,6.172],[120.4154,6.1525],[120.4524,6.1335],[120.4583,6.172]]],[[[120.9516,6.1752],[120.9493,6.1721],[120.9511,6.1708],[120.9516,6.1752]]],[[[121.8176,6.1763],[121.7965,6.1554],[121.8055,6.13],[121.8326,6.1472],[121.8176,6.1763]]],[[[120.9341,6.1774],[120.9337,6.1757],[120.935,6.1751],[120.9341,6.1774]]],[[[120.9301,6.1781],[120.9141,6.1721],[120.911,6.1691],[120.9144,6.1684],[120.9146,6.1662],[120.914,6.166],[120.914,6.1673],[120.9127,6.1685],[120.912,6.1672],[120.9132,6.168],[120.9136,6.167],[120.9127,6.1668],[120.9136,6.1658],[120.9118,6.166],[120.9107,6.1685],[120.9093,6.1674],[120.9103,6.1664],[120.9089,6.1673],[120.9035,6.1643],[120.9039,6.1611],[120.9022,6.1632],[120.9001,6.1613],[120.9006,6.1602],[120.8977,6.1598],[120.8983,6.1567],[120.8966,6.1585],[120.8931,6.1569],[120.887,6.1507],[120.884,6.1445],[120.8847,6.1408],[120.8828,6.1395],[120.8829,6.1372],[120.8846,6.1379],[120.8853,6.1427],[120.8876,6.1434],[120.8865,6.1419],[120.8888,6.1402],[120.8895,6.1416],[120.8884,6.1427],[120.8894,6.1436],[120.8895,6.1423],[120.8909,6.1425],[120.891,6.1457],[120.8935,6.1465],[120.8932,6.1493],[120.8906,6.1506],[120.8905,6.1523],[120.8932,6.1539],[120.8943,6.1527],[120.8938,6.1541],[120.8955,6.1542],[120.8947,6.155],[120.8968,6.1542],[120.8969,6.1565],[120.8978,6.1541],[120.8979,6.1556],[120.8996,6.1548],[120.8984,6.1565],[120.9019,6.1584],[120.9019,6.1612],[120.9038,6.1591],[120.9097,6.1583],[120.9068,6.1599],[120.911,6.1606],[120.9112,6.1619],[120.9088,6.1624],[120.9104,6.163],[120.9098,6.1641],[120.9113,6.1659],[120.913,6.1639],[120.9135,6.1656],[120.9137,6.1615],[120.915,6.1618],[120.9179,6.1643],[120.9167,6.1645],[120.9166,6.1663],[120.9187,6.166],[120.9172,6.1692],[120.9202,6.1711],[120.9184,6.1677],[120.9194,6.167],[120.9219,6.1692],[120.9206,6.1709],[120.9219,6.1714],[120.9212,6.1707],[120.9225,6.1712],[120.9219,6.1702],[120.9229,6.1686],[120.9221,6.1685],[120.9229,6.1683],[120.9232,6.1693],[120.9223,6.17],[120.9235,6.1705],[120.9227,6.1714],[120.9242,6.1705],[120.9241,6.1737],[120.9245,6.1716],[120.9249,6.1733],[120.9258,6.1716],[120.9256,6.1735],[120.9277,6.1727],[120.9283,6.1744],[120.928,6.1729],[120.9295,6.1722],[120.9298,6.1737],[120.931,6.1728],[120.9294,6.1719],[120.93,6.1704],[120.931,6.1714],[120.9313,6.1691],[120.9315,6.1702],[120.9317,6.1689],[120.9337,6.1691],[120.9339,6.1715],[120.9324,6.1709],[120.931,6.1724],[120.9318,6.174],[120.9331,6.1723],[120.9322,6.1743],[120.9335,6.1745],[120.9301,6.1781]]],[[[120.9642,6.1797],[120.9646,6.1765],[120.9679,6.1734],[120.9695,6.1744],[120.966,6.1774],[120.9662,6.1792],[120.9642,6.1797]]],[[[118.1225,6.1902],[118.1195,6.1901],[118.1145,6.1854],[118.1176,6.1834],[118.1222,6.1854],[118.1242,6.1892],[118.1225,6.1902]]],[[[120.9706,6.1908],[120.9701,6.1878],[120.9684,6.1883],[120.9691,6.1857],[120.9714,6.1845],[120.9684,6.1844],[120.9677,6.1812],[120.9716,6.1795],[120.9734,6.1815],[120.9736,6.1789],[120.9756,6.1793],[120.9761,6.1783],[120.9736,6.1777],[120.9729,6.1757],[120.9784,6.177],[120.9774,6.1851],[120.9752,6.1838],[120.9754,6.1864],[120.9729,6.1859],[120.9728,6.1826],[120.9704,6.183],[120.9718,6.1837],[120.9721,6.1856],[120.9701,6.1862],[120.9706,6.1873],[120.9736,6.187],[120.9738,6.1884],[120.9765,6.1861],[120.9768,6.1894],[120.9739,6.1902],[120.9727,6.1891],[120.9706,6.1908]]],[[[120.9651,6.2064],[120.964,6.1731],[120.9683,6.1984],[120.9905,6.1816],[120.9651,6.2064]]],[[[118.1499,6.2069],[118.1483,6.2058],[118.1501,6.2032],[118.1511,6.2045],[118.1499,6.2069]]],[[[121.0439,6.2079],[121.0403,6.2062],[121.0404,6.2032],[121.0451,6.1978],[121.0501,6.1954],[121.0545,6.1997],[121.0545,6.2025],[121.051,6.2057],[121.0439,6.2079]]],[[[120.8556,6.2183],[120.851,6.2179],[120.8551,6.2179],[120.8501,6.2153],[120.849,6.2112],[120.8476,6.2148],[120.845,6.2113],[120.8454,6.2074],[120.8506,6.2058],[120.8608,6.2082],[120.8625,6.2137],[120.8593,6.2168],[120.8555,6.2179],[120.8604,6.2176],[120.8556,6.2183]]],[[[118.0704,6.236],[118.0678,6.2342],[118.0643,6.228],[118.0721,6.2321],[118.0704,6.236]]],[[[121.8344,6.2425],[121.8315,6.2384],[121.8314,6.2283],[121.8333,6.2265],[121.8358,6.2158],[121.8375,6.2153],[121.8411,6.217],[121.8445,6.2213],[121.8458,6.23],[121.8443,6.2379],[121.842,6.2412],[121.8344,6.2425]]],[[[121.9977,6.2886],[121.9928,6.2859],[121.9983,6.2866],[121.9991,6.2876],[121.9977,6.2886]]],[[[118.0791,6.2902],[118.0771,6.2896],[118.0759,6.2859],[118.0707,6.2814],[118.0747,6.2808],[118.082,6.2837],[118.0819,6.2885],[118.0791,6.2902]]],[[[120.6508,6.2926],[120.65,6.291],[120.6517,6.2916],[120.6508,6.2926]]],[[[120.6524,6.3008],[120.6516,6.2993],[120.653,6.2976],[120.6524,6.3008]]],[[[121.9632,6.3129],[121.9706,6.279],[122.0156,6.2912],[121.9867,6.2848],[121.9924,6.3038],[121.9632,6.3129]]],[[[121.9953,6.3131],[121.9924,6.3131],[121.9894,6.3106],[121.9938,6.3098],[121.9918,6.3117],[121.9953,6.3131]]],[[[122.0007,6.3163],[122.0007,6.313],[122.0071,6.3072],[122.0064,6.3027],[122.0111,6.3017],[122.0123,6.2956],[122.0163,6.2954],[122.0147,6.2996],[122.008,6.3073],[122.0062,6.3125],[122.0038,6.3156],[122.0007,6.3163]]],[[[120.6536,6.3205],[120.6375,6.2901],[120.6564,6.3041],[120.6546,6.2736],[120.6452,6.2935],[120.6211,6.2669],[120.6328,6.2502],[120.6632,6.2792],[120.6536,6.3205]]],[[[121.9242,6.3276],[121.9196,6.3228],[121.9191,6.318],[121.9234,6.3052],[121.928,6.3042],[121.9307,6.3058],[121.9318,6.3105],[121.9287,6.3218],[121.9242,6.3276]]],[[[122.05,6.3421],[122.0514,6.3366],[122.0491,6.337],[122.0501,6.335],[122.0459,6.336],[122.0484,6.3331],[122.0485,6.3293],[122.0465,6.3274],[122.0446,6.3281],[122.0436,6.3258],[122.0426,6.3264],[122.0425,6.3251],[122.0459,6.3244],[122.0447,6.322],[122.0384,6.3188],[122.0401,6.3171],[122.0387,6.3154],[122.037,6.3179],[122.0377,6.315],[122.0394,6.3154],[122.0468,6.3215],[122.049,6.3243],[122.0525,6.3347],[122.0521,6.3392],[122.05,6.3421]]],[[[120.8561,6.3428],[120.8423,6.3095],[120.876,6.3227],[120.8561,6.3428]]],[[[122.0296,6.3504],[122.0167,6.3269],[122.0408,6.329],[122.0296,6.3504]]],[[[121.9758,6.3619],[121.95,6.3514],[121.9586,6.3358],[121.9819,6.3374],[121.9758,6.3619]]],[[[120.5955,6.3946],[120.5567,6.3743],[120.5184,6.2631],[120.4809,6.2719],[120.4792,6.2535],[120.5343,6.2389],[120.5774,6.2501],[120.5955,6.3946]]],[[[122.0399,6.398],[122.037,6.3956],[122.0369,6.3931],[122.0382,6.3923],[122.0412,6.3934],[122.0399,6.398]]],[[[122.1218,6.4301],[122.1189,6.4324],[122.114,6.4292],[122.114,6.4275],[122.1176,6.4254],[122.1239,6.4259],[122.1279,6.4283],[122.1251,6.4322],[122.1218,6.4301]]],[[[122.1341,6.43],[122.1376,6.4337],[122.1363,6.4362],[122.1265,6.4346],[122.1293,6.4293],[122.1341,6.43]]],[[[120.7111,6.4374],[120.6705,6.4032],[120.7108,6.3968],[120.7111,6.4374]]],[[[122.1432,6.4446],[122.1426,6.4454],[122.1427,6.4441],[122.1442,6.445],[122.1432,6.4446]]],[[[122.1746,6.4535],[122.1692,6.4524],[122.1776,6.4528],[122.1746,6.4535]]],[[[121.8566,6.4537],[121.8545,6.4531],[121.8554,6.4512],[121.8573,6.4524],[121.8566,6.4537]]],[[[122.1798,6.454],[122.178,6.4531],[122.1802,6.4532],[122.1798,6.454]]],[[[122.1762,6.457],[122.1745,6.4564],[122.1749,6.4553],[122.1763,6.4554],[122.1762,6.457]]],[[[122.2224,6.4655],[122.2208,6.4652],[122.2241,6.4639],[122.2264,6.4651],[122.229,6.4625],[122.2287,6.4614],[122.2278,6.4629],[122.2259,6.4626],[122.2284,6.4603],[122.2299,6.4527],[122.2285,6.4492],[122.2259,6.4476],[122.2188,6.4489],[122.2258,6.4471],[122.231,6.45],[122.2321,6.4557],[122.2297,6.4625],[122.2279,6.4645],[122.2262,6.4655],[122.2236,6.4645],[122.2224,6.4655]]],[[[121.8271,6.4683],[121.8173,6.4636],[121.8164,6.462],[121.8198,6.4508],[121.8265,6.448],[121.831,6.4501],[121.834,6.4592],[121.8334,6.4663],[121.8271,6.4683]]],[[[122.2063,6.479],[122.1975,6.4629],[122.2242,6.4518],[122.2063,6.479]]],[[[122.2117,6.4874],[122.2108,6.4887],[122.209,6.4873],[122.2117,6.4874]]],[[[122.2052,6.4862],[122.2056,6.4889],[122.2034,6.4901],[122.2052,6.4862]]],[[[122.2068,6.4898],[122.2071,6.492],[122.2056,6.4939],[122.2036,6.4915],[122.2068,6.4898]]],[[[122.2079,6.508],[122.2055,6.5148],[122.2014,6.5153],[122.2001,6.5118],[122.2028,6.5107],[122.203,6.5076],[122.2064,6.5051],[122.2032,6.4983],[122.2054,6.4964],[122.2176,6.4936],[122.2194,6.4961],[122.2189,6.4996],[122.2079,6.508]]],[[[121.7791,6.5266],[121.7731,6.5217],[121.7734,6.5193],[121.7783,6.5186],[121.7818,6.5216],[121.7826,6.5244],[121.7791,6.5266]]],[[[122.2021,6.5201],[122.2045,6.5249],[122.2041,6.528],[122.1996,6.5217],[122.2021,6.5201]]],[[[121.7883,6.5319],[121.7871,6.5305],[121.7888,6.5265],[121.7929,6.5241],[121.7924,6.5291],[121.7883,6.5319]]],[[[121.8366,6.5331],[121.8383,6.5259],[121.8387,6.5325],[121.8366,6.5331]]],[[[121.7574,6.5406],[121.7551,6.5407],[121.7542,6.5384],[121.7555,6.5337],[121.7638,6.5353],[121.7623,6.5391],[121.7574,6.5406]]],[[[121.8317,6.5508],[121.8329,6.5468],[121.8351,6.5456],[121.8372,6.5458],[121.8345,6.5464],[121.8338,6.5498],[121.8317,6.5508]]],[[[121.8657,6.5502],[121.8631,6.5495],[121.8656,6.547],[121.8668,6.5484],[121.8657,6.5502]]],[[[121.7939,6.5668],[121.7905,6.5644],[121.7927,6.5641],[121.7916,6.5623],[121.7904,6.5626],[121.7896,6.5594],[121.7909,6.552],[121.7956,6.55],[121.8059,6.5496],[121.8025,6.5529],[121.8025,6.5569],[121.7985,6.5616],[121.7979,6.5645],[121.7939,6.5668]]],[[[121.749,6.5627],[121.7484,6.5699],[121.745,6.572],[121.7433,6.571],[121.7429,6.5676],[121.7456,6.5641],[121.749,6.5627]]],[[[121.6919,6.5861],[121.69,6.5798],[121.6896,6.5706],[121.6924,6.5665],[121.6968,6.5641],[121.6979,6.5669],[121.695,6.5749],[121.6942,6.5845],[121.6919,6.5861]]],[[[121.5632,6.5872],[121.5614,6.5855],[121.5629,6.5832],[121.5657,6.583],[121.5668,6.587],[121.5632,6.5872]]],[[[121.6122,6.5872],[121.6105,6.5869],[121.6121,6.5828],[121.6122,6.5872]]],[[[121.774,6.5963],[121.7722,6.5937],[121.7743,6.5886],[121.7772,6.5872],[121.7814,6.5879],[121.7808,6.5917],[121.774,6.5963]]],[[[121.6163,6.5988],[121.614,6.594],[121.616,6.595],[121.6163,6.5988]]],[[[121.6169,6.6019],[121.6164,6.5997],[121.6178,6.6004],[121.6169,6.6019]]],[[[121.5609,6.6022],[121.5595,6.601],[121.5599,6.594],[121.5644,6.5915],[121.5663,6.5934],[121.5664,6.5971],[121.5641,6.5978],[121.5609,6.6022]]],[[[121.5473,6.6031],[121.5452,6.6021],[121.5478,6.6],[121.5513,6.6021],[121.5473,6.6031]]],[[[121.7549,6.6129],[121.7557,6.6087],[121.7569,6.6103],[121.7549,6.6129]]],[[[121.5486,6.6236],[121.5452,6.6191],[121.5445,6.6145],[121.5546,6.6184],[121.5486,6.6236]]],[[[121.5156,6.6256],[121.5121,6.6241],[121.5101,6.621],[121.5141,6.6155],[121.5176,6.6146],[121.5177,6.6243],[121.5156,6.6256]]],[[[121.5622,6.6367],[121.5595,6.6363],[121.5585,6.6295],[121.5616,6.6297],[121.5631,6.636],[121.5622,6.6367]]],[[[121.64,6.645],[121.6382,6.6432],[121.638,6.6384],[121.6399,6.6389],[121.6418,6.6431],[121.64,6.645]]],[[[121.5738,6.648],[121.5691,6.6464],[121.5691,6.6439],[121.5731,6.6457],[121.5738,6.648]]],[[[121.5873,6.6504],[121.5695,6.6388],[121.5851,6.6252],[121.5873,6.6504]]],[[[121.5325,6.6595],[121.5305,6.659],[121.5289,6.6563],[121.5292,6.6502],[121.5304,6.6466],[121.5343,6.6458],[121.5377,6.653],[121.535,6.6585],[121.5325,6.6595]]],[[[121.5696,6.665],[121.5675,6.6619],[121.5685,6.6569],[121.5634,6.6473],[121.565,6.6462],[121.5705,6.6535],[121.5713,6.6605],[121.5696,6.665]]],[[[121.9156,6.6795],[121.9148,6.6777],[121.9166,6.6765],[121.917,6.6783],[121.9156,6.6795]]],[[[121.595,6.6831],[121.5845,6.6645],[121.6198,6.5993],[121.6185,6.5588],[121.6323,6.6521],[121.595,6.6831]]],[[[121.7101,6.6945],[121.7064,6.6926],[121.7028,6.685],[121.7047,6.6636],[121.7029,6.6456],[121.7054,6.6424],[121.7125,6.6577],[121.7176,6.6863],[121.7165,6.6891],[121.7101,6.6945]]],[[[122.2555,6.7381],[122.2541,6.7379],[122.2534,6.7356],[122.2556,6.73],[122.2586,6.7267],[122.2639,6.7266],[122.2645,6.7277],[122.2617,6.7294],[122.26,6.7349],[122.2555,6.7381]]],[[[122.3963,6.75],[122.3915,6.7457],[122.3917,6.7389],[122.3962,6.7361],[122.4054,6.7345],[122.4071,6.7368],[122.4069,6.742],[122.3963,6.75]]],[[[121.9172,6.6747],[121.8851,6.6565],[121.8312,6.6789],[121.7945,6.6065],[121.8695,6.5762],[121.8696,6.5055],[121.8945,6.4949],[121.9195,6.4467],[121.958,6.4315],[121.9584,6.4064],[122.0385,6.4117],[122.1929,6.4612],[122.19,6.521],[122.2119,6.581],[122.3084,6.5926],[122.3279,6.6243],[122.2361,6.6652],[122.143,6.6699],[122.136,6.7173],[122.0936,6.713],[122.0768,6.7474],[122.0562,6.751],[122.0303,6.7333],[122.03,6.6918],[122.0513,6.6755],[122.0268,6.6162],[122.0429,6.5648],[121.955,6.5598],[121.9365,6.5646],[121.9431,6.6155],[121.9163,6.6383],[121.9172,6.6747]]],[[[121.4587,6.766],[121.4505,6.7468],[121.4686,6.734],[121.4587,6.766]]],[[[122.3774,6.7754],[122.3752,6.7732],[122.3679,6.7721],[122.3625,6.7692],[122.3611,6.7677],[122.3628,6.7623],[122.3671,6.76],[122.3696,6.7606],[122.3799,6.7678],[122.3816,6.7726],[122.3774,6.7754]]],[[[121.4347,6.7802],[121.4324,6.7777],[121.432,6.7725],[121.4294,6.766],[121.4313,6.7583],[121.4338,6.7566],[121.4384,6.7583],[121.4389,6.7614],[121.4381,6.7701],[121.434,6.7743],[121.4366,6.7766],[121.4364,6.7793],[121.4347,6.7802]]],[[[121.5342,6.8352],[121.5305,6.8323],[121.5301,6.8287],[121.5487,6.8121],[121.5487,6.8166],[121.5456,6.8237],[121.5465,6.8244],[121.5456,6.8239],[121.5428,6.8265],[121.5404,6.8333],[121.5342,6.8352]]],[[[121.5533,6.8465],[121.5495,6.8448],[121.5471,6.8383],[121.5564,6.8282],[121.5581,6.8291],[121.5611,6.8425],[121.559,6.8456],[121.5533,6.8465]]],[[[118.4009,6.8789],[118.3999,6.8802],[118.3999,6.8784],[118.3974,6.8797],[118.3944,6.8778],[118.3941,6.871],[118.3988,6.8714],[118.4009,6.8789]]],[[[118.4088,6.8894],[118.4059,6.8878],[118.4074,6.8841],[118.4104,6.8871],[118.4088,6.8894]]],[[[121.5884,6.9066],[121.5863,6.9056],[121.5861,6.9024],[121.5885,6.8938],[121.5911,6.8891],[121.5931,6.8884],[121.5944,6.8911],[121.5929,6.8964],[121.5937,6.9008],[121.5928,6.9031],[121.5888,6.904],[121.5884,6.9066]]],[[[118.4211,7.0097],[118.4196,7.0084],[118.4231,7.0075],[118.4228,7.0093],[118.4211,7.0097]]],[[[118.5303,7.0307],[118.5303,7.0317],[118.5287,7.0313],[118.5303,7.0307]]],[[[118.507,7.0491],[118.478,7.0279],[118.4083,7.0209],[118.4308,6.9888],[118.5357,6.964],[118.5089,6.992],[118.5268,7.0314],[118.507,7.0491]]],[[[118.4574,7.082],[118.4561,7.0788],[118.4542,7.0783],[118.4577,7.0767],[118.4606,7.0799],[118.4574,7.082]]],[[[118.4384,7.0883],[118.4359,7.0872],[118.4361,7.084],[118.4399,7.0824],[118.441,7.0862],[118.4384,7.0883]]],[[[118.4225,7.0983],[118.421,7.1009],[118.4214,7.0983],[118.4232,7.0975],[118.4225,7.0983]]],[[[118.4238,7.1263],[118.4212,7.1252],[118.4213,7.1234],[118.4257,7.1223],[118.4261,7.1255],[118.4238,7.1263]]],[[[118.4202,7.1791],[118.4184,7.1768],[118.4148,7.1757],[118.4149,7.1703],[118.4193,7.1706],[118.42,7.1753],[118.4237,7.1766],[118.4202,7.1791]]],[[[124.0762,7.3764],[124.0273,7.3444],[124.0211,7.2969],[124.0762,7.3764]]],[[[124.801,7.5215],[124.8285,7.547],[124.8031,7.6283],[124.7562,7.6543],[124.7314,7.7452],[124.5976,7.9025],[124.5372,8.0905],[124.4812,8.1635],[124.435,8.1284],[124.3689,8.1566],[124.3708,8.1207],[124.3377,8.1025],[124.3318,8.0739],[124.2839,8.0534],[124.214,8.0713],[124.1941,8.0214],[124.1088,8.0299],[124.1016,7.9645],[123.9878,7.9351],[124.0019,7.9126],[123.9657,7.8796],[124.0294,7.8216],[123.9955,7.7853],[124.0016,7.7427],[123.9553,7.7238],[123.851,7.7352],[123.8506,7.6975],[123.9162,7.6927],[124.0366,7.6276],[124.1449,7.4634],[124.1282,7.4464],[124.18,7.4148],[124.1558,7.4019],[124.1966,7.4215],[124.2474,7.4093],[124.2578,7.3492],[124.2023,7.3517],[124.2167,7.3073],[124.2047,7.2592],[124.24,7.2688],[124.2345,7.2335],[124.263,7.2248],[124.2569,7.211],[124.3179,7.1418],[124.1726,7.1979],[124.1145,7.1508],[124.0642,7.1429],[123.9696,6.9633],[123.9567,6.8944],[123.9749,6.866],[123.9435,6.818],[123.9623,6.8121],[123.9597,6.7883],[123.9757,6.7939],[123.9709,6.7692],[123.9985,6.7949],[124.0311,6.7779],[124.0332,6.7411],[124.2283,6.7339],[124.2477,6.7566],[124.2839,6.7541],[124.279,6.6962],[124.4136,6.7278],[124.5162,6.7279],[124.5093,6.7729],[124.578,6.7818],[124.5803,6.8501],[124.603,6.8506],[124.5975,6.8649],[124.6338,6.8881],[124.6698,6.8652],[124.6944,6.793],[124.7171,6.8108],[124.7953,6.6838],[124.761,6.6648],[124.787,6.6494],[124.7856,6.6031],[124.8655,6.6098],[124.8684,6.6431],[124.902,6.6559],[124.8868,6.6776],[125.0068,6.7119],[125.0077,6.7341],[124.9586,6.737],[124.9531,6.7854],[124.8296,6.7919],[124.8236,6.8155],[124.8042,6.8168],[124.8278,6.8611],[124.8041,6.8823],[124.8036,6.9124],[124.8035,6.9489],[124.8238,6.9491],[124.8252,7.0627],[124.772,7.0759],[124.782,7.1316],[124.7975,7.126],[124.7725,7.1569],[124.6943,7.182],[124.6937,7.146],[124.7302,7.133],[124.7369,7.1103],[124.6892,7.0725],[124.7216,6.9986],[124.6772,6.9466],[124.6274,6.9748],[124.5861,6.9699],[124.537,7.0395],[124.5012,7.0301],[124.4315,7.0895],[124.4896,7.2072],[124.45,7.2073],[124.4443,7.2362],[124.4181,7.2303],[124.3946,7.2243],[124.3771,7.1697],[124.3398,7.1692],[124.396,7.3554],[124.4633,7.4377],[124.4853,7.4386],[124.528,7.6383],[124.5904,7.6093],[124.742,7.591],[124.801,7.5215]]]]},"properties":{"iso3":"PHL","shapeId":"36201628B49646111072560","regionId":"PHL.109_1","name":"ARMM"}},{"type":"Feature","geometry":{"type":"Polygon","coordinates":[[[120.769,16.198],[120.8001,16.3048],[120.8455,16.3195],[120.8894,16.4361],[120.8832,16.5054],[120.9044,16.5954],[120.9295,16.6001],[120.9837,16.5695],[121.0721,16.6278],[121.2119,16.6417],[121.2764,16.6685],[121.2899,16.6579],[121.2884,16.6884],[121.3138,16.6969],[121.3393,16.7552],[121.3262,16.7575],[121.3458,16.7695],[121.3392,16.7885],[121.3548,16.7744],[121.4195,16.8175],[121.5213,16.8389],[121.5682,16.9095],[121.5682,17.1307],[121.5302,17.2749],[121.6061,17.4214],[121.6291,17.4183],[121.6472,17.5005],[121.6142,17.5603],[121.5997,17.5482],[121.4966,17.591],[121.4771,17.6688],[121.4401,17.666],[121.4247,17.7404],[121.3883,17.7936],[121.3061,17.8152],[121.3571,17.9132],[121.3151,17.9708],[121.3469,18.0386],[121.3645,18.0616],[121.4278,18.0353],[121.4604,18.0494],[121.4604,18.1241],[121.4847,18.1491],[121.4895,18.2388],[121.4646,18.2849],[121.4802,18.3064],[121.2856,18.3885],[121.2265,18.4365],[121.2221,18.5006],[121.156,18.5438],[121.1185,18.5431],[121.0891,18.4954],[121.0935,18.5417],[121.0614,18.5392],[121.0029,18.4661],[120.9587,18.4632],[120.9167,18.2846],[120.9701,18.1819],[120.9281,18.0882],[120.9452,17.9901],[120.91,17.9499],[120.8337,17.9595],[120.7838,17.9112],[120.7282,17.8925],[120.6909,17.8346],[120.5828,17.7991],[120.4978,17.6251],[120.4682,17.5147],[120.4744,17.4842],[120.5176,17.4996],[120.5889,17.4922],[120.5386,17.3436],[120.559,17.3117],[120.6119,17.3022],[120.6784,17.2568],[120.6721,17.1929],[120.7513,17.1553],[120.8047,17.1713],[120.8124,17.1559],[120.7748,17.108],[120.7676,17.0668],[120.7853,16.9213],[120.6601,16.909],[120.6102,16.84],[120.586,16.8367],[120.599,16.7383],[120.5179,16.5947],[120.5126,16.5503],[120.4782,16.53],[120.47,16.4249],[120.4446,16.3861],[120.4963,16.3454],[120.5126,16.2314],[120.6299,16.1803],[120.769,16.198]]]},"properties":{"iso3":"PHL","shapeId":"36201628B92932511992503","regionId":null,"name":"CAR"}},{"type":"Feature","geometry":{"type":"Polygon","coordinates":[[[121.0995,14.7692],[121.0306,14.7842],[121.024,14.763],[120.989,14.7572],[120.983,14.7253],[120.9267,14.7359],[120.9453,14.6885],[120.9184,14.713],[120.9065,14.7009],[120.9579,14.6336],[120.9426,14.6318],[120.9593,14.6294],[120.9605,14.6008],[120.944,14.6179],[120.9542,14.6011],[120.9328,14.6029],[120.9668,14.5964],[120.9557,14.5725],[120.9631,14.5938],[120.9855,14.5624],[120.9742,14.5081],[120.9897,14.5026],[120.966,14.4652],[121.0154,14.3517],[121.0574,14.3786],[121.0622,14.4877],[121.1039,14.5165],[121.1019,14.6207],[121.1346,14.6545],[121.1067,14.6755],[121.135,14.7767],[121.0995,14.7692]]]},"properties":{"iso3":"PHL","shapeId":"36201628B69282955287113","regionId":null,"name":"NCR"}},{"type":"Feature","geometry":{"type":"MultiPolygon","coordinates":[[[[119.8661,15.8126],[119.8669,15.8148],[119.8659,15.8154],[119.8639,15.8126],[119.8661,15.8126]]],[[[119.7783,15.8818],[119.7772,15.8815],[119.7781,15.8804],[119.7783,15.8818]]],[[[119.7744,15.9155],[119.7711,15.9147],[119.7724,15.914],[119.7744,15.9155]]],[[[120.1167,16.1225],[120.1106,16.1085],[120.1254,16.111],[120.1167,16.1225]]],[[[120.0398,16.1948],[120.0398,16.1937],[120.0415,16.1937],[120.0398,16.1948]]],[[[120.0308,16.196],[120.0299,16.195],[120.0323,16.1931],[120.0349,16.1936],[120.0308,16.196]]],[[[120.0421,16.1969],[120.0399,16.1962],[120.0418,16.1963],[120.043,16.1947],[120.0435,16.1967],[120.0421,16.1969]]],[[[120.0361,16.1965],[120.0356,16.198],[120.0357,16.1926],[120.0369,16.1935],[120.04,16.1921],[120.0376,16.1943],[120.0378,16.1957],[120.0364,16.1948],[120.0361,16.1965]]],[[[120.0322,16.2017],[120.0298,16.1997],[120.0321,16.1986],[120.0298,16.1975],[120.0313,16.1965],[120.033,16.1982],[120.0339,16.1963],[120.0347,16.2009],[120.0329,16.1993],[120.0322,16.2017]]],[[[120.0418,16.205],[120.0399,16.2049],[120.0425,16.2032],[120.0418,16.205]]],[[[120.0382,16.2057],[120.0374,16.2077],[120.0364,16.2057],[120.0402,16.202],[120.0382,16.2057]]],[[[120.0025,16.2111],[119.9962,16.211],[119.9941,16.2096],[119.9976,16.2083],[120.0025,16.2111]]],[[[120.0388,16.2114],[120.0388,16.2104],[120.0433,16.2096],[120.0423,16.2111],[120.0388,16.2114]]],[[[120.0408,16.2136],[120.0385,16.2128],[120.0425,16.2126],[120.0408,16.2136]]],[[[120.0441,16.2156],[120.044,16.2139],[120.0456,16.2144],[120.0441,16.2156]]],[[[120.0373,16.2138],[120.0376,16.216],[120.0369,16.2103],[120.0373,16.2138]]],[[[120.0435,16.2164],[120.0413,16.2163],[120.0415,16.215],[120.0435,16.2164]]],[[[120.0467,16.2229],[120.046,16.2208],[120.048,16.2225],[120.0467,16.2229]]],[[[120.0493,16.2254],[120.0481,16.2249],[120.0492,16.224],[120.0493,16.2254]]],[[[119.9243,16.2675],[119.9233,16.2672],[119.9249,16.2664],[119.9243,16.2675]]],[[[119.9372,16.2685],[119.9361,16.2682],[119.9383,16.2678],[119.9372,16.2685]]],[[[119.9161,16.2969],[119.9156,16.2989],[119.9155,16.2949],[119.9161,16.2969]]],[[[119.9228,16.3136],[119.9212,16.313],[119.9215,16.311],[119.9237,16.3128],[119.9228,16.3136]]],[[[119.944,16.3463],[119.943,16.3428],[119.9442,16.3416],[119.943,16.3402],[119.9449,16.3407],[119.9481,16.338],[119.9516,16.3373],[119.9507,16.342],[119.949,16.3419],[119.9472,16.3451],[119.944,16.3463]]],[[[119.9899,16.3501],[119.9175,16.2987],[119.9491,16.2846],[119.9964,16.2189],[120.0182,16.2412],[119.9981,16.2777],[120.0228,16.3132],[119.9899,16.3501]]],[[[119.9432,16.3542],[119.9424,16.3554],[119.9408,16.3529],[119.9433,16.3524],[119.9432,16.3542]]],[[[119.9908,16.3633],[119.9864,16.3609],[119.99,16.3557],[119.9889,16.3595],[119.9908,16.3633]]],[[[119.9616,16.3669],[119.9579,16.3661],[119.9574,16.3649],[119.9565,16.3658],[119.9557,16.3642],[119.9545,16.3654],[119.9529,16.3648],[119.9524,16.3612],[119.9507,16.3604],[119.9505,16.3637],[119.9469,16.3623],[119.9454,16.3573],[119.9473,16.3507],[119.9522,16.3513],[119.962,16.3604],[119.9613,16.3615],[119.9633,16.3616],[119.9651,16.3654],[119.9616,16.3669]]],[[[119.9621,16.4084],[119.9598,16.4079],[119.9624,16.4046],[119.9652,16.4068],[119.9621,16.4084]]],[[[119.9359,16.4266],[119.9134,16.4221],[119.9111,16.3854],[119.9616,16.3695],[119.9625,16.4035],[119.9359,16.4266]]],[[[119.9235,16.4436],[119.9217,16.4431],[119.9224,16.4399],[119.9249,16.4426],[119.9235,16.4436]]],[[[120.423,17.5072],[120.3877,17.5014],[120.4075,17.4889],[120.423,17.5072]]],[[[120.4084,17.5122],[120.3939,17.5074],[120.3931,17.506],[120.407,17.5071],[120.411,17.5082],[120.4144,17.5116],[120.4084,17.5122]]],[[[120.9587,18.4632],[120.9741,18.577],[120.9555,18.5596],[120.9098,18.5642],[120.8463,18.6512],[120.783,18.622],[120.7876,18.5697],[120.7615,18.5396],[120.7032,18.5291],[120.6248,18.5458],[120.5654,18.4951],[120.5961,18.4045],[120.5947,18.3227],[120.5235,18.2048],[120.5122,18.1354],[120.4706,18.0867],[120.4738,18.031],[120.4979,17.9974],[120.4293,17.9159],[120.4576,17.8254],[120.4024,17.7975],[120.4261,17.7744],[120.4072,17.7586],[120.4362,17.7338],[120.4119,17.7051],[120.3519,17.6831],[120.3712,17.672],[120.3454,17.5606],[120.3927,17.5114],[120.4186,17.5157],[120.4613,17.4078],[120.4534,17.3557],[120.4274,17.3365],[120.4349,17.2845],[120.4044,17.211],[120.4263,17.169],[120.4499,16.9982],[120.3998,16.8817],[120.335,16.836],[120.3363,16.6793],[120.3076,16.6443],[120.3105,16.615],[120.2779,16.6184],[120.3198,16.5753],[120.304,16.5012],[120.3298,16.4696],[120.3203,16.3841],[120.3438,16.3452],[120.3423,16.2966],[120.3763,16.2384],[120.3643,16.2729],[120.4013,16.2491],[120.4196,16.1562],[120.3304,16.0625],[120.2305,16.0372],[120.1421,16.0381],[120.0971,16.0652],[120.1142,16.0789],[120.0935,16.0951],[120.0885,16.1164],[120.1053,16.1249],[120.0864,16.1464],[120.1109,16.1455],[120.088,16.168],[120.0351,16.184],[120.0434,16.1946],[120.0115,16.1705],[119.971,16.2111],[119.9771,16.2284],[119.9571,16.2204],[119.9184,16.2478],[119.9251,16.3835],[119.8822,16.3936],[119.8557,16.3568],[119.8167,16.36],[119.7791,16.3083],[119.7836,16.2389],[119.7533,16.1703],[119.7813,16.133],[119.7623,16.107],[119.756,16.0466],[119.7746,16.0236],[119.7499,15.964],[119.7715,15.9159],[119.7842,15.9316],[119.8048,15.9222],[119.8145,15.9574],[119.8581,15.9628],[119.9093,15.8583],[119.913,15.8357],[119.8816,15.8148],[119.9031,15.8069],[119.982,15.8076],[120.0179,15.8706],[120.0364,15.8741],[120.0765,15.8326],[120.1456,15.8255],[120.1596,15.7693],[120.2529,15.6178],[120.2705,15.6425],[120.315,15.6478],[120.3786,15.7483],[120.4277,15.7538],[120.4676,15.7222],[120.551,15.7637],[120.5901,15.8624],[120.6151,15.8156],[120.7474,15.8513],[120.8191,15.7932],[120.9205,15.9663],[120.8415,16.1686],[120.769,16.198],[120.6299,16.1803],[120.5126,16.2314],[120.4963,16.3454],[120.4446,16.3861],[120.47,16.4249],[120.4782,16.53],[120.5126,16.5503],[120.5179,16.5947],[120.599,16.7383],[120.586,16.8367],[120.6102,16.84],[120.6601,16.909],[120.7853,16.9213],[120.7676,17.0668],[120.7748,17.108],[120.8124,17.1559],[120.8047,17.1713],[120.7513,17.1553],[120.6721,17.1929],[120.6784,17.2568],[120.6119,17.3022],[120.559,17.3117],[120.5386,17.3436],[120.5889,17.4922],[120.5176,17.4996],[120.4744,17.4842],[120.4682,17.5147],[120.4978,17.6251],[120.5828,17.7991],[120.6909,17.8346],[120.7282,17.8925],[120.7838,17.9112],[120.8337,17.9595],[120.91,17.9499],[120.9452,17.9901],[120.9281,18.0882],[120.9701,18.1819],[120.9167,18.2846],[120.9587,18.4632]]]]},"properties":{"iso3":"PHL","shapeId":"36201628B64564033926366","regionId":null,"name":"Ilocos Region"}},{"type":"Feature","geometry":{"type":"MultiPolygon","coordinates":[[[[122.4667,16.9213],[122.4672,16.9195],[122.4706,16.9192],[122.4667,16.9213]]],[[[122.4678,16.9242],[122.4672,16.9232],[122.4689,16.9232],[122.4678,16.9242]]],[[[122.5068,17.0352],[122.5062,17.0337],[122.5077,17.0338],[122.5089,17.0315],[122.5084,17.0339],[122.5068,17.0352]]],[[[122.5169,17.046],[122.5155,17.0443],[122.5175,17.0444],[122.5169,17.046]]],[[[122.422,17.2743],[122.421,17.2743],[122.4196,17.2729],[122.422,17.273],[122.422,17.2743]]],[[[122.3847,17.3163],[122.3832,17.3146],[122.3848,17.3146],[122.3847,17.3163]]],[[[122.3919,17.3505],[122.3887,17.3493],[122.3908,17.3452],[122.3902,17.3437],[122.3923,17.3436],[122.3945,17.3458],[122.3919,17.3505]]],[[[122.3673,17.3629],[122.3649,17.3618],[122.3628,17.3559],[122.3681,17.3574],[122.3692,17.3616],[122.3673,17.3629]]],[[[122.3275,18.2459],[122.3297,18.247],[122.3293,18.2481],[122.3254,18.2473],[122.3257,18.2458],[122.3275,18.2459]]],[[[122.3143,18.3873],[122.313,18.3864],[122.3148,18.3862],[122.3143,18.3873]]],[[[122.3135,18.3903],[122.3115,18.3894],[122.3138,18.3887],[122.3146,18.3897],[122.3135,18.3903]]],[[[122.3093,18.3957],[122.3097,18.3907],[122.3136,18.3906],[122.3112,18.395],[122.3093,18.3957]]],[[[122.1324,18.5118],[122.1311,18.508],[122.134,18.5032],[122.136,18.5046],[122.1357,18.5085],[122.1369,18.509],[122.1324,18.5118]]],[[[122.1583,18.5282],[122.1577,18.529],[122.1574,18.5272],[122.1583,18.5282]]],[[[122.1335,18.5817],[122.1121,18.5603],[122.1265,18.5466],[122.1153,18.5008],[122.153,18.5226],[122.157,18.5798],[122.1335,18.5817]]],[[[122.1373,18.5873],[122.1387,18.585],[122.1389,18.5865],[122.1373,18.5873]]],[[[122.1407,18.5927],[122.1409,18.5911],[122.1379,18.5906],[122.1381,18.5893],[122.1412,18.5899],[122.1419,18.5913],[122.1407,18.5927]]],[[[120.769,16.198],[120.8415,16.1686],[120.8704,16.1189],[121.0477,16.138],[121.1742,16.0901],[121.194,15.9221],[121.2848,15.7544],[121.3166,15.8042],[121.4711,15.8867],[121.4635,15.9266],[121.5109,15.9497],[121.8459,16.2492],[122.0588,16.5093],[122.2143,16.4798],[122.2984,16.5519],[122.4346,16.7979],[122.4302,16.8277],[122.4762,16.9499],[122.4667,16.9767],[122.5285,17.098],[122.5099,17.1423],[122.4471,17.1019],[122.4423,17.1204],[122.4716,17.1226],[122.4174,17.14],[122.411,17.1722],[122.4309,17.2135],[122.4125,17.2751],[122.4284,17.282],[122.4405,17.2413],[122.4437,17.2638],[122.4076,17.3332],[122.3933,17.341],[122.4123,17.2983],[122.3995,17.2897],[122.3976,17.3118],[122.3733,17.3208],[122.3942,17.3231],[122.3734,17.3527],[122.3543,17.3341],[122.2948,17.3337],[122.285,17.3638],[122.2467,17.3646],[122.2543,17.388],[122.2358,17.3991],[122.2496,17.4123],[122.2043,17.4784],[122.1633,17.6114],[122.1685,17.6988],[122.1368,17.7831],[122.1906,17.9179],[122.1835,18.0601],[122.1675,18.0865],[122.2157,18.1517],[122.2632,18.1698],[122.303,18.2195],[122.3376,18.3093],[122.3201,18.3795],[122.2496,18.4489],[122.2343,18.5176],[122.1492,18.5106],[122.1249,18.4273],[122.1323,18.3879],[122.1002,18.3824],[122.0262,18.2987],[121.9028,18.2657],[121.6402,18.3601],[121.6215,18.3513],[121.161,18.6223],[121.0972,18.6269],[121.0627,18.6073],[121.0348,18.6203],[120.9714,18.58],[120.9587,18.4632],[121.0029,18.4661],[121.0614,18.5392],[121.0935,18.5417],[121.0891,18.4954],[121.1185,18.5431],[121.156,18.5438],[121.2221,18.5006],[121.2265,18.4365],[121.2856,18.3885],[121.4802,18.3064],[121.4646,18.2849],[121.4895,18.2388],[121.4847,18.1491],[121.4604,18.1241],[121.4604,18.0494],[121.4278,18.0353],[121.3645,18.0616],[121.3469,18.0386],[121.3151,17.9708],[121.3571,17.9132],[121.3061,17.8152],[121.3883,17.7936],[121.4247,17.7404],[121.4401,17.666],[121.4771,17.6688],[121.4966,17.591],[121.5997,17.5482],[121.6142,17.5603],[121.6472,17.5005],[121.6291,17.4183],[121.6061,17.4214],[121.5822,17.3536],[121.5599,17.3505],[121.5332,17.2965],[121.5682,17.1307],[121.5588,17.0122],[121.5729,16.9688],[121.5489,16.8737],[121.5213,16.8389],[121.4195,16.8175],[121.3548,16.7744],[121.3392,16.7885],[121.3458,16.7695],[121.3262,16.7575],[121.3393,16.7552],[121.3138,16.6969],[121.2884,16.6884],[121.2899,16.6579],[121.2764,16.6685],[121.2119,16.6417],[121.0721,16.6278],[120.9837,16.5695],[120.9295,16.6001],[120.9044,16.5954],[120.8832,16.5054],[120.8894,16.4361],[120.8455,16.3195],[120.8001,16.3048],[120.769,16.198]]],[[[121.2527,18.8757],[121.2422,18.8596],[121.2562,18.8535],[121.2527,18.8757]]],[[[121.8224,18.8769],[121.8219,18.8752],[121.8242,18.8727],[121.8224,18.8769]]],[[[121.2526,18.8889],[121.2511,18.8868],[121.2522,18.8851],[121.2645,18.8775],[121.2695,18.8804],[121.2685,18.8842],[121.26,18.8836],[121.2569,18.8858],[121.2574,18.8869],[121.2526,18.8889]]],[[[121.4147,18.9058],[121.2846,18.8847],[121.2752,18.8576],[121.3457,18.8415],[121.453,18.8557],[121.4817,18.8761],[121.4147,18.9058]]],[[[121.834,18.9076],[121.8302,18.9037],[121.8336,18.8973],[121.8386,18.8965],[121.8388,18.9047],[121.834,18.9076]]],[[[121.2187,18.9869],[121.2139,18.9825],[121.2139,18.9803],[121.2157,18.9801],[121.2179,18.982],[121.2187,18.9869]]],[[[121.9177,19.0035],[121.8666,18.974],[121.8706,18.9468],[121.8494,18.9229],[121.8644,18.8823],[121.8277,18.8749],[121.8371,18.8223],[121.8547,18.8122],[121.8909,18.8684],[121.989,18.9427],[121.9923,18.9605],[121.9451,19.0027],[121.9177,19.0035]]],[[[121.2179,19.1713],[121.1967,19.0673],[121.2485,19.0129],[121.2478,19.1049],[121.2179,19.1713]]],[[[121.407,19.3933],[121.3466,19.3569],[121.3906,19.329],[121.4028,19.2832],[121.5118,19.2443],[121.539,19.2673],[121.5242,19.3878],[121.4881,19.3671],[121.407,19.3933]]],[[[121.5091,19.4473],[121.5081,19.4488],[121.5061,19.4458],[121.5046,19.4357],[121.5094,19.4262],[121.5118,19.4238],[121.5147,19.4234],[121.517,19.4252],[121.5178,19.429],[121.5151,19.4344],[121.5153,19.4406],[121.513,19.445],[121.5091,19.4473]]],[[[121.9698,19.5738],[121.893,19.5451],[121.902,19.5141],[121.9594,19.4758],[121.9942,19.513],[121.9932,19.5527],[121.9698,19.5738]]],[[[121.8094,20.3367],[121.8001,20.3342],[121.8008,20.3199],[121.7999,20.3156],[121.7981,20.3143],[121.7998,20.3116],[121.7986,20.3084],[121.8066,20.3009],[121.8067,20.299],[121.8113,20.3012],[121.8117,20.3077],[121.8169,20.3138],[121.8196,20.3257],[121.8151,20.3332],[121.8094,20.3367]]],[[[121.7828,20.3385],[121.7809,20.3384],[121.7802,20.3365],[121.7774,20.3368],[121.7792,20.3335],[121.7858,20.3301],[121.7867,20.3282],[121.7897,20.3288],[121.7911,20.3326],[121.7828,20.3385]]],[[[121.8447,20.356],[121.8405,20.2872],[121.8633,20.2607],[121.8893,20.3132],[121.8447,20.356]]],[[[122.0028,20.4894],[121.9572,20.4696],[121.9676,20.4467],[121.9258,20.4084],[121.9149,20.3475],[121.9718,20.3666],[121.9804,20.392],[121.9624,20.4126],[122.0352,20.4645],[122.0028,20.4894]]],[[[121.9433,20.7002],[121.9418,20.6992],[121.9427,20.6982],[121.9433,20.7002]]],[[[121.9332,20.7123],[121.9251,20.7093],[121.9227,20.7062],[121.9212,20.7002],[121.928,20.698],[121.9352,20.6983],[121.9332,20.7123]]],[[[121.86,20.8362],[121.8367,20.8252],[121.7827,20.7216],[121.7996,20.6887],[121.8462,20.7136],[121.8567,20.7514],[121.8765,20.7586],[121.8832,20.8097],[121.86,20.8362]]],[[[121.9014,20.909],[121.8985,20.9052],[121.8999,20.9028],[121.8986,20.9008],[121.901,20.8988],[121.9034,20.8989],[121.9048,20.9006],[121.9065,20.9003],[121.9064,20.9044],[121.9078,20.9052],[121.9014,20.909]]],[[[121.9202,20.9356],[121.9142,20.9334],[121.9136,20.9302],[121.9266,20.9261],[121.93,20.9222],[121.932,20.9218],[121.9303,20.9262],[121.9267,20.927],[121.9202,20.9356]]],[[[121.9347,21.0696],[121.928,21.0658],[121.9276,21.062],[121.9331,21.0614],[121.9354,21.0625],[121.9361,21.0682],[121.9347,21.0696]]],[[[121.9457,21.1218],[121.947,21.1175],[121.9465,21.1105],[121.9489,21.103],[121.9519,21.104],[121.9553,21.108],[121.9556,21.1136],[121.952,21.1175],[121.9522,21.1191],[121.9457,21.1218]]]]},"properties":{"iso3":"PHL","shapeId":"36201628B63748016552864","regionId":"PHL.113_1","name":"Cagayan Valley"}},{"type":"Feature","geometry":{"type":"MultiPolygon","coordinates":[[[[120.1169,14.7631],[120.1144,14.7633],[120.1141,14.7617],[120.1186,14.7615],[120.1169,14.7631]]],[[[120.1027,14.7689],[120.0997,14.7626],[120.1006,14.7596],[120.1035,14.759],[120.1036,14.7573],[120.1063,14.7574],[120.1083,14.7601],[120.11,14.7596],[120.1109,14.7618],[120.1134,14.7623],[120.1143,14.764],[120.1108,14.7664],[120.1044,14.7674],[120.1027,14.7689]]],[[[120.224,14.7755],[120.2241,14.7684],[120.2257,14.7677],[120.2303,14.7698],[120.2297,14.7741],[120.2264,14.7736],[120.224,14.7755]]],[[[120.2325,14.856],[120.2331,14.8568],[120.2305,14.8555],[120.2304,14.8539],[120.231,14.8517],[120.2336,14.8511],[120.2321,14.852],[120.2325,14.856]]],[[[119.8988,15.4964],[119.8968,15.4982],[119.893,15.498],[119.8908,15.4955],[119.892,15.4907],[119.8999,15.494],[119.8988,15.4964]]],[[[119.9243,15.5295],[119.9047,15.528],[119.9079,15.5079],[119.9243,15.5295]]],[[[121.5952,15.6325],[121.5919,15.6307],[121.5949,15.6304],[121.5952,15.6325]]],[[[119.8268,15.742],[119.8207,15.7385],[119.8204,15.729],[119.8219,15.7286],[119.8294,15.7338],[119.8331,15.7403],[119.8268,15.742]]],[[[119.788,15.812],[119.7945,15.778],[119.8052,15.8045],[119.788,15.812]]],[[[119.8639,15.8126],[119.8646,15.8112],[119.8661,15.8126],[119.8639,15.8126]]],[[[122.1314,16.259],[122.1304,16.2586],[122.1313,16.2543],[122.1327,16.2561],[122.1314,16.259]]],[[[122.2372,16.3126],[122.2346,16.3105],[122.2383,16.3119],[122.2372,16.3126]]],[[[121.0995,14.7692],[121.1653,14.8234],[121.3332,14.8407],[121.3571,15.0117],[121.3448,15.0402],[121.3954,15.1048],[121.4039,15.1529],[121.3805,15.1685],[121.4018,15.1722],[121.4171,15.2169],[121.3737,15.3365],[121.3959,15.3802],[121.4321,15.3647],[121.4841,15.4289],[121.4939,15.5239],[121.5316,15.5461],[121.5833,15.6324],[121.6162,15.6478],[121.6154,15.6703],[121.5881,15.6726],[121.611,15.6842],[121.6103,15.707],[121.6393,15.705],[121.6351,15.7516],[121.5759,15.7538],[121.5613,15.775],[121.5551,15.8996],[121.7435,16.0697],[121.7798,16.0619],[121.8727,16.1223],[121.9367,16.1259],[122.019,16.1797],[122.0788,16.1898],[122.0704,16.2412],[122.0931,16.2639],[122.1315,16.2613],[122.1295,16.2256],[122.0951,16.2045],[122.0927,16.1674],[122.0274,16.1045],[121.9889,16.0292],[122.0317,16.0492],[122.0727,16.0912],[122.07,16.1202],[122.2034,16.2376],[122.2356,16.3098],[122.1931,16.2898],[122.1799,16.3032],[122.2299,16.3663],[122.243,16.4211],[122.2211,16.3949],[122.1993,16.4334],[122.2342,16.4872],[122.0588,16.5093],[121.8459,16.2492],[121.5109,15.9497],[121.4635,15.9266],[121.4711,15.8867],[121.3166,15.8042],[121.2848,15.7544],[121.194,15.9221],[121.1825,16.0795],[121.0477,16.138],[120.8704,16.1189],[120.9205,15.9663],[120.8191,15.7932],[120.7474,15.8513],[120.6151,15.8156],[120.5901,15.8624],[120.551,15.7637],[120.4676,15.7222],[120.4277,15.7538],[120.3786,15.7483],[120.315,15.6478],[120.2705,15.6425],[120.2529,15.6178],[120.1596,15.7693],[120.1456,15.8255],[120.0765,15.8326],[120.0364,15.8741],[120.0179,15.8706],[119.982,15.8076],[119.8866,15.8116],[119.9112,15.7592],[119.8694,15.7335],[119.9359,15.6873],[119.9035,15.6219],[119.917,15.5599],[119.9507,15.5713],[119.9371,15.555],[119.9687,15.5063],[119.9423,15.4777],[119.903,15.4918],[119.9185,15.4485],[119.8901,15.431],[120.0157,15.2661],[120.0593,15.0649],[120.0535,14.8871],[120.0838,14.8537],[120.0801,14.8144],[120.1093,14.8175],[120.0841,14.7853],[120.1207,14.7831],[120.1336,14.7691],[120.1189,14.7583],[120.178,14.7408],[120.2152,14.8091],[120.2061,14.873],[120.2231,14.878],[120.2669,14.8474],[120.2694,14.8216],[120.298,14.8169],[120.2879,14.7934],[120.263,14.805],[120.2583,14.7884],[120.2813,14.78],[120.2418,14.7614],[120.2796,14.736],[120.2543,14.7342],[120.2483,14.692],[120.3124,14.6261],[120.368,14.6258],[120.3928,14.5879],[120.3747,14.5247],[120.3891,14.4588],[120.4468,14.446],[120.4979,14.4075],[120.4864,14.4334],[120.5714,14.4256],[120.6151,14.4799],[120.5841,14.6432],[120.5454,14.7209],[120.5387,14.8093],[120.5535,14.7915],[120.5423,14.8211],[120.5808,14.8142],[120.5701,14.8486],[120.652,14.7679],[120.7382,14.7734],[120.7501,14.7588],[120.758,14.7779],[120.7556,14.7589],[120.8014,14.7549],[120.8189,14.7779],[120.8605,14.7224],[120.8877,14.7099],[120.9051,14.7242],[120.9065,14.7009],[120.9184,14.713],[120.9453,14.6885],[120.9267,14.7359],[120.983,14.7253],[120.989,14.7572],[121.024,14.763],[121.0306,14.7842],[121.0995,14.7692]]]]},"properties":{"iso3":"PHL","shapeId":"36201628B47630810559445","regionId":"PHL.114_1","name":"Central Luzon"}},{"type":"Feature","geometry":{"type":"MultiPolygon","coordinates":[[[[122.7216,13.3648],[122.718,13.364],[122.7156,13.3596],[122.7132,13.3446],[122.7138,13.3346],[122.7126,13.3273],[122.7138,13.3254],[122.7192,13.3235],[122.7242,13.3246],[122.7254,13.331],[122.7222,13.3367],[122.7237,13.3448],[122.7226,13.3552],[122.7242,13.36],[122.7216,13.3648]]],[[[121.089,13.5694],[121.0424,13.5708],[121.0803,13.5262],[121.0994,13.5338],[121.089,13.5694]]],[[[120.9493,13.6311],[120.948,13.6311],[120.948,13.6295],[120.9519,13.6288],[120.9493,13.6311]]],[[[120.8312,13.6877],[120.842,13.6513],[120.8726,13.6347],[120.9465,13.6381],[120.8312,13.6877]]],[[[120.8426,13.6918],[120.8405,13.6805],[120.8415,13.6796],[120.8408,13.676],[120.8428,13.6742],[120.8442,13.6812],[120.844,13.685],[120.8425,13.686],[120.8439,13.6875],[120.8426,13.6918]]],[[[121.7786,13.9017],[121.7778,13.9008],[121.779,13.9],[121.7786,13.9017]]],[[[121.7554,13.9433],[121.7418,13.8919],[121.7548,13.8837],[121.786,13.9093],[121.7921,13.88],[121.7904,13.9388],[121.7554,13.9433]]],[[[122.2163,13.9451],[122.2144,13.944],[122.2163,13.9429],[122.2163,13.9451]]],[[[121.7166,13.9517],[121.7164,13.9454],[121.7187,13.945],[121.7203,13.9487],[121.7166,13.9517]]],[[[120.4874,14.0616],[120.4908,14.0552],[120.4954,14.052],[120.495,14.0553],[120.4894,14.0615],[120.4874,14.0616]]],[[[120.571,14.1505],[120.5695,14.1493],[120.5716,14.1494],[120.571,14.1505]]],[[[120.5719,14.1519],[120.5719,14.15],[120.5753,14.1489],[120.5759,14.1501],[120.5719,14.1519]]],[[[122.1494,14.177],[122.1478,14.1766],[122.1471,14.1732],[122.1506,14.1692],[122.1484,14.1744],[122.1494,14.177]]],[[[120.58,14.1925],[120.5781,14.1902],[120.5805,14.1907],[120.58,14.1925]]],[[[120.5786,14.1997],[120.5784,14.1983],[120.5803,14.1988],[120.5786,14.1997]]],[[[121.2066,14.217],[121.2033,14.22],[121.2033,14.2184],[121.2066,14.217]]],[[[121.9295,14.2359],[121.9141,14.1882],[121.9853,14.1119],[122.1587,14.0013],[122.1873,14.0058],[122.1279,14.0872],[121.9295,14.2359]]],[[[120.59,14.2398],[120.5895,14.2378],[120.5874,14.237],[120.5904,14.2363],[120.5898,14.2352],[120.5947,14.231],[120.5947,14.2331],[120.59,14.2398]]],[[[121.9012,14.2434],[121.8999,14.2425],[121.9027,14.2425],[121.9012,14.2434]]],[[[120.614,14.2725],[120.613,14.2719],[120.6142,14.2675],[120.6125,14.2668],[120.6155,14.2639],[120.614,14.2725]]],[[[121.3117,14.2848],[121.3106,14.2833],[121.313,14.2843],[121.3117,14.2848]]],[[[121.3082,14.2784],[121.3099,14.2805],[121.309,14.2854],[121.3068,14.2823],[121.3082,14.2784]]],[[[120.7148,14.2967],[120.7106,14.2935],[120.713,14.288],[120.7148,14.2967]]],[[[121.2494,14.3007],[121.2466,14.3034],[121.2445,14.3025],[121.2454,14.2983],[121.2478,14.2977],[121.251,14.3008],[121.2494,14.3007]]],[[[121.8263,14.3063],[121.8039,14.2927],[121.8208,14.2488],[121.8515,14.2985],[121.8263,14.3063]]],[[[121.2582,14.3098],[121.2597,14.3119],[121.258,14.3117],[121.2582,14.3098]]],[[[121.4186,14.3361],[121.4171,14.3356],[121.4193,14.3349],[121.4186,14.3361]]],[[[120.6235,14.3674],[120.6225,14.3702],[120.6201,14.3673],[120.6122,14.3655],[120.6188,14.3646],[120.6235,14.3674]]],[[[120.6084,14.3938],[120.5621,14.3844],[120.5798,14.3724],[120.6204,14.3857],[120.6084,14.3938]]],[[[121.4321,14.3963],[121.4309,14.3985],[121.4311,14.3963],[121.4321,14.3963]]],[[[121.2311,14.4019],[121.2246,14.4226],[121.215,14.3365],[121.2372,14.2871],[121.242,14.3297],[121.2663,14.3368],[121.2407,14.349],[121.2311,14.4019]]],[[[122.0439,14.4395],[122.0432,14.4385],[122.045,14.4382],[122.0439,14.4395]]],[[[122.0471,14.4403],[122.0457,14.4395],[122.047,14.4384],[122.0471,14.4403]]],[[[122.0314,14.4454],[122.0336,14.394],[122.0459,14.424],[122.0314,14.4454]]],[[[121.2455,14.4869],[121.2464,14.4874],[121.2439,14.4865],[121.2455,14.4869]]],[[[122.4036,14.7338],[122.3337,14.7114],[122.3066,14.6765],[122.4362,14.6952],[122.4036,14.7338]]],[[[121.6565,14.7798],[121.6543,14.7782],[121.6567,14.7787],[121.6582,14.7771],[121.6565,14.7798]]],[[[122.2626,14.8056],[122.2623,14.8034],[122.2643,14.8023],[122.2645,14.8049],[122.2626,14.8056]]],[[[122.0254,14.807],[122.0204,14.8051],[122.0207,14.8041],[122.0244,14.8004],[122.0295,14.8009],[122.0254,14.807]]],[[[122.2466,14.8257],[122.2469,14.82],[122.2485,14.8198],[122.2493,14.8143],[122.2532,14.8056],[122.2584,14.809],[122.2466,14.8257]]],[[[122.1507,14.8427],[122.1489,14.8425],[122.1474,14.84],[122.1517,14.8403],[122.1507,14.8427]]],[[[122.2127,14.8442],[122.21,14.8431],[122.2116,14.8426],[122.2127,14.8442]]],[[[122.0042,14.8448],[121.9992,14.8416],[121.9976,14.8336],[122.0003,14.8342],[121.9993,14.8358],[122.0051,14.8365],[122.0061,14.8417],[122.0042,14.8448]]],[[[122.1836,14.8451],[122.1374,14.8282],[122.0936,14.8422],[122.1145,14.7996],[122.2548,14.7248],[122.2594,14.7878],[122.192,14.8058],[122.2139,14.8411],[122.1961,14.8302],[122.1836,14.8451]]],[[[122.1887,14.8463],[122.1871,14.8458],[122.1883,14.8438],[122.1894,14.8447],[122.1887,14.8463]]],[[[122.1402,14.8463],[122.1363,14.8449],[122.1335,14.846],[122.1323,14.8437],[122.1309,14.8455],[122.1285,14.8419],[122.1295,14.8406],[122.1287,14.8381],[122.1295,14.8359],[122.1337,14.8353],[122.1347,14.8379],[122.1403,14.8394],[122.1418,14.8444],[122.1402,14.8463]]],[[[122.1939,14.8482],[122.1935,14.8471],[122.1953,14.8469],[122.1939,14.8482]]],[[[122.21,14.8512],[122.2075,14.848],[122.2131,14.8476],[122.21,14.8512]]],[[[122.2094,14.869],[122.205,14.8665],[122.2053,14.8653],[122.2117,14.8659],[122.2094,14.869]]],[[[122.0233,14.8785],[122.0248,14.8456],[122.0841,14.8416],[122.0233,14.8785]]],[[[122.0075,14.884],[122.0011,14.8833],[121.995,14.8805],[121.9984,14.8786],[122.001,14.8815],[122.0034,14.8817],[122.0134,14.8791],[122.0117,14.8833],[122.0075,14.884]]],[[[122.1602,14.8844],[122.1571,14.8817],[122.1605,14.8746],[122.163,14.8755],[122.165,14.8822],[122.1602,14.8844]]],[[[122.1117,14.8947],[122.1085,14.8919],[122.1126,14.892],[122.1117,14.8947]]],[[[122.1173,14.903],[122.1137,14.9013],[122.1124,14.8972],[122.1161,14.8947],[122.121,14.8971],[122.1171,14.9013],[122.1173,14.903]]],[[[122.0204,14.9051],[122.0192,14.9036],[122.0103,14.9032],[122.0054,14.9011],[122.0047,14.8979],[122.007,14.8925],[122.0109,14.892],[122.0158,14.8936],[122.0231,14.9025],[122.0231,14.904],[122.0204,14.9051]]],[[[122.0401,14.9157],[122.0281,14.9141],[122.0351,14.9099],[122.0379,14.9099],[122.0401,14.9157]]],[[[122.1473,14.917],[122.1438,14.9156],[122.1407,14.9121],[122.1435,14.9068],[122.1406,14.8978],[122.1425,14.8955],[122.1502,14.8929],[122.1567,14.9057],[122.1535,14.9116],[122.1537,14.9147],[122.1473,14.917]]],[[[122.1855,14.9177],[122.187,14.9129],[122.1877,14.9148],[122.1855,14.9177]]],[[[122.1846,14.9234],[122.1828,14.9216],[122.1839,14.9204],[122.1846,14.9234]]],[[[122.1757,14.933],[122.1724,14.9328],[122.1716,14.9309],[122.1734,14.9302],[122.1763,14.9248],[122.181,14.9242],[122.1811,14.9259],[122.184,14.9248],[122.1803,14.9314],[122.1757,14.933]]],[[[122.0526,14.9335],[122.0461,14.9303],[122.0445,14.9265],[122.0536,14.9292],[122.0542,14.9307],[122.0527,14.9318],[122.0541,14.9333],[122.0526,14.9335]]],[[[122.0615,14.9497],[122.0603,14.9485],[122.0631,14.9466],[122.0639,14.949],[122.0615,14.9497]]],[[[122.1566,14.9507],[122.1512,14.9505],[122.153,14.9494],[122.1526,14.9481],[122.1466,14.9402],[122.1497,14.936],[122.1494,14.9337],[122.1451,14.9299],[122.1458,14.9285],[122.1398,14.9271],[122.1385,14.9252],[122.1432,14.9259],[122.147,14.922],[122.149,14.9221],[122.1537,14.9286],[122.1548,14.9352],[122.1552,14.9344],[122.1593,14.9381],[122.1609,14.9381],[122.1612,14.9452],[122.1627,14.9467],[122.1602,14.9497],[122.1566,14.9507]]],[[[122.0314,15.0174],[122.027,15.0171],[122.0281,15.015],[122.0296,15.0151],[122.0326,15.0157],[122.0314,15.0174]]],[[[121.9352,15.0587],[121.8666,15.0216],[121.8369,15.0392],[121.8266,15.0117],[121.8401,14.9888],[121.8201,15.0025],[121.8014,14.936],[121.8307,14.9284],[121.8351,14.9546],[121.8785,14.8355],[121.9121,14.7961],[121.9379,14.7115],[121.9052,14.7239],[121.903,14.6788],[121.9143,14.6408],[121.9392,14.6266],[122.004,14.6674],[122.0367,14.7151],[122.0219,14.8139],[121.981,14.8415],[121.9673,14.9067],[122.0212,14.9211],[122.0192,14.9677],[121.9912,14.9579],[122.0115,14.9892],[122.0312,14.992],[122.0544,14.9519],[122.0562,14.9646],[122.0498,15.0057],[122.0068,15.0071],[122.0193,15.03],[121.9697,15.0369],[121.9554,15.0576],[121.9361,15.0399],[121.9352,15.0587]]],[[[121.1039,14.5165],[121.1388,14.5357],[121.2162,14.4114],[121.2204,14.4739],[121.2351,14.4731],[121.242,14.5026],[121.2729,14.5052],[121.3251,14.4609],[121.3391,14.4163],[121.305,14.3272],[121.312,14.2863],[121.398,14.3506],[121.4091,14.3914],[121.4321,14.3873],[121.433,14.4058],[121.4734,14.3719],[121.4735,14.3171],[121.4287,14.344],[121.418,14.3335],[121.4411,14.3202],[121.4238,14.3044],[121.4399,14.2895],[121.4012,14.302],[121.2886,14.1939],[121.1823,14.1865],[121.1841,14.236],[121.0897,14.357],[121.0574,14.3786],[121.0069,14.3539],[121.0116,14.3803],[120.9699,14.4755],[120.8896,14.4506],[120.897,14.4753],[120.921,14.4808],[120.9031,14.4844],[120.9178,14.499],[120.8999,14.4958],[120.8715,14.4309],[120.7686,14.3317],[120.7147,14.2865],[120.6228,14.2668],[120.6211,14.2212],[120.5878,14.2295],[120.583,14.1936],[120.6134,14.1781],[120.5754,14.1709],[120.6099,14.1455],[120.5683,14.1345],[120.6241,14.1094],[120.6155,14.0124],[120.6322,13.9831],[120.6027,13.9741],[120.6257,13.8967],[120.6214,13.8112],[120.6504,13.7722],[120.6761,13.7889],[120.6517,13.8299],[120.6566,13.8567],[120.7227,13.8489],[120.6978,13.8907],[120.7077,13.9219],[120.7902,13.9281],[120.9133,13.8737],[120.9016,13.8219],[120.9274,13.7616],[120.8734,13.7195],[120.8929,13.6827],[120.9633,13.7719],[121.0015,13.7818],[121.0428,13.7665],[121.0602,13.7385],[121.0369,13.6335],[121.0781,13.6189],[121.184,13.6446],[121.2856,13.597],[121.3634,13.6587],[121.3965,13.6723],[121.4203,13.6548],[121.4695,13.6841],[121.4427,13.6959],[121.4517,13.7229],[121.4324,13.7646],[121.4745,13.8394],[121.6025,13.899],[121.6182,13.8903],[121.6241,13.9076],[121.7082,13.9222],[121.6951,13.9614],[121.7494,13.9693],[121.7842,13.9392],[121.8178,13.9406],[121.8228,13.8932],[121.8703,13.8973],[121.9041,13.8544],[121.9753,13.8405],[121.9806,13.8059],[122.0281,13.8068],[122.0542,13.7754],[122.0986,13.7853],[122.2026,13.6376],[122.2081,13.6021],[122.2672,13.6065],[122.2782,13.5931],[122.2616,13.581],[122.2803,13.5744],[122.2895,13.5914],[122.3218,13.5904],[122.3326,13.5592],[122.4019,13.5242],[122.4133,13.4839],[122.4878,13.4106],[122.523,13.3284],[122.5032,13.2465],[122.5646,13.1788],[122.599,13.162],[122.7028,13.2248],[122.6767,13.2747],[122.6633,13.419],[122.5649,13.563],[122.6179,13.5134],[122.6342,13.529],[122.5454,13.582],[122.481,13.6972],[122.485,13.7293],[122.5234,13.7318],[122.5088,13.7694],[122.5245,13.8163],[122.4195,13.9427],[122.5247,13.9227],[122.5303,13.9627],[122.5509,13.9458],[122.7925,14.0138],[122.452,14.1502],[122.3838,14.0666],[122.3038,14.0674],[122.3117,14.1358],[122.2676,14.1238],[122.2738,14.1621],[122.2593,14.1729],[122.2772,14.2346],[122.2503,14.2423],[122.2453,14.186],[122.2149,14.19],[122.1826,14.162],[122.1893,14.1386],[122.1657,14.1594],[122.1646,14.1407],[122.1927,14.0928],[122.2883,14.0386],[122.29,14.0169],[122.3237,14.02],[122.3166,13.9931],[122.2934,13.9916],[122.2988,13.9593],[122.1817,13.9939],[122.2081,13.9531],[122.2437,13.943],[122.2314,13.8948],[122.0983,13.9226],[121.9455,13.9885],[121.7691,14.1239],[121.7296,14.1774],[121.7539,14.2043],[121.7583,14.2473],[121.7286,14.2741],[121.7277,14.3263],[121.6587,14.4012],[121.6038,14.6519],[121.6198,14.6859],[121.6374,14.667],[121.6255,14.6575],[121.6909,14.6987],[121.6784,14.7021],[121.7344,14.6956],[121.6021,14.8276],[121.6136,14.8529],[121.5817,14.8904],[121.5439,15.0103],[121.5061,15.0551],[121.495,15.1363],[121.4628,15.2011],[121.4171,15.2169],[121.4018,15.1722],[121.3805,15.1685],[121.4039,15.1529],[121.3998,15.1205],[121.3448,15.0402],[121.3571,15.0117],[121.3307,14.8352],[121.1653,14.8234],[121.0995,14.7692],[121.135,14.7767],[121.1067,14.6755],[121.135,14.6577],[121.1019,14.6207],[121.1039,14.5165]]]]},"properties":{"iso3":"PHL","shapeId":"36201628B13373758884154","regionId":"PHL.115_1","name":"Calabarzon"}},{"type":"Feature","geometry":{"type":"MultiPolygon","coordinates":[[[[117.3126,7.5067],[117.3153,7.5094],[117.315,7.5121],[117.3131,7.5139],[117.3073,7.5095],[117.3094,7.5069],[117.3126,7.5067]]],[[[117.306,7.5224],[117.2957,7.524],[117.3025,7.5204],[117.3078,7.5218],[117.3074,7.523],[117.306,7.5224]]],[[[117.0248,7.8082],[117.0239,7.8074],[117.025,7.8067],[117.0248,7.8082]]],[[[117.2155,7.8308],[117.2109,7.8231],[117.2191,7.8244],[117.2268,7.8229],[117.2155,7.8308]]],[[[117.2209,7.9173],[117.2193,7.9161],[117.2209,7.9145],[117.2228,7.9165],[117.2209,7.9173]]],[[[117.0099,8.0708],[117.0039,8.0703],[117.0011,8.0684],[117.0128,8.065],[117.0167,8.0671],[117.0141,8.0701],[117.0099,8.0708]]],[[[117.0415,8.0745],[117.0395,8.0736],[117.0419,8.0711],[117.0415,8.0745]]],[[[117.0655,8.0801],[116.9967,8.0626],[117.0041,8.0426],[116.9693,8.0154],[116.9665,8.0542],[116.9501,7.9985],[116.9673,7.952],[116.9289,7.9363],[116.9823,7.8538],[117.0001,7.8515],[116.9929,7.8158],[117.0116,7.8042],[117.0153,7.8228],[117.0278,7.8127],[117.0606,7.8421],[117.0789,7.8801],[117.0687,7.8976],[117.0863,7.9063],[117.075,7.9915],[117.0519,7.9909],[117.0784,8.0051],[117.0655,8.0801]]],[[[117.0738,8.0908],[117.0757,8.0834],[117.0795,8.0822],[117.0802,8.084],[117.0785,8.0874],[117.0738,8.0908]]],[[[117.1067,8.0925],[117.104,8.0922],[117.1023,8.0894],[117.0984,8.0721],[117.1073,8.0712],[117.1091,8.0738],[117.1113,8.0815],[117.1067,8.0925]]],[[[116.9887,8.0936],[116.987,8.0911],[116.9855,8.0913],[116.9864,8.0897],[116.9836,8.0885],[116.9838,8.0855],[116.9864,8.0813],[116.9862,8.0779],[116.9878,8.083],[116.9887,8.0826],[116.9879,8.0831],[116.9916,8.087],[116.9892,8.0894],[116.9886,8.0872],[116.9868,8.0886],[116.9852,8.0873],[116.9875,8.0905],[116.9894,8.0906],[116.9887,8.0936]]],[[[117.029,8.13],[116.9899,8.0977],[117.0156,8.0714],[117.0625,8.0841],[117.029,8.13]]],[[[117.1305,8.1351],[117.1302,8.1327],[117.1344,8.1236],[117.1435,8.1145],[117.1494,8.1118],[117.1563,8.1136],[117.1566,8.1154],[117.1547,8.1171],[117.1411,8.1222],[117.1364,8.1256],[117.1305,8.1351]]],[[[117.2264,8.1634],[117.2239,8.1637],[117.2195,8.1598],[117.2191,8.1551],[117.2286,8.1541],[117.2309,8.152],[117.2321,8.1565],[117.2264,8.1634]]],[[[117.2408,8.1769],[117.2366,8.1737],[117.2414,8.1687],[117.2473,8.1671],[117.2574,8.1672],[117.2548,8.1686],[117.2498,8.1758],[117.2408,8.1769]]],[[[117.1402,8.18],[117.1485,8.1513],[117.2056,8.1536],[117.1897,8.1788],[117.1402,8.18]]],[[[117.01,8.1801],[117.0103,8.1778],[117.0156,8.1743],[117.0259,8.1704],[117.0293,8.1707],[117.0279,8.1724],[117.01,8.1801]]],[[[117.2815,8.183],[117.2776,8.1823],[117.2812,8.1781],[117.2815,8.183]]],[[[117.1883,8.2017],[117.1875,8.2004],[117.1966,8.1969],[117.1972,8.1952],[117.1983,8.1957],[117.1946,8.1994],[117.1883,8.2017]]],[[[117.0811,8.2482],[117.0852,8.2159],[117.1276,8.2173],[117.1143,8.2415],[117.0811,8.2482]]],[[[117.1254,8.2874],[117.1205,8.2814],[117.1264,8.2788],[117.1279,8.2849],[117.1254,8.2874]]],[[[117.1427,8.301],[117.1424,8.3052],[117.1416,8.3039],[117.1427,8.301]]],[[[117.1824,8.3086],[117.1818,8.3026],[117.1841,8.3039],[117.184,8.3074],[117.1824,8.3086]]],[[[117.3405,8.3115],[117.3381,8.3087],[117.3414,8.3103],[117.3405,8.3115]]],[[[117.3069,8.3305],[117.2654,8.299],[117.2628,8.2095],[117.2924,8.1773],[117.3466,8.2106],[117.3522,8.2908],[117.3069,8.3305]]],[[[117.2311,8.3389],[117.1937,8.2909],[117.1631,8.2861],[117.1757,8.2556],[117.2569,8.2884],[117.2579,8.315],[117.2219,8.3148],[117.2311,8.3389]]],[[[117.5202,8.3427],[117.5152,8.3415],[117.5149,8.3377],[117.517,8.3381],[117.5202,8.3427]]],[[[117.3168,8.3507],[117.3147,8.3524],[117.3124,8.3501],[117.3105,8.347],[117.3106,8.3437],[117.3128,8.3465],[117.3167,8.3467],[117.3168,8.3507]]],[[[117.238,8.3672],[117.2285,8.3608],[117.2292,8.3585],[117.2309,8.3579],[117.2399,8.365],[117.238,8.3672]]],[[[117.2478,8.3784],[117.2456,8.3736],[117.2413,8.3695],[117.2416,8.3676],[117.2436,8.368],[117.246,8.3713],[117.2478,8.3784]]],[[[117.2655,8.3933],[117.2613,8.3918],[117.2636,8.3903],[117.2663,8.3924],[117.2655,8.3933]]],[[[117.2696,8.401],[117.2648,8.3953],[117.2689,8.3984],[117.2696,8.401]]],[[[117.1916,8.4346],[117.1898,8.4324],[117.1919,8.4321],[117.1916,8.4346]]],[[[117.4353,8.4386],[117.436,8.4396],[117.4332,8.4419],[117.4293,8.4394],[117.4317,8.4377],[117.4353,8.4386]]],[[[118.1203,9.0498],[118.1165,9.0483],[118.1173,9.0433],[118.1191,9.0432],[118.1194,9.0445],[118.1179,9.044],[118.1206,9.047],[118.1203,9.0498]]],[[[118.1387,9.0702],[118.1336,9.0676],[118.1346,9.0611],[118.1361,9.0602],[118.1415,9.0622],[118.1437,9.066],[118.1387,9.0702]]],[[[118.1552,9.089],[118.1541,9.0881],[118.1561,9.085],[118.1598,9.083],[118.161,9.0864],[118.1601,9.0877],[118.1552,9.089]]],[[[118.1266,9.0969],[118.123,9.096],[118.1215,9.0942],[118.1226,9.0907],[118.1253,9.0892],[118.1293,9.09],[118.1308,9.0921],[118.1297,9.096],[118.1266,9.0969]]],[[[118.1324,9.1029],[118.1296,9.1023],[118.1342,9.0996],[118.135,9.102],[118.1324,9.1029]]],[[[118.1626,9.1267],[118.1612,9.1254],[118.1592,9.1259],[118.159,9.1247],[118.1601,9.1223],[118.1635,9.1211],[118.1644,9.1244],[118.1626,9.1267]]],[[[118.3801,9.2068],[118.3784,9.2055],[118.3795,9.206],[118.3796,9.2035],[118.3817,9.202],[118.3826,9.2047],[118.3801,9.2068]]],[[[118.3901,9.229],[118.3895,9.2275],[118.3909,9.227],[118.3915,9.2285],[118.3901,9.229]]],[[[117.8588,9.2481],[117.8494,9.2452],[117.8491,9.2437],[117.8568,9.2429],[117.8602,9.2469],[117.8588,9.2481]]],[[[118.4408,9.249],[118.4267,9.2074],[118.4567,9.2194],[118.4408,9.249]]],[[[118.5014,9.2527],[118.4998,9.2521],[118.5017,9.2505],[118.5014,9.2527]]],[[[117.8895,9.2624],[117.8846,9.2595],[117.8893,9.2574],[117.8912,9.2579],[117.8918,9.2594],[117.8895,9.2624]]],[[[117.9411,9.2735],[117.935,9.2728],[117.9338,9.2709],[117.944,9.2651],[117.9469,9.2691],[117.9442,9.27],[117.9432,9.2729],[117.9411,9.2735]]],[[[120.8229,9.2823],[120.8154,9.2805],[120.8069,9.2756],[120.8099,9.2746],[120.8153,9.2756],[120.8238,9.2812],[120.8245,9.2804],[120.8229,9.2823]]],[[[117.9471,9.2948],[117.9387,9.286],[117.932,9.2851],[117.9301,9.2835],[117.9311,9.2809],[117.9358,9.2794],[117.9381,9.2732],[117.9405,9.276],[117.938,9.2821],[117.9395,9.2854],[117.9454,9.2903],[117.9471,9.2948]]],[[[117.999,9.2975],[117.9975,9.2954],[118.0003,9.2874],[118.0033,9.2871],[118.0007,9.2971],[117.999,9.2975]]],[[[117.9601,9.3013],[117.9568,9.3],[117.9609,9.2982],[117.9611,9.2936],[117.9658,9.2917],[117.9669,9.2892],[117.9675,9.292],[117.9645,9.296],[117.9653,9.2976],[117.9601,9.3013]]],[[[117.9444,9.3163],[117.9462,9.3125],[117.9487,9.3112],[117.9444,9.3163]]],[[[118.0874,9.3592],[118.0835,9.3582],[118.0843,9.3537],[118.0859,9.3528],[118.0884,9.3544],[118.0906,9.352],[118.0934,9.3522],[118.0934,9.3539],[118.0892,9.3542],[118.0873,9.356],[118.0874,9.3592]]],[[[118.5835,9.377],[118.5798,9.3748],[118.581,9.371],[118.5842,9.375],[118.5848,9.3768],[118.5835,9.377]]],[[[118.6286,9.4621],[118.624,9.4605],[118.6238,9.4586],[118.6228,9.4589],[118.6183,9.4534],[118.6178,9.4504],[118.6095,9.4489],[118.6101,9.441],[118.609,9.4392],[118.6099,9.4376],[118.6111,9.438],[118.6115,9.4312],[118.6188,9.4324],[118.6182,9.4338],[118.6201,9.4367],[118.6195,9.4396],[118.6236,9.4357],[118.6236,9.434],[118.6271,9.4369],[118.6318,9.4475],[118.6332,9.4554],[118.6328,9.4594],[118.6286,9.4621]]],[[[121.0069,9.6154],[121.004,9.6146],[121.0019,9.6112],[121.0053,9.6076],[121.0126,9.6072],[121.0195,9.6091],[121.0177,9.6119],[121.0069,9.6154]]],[[[121.281,9.623],[121.2719,9.6195],[121.2669,9.6136],[121.2669,9.6115],[121.2631,9.6085],[121.2638,9.6067],[121.259,9.6051],[121.2618,9.6075],[121.259,9.6052],[121.2577,9.606],[121.2548,9.6044],[121.2483,9.5975],[121.2486,9.5987],[121.2385,9.592],[121.2408,9.5911],[121.2443,9.5941],[121.2501,9.5959],[121.2676,9.6075],[121.2731,9.615],[121.2804,9.6197],[121.2797,9.6218],[121.281,9.623]]],[[[121.2305,9.645],[121.2225,9.6062],[121.1823,9.5699],[121.232,9.591],[121.2305,9.645]]],[[[121.2357,9.6485],[121.2335,9.6475],[121.2342,9.6439],[121.2359,9.6459],[121.2346,9.6467],[121.2358,9.6468],[121.2357,9.6485]]],[[[121.2386,9.6622],[121.2338,9.6558],[121.231,9.6458],[121.2346,9.651],[121.2373,9.6499],[121.2386,9.6507],[121.2386,9.6622]]],[[[118.773,9.8403],[118.7718,9.8391],[118.7679,9.8399],[118.7737,9.835],[118.7726,9.8388],[118.775,9.8356],[118.7746,9.8334],[118.7763,9.8331],[118.7753,9.8349],[118.777,9.8372],[118.7752,9.8376],[118.7768,9.8389],[118.7747,9.8381],[118.773,9.8403]]],[[[118.7646,9.8553],[118.7575,9.8529],[118.764,9.8489],[118.7659,9.8512],[118.766,9.854],[118.7646,9.8553]]],[[[118.7679,9.8746],[118.7666,9.8742],[118.7671,9.8722],[118.7704,9.8691],[118.7692,9.8715],[118.7709,9.8719],[118.7687,9.8739],[118.769,9.8719],[118.768,9.8724],[118.7668,9.8742],[118.7679,9.8746]]],[[[118.8155,9.8775],[118.8139,9.8786],[118.8127,9.8774],[118.8139,9.8731],[118.8176,9.8726],[118.8155,9.8775]]],[[[118.7694,9.8805],[118.7681,9.8794],[118.7691,9.8778],[118.7703,9.8792],[118.7715,9.8779],[118.7694,9.8805]]],[[[118.7799,9.8892],[118.7759,9.8878],[118.778,9.8811],[118.7833,9.8809],[118.7846,9.8849],[118.7856,9.883],[118.7911,9.8812],[118.791,9.8779],[118.7948,9.8789],[118.7933,9.8814],[118.7853,9.8861],[118.7875,9.889],[118.784,9.8873],[118.7799,9.8892]]],[[[118.7979,9.9039],[118.7964,9.9016],[118.7978,9.8996],[118.7979,9.9039]]],[[[118.8387,9.9137],[118.8321,9.9064],[118.8287,9.9041],[118.8247,9.9032],[118.8202,9.8998],[118.8197,9.8985],[118.8253,9.8982],[118.8232,9.9019],[118.8269,9.9008],[118.8274,9.9033],[118.8303,9.9048],[118.833,9.907],[118.8387,9.9137]]],[[[118.8778,9.9157],[118.8783,9.9144],[118.8765,9.9151],[118.8761,9.9098],[118.8779,9.9085],[118.8778,9.9055],[118.8797,9.9047],[118.8824,9.9077],[118.8826,9.9125],[118.8842,9.9123],[118.8799,9.913],[118.8778,9.9157]]],[[[118.8418,9.9231],[118.8394,9.921],[118.8405,9.9195],[118.8444,9.9208],[118.8418,9.9231]]],[[[118.7927,9.9303],[118.791,9.9291],[118.788,9.9299],[118.7879,9.9244],[118.7901,9.9237],[118.7919,9.9254],[118.7943,9.9292],[118.7927,9.9303]]],[[[118.8546,9.9337],[118.8529,9.9279],[118.854,9.9267],[118.8543,9.928],[118.8584,9.9293],[118.8546,9.9337]]],[[[118.922,9.9402],[118.9187,9.9377],[118.9166,9.933],[118.9211,9.9312],[118.9211,9.9275],[118.924,9.9258],[118.9295,9.929],[118.9324,9.9338],[118.9295,9.9386],[118.922,9.9402]]],[[[118.79,10.0243],[118.7887,10.0242],[118.7888,10.0225],[118.79,10.0243]]],[[[119.2305,10.0875],[119.2276,10.0862],[119.2243,10.0748],[119.2213,10.0717],[119.2216,10.0703],[119.2184,10.0672],[119.214,10.0658],[119.2145,10.061],[119.2197,10.0596],[119.2226,10.0603],[119.2253,10.0651],[119.2256,10.0688],[119.228,10.0692],[119.2315,10.0737],[119.2332,10.0795],[119.2305,10.0875]]],[[[118.7832,10.0966],[118.7803,10.0807],[118.78,10.0748],[118.7812,10.0722],[118.7832,10.0966]]],[[[119.2405,10.1274],[119.2378,10.127],[119.2326,10.1222],[119.2344,10.1196],[119.2327,10.1174],[119.2345,10.1131],[119.2342,10.1053],[119.2337,10.1011],[119.2311,10.0965],[119.2321,10.0955],[119.2294,10.0928],[119.23,10.0907],[119.2347,10.0903],[119.2372,10.0864],[119.2387,10.0866],[119.2472,10.1036],[119.2457,10.1108],[119.2468,10.1162],[119.2422,10.1266],[119.2405,10.1274]]],[[[119.2477,10.1546],[119.2473,10.1452],[119.2481,10.1424],[119.2498,10.1418],[119.2538,10.1458],[119.2541,10.1489],[119.2503,10.1537],[119.2477,10.1546]]],[[[119.3006,10.2404],[119.299,10.2379],[119.3004,10.2346],[119.3023,10.2339],[119.3043,10.2374],[119.3006,10.2404]]],[[[119.3016,10.243],[119.2993,10.243],[119.3007,10.2411],[119.3016,10.243]]],[[[119.3264,10.2499],[119.3251,10.2497],[119.3217,10.2406],[119.3223,10.2387],[119.3264,10.2366],[119.3307,10.2374],[119.3329,10.2411],[119.3323,10.2434],[119.3288,10.2455],[119.3264,10.2499]]],[[[119.384,10.2536],[119.3832,10.2517],[119.3862,10.2477],[119.3869,10.2506],[119.384,10.2536]]],[[[119.3682,10.2586],[119.3665,10.258],[119.367,10.257],[119.3698,10.2564],[119.3682,10.2586]]],[[[119.4974,10.2685],[119.4982,10.2701],[119.4953,10.2702],[119.4896,10.266],[119.4974,10.2685]]],[[[119.356,10.2819],[119.3528,10.2777],[119.355,10.2736],[119.3507,10.2718],[119.3509,10.2706],[119.3523,10.2713],[119.3521,10.2692],[119.3605,10.2741],[119.3624,10.2767],[119.3622,10.2811],[119.356,10.2819]]],[[[119.452,10.2845],[119.4497,10.2844],[119.4496,10.2832],[119.4528,10.2824],[119.452,10.2845]]],[[[119.3648,10.2871],[119.363,10.2861],[119.3642,10.2849],[119.3648,10.2871]]],[[[119.3913,10.3065],[119.3889,10.3052],[119.3889,10.3013],[119.3919,10.3014],[119.393,10.3029],[119.3913,10.3065]]],[[[119.4809,10.3201],[119.4795,10.3192],[119.4804,10.3177],[119.483,10.3178],[119.4809,10.3201]]],[[[118.95,10.3345],[118.9439,10.3313],[118.9419,10.3335],[118.9378,10.3317],[118.9408,10.3306],[118.9437,10.3313],[118.9452,10.3298],[118.9491,10.3308],[118.9502,10.3336],[118.9527,10.3345],[118.95,10.3345]]],[[[118.9585,10.3347],[118.9589,10.3359],[118.9553,10.333],[118.9571,10.3324],[118.9585,10.3347]]],[[[119.1374,10.4178],[119.138,10.4204],[119.1373,10.4179],[119.1391,10.4164],[119.1374,10.4123],[119.1389,10.4104],[119.1381,10.4063],[119.1417,10.4088],[119.1416,10.4165],[119.1382,10.4197],[119.1374,10.4178]]],[[[119.0157,10.4423],[119.0134,10.4411],[119.0135,10.4358],[119.0114,10.4319],[119.0145,10.4281],[119.0152,10.4226],[119.0218,10.4181],[119.024,10.4252],[119.0277,10.4251],[119.026,10.4294],[119.0272,10.435],[119.0191,10.436],[119.0173,10.4384],[119.018,10.4401],[119.0166,10.4395],[119.0157,10.4423]]],[[[119.1583,10.4591],[119.157,10.4583],[119.162,10.4578],[119.1583,10.4591]]],[[[119.0003,10.4592],[118.9973,10.4576],[118.9952,10.4527],[118.9977,10.45],[118.9969,10.4454],[118.9992,10.4436],[119.004,10.4478],[119.0046,10.4506],[119.0014,10.4517],[119.0006,10.4539],[119.0045,10.4581],[119.0008,10.4579],[119.0003,10.4592]]],[[[119.1557,10.4599],[119.1546,10.4579],[119.1565,10.459],[119.1557,10.4599]]],[[[119.1671,10.4627],[119.1627,10.4609],[119.1631,10.4581],[119.1667,10.46],[119.1744,10.4595],[119.1826,10.4508],[119.1815,10.4552],[119.1776,10.4575],[119.1774,10.4615],[119.1739,10.4605],[119.1671,10.4627]]],[[[119.1499,10.4662],[119.1481,10.4625],[119.1534,10.461],[119.1498,10.4641],[119.1499,10.4662]]],[[[119.1616,10.4708],[119.1609,10.4668],[119.1635,10.466],[119.1616,10.4708]]],[[[119.1582,10.4824],[119.1599,10.4773],[119.1623,10.4809],[119.1582,10.4824]]],[[[119.1522,10.4917],[119.1522,10.4881],[119.1537,10.4903],[119.1522,10.4917]]],[[[119.9989,10.4953],[119.9993,10.498],[119.9969,10.4952],[119.9958,10.4966],[119.992,10.4959],[119.9924,10.4898],[119.9938,10.4909],[119.9972,10.4891],[119.9989,10.4953]]],[[[119.1331,10.5093],[119.1311,10.5082],[119.1334,10.5045],[119.1305,10.4994],[119.1323,10.4939],[119.1352,10.4991],[119.1376,10.5001],[119.1435,10.4976],[119.1452,10.4942],[119.1519,10.4924],[119.1487,10.4968],[119.1492,10.498],[119.1469,10.4969],[119.1451,10.4985],[119.1437,10.5012],[119.1445,10.5049],[119.1416,10.5043],[119.1397,10.5072],[119.1336,10.5063],[119.1331,10.5093]]],[[[119.0691,10.5125],[119.0546,10.4893],[119.0778,10.4852],[119.0691,10.5125]]],[[[120.0085,10.5176],[120.0052,10.5161],[120.0059,10.5145],[120.0068,10.516],[120.0087,10.516],[120.0085,10.5176]]],[[[119.7273,10.5364],[119.7246,10.5338],[119.7297,10.5346],[119.7273,10.5364]]],[[[120.0251,10.5336],[120.0253,10.5379],[120.0185,10.5317],[120.0218,10.5298],[120.0242,10.5311],[120.0251,10.5336]]],[[[119.1163,10.5424],[119.1158,10.5388],[119.1177,10.5396],[119.1163,10.5424]]],[[[119.732,10.5479],[119.7314,10.547],[119.7337,10.5454],[119.7348,10.5423],[119.7314,10.5386],[119.7317,10.5367],[119.7343,10.5334],[119.7395,10.5338],[119.742,10.5361],[119.7406,10.539],[119.7364,10.5409],[119.7343,10.5474],[119.732,10.5479]]],[[[120.0071,10.5493],[120.0086,10.5464],[120.0079,10.5437],[120.0095,10.5421],[120.0145,10.545],[120.0101,10.5487],[120.0071,10.5493]]],[[[119.705,10.5495],[119.7043,10.5483],[119.706,10.5481],[119.705,10.5495]]],[[[119.111,10.5542],[119.1095,10.5526],[119.1115,10.5512],[119.1154,10.552],[119.111,10.5542]]],[[[119.1994,10.5559],[119.1967,10.5545],[119.1988,10.5508],[119.2036,10.5521],[119.1994,10.5559]]],[[[119.7075,10.5628],[119.7032,10.56],[119.704,10.5589],[119.7032,10.5594],[119.7017,10.5568],[119.7026,10.5547],[119.7055,10.5545],[119.7084,10.5562],[119.7068,10.5608],[119.7075,10.5628]]],[[[119.7216,10.5658],[119.7167,10.5636],[119.7182,10.5611],[119.7216,10.5658]]],[[[119.745,10.5665],[119.7423,10.5658],[119.7406,10.5574],[119.7429,10.5602],[119.747,10.5597],[119.745,10.5665]]],[[[119.7468,10.5873],[119.7426,10.5806],[119.7427,10.5774],[119.7456,10.5741],[119.7495,10.5817],[119.7468,10.5873]]],[[[119.1609,10.5928],[119.1195,10.5851],[119.1354,10.5715],[119.1191,10.5495],[119.1535,10.5697],[119.1982,10.5643],[119.1603,10.5723],[119.1609,10.5928]]],[[[119.7507,10.597],[119.7487,10.5951],[119.7496,10.5924],[119.7462,10.5903],[119.7475,10.5882],[119.75,10.5891],[119.7494,10.5913],[119.7522,10.594],[119.7507,10.597]]],[[[119.8277,10.6525],[119.8341,10.6126],[119.7929,10.5468],[119.7636,10.5651],[119.7424,10.5497],[119.7487,10.5177],[119.7552,10.533],[119.7664,10.5239],[119.7623,10.4644],[119.8049,10.4412],[119.8743,10.4611],[119.8558,10.4852],[119.924,10.4833],[119.8836,10.5508],[119.9308,10.5041],[119.9449,10.536],[119.9478,10.5187],[119.983,10.5307],[119.9783,10.5699],[119.9862,10.5497],[120.0033,10.5651],[119.983,10.5999],[119.904,10.598],[119.8277,10.6525]]],[[[120.2461,10.6748],[120.2453,10.6771],[120.2442,10.6757],[120.2454,10.6672],[120.242,10.6584],[120.2451,10.6479],[120.2443,10.6438],[120.2467,10.6432],[120.2488,10.6382],[120.2467,10.6329],[120.2558,10.6327],[120.2584,10.6343],[120.2583,10.6357],[120.255,10.64],[120.2512,10.6413],[120.2494,10.6447],[120.2527,10.6467],[120.2514,10.6475],[120.2516,10.6495],[120.2546,10.6524],[120.2532,10.6583],[120.254,10.661],[120.2524,10.6656],[120.249,10.667],[120.2461,10.6748]]],[[[119.603,10.6799],[119.5996,10.6765],[119.6011,10.6741],[119.6033,10.6766],[119.603,10.6799]]],[[[119.5873,10.6829],[119.5857,10.6823],[119.5822,10.6751],[119.5871,10.6768],[119.5884,10.6793],[119.5873,10.6829]]],[[[120.3287,10.6813],[120.3323,10.6829],[120.3293,10.6839],[120.3255,10.6827],[120.3273,10.6805],[120.3287,10.6813]]],[[[119.297,10.6942],[119.2949,10.6931],[119.295,10.6916],[119.2992,10.6933],[119.297,10.6942]]],[[[120.8877,10.6933],[120.887,10.695],[120.886,10.6941],[120.886,10.693],[120.8877,10.6933]]],[[[120.2707,10.6951],[120.269,10.6943],[120.2711,10.6907],[120.272,10.6931],[120.2707,10.6951]]],[[[119.308,10.704],[119.3047,10.7015],[119.3032,10.6958],[119.3022,10.6958],[119.3038,10.6885],[119.3099,10.6903],[119.3119,10.6944],[119.3124,10.7036],[119.3093,10.702],[119.308,10.704]]],[[[120.9645,10.7047],[120.9632,10.7031],[120.9642,10.7019],[120.9658,10.704],[120.9645,10.7047]]],[[[120.8901,10.7081],[120.888,10.7071],[120.8909,10.7045],[120.8901,10.7081]]],[[[120.2658,10.7128],[120.2651,10.7178],[120.2627,10.7129],[120.2566,10.7156],[120.2546,10.7131],[120.2534,10.707],[120.2578,10.7005],[120.2559,10.6941],[120.2671,10.6956],[120.2661,10.7011],[120.2699,10.7054],[120.2658,10.7128]]],[[[120.3141,10.7161],[120.3161,10.7175],[120.3153,10.7195],[120.3125,10.7187],[120.3127,10.7165],[120.3141,10.7161]]],[[[120.7739,10.7183],[120.7745,10.7199],[120.7729,10.7193],[120.7739,10.7183]]],[[[119.6264,10.722],[119.6252,10.7214],[119.6279,10.7188],[119.6273,10.7174],[119.6215,10.7154],[119.6227,10.7111],[119.625,10.7115],[119.6272,10.7149],[119.6287,10.7142],[119.6286,10.7089],[119.6339,10.7101],[119.6366,10.7137],[119.6358,10.7199],[119.6264,10.722]]],[[[120.7912,10.7261],[120.7893,10.7273],[120.7937,10.7208],[120.7959,10.7205],[120.7952,10.7256],[120.7912,10.7261]]],[[[119.6985,10.7282],[119.6946,10.725],[119.6926,10.7186],[119.6901,10.7161],[119.6887,10.7081],[119.6902,10.7023],[119.6896,10.698],[119.6933,10.6882],[119.6933,10.6836],[119.6988,10.6877],[119.6978,10.6938],[119.7028,10.7005],[119.7015,10.7027],[119.7025,10.704],[119.7,10.707],[119.697,10.7082],[119.6963,10.7104],[119.6965,10.7145],[119.6979,10.7149],[119.6966,10.7182],[119.699,10.7198],[119.6976,10.7219],[119.6991,10.7254],[119.6985,10.7282]]],[[[119.6273,10.7326],[119.626,10.7318],[119.6287,10.7285],[119.6306,10.7292],[119.6348,10.7274],[119.6347,10.7302],[119.6273,10.7326]]],[[[120.9001,10.7392],[120.8937,10.7391],[120.894,10.7369],[120.8921,10.7341],[120.894,10.7293],[120.8997,10.7233],[120.9023,10.7224],[120.9052,10.7234],[120.9086,10.7278],[120.9094,10.7328],[120.9039,10.7388],[120.9001,10.7392]]],[[[119.6571,10.7482],[119.6546,10.7445],[119.6602,10.7446],[119.6571,10.7482]]],[[[121.0653,10.7568],[121.0618,10.7563],[121.0627,10.7512],[121.0653,10.7518],[121.0693,10.7503],[121.0699,10.7539],[121.0653,10.7568]]],[[[119.3744,10.7963],[119.3745,10.7948],[119.3765,10.7955],[119.3744,10.7963]]],[[[119.6471,10.803],[119.6455,10.8028],[119.6446,10.797],[119.6474,10.7985],[119.6469,10.7996],[119.6486,10.8011],[119.6471,10.803]]],[[[119.6219,10.8147],[119.6195,10.8137],[119.6238,10.8129],[119.6219,10.8147]]],[[[120.8846,10.8171],[120.8836,10.8159],[120.8849,10.8144],[120.8864,10.8157],[120.8846,10.8171]]],[[[119.3519,10.8236],[119.3506,10.8233],[119.3516,10.822],[119.3519,10.8236]]],[[[119.3285,10.8297],[119.3263,10.8265],[119.3284,10.8213],[119.3299,10.8252],[119.3339,10.8276],[119.3285,10.8297]]],[[[120.9822,10.8293],[120.9587,10.8173],[120.9856,10.8119],[120.9822,10.8293]]],[[[119.2379,10.8363],[119.2348,10.8347],[119.2362,10.8331],[119.2358,10.8311],[119.2378,10.8349],[119.2388,10.8341],[119.2379,10.8363]]],[[[119.3501,10.8361],[119.3474,10.8353],[119.3465,10.8323],[119.3491,10.8332],[119.351,10.8293],[119.3521,10.8302],[119.3519,10.8346],[119.3501,10.8361]]],[[[119.6258,10.8381],[119.6321,10.7981],[119.6415,10.8207],[119.6258,10.8381]]],[[[119.4306,10.8466],[119.429,10.8456],[119.4301,10.8435],[119.43,10.8452],[119.4321,10.8463],[119.4306,10.8466]]],[[[119.3036,10.8502],[119.3001,10.8487],[119.2959,10.8497],[119.2992,10.8463],[119.3031,10.8458],[119.3043,10.8441],[119.3036,10.8502]]],[[[119.3421,10.8508],[119.3386,10.8456],[119.3436,10.8491],[119.3421,10.8508]]],[[[119.3217,10.8611],[119.3175,10.8599],[119.3183,10.8559],[119.3272,10.8585],[119.3217,10.8611]]],[[[119.3567,10.8618],[119.3541,10.8609],[119.3543,10.8589],[119.3563,10.8587],[119.3567,10.8618]]],[[[119.6342,10.8676],[119.6214,10.858],[119.6333,10.8508],[119.6342,10.8676]]],[[[119.3257,10.8698],[119.3247,10.8695],[119.3267,10.8695],[119.3257,10.8698]]],[[[119.3622,10.8705],[119.3611,10.8692],[119.3591,10.8701],[119.3587,10.8686],[119.3655,10.8679],[119.3622,10.8705]]],[[[119.3148,10.8702],[119.3129,10.8716],[119.3115,10.8708],[119.3143,10.8693],[119.3148,10.8702]]],[[[120.9378,10.8767],[120.9354,10.8754],[120.9358,10.8724],[120.9407,10.8738],[120.9378,10.8767]]],[[[119.346,10.8803],[119.3432,10.8779],[119.3389,10.8772],[119.3377,10.8792],[119.332,10.8764],[119.3278,10.8696],[119.3311,10.8702],[119.3317,10.8672],[119.334,10.8666],[119.3332,10.8635],[119.3375,10.8659],[119.3369,10.8675],[119.3382,10.869],[119.3405,10.8679],[119.3412,10.8618],[119.3435,10.8686],[119.3432,10.8747],[119.3478,10.8756],[119.346,10.8803]]],[[[119.6192,10.8859],[119.6173,10.8782],[119.6196,10.8808],[119.6192,10.8859]]],[[[121.066,10.8867],[121.064,10.8842],[121.0657,10.8841],[121.066,10.8867]]],[[[119.3206,10.8846],[119.3191,10.8875],[119.3216,10.8779],[119.3231,10.8791],[119.3299,10.8762],[119.3295,10.878],[119.3262,10.8791],[119.326,10.8821],[119.3206,10.8846]]],[[[119.3406,10.8912],[119.3396,10.8904],[119.341,10.8894],[119.3406,10.8912]]],[[[121.198,10.8934],[121.1941,10.8864],[121.1995,10.8818],[121.1991,10.8797],[121.2028,10.8793],[121.2099,10.8834],[121.2103,10.8854],[121.2073,10.8892],[121.198,10.8934]]],[[[121.051,10.8964],[121.0458,10.8928],[121.0463,10.888],[121.0505,10.8886],[121.0497,10.8912],[121.051,10.8964]]],[[[119.6214,10.9027],[119.6186,10.8981],[119.6199,10.8898],[119.6229,10.8959],[119.6206,10.8996],[119.6214,10.9027]]],[[[119.2956,10.9065],[119.2939,10.9057],[119.2964,10.9061],[119.2956,10.9065]]],[[[121.0669,10.908],[121.0461,10.8725],[121.0046,10.857],[120.9945,10.8298],[121.0245,10.7991],[121.0656,10.8084],[121.0589,10.84],[121.0822,10.8583],[121.0609,10.8744],[121.0799,10.8952],[121.0669,10.908]]],[[[121.0162,10.9107],[121.0132,10.9106],[121.0143,10.9097],[121.0162,10.9107]]],[[[119.5029,10.9137],[119.5021,10.9156],[119.5012,10.9127],[119.5027,10.9118],[119.5029,10.9137]]],[[[121.0376,10.916],[121.0356,10.9153],[121.0349,10.9132],[121.04,10.9105],[121.0412,10.9081],[121.0442,10.9077],[121.0442,10.9062],[121.0465,10.909],[121.0458,10.9135],[121.0416,10.9159],[121.0376,10.916]]],[[[119.2949,10.926],[119.2939,10.9269],[119.2908,10.9245],[119.2898,10.9219],[119.2866,10.9207],[119.2869,10.9191],[119.2907,10.9195],[119.2941,10.9229],[119.2949,10.9216],[119.2977,10.922],[119.2949,10.9236],[119.2963,10.9253],[119.2949,10.926]]],[[[119.3538,10.9306],[119.3504,10.93],[119.3495,10.9272],[119.3546,10.9276],[119.3538,10.9306]]],[[[119.3436,10.9359],[119.3422,10.9313],[119.3439,10.9332],[119.3436,10.9359]]],[[[119.3536,10.9378],[119.3522,10.937],[119.3535,10.9357],[119.3545,10.9365],[119.3536,10.9378]]],[[[119.3402,10.9389],[119.3375,10.9356],[119.3378,10.9312],[119.3422,10.937],[119.3424,10.9382],[119.3402,10.9389]]],[[[119.2294,10.9594],[119.2282,10.9584],[119.2294,10.9575],[119.2303,10.9587],[119.2294,10.9594]]],[[[121.2325,10.9594],[121.2298,10.9588],[121.2312,10.9541],[121.2388,10.9521],[121.2395,10.9549],[121.2325,10.9594]]],[[[119.7142,10.9632],[119.7112,10.9627],[119.7086,10.9602],[119.7058,10.9543],[119.7098,10.9497],[119.7086,10.9396],[119.7132,10.9367],[119.7159,10.955],[119.7139,10.9588],[119.7142,10.9632]]],[[[119.6133,10.9632],[119.6115,10.9639],[119.6121,10.9542],[119.6159,10.9539],[119.6164,10.9495],[119.6181,10.9473],[119.6154,10.9611],[119.6133,10.9632]]],[[[120.7239,10.9716],[120.7199,10.9689],[120.7185,10.9652],[120.7223,10.9568],[120.7263,10.9532],[120.7329,10.9617],[120.7341,10.9659],[120.7312,10.9697],[120.7239,10.9716]]],[[[119.5293,10.9738],[119.5283,10.9727],[119.5368,10.9717],[119.5293,10.9738]]],[[[121.2172,10.9801],[121.2258,10.9569],[121.2344,10.9709],[121.2172,10.9801]]],[[[119.5735,10.9822],[119.5741,10.9804],[119.575,10.982],[119.5735,10.9822]]],[[[119.6369,10.9907],[119.636,10.9902],[119.6379,10.9863],[119.6369,10.9907]]],[[[120.9495,10.9985],[120.9381,10.9856],[120.9586,10.9745],[120.9495,10.9985]]],[[[121.0987,11.0001],[121.0972,10.9968],[121.1025,10.9955],[121.1034,10.9975],[121.0987,11.0001]]],[[[120.7725,11.0055],[120.7637,10.9997],[120.7639,10.9975],[120.7658,10.9975],[120.7672,10.9996],[120.7726,10.9991],[120.7742,11.0001],[120.7755,11.0033],[120.7725,11.0055]]],[[[119.6958,11.0076],[119.6951,11.0001],[119.6967,10.9958],[119.6958,11.0076]]],[[[120.8284,11.0135],[120.8188,11.0113],[120.8161,11.0091],[120.8183,11.0054],[120.8177,11.0036],[120.8251,11.0042],[120.8282,11.0075],[120.8311,11.0082],[120.831,11.0108],[120.8284,11.0135]]],[[[119.3545,11.0149],[119.3548,11.0137],[119.3559,11.0144],[119.3545,11.0149]]],[[[119.5932,11.0128],[119.5954,11.0154],[119.5937,11.0174],[119.5911,11.014],[119.5932,11.0128]]],[[[119.3348,11.0174],[119.3338,11.0152],[119.3354,11.0162],[119.3348,11.0174]]],[[[119.3064,11.0219],[119.3062,11.0187],[119.3076,11.0206],[119.3064,11.0219]]],[[[119.2915,11.023],[119.2693,11.0186],[119.2623,10.9831],[119.2918,10.948],[119.305,11.0156],[119.2915,11.023]]],[[[119.6653,11.0272],[119.6641,11.0252],[119.6648,11.0207],[119.6682,11.0189],[119.6714,11.0218],[119.6683,11.0228],[119.6653,11.0272]]],[[[119.731,11.0303],[119.7364,11.008],[119.7466,11.0179],[119.731,11.0303]]],[[[121.1412,11.0371],[121.1393,11.0357],[121.141,11.0333],[121.1435,11.0353],[121.1412,11.0371]]],[[[120.8679,11.0429],[120.8656,11.0395],[120.8703,11.0375],[120.8724,11.0398],[120.8712,11.0417],[120.8679,11.0429]]],[[[119.3052,11.0491],[119.3034,11.0461],[119.3046,11.0441],[119.3069,11.0473],[119.3052,11.0491]]],[[[114.2884,11.0537],[114.2843,11.0563],[114.2812,11.053],[114.2818,11.0518],[114.2779,11.0506],[114.2898,11.0515],[114.2884,11.0537]]],[[[119.7081,11.0575],[119.6985,11.0311],[119.7236,11.0296],[119.7081,11.0575]]],[[[119.3726,11.0698],[119.3701,11.0681],[119.3707,11.0653],[119.3693,11.0618],[119.372,11.0602],[119.374,11.0609],[119.375,11.0639],[119.3726,11.0698]]],[[[119.621,11.0702],[119.6202,11.0711],[119.619,11.0699],[119.621,11.0702]]],[[[119.6845,11.0721],[119.6747,11.0287],[119.6967,11.0644],[119.6845,11.0721]]],[[[119.7292,11.0789],[119.7283,11.0796],[119.7301,11.0707],[119.7279,11.0687],[119.7386,11.0654],[119.7396,11.0664],[119.7389,11.073],[119.7315,11.0773],[119.73,11.0796],[119.7292,11.0789]]],[[[119.6744,11.0913],[119.6713,11.0916],[119.67,11.0886],[119.6727,11.0886],[119.6744,11.0913]]],[[[120.9498,11.0953],[120.9487,11.0966],[120.9476,11.0956],[120.9487,11.0937],[120.9498,11.0953]]],[[[119.3923,11.0985],[119.3909,11.0995],[119.3884,11.0976],[119.3874,11.0948],[119.3886,11.0952],[119.3886,11.0939],[119.3867,11.0935],[119.3874,11.0907],[119.3898,11.0885],[119.39,11.0858],[119.3947,11.0825],[119.399,11.0833],[119.4048,11.0735],[119.4069,11.0751],[119.4071,11.0773],[119.4098,11.0784],[119.4087,11.0782],[119.407,11.0857],[119.4023,11.0922],[119.3974,11.0917],[119.3923,11.0985]]],[[[119.585,11.1001],[119.5613,11.0436],[119.5987,11.0341],[119.6103,11.005],[119.6293,11.0237],[119.6337,10.9949],[119.643,11.0253],[119.6179,11.0602],[119.6243,11.0858],[119.585,11.1001]]],[[[119.357,11.1003],[119.3563,11.1012],[119.356,11.0997],[119.357,11.1003]]],[[[119.5995,11.0989],[119.5977,11.1013],[119.5967,11.0965],[119.5977,11.0943],[119.6002,11.0951],[119.6008,11.0996],[119.5995,11.0989]]],[[[120.6949,11.1054],[120.6938,11.1032],[120.6963,11.1017],[120.6976,11.1036],[120.6949,11.1054]]],[[[119.4061,11.1076],[119.4034,11.1068],[119.4016,11.1078],[119.401,11.1057],[119.4054,11.0988],[119.4061,11.1076]]],[[[119.6094,11.1082],[119.6067,11.1078],[119.607,11.1059],[119.6095,11.1059],[119.6094,11.1082]]],[[[119.3059,11.1096],[119.305,11.1112],[119.3064,11.1065],[119.3059,11.1096]]],[[[119.3302,11.1189],[119.3277,11.1183],[119.3266,11.1158],[119.3367,11.1129],[119.3354,11.1167],[119.3302,11.1189]]],[[[119.752,11.1198],[119.7487,11.1188],[119.7478,11.1168],[119.7506,11.1154],[119.752,11.1198]]],[[[119.7,11.1237],[119.6972,11.1234],[119.6949,11.1199],[119.698,11.118],[119.7018,11.1207],[119.7,11.1237]]],[[[119.3909,11.1249],[119.3894,11.122],[119.3922,11.1187],[119.3945,11.1191],[119.3941,11.1239],[119.3909,11.1249]]],[[[119.6878,11.1231],[119.6669,11.1215],[119.6865,11.0895],[119.6769,11.076],[119.698,11.0931],[119.6878,11.1231]]],[[[119.2553,11.1262],[119.249,11.1257],[119.2482,11.1243],[119.254,11.1205],[119.2562,11.1159],[119.2589,11.1154],[119.2613,11.1117],[119.2603,11.1217],[119.2575,11.1261],[119.2553,11.1262]]],[[[121.1438,11.1268],[121.1408,11.1217],[121.1431,11.118],[121.149,11.12],[121.1475,11.1264],[121.1438,11.1268]]],[[[119.6604,11.1279],[119.6586,11.1277],[119.6597,11.1258],[119.6604,11.1279]]],[[[119.3313,11.1315],[119.3301,11.128],[119.3367,11.1262],[119.3354,11.1312],[119.3313,11.1315]]],[[[119.3194,11.1373],[119.3153,11.1335],[119.3144,11.1287],[119.3205,11.1354],[119.3194,11.1373]]],[[[119.6569,11.1394],[119.6554,11.1392],[119.6546,11.1358],[119.6579,11.1333],[119.6589,11.135],[119.6569,11.1394]]],[[[119.2491,11.1269],[119.2485,11.1339],[119.2455,11.1353],[119.2429,11.1389],[119.2379,11.1403],[119.2379,11.1367],[119.2465,11.1329],[119.2471,11.1283],[119.2491,11.1269]]],[[[119.3181,11.1401],[119.3178,11.1378],[119.3192,11.1376],[119.3181,11.1401]]],[[[119.6677,11.1416],[119.6658,11.1413],[119.6656,11.1387],[119.6678,11.1374],[119.669,11.1381],[119.6677,11.1416]]],[[[119.557,11.1441],[119.5565,11.1458],[119.555,11.1437],[119.557,11.1441]]],[[[119.3902,11.1464],[119.3898,11.1443],[119.3914,11.1445],[119.3902,11.1464]]],[[[119.6968,11.1582],[119.6948,11.1579],[119.6946,11.155],[119.6901,11.151],[119.6901,11.1492],[119.6946,11.1514],[119.6964,11.1548],[119.7,11.1571],[119.6968,11.1582]]],[[[119.3199,11.1593],[119.3052,11.1434],[119.322,11.1435],[119.3199,11.1593]]],[[[119.5402,11.1687],[119.5391,11.1662],[119.5405,11.1646],[119.5424,11.1673],[119.5402,11.1687]]],[[[119.6509,11.1671],[119.6493,11.1691],[119.6501,11.1627],[119.6525,11.1605],[119.6536,11.1626],[119.6509,11.1671]]],[[[120.9786,11.1738],[120.9422,11.1589],[120.9448,11.1355],[120.9874,11.1542],[120.9786,11.1738]]],[[[119.6708,11.1742],[119.6674,11.1699],[119.6683,11.1675],[119.6721,11.1664],[119.6726,11.1721],[119.6708,11.1742]]],[[[119.5493,11.1738],[119.5469,11.1726],[119.5428,11.1643],[119.5414,11.157],[119.5451,11.1588],[119.5513,11.1667],[119.5521,11.1719],[119.5493,11.1738]]],[[[119.6761,11.1902],[119.6717,11.1873],[119.6753,11.187],[119.6779,11.1901],[119.6761,11.1902]]],[[[119.5987,11.1966],[119.5898,11.1745],[119.5561,11.1732],[119.5622,11.1382],[119.6253,11.1622],[119.6278,11.1868],[119.5987,11.1966]]],[[[119.337,11.2078],[119.3346,11.2049],[119.3365,11.2024],[119.3365,11.1944],[119.3407,11.2006],[119.3401,11.2043],[119.337,11.2078]]],[[[119.3798,11.2103],[119.3782,11.21],[119.3781,11.2082],[119.3798,11.2103]]],[[[120.6879,11.213],[120.6864,11.2104],[120.6873,11.2086],[120.6895,11.2116],[120.6879,11.213]]],[[[119.2746,11.2132],[119.283,11.1361],[119.2915,11.1793],[119.2746,11.2132]]],[[[119.2922,11.2166],[119.2919,11.2075],[119.2937,11.2032],[119.2925,11.1997],[119.2973,11.1944],[119.2989,11.1988],[119.298,11.2042],[119.2965,11.2094],[119.2948,11.2107],[119.2949,11.215],[119.2922,11.2166]]],[[[120.7533,11.2191],[120.7526,11.2124],[120.7597,11.2117],[120.7622,11.2137],[120.7624,11.2161],[120.7603,11.2186],[120.756,11.218],[120.7533,11.2191]]],[[[119.2592,11.2264],[119.2581,11.223],[119.2557,11.2245],[119.2547,11.2214],[119.2571,11.2217],[119.2586,11.2186],[119.2602,11.2192],[119.2608,11.2182],[119.2562,11.2156],[119.2543,11.2166],[119.2547,11.208],[119.2563,11.2098],[119.2632,11.2038],[119.2664,11.191],[119.2704,11.1881],[119.2729,11.191],[119.2712,11.1954],[119.2723,11.1966],[119.2714,11.2],[119.2731,11.2006],[119.2681,11.2044],[119.2665,11.2196],[119.262,11.2252],[119.2592,11.2264]]],[[[121.0662,11.2299],[121.0607,11.2287],[121.0591,11.2267],[121.0593,11.2226],[121.0612,11.2209],[121.0681,11.2203],[121.0689,11.2266],[121.0662,11.2299]]],[[[120.2725,11.2395],[120.2684,11.2353],[120.2705,11.2333],[120.2739,11.2365],[120.2725,11.2395]]],[[[120.8525,11.2414],[120.8523,11.243],[120.8498,11.2407],[120.8501,11.2376],[120.8535,11.2376],[120.8545,11.2402],[120.8525,11.2414]]],[[[119.3475,11.2471],[119.3441,11.209],[119.3805,11.1945],[119.3766,11.226],[119.3596,11.2189],[119.3475,11.2471]]],[[[119.6819,11.2475],[119.6771,11.2392],[119.6791,11.24],[119.6854,11.237],[119.6838,11.2409],[119.685,11.2455],[119.6819,11.2475]]],[[[120.9366,11.258],[120.9324,11.2576],[120.9284,11.2551],[120.9279,11.2505],[120.9235,11.243],[120.9263,11.2336],[120.9299,11.2308],[120.934,11.2311],[120.9406,11.235],[120.9442,11.2425],[120.944,11.2508],[120.9366,11.258]]],[[[119.7143,11.2573],[119.6964,11.2287],[119.7305,11.2543],[119.7143,11.2573]]],[[[119.628,11.2632],[119.6272,11.2646],[119.6238,11.2605],[119.6246,11.2563],[119.6227,11.2544],[119.6218,11.2424],[119.6198,11.2377],[119.6214,11.2324],[119.6237,11.2311],[119.6271,11.2343],[119.626,11.2359],[119.6277,11.24],[119.6265,11.2409],[119.6269,11.2436],[119.6283,11.2457],[119.6314,11.246],[119.632,11.249],[119.6309,11.2512],[119.6356,11.2568],[119.628,11.2632]]],[[[119.3501,11.2723],[119.3485,11.272],[119.3469,11.2682],[119.3474,11.2653],[119.3501,11.2606],[119.353,11.2594],[119.3537,11.2562],[119.3578,11.2541],[119.3572,11.2567],[119.3584,11.2593],[119.3553,11.262],[119.3529,11.2619],[119.3541,11.2633],[119.3529,11.2645],[119.3533,11.2669],[119.3523,11.2707],[119.3501,11.2723]]],[[[119.3433,11.275],[119.342,11.2738],[119.3441,11.272],[119.3446,11.2739],[119.3433,11.275]]],[[[120.2341,11.2955],[120.2323,11.297],[120.2324,11.2955],[120.2341,11.2955]]],[[[120.6886,11.3206],[120.6715,11.3047],[120.689,11.2902],[120.6886,11.3206]]],[[[119.6904,11.3256],[119.6562,11.2992],[119.6771,11.263],[119.6904,11.3256]]],[[[119.5472,11.3434],[119.5458,11.3447],[119.5447,11.3433],[119.5472,11.3434]]],[[[119.7006,11.3509],[119.699,11.351],[119.7008,11.3447],[119.6997,11.3411],[119.6977,11.3409],[119.6977,11.3356],[119.7016,11.3354],[119.7054,11.3382],[119.7073,11.3364],[119.7091,11.3404],[119.7126,11.3407],[119.7141,11.3439],[119.707,11.3445],[119.7006,11.3509]]],[[[120.7309,11.3568],[120.7254,11.3626],[120.7217,11.3619],[120.7228,11.3569],[120.7208,11.3557],[120.7257,11.3559],[120.7351,11.3477],[120.7398,11.346],[120.7309,11.3568]]],[[[119.4172,11.3673],[119.4123,11.3647],[119.411,11.3656],[119.4082,11.3626],[119.4096,11.3597],[119.4063,11.3576],[119.4049,11.3586],[119.4063,11.3499],[119.4076,11.3493],[119.408,11.3519],[119.4146,11.3563],[119.4149,11.3609],[119.4181,11.3665],[119.4172,11.3673]]],[[[120.865,11.3692],[120.8669,11.3722],[120.8652,11.3712],[120.865,11.3692]]],[[[119.5364,11.375],[119.5339,11.3747],[119.5341,11.3711],[119.5318,11.3691],[119.5283,11.3681],[119.5253,11.3691],[119.5258,11.3655],[119.5282,11.3638],[119.5339,11.3665],[119.5376,11.3649],[119.5354,11.3665],[119.536,11.369],[119.5391,11.3715],[119.5425,11.3718],[119.5364,11.375]]],[[[120.0899,11.3922],[120.0909,11.3658],[120.1086,11.3644],[120.1126,11.3809],[120.0899,11.3922]]],[[[119.4552,11.3923],[119.4535,11.3882],[119.4555,11.3853],[119.4565,11.3899],[119.4552,11.3923]]],[[[119.8073,11.3926],[119.8061,11.3868],[119.8087,11.3889],[119.8085,11.3921],[119.8073,11.3926]]],[[[119.6661,11.3995],[119.6644,11.3987],[119.666,11.3975],[119.6661,11.3995]]],[[[119.5149,11.403],[119.5131,11.4011],[119.5149,11.4014],[119.5149,11.403]]],[[[120.8221,11.4035],[120.8207,11.4008],[120.8223,11.3997],[120.8221,11.4035]]],[[[120.1403,11.412],[120.135,11.4103],[120.1397,11.4079],[120.1447,11.4083],[120.1403,11.412]]],[[[119.7219,11.4143],[119.7189,11.4134],[119.7165,11.4024],[119.7214,11.399],[119.7224,11.4004],[119.7208,11.4025],[119.7208,11.406],[119.7248,11.4125],[119.7219,11.4143]]],[[[119.4679,11.4252],[119.4639,11.4218],[119.4667,11.4216],[119.4679,11.4252]]],[[[119.4769,11.4254],[119.4726,11.3625],[119.4515,11.3326],[119.4316,11.3458],[119.4101,11.312],[119.4166,11.21],[119.375,11.1826],[119.4002,11.1325],[119.4232,11.1502],[119.4289,11.1363],[119.4179,11.0371],[119.3694,11.0449],[119.3462,11.0738],[119.3545,11.0886],[119.3255,11.1065],[119.3235,11.0579],[119.3444,11.0546],[119.3288,11.0366],[119.3668,11.0091],[119.3467,10.9896],[119.3195,11.0346],[119.303,11.0073],[119.3128,10.9521],[119.3325,10.9503],[119.3104,10.9428],[119.3616,10.9369],[119.3339,10.8935],[119.3533,10.8882],[119.3484,10.8712],[119.3722,10.8584],[119.4131,10.8719],[119.4389,10.8396],[119.4512,10.8497],[119.4575,10.832],[119.4321,10.8316],[119.434,10.8],[119.4625,10.7251],[119.4299,10.7187],[119.4154,10.7666],[119.3943,10.7563],[119.3905,10.7908],[119.3461,10.7984],[119.357,10.8214],[119.3325,10.81],[119.3168,10.8466],[119.3116,10.8291],[119.2825,10.8474],[119.3081,10.8711],[119.2663,10.8701],[119.2988,10.8916],[119.2777,10.8923],[119.2937,10.9113],[119.2753,10.9245],[119.2845,10.9363],[119.2659,10.9472],[119.2442,10.9098],[119.2422,10.9506],[119.2207,10.9545],[119.2148,10.9392],[119.2326,10.9334],[119.2138,10.9048],[119.2401,10.9084],[119.2594,10.885],[119.223,10.878],[119.2454,10.8577],[119.2088,10.849],[119.2595,10.8344],[119.2741,10.765],[119.3177,10.7707],[119.3432,10.731],[119.3173,10.5891],[119.2644,10.5373],[119.2296,10.5476],[119.2687,10.5132],[119.2563,10.4839],[119.2156,10.4812],[119.1424,10.3817],[119.1131,10.4113],[119.1245,10.4465],[119.1023,10.468],[119.1216,10.4723],[119.115,10.4844],[119.0828,10.4806],[119.0739,10.451],[119.105,10.4336],[119.0636,10.423],[119.0763,10.4101],[119.0645,10.3881],[119.0231,10.4172],[118.9869,10.4074],[118.9831,10.3759],[118.965,10.3712],[118.9751,10.3464],[119.0146,10.3763],[119.0277,10.3386],[119.0072,10.344],[118.9985,10.3081],[118.9715,10.3101],[118.9636,10.2839],[118.9324,10.2895],[118.9626,10.2696],[118.9371,10.2643],[118.9527,10.2512],[118.9378,10.2072],[118.8058,10.1922],[118.8048,10.1212],[118.8403,10.1067],[118.81,10.07],[118.8083,10.0279],[118.7766,10.0217],[118.7752,10.0599],[118.7413,10.0758],[118.7736,10.07],[118.7602,10.1313],[118.723,10.0357],[118.6447,10.0032],[118.6633,9.9754],[118.6441,9.9339],[118.6049,9.9148],[118.6058,9.8709],[118.5692,9.8476],[118.5122,9.7607],[118.4194,9.7046],[118.4063,9.6631],[118.3404,9.6486],[118.3288,9.5809],[118.1974,9.4716],[118.1845,9.4077],[118.1274,9.3977],[118.1271,9.3429],[118.0869,9.3333],[118.019,9.2432],[117.9837,9.2444],[117.9817,9.2806],[117.953,9.2508],[117.9057,9.2611],[117.862,9.2087],[117.8106,9.1973],[117.7757,9.1649],[117.7464,9.0678],[117.7105,9.0607],[117.6895,9.089],[117.6298,9.0482],[117.6213,8.9992],[117.5779,8.959],[117.5479,8.9571],[117.4911,8.8887],[117.4562,8.8109],[117.4193,8.7859],[117.4247,8.7584],[117.3592,8.7448],[117.3225,8.6957],[117.3451,8.6984],[117.333,8.6725],[117.2953,8.6561],[117.2734,8.6007],[117.255,8.6093],[117.265,8.5801],[117.2376,8.5681],[117.2412,8.542],[117.218,8.5222],[117.2148,8.4305],[117.1774,8.3686],[117.1819,8.3325],[117.2073,8.3332],[117.2079,8.3609],[117.238,8.3686],[117.2599,8.4059],[117.3683,8.4753],[117.3721,8.4939],[117.4326,8.4941],[117.4311,8.5081],[117.4471,8.4939],[117.4557,8.5213],[117.4875,8.4939],[117.5011,8.5011],[117.546,8.5909],[117.5349,8.6429],[117.5668,8.6744],[117.62,8.6563],[117.7421,8.687],[117.8845,8.8273],[118.0019,8.8794],[118.0668,8.9949],[118.059,9.0095],[118.0809,9.0144],[118.0683,9.0483],[118.1023,9.0515],[118.1281,9.1483],[118.1489,9.1349],[118.2098,9.1695],[118.2218,9.1572],[118.2959,9.1827],[118.3476,9.1793],[118.397,9.2438],[118.4216,9.2449],[118.4296,9.2782],[118.4674,9.302],[118.4896,9.2946],[118.5393,9.3576],[118.5382,9.3898],[118.572,9.4393],[118.6152,9.4882],[118.6294,9.4786],[118.6226,9.5078],[118.6379,9.5048],[118.6582,9.557],[118.7314,9.6366],[118.7216,9.6582],[118.7606,9.6667],[118.7613,9.6884],[118.7355,9.6804],[118.7312,9.7001],[118.7048,9.6796],[118.7292,9.7085],[118.6942,9.7118],[118.6902,9.7584],[118.7209,9.7887],[118.7324,9.7301],[118.7727,9.7287],[118.772,9.806],[118.7418,9.8413],[118.7496,9.9288],[118.7645,9.913],[118.7726,9.9395],[118.8225,9.9381],[118.8662,9.9775],[118.9838,9.9862],[119.1971,10.0478],[119.2179,10.0775],[119.2328,10.181],[119.3224,10.3111],[119.4565,10.3753],[119.5111,10.3608],[119.57,10.3726],[119.5867,10.4225],[119.7165,10.5074],[119.7087,10.5316],[119.6924,10.5268],[119.7034,10.5419],[119.6695,10.5442],[119.6548,10.6076],[119.625,10.6222],[119.6398,10.6345],[119.6221,10.6598],[119.6677,10.6559],[119.6484,10.6644],[119.6577,10.6747],[119.6361,10.6921],[119.6111,10.6618],[119.5705,10.6643],[119.6014,10.7271],[119.5868,10.7444],[119.5951,10.7714],[119.5763,10.7841],[119.5953,10.7981],[119.5788,10.8125],[119.5996,10.8218],[119.5749,10.8384],[119.5343,10.8122],[119.484,10.8735],[119.5024,11.0076],[119.5698,11.0073],[119.5511,11.0617],[119.5613,11.0843],[119.5361,11.068],[119.4999,11.1329],[119.5382,11.1745],[119.5689,11.2926],[119.5539,11.3401],[119.5372,11.3218],[119.5103,11.3318],[119.5053,11.4152],[119.4769,11.4254]]],[[[119.7058,11.4276],[119.7042,11.4271],[119.7063,11.4241],[119.7117,11.4241],[119.7058,11.4276]]],[[[120.8254,11.4271],[120.8236,11.4298],[120.8232,11.4273],[120.8254,11.4271]]],[[[120.1793,11.431],[120.1745,11.4288],[120.1692,11.4213],[120.169,11.4146],[120.1711,11.4153],[120.1793,11.431]]],[[[120.7575,11.4308],[120.757,11.4318],[120.7569,11.4306],[120.7632,11.428],[120.7624,11.4295],[120.7575,11.4308]]],[[[119.642,11.4354],[119.6595,11.3955],[119.6674,11.4189],[119.6481,11.4128],[119.642,11.4354]]],[[[120.8111,11.4366],[120.807,11.4327],[120.8088,11.4288],[120.8089,11.4222],[120.813,11.4169],[120.8146,11.411],[120.8193,11.4181],[120.8195,11.4212],[120.8188,11.4226],[120.8136,11.4223],[120.8111,11.4366]]],[[[119.708,11.4383],[119.7059,11.4375],[119.7057,11.4352],[119.7095,11.4358],[119.708,11.4383]]],[[[119.7188,11.4448],[119.7172,11.4436],[119.7194,11.4408],[119.7224,11.4431],[119.7188,11.4448]]],[[[119.4991,11.445],[119.4966,11.4427],[119.4973,11.4402],[119.4958,11.438],[119.4991,11.433],[119.5,11.4263],[119.5029,11.4218],[119.5056,11.4266],[119.5045,11.433],[119.5066,11.4388],[119.5039,11.4398],[119.5018,11.4438],[119.4991,11.445]]],[[[120.7681,11.4463],[120.768,11.4401],[120.7697,11.4371],[120.7689,11.4327],[120.7721,11.4292],[120.7786,11.426],[120.7796,11.4303],[120.775,11.4352],[120.7717,11.4436],[120.7681,11.4463]]],[[[120.8305,11.45],[120.8348,11.4176],[120.8531,11.4281],[120.8305,11.45]]],[[[119.6442,11.454],[119.6446,11.4513],[119.6476,11.4495],[119.6442,11.454]]],[[[120.8081,11.4591],[120.8047,11.4585],[120.8039,11.4556],[120.8074,11.4485],[120.8081,11.4591]]],[[[120.1849,11.4634],[120.1524,11.4315],[120.198,11.4501],[120.1849,11.4634]]],[[[120.8136,11.4643],[120.8149,11.4573],[120.8196,11.4512],[120.8209,11.4551],[120.8235,11.4561],[120.8235,11.4588],[120.8202,11.46],[120.8192,11.4628],[120.8171,11.4619],[120.8136,11.4643]]],[[[119.6615,11.4685],[119.663,11.466],[119.6653,11.4653],[119.6615,11.4685]]],[[[119.8855,11.4709],[119.8857,11.4727],[119.8845,11.4727],[119.8855,11.4709]]],[[[119.7115,11.4777],[119.7102,11.4767],[119.7133,11.4738],[119.7115,11.4777]]],[[[119.7124,11.4793],[119.7136,11.478],[119.7147,11.479],[119.7124,11.4793]]],[[[119.8724,11.48],[119.8712,11.4795],[119.8711,11.4755],[119.8756,11.4746],[119.8792,11.4718],[119.8779,11.4776],[119.8724,11.48]]],[[[119.6545,11.4811],[119.6536,11.4816],[119.6528,11.4795],[119.6539,11.4789],[119.6538,11.4745],[119.6595,11.4699],[119.6604,11.4739],[119.6627,11.4753],[119.6625,11.479],[119.6545,11.4811]]],[[[119.7275,11.4829],[119.7255,11.4825],[119.7284,11.4803],[119.7275,11.4829]]],[[[119.6515,11.4848],[119.6512,11.4829],[119.654,11.4831],[119.6515,11.4848]]],[[[119.8753,11.4874],[119.8731,11.4867],[119.8718,11.4828],[119.8721,11.481],[119.875,11.4798],[119.8772,11.4816],[119.8753,11.4874]]],[[[119.6725,11.4885],[119.6697,11.4869],[119.6657,11.4884],[119.6666,11.4762],[119.6725,11.4885]]],[[[119.8415,11.4892],[119.8417,11.4879],[119.8425,11.489],[119.8415,11.4892]]],[[[119.9285,11.4921],[119.9291,11.4931],[119.9277,11.4933],[119.9285,11.4921]]],[[[119.839,11.4936],[119.8368,11.4928],[119.8357,11.4899],[119.8408,11.4902],[119.839,11.4936]]],[[[119.8952,11.5054],[119.8848,11.4853],[119.9009,11.4868],[119.8952,11.5054]]],[[[119.6712,11.5154],[119.6841,11.4867],[119.6905,11.5025],[119.6712,11.5154]]],[[[119.8149,11.5193],[119.8476,11.4861],[119.8246,11.4828],[119.8351,11.4572],[119.8088,11.4721],[119.8129,11.4521],[119.7944,11.4557],[119.7759,11.4936],[119.7634,11.4772],[119.7863,11.4586],[119.7667,11.4582],[119.7706,11.4371],[119.7282,11.4792],[119.712,11.4643],[119.7738,11.3947],[119.7858,11.4258],[119.8248,11.4273],[119.8019,11.4013],[119.8196,11.3765],[119.8517,11.4128],[119.872,11.4926],[119.8149,11.5193]]],[[[119.8835,11.5343],[119.8789,11.5328],[119.8773,11.5276],[119.8788,11.5264],[119.8815,11.527],[119.8854,11.5305],[119.8872,11.5299],[119.8856,11.5334],[119.8835,11.5343]]],[[[119.9133,11.5388],[119.9119,11.5343],[119.9134,11.5321],[119.9151,11.5353],[119.9133,11.5388]]],[[[119.806,11.5478],[119.807,11.5441],[119.8098,11.5418],[119.8106,11.5433],[119.8179,11.5434],[119.8197,11.5464],[119.818,11.5474],[119.8099,11.5463],[119.806,11.5478]]],[[[119.8753,11.5526],[119.8734,11.5522],[119.8714,11.5457],[119.8734,11.5431],[119.8767,11.5435],[119.8747,11.5457],[119.8753,11.5526]]],[[[119.8966,11.5558],[119.8964,11.5508],[119.8984,11.5517],[119.8989,11.5538],[119.8966,11.5558]]],[[[119.8523,11.5565],[119.8474,11.5552],[119.8457,11.552],[119.8471,11.5477],[119.8483,11.5482],[119.8519,11.5448],[119.859,11.5481],[119.8597,11.5503],[119.8583,11.5543],[119.8523,11.5565]]],[[[119.8882,11.5591],[119.8861,11.5579],[119.8853,11.5464],[119.8881,11.5463],[119.8896,11.5518],[119.8882,11.5591]]],[[[119.9296,11.5631],[119.9294,11.5612],[119.9306,11.5625],[119.9296,11.5631]]],[[[119.868,11.5658],[119.8664,11.5626],[119.8687,11.5593],[119.8703,11.5614],[119.868,11.5658]]],[[[119.9159,11.5772],[119.9192,11.5724],[119.9201,11.5756],[119.9159,11.5772]]],[[[119.9306,11.5883],[119.928,11.5861],[119.9266,11.582],[119.9278,11.5767],[119.9303,11.5757],[119.931,11.5814],[119.9347,11.5835],[119.9355,11.5819],[119.9386,11.5831],[119.9433,11.5813],[119.9468,11.5765],[119.9464,11.5809],[119.9436,11.585],[119.9342,11.5864],[119.9306,11.5883]]],[[[119.857,11.6088],[119.8564,11.6067],[119.8582,11.6013],[119.8624,11.5934],[119.8643,11.5956],[119.857,11.6088]]],[[[119.9142,11.6098],[119.9127,11.6075],[119.9151,11.6054],[119.916,11.6073],[119.9142,11.6098]]],[[[119.9539,11.6572],[119.9503,11.6569],[119.9497,11.6539],[119.9525,11.6478],[119.9548,11.6471],[119.9553,11.6434],[119.9586,11.6406],[119.96,11.6358],[119.9616,11.6348],[119.9622,11.6366],[119.9652,11.6369],[119.9679,11.6357],[119.9692,11.6327],[119.971,11.6329],[119.9729,11.6348],[119.9729,11.6374],[119.9667,11.6546],[119.9639,11.6527],[119.9646,11.6509],[119.9632,11.6486],[119.9591,11.6499],[119.9539,11.6572]]],[[[119.9624,11.6608],[119.9603,11.6606],[119.9615,11.6584],[119.9624,11.6608]]],[[[120.1082,11.6647],[120.108,11.6471],[120.1227,11.6566],[120.1082,11.6647]]],[[[120.1372,11.6802],[120.1356,11.678],[120.1371,11.6782],[120.1372,11.6802]]],[[[120.0213,11.6875],[120.0181,11.6871],[120.0171,11.6828],[120.0213,11.6875]]],[[[120.0395,11.688],[120.0373,11.6863],[120.041,11.6833],[120.0415,11.6798],[120.0397,11.6798],[120.0421,11.6787],[120.0378,11.6758],[120.0389,11.6709],[120.0418,11.6737],[120.0467,11.6746],[120.046,11.6775],[120.0482,11.6829],[120.0471,11.6852],[120.0446,11.6851],[120.0395,11.688]]],[[[120.1493,11.6925],[120.1393,11.6896],[120.139,11.6855],[120.1418,11.6824],[120.144,11.6818],[120.146,11.6832],[120.1493,11.6925]]],[[[120.2046,11.7063],[120.2033,11.7045],[120.2051,11.7052],[120.2046,11.7063]]],[[[119.9767,11.7186],[119.9723,11.7168],[119.972,11.7147],[119.9757,11.7155],[119.9767,11.7186]]],[[[120.1557,11.7296],[120.1538,11.7287],[120.1533,11.7268],[120.1545,11.7176],[120.1575,11.7271],[120.1557,11.7296]]],[[[119.9526,11.7358],[119.9529,11.7383],[119.9515,11.7363],[119.9519,11.735],[119.9526,11.7358]]],[[[120.1751,11.7385],[120.1733,11.7372],[120.1748,11.7371],[120.1751,11.7385]]],[[[120.1011,11.7413],[120.1009,11.7362],[120.0986,11.7339],[120.1022,11.7331],[120.1035,11.7301],[120.1026,11.728],[120.1011,11.728],[120.1001,11.7206],[120.103,11.7221],[120.1089,11.7297],[120.1081,11.7321],[120.1049,11.732],[120.1047,11.7375],[120.1011,11.7413]]],[[[119.9324,11.7478],[119.9297,11.7453],[119.9239,11.7442],[119.9275,11.7393],[119.927,11.7353],[119.9298,11.7275],[119.9297,11.7237],[119.9307,11.7286],[119.9329,11.7308],[119.9319,11.7343],[119.9376,11.7378],[119.9345,11.7429],[119.9352,11.7446],[119.9324,11.7478]]],[[[119.9626,11.7555],[119.9565,11.7544],[119.9489,11.7427],[119.9531,11.745],[119.9534,11.7471],[119.9558,11.7487],[119.9584,11.7473],[119.9612,11.7509],[119.9665,11.7528],[119.9659,11.7549],[119.9626,11.7555]]],[[[120.0851,11.7647],[120.0841,11.7653],[120.0845,11.7637],[120.0858,11.7639],[120.0851,11.7647]]],[[[119.9652,11.7685],[119.9634,11.768],[119.9637,11.7666],[119.9652,11.7685]]],[[[120.2247,11.7698],[120.219,11.7675],[120.2224,11.766],[120.2256,11.7671],[120.2247,11.7698]]],[[[120.1264,11.772],[120.1252,11.7715],[120.1257,11.7696],[120.1288,11.7713],[120.1264,11.772]]],[[[120.0651,11.7745],[120.0566,11.7705],[120.0547,11.7668],[120.0566,11.7625],[120.0574,11.7622],[120.0587,11.7665],[120.0611,11.767],[120.0654,11.7727],[120.0701,11.7723],[120.0688,11.7744],[120.0651,11.7745]]],[[[120.1759,11.7744],[120.1757,11.776],[120.1747,11.7753],[120.1759,11.7744]]],[[[119.967,11.7806],[119.9656,11.7795],[119.968,11.7759],[119.9751,11.7781],[119.9741,11.7801],[119.971,11.7793],[119.967,11.7806]]],[[[120.083,11.7819],[120.084,11.7791],[120.0843,11.7815],[120.083,11.7819]]],[[[120.1748,11.7837],[120.1889,11.757],[120.1343,11.7802],[120.1387,11.752],[120.1974,11.751],[120.1748,11.7837]]],[[[119.9762,11.7838],[119.9747,11.7835],[119.9763,11.7821],[119.9773,11.7829],[119.9762,11.7838]]],[[[119.9805,11.7841],[119.9774,11.7794],[119.9809,11.7806],[119.9805,11.7841]]],[[[119.9852,11.7843],[119.9837,11.7821],[119.9853,11.7795],[119.9906,11.78],[119.9852,11.7843]]],[[[119.9809,11.7892],[119.9792,11.7879],[119.9792,11.7855],[119.983,11.7878],[119.9809,11.7892]]],[[[120.1149,11.7938],[120.1138,11.7904],[120.1102,11.7873],[120.1156,11.7884],[120.1164,11.7919],[120.1149,11.7938]]],[[[120.0507,11.8139],[120.0487,11.8098],[120.0523,11.8075],[120.0531,11.8113],[120.0507,11.8139]]],[[[120.1223,11.8175],[120.1184,11.8163],[120.1226,11.8143],[120.1236,11.8165],[120.1223,11.8175]]],[[[120.0647,11.8184],[120.0627,11.8218],[120.0615,11.8183],[120.0571,11.8163],[120.0596,11.8145],[120.0634,11.8162],[120.0651,11.8143],[120.0721,11.8167],[120.0694,11.8169],[120.0688,11.8186],[120.0647,11.8162],[120.0637,11.8166],[120.0647,11.8184]]],[[[120.0463,11.8232],[120.042,11.8219],[120.0423,11.8201],[120.046,11.8209],[120.0463,11.8232]]],[[[120.1275,11.8246],[120.1255,11.8219],[120.1281,11.8145],[120.1224,11.8129],[120.1175,11.8079],[120.116,11.8093],[120.1147,11.8083],[120.1157,11.8055],[120.1139,11.8024],[120.1158,11.7975],[120.1173,11.8019],[120.1193,11.7997],[120.1224,11.8006],[120.1237,11.7996],[120.125,11.8042],[120.1224,11.8062],[120.1236,11.8102],[120.1275,11.8115],[120.1323,11.8104],[120.1332,11.8115],[120.1331,11.813],[120.1317,11.8118],[120.1304,11.8136],[120.1314,11.8167],[120.1299,11.8183],[120.1316,11.8208],[120.1275,11.8246]]],[[[120.0477,11.826],[120.0464,11.8231],[120.0489,11.8244],[120.0477,11.826]]],[[[120.052,11.8267],[120.0507,11.8257],[120.0514,11.8249],[120.054,11.8255],[120.052,11.8267]]],[[[120.0542,11.8332],[120.0528,11.8322],[120.0533,11.8298],[120.0551,11.828],[120.0582,11.8283],[120.0542,11.8332]]],[[[120.1131,11.8434],[120.1121,11.8422],[120.115,11.8425],[120.1131,11.8434]]],[[[120.3193,11.8455],[120.321,11.8412],[120.3213,11.8443],[120.3193,11.8455]]],[[[120.3172,11.8508],[120.3136,11.8503],[120.3075,11.8443],[120.3067,11.838],[120.3049,11.8374],[120.3099,11.8315],[120.312,11.8255],[120.3128,11.8332],[120.3172,11.8354],[120.3184,11.8374],[120.3177,11.8402],[120.3197,11.8414],[120.3171,11.8448],[120.3215,11.8492],[120.3172,11.8508]]],[[[120.0724,11.8513],[120.1152,11.8108],[120.1153,11.8286],[120.0965,11.8258],[120.1029,11.8458],[120.0724,11.8513]]],[[[120.0798,11.8689],[120.0759,11.8682],[120.0745,11.8663],[120.0796,11.862],[120.0805,11.8592],[120.0839,11.8584],[120.0876,11.861],[120.0921,11.8607],[120.0848,11.8652],[120.0828,11.8681],[120.0798,11.8689]]],[[[120.0472,11.9155],[120.0426,11.9154],[120.0504,11.9131],[120.0499,11.9148],[120.0472,11.9155]]],[[[120.041,11.9167],[120.0375,11.915],[120.0428,11.915],[120.041,11.9167]]],[[[120.024,11.9291],[120.0223,11.9274],[120.0247,11.9262],[120.0256,11.9286],[120.024,11.9291]]],[[[120.0198,11.931],[120.019,11.9305],[120.0218,11.9308],[120.0198,11.931]]],[[[120.0325,11.9318],[120.0317,11.9309],[120.0346,11.93],[120.0325,11.9318]]],[[[120.0431,11.9342],[120.0431,11.9174],[120.0684,11.917],[120.0431,11.9342]]],[[[119.9798,11.935],[119.9769,11.9329],[119.9749,11.9342],[119.9745,11.9304],[119.9804,11.931],[119.9798,11.935]]],[[[120.024,11.9371],[120.024,11.9345],[120.0271,11.9331],[120.024,11.9371]]],[[[119.9896,11.9417],[119.9882,11.9408],[119.9901,11.9399],[119.9904,11.9377],[119.9943,11.9368],[119.9932,11.9407],[119.9896,11.9417]]],[[[119.9975,11.9425],[119.9958,11.9423],[119.9952,11.9402],[120.0022,11.9381],[120.0022,11.9405],[119.9975,11.9425]]],[[[120.2034,11.9472],[120.2028,11.9448],[120.204,11.9445],[120.2034,11.9472]]],[[[119.9685,11.9482],[119.9667,11.948],[119.9674,11.9452],[119.9749,11.9454],[119.9685,11.9482]]],[[[120.2061,11.9489],[120.2054,11.9474],[120.2077,11.9485],[120.2061,11.9489]]],[[[120.0279,11.9487],[120.0249,11.9463],[120.0279,11.9454],[120.029,11.9421],[120.0323,11.9399],[120.0335,11.9411],[120.0292,11.9448],[120.0297,11.9462],[120.0291,11.9451],[120.0263,11.9469],[120.0279,11.9487]]],[[[120.0126,11.9491],[120.0127,11.9478],[120.0164,11.946],[120.0181,11.947],[120.0126,11.9491]]],[[[119.9736,11.9528],[119.9725,11.9517],[119.9743,11.9504],[119.9781,11.9512],[119.9736,11.9528]]],[[[120.2775,11.9545],[120.2781,11.9565],[120.2763,11.9551],[120.2775,11.9545]]],[[[119.9705,11.9565],[119.9685,11.9559],[119.9699,11.9551],[119.9705,11.9565]]],[[[119.9414,11.9579],[119.9403,11.9569],[119.9422,11.9559],[119.9414,11.9579]]],[[[119.9318,11.9618],[119.9306,11.9602],[119.9317,11.9586],[119.9328,11.9595],[119.9318,11.9618]]],[[[120.1041,11.9622],[120.1091,11.9551],[120.1093,11.9572],[120.1041,11.9622]]],[[[120.2265,11.9627],[120.225,11.962],[120.2259,11.9608],[120.2265,11.9627]]],[[[120.1665,11.9624],[120.1566,11.9595],[120.164,11.9591],[120.1617,11.9559],[120.1651,11.9561],[120.1689,11.9618],[120.1665,11.9624]]],[[[120.3181,11.9623],[120.3189,11.9647],[120.3135,11.9681],[120.3145,11.9645],[120.3181,11.9623]]],[[[119.9965,11.9699],[119.9751,11.9564],[120.0155,11.943],[120.0214,11.959],[119.9965,11.9699]]],[[[120.1521,11.9735],[120.1498,11.9728],[120.1498,11.9706],[120.1524,11.9721],[120.1521,11.9735]]],[[[119.9764,11.9793],[119.9757,11.9786],[119.978,11.9774],[119.9802,11.9776],[119.9764,11.9793]]],[[[119.9027,11.9796],[119.8707,11.9626],[119.8925,11.9478],[119.8909,11.9236],[119.846,11.9479],[119.9152,11.8441],[119.8936,11.829],[119.9069,11.7926],[119.9303,11.7601],[119.9629,11.7645],[119.9635,11.8004],[120.0034,11.7871],[119.9546,11.7433],[119.979,11.7135],[119.9478,11.7397],[119.9387,11.7305],[119.943,11.6615],[119.9568,11.6588],[119.9691,11.6649],[119.9582,11.695],[119.9807,11.6666],[120.0493,11.7184],[120.0579,11.7563],[120.0347,11.7576],[120.0737,11.7883],[120.0301,11.8063],[120.0512,11.8397],[120.0198,11.8408],[120.075,11.8633],[120.0489,11.8756],[120.0421,11.8624],[120.0242,11.8933],[119.9875,11.8969],[120.0296,11.9142],[120.0124,11.9339],[119.9862,11.9275],[119.9763,11.903],[119.9624,11.9268],[119.965,11.9042],[119.9446,11.9097],[119.9443,11.9417],[119.9666,11.9449],[119.9027,11.9796]]],[[[119.9435,11.9816],[119.9388,11.9574],[119.9743,11.9642],[119.9435,11.9816]]],[[[119.8721,11.9825],[119.8454,11.9802],[119.8229,11.9403],[119.8721,11.9825]]],[[[119.9627,11.9828],[119.9607,11.9823],[119.9644,11.9812],[119.9627,11.9828]]],[[[120.1228,11.9837],[120.1202,11.9814],[120.1225,11.9779],[120.1252,11.9797],[120.1228,11.9837]]],[[[119.9791,11.9838],[119.9735,11.9824],[119.9773,11.9792],[119.9821,11.9803],[119.9821,11.9766],[119.987,11.9768],[119.9874,11.9786],[119.9852,11.9808],[119.9791,11.9838]]],[[[120.1989,11.9835],[120.1969,11.9828],[120.1968,11.9802],[120.2009,11.9799],[120.2012,11.9825],[120.1989,11.9835]]],[[[120.1629,11.9864],[120.1619,11.9853],[120.1641,11.9854],[120.1629,11.9864]]],[[[120.2453,11.9871],[120.1916,11.9368],[120.2622,11.8073],[120.2488,11.9079],[120.2767,11.9358],[120.2719,11.9691],[120.2453,11.9871]]],[[[119.8829,11.9871],[119.8815,11.9863],[119.8821,11.985],[119.8876,11.9819],[119.8879,11.985],[119.8829,11.9871]]],[[[120.0193,11.9872],[120.0162,11.9849],[120.0123,11.9848],[120.0099,11.9802],[120.0136,11.982],[120.0167,11.9805],[120.019,11.9787],[120.0222,11.9716],[120.0237,11.9724],[120.0254,11.9713],[120.0273,11.973],[120.027,11.9751],[120.024,11.9786],[120.0222,11.9779],[120.0206,11.9792],[120.0193,11.9872]]],[[[120.1525,11.9882],[120.1527,11.9857],[120.1541,11.9873],[120.1525,11.9882]]],[[[119.9645,11.9919],[119.9652,11.9901],[119.9676,11.9904],[119.9645,11.9919]]],[[[119.9224,11.9922],[119.9214,11.9912],[119.9237,11.9906],[119.9224,11.9922]]],[[[120.1803,11.9927],[120.1334,11.9923],[120.1305,11.9748],[120.1975,11.9682],[120.1803,11.9927]]],[[[120.3831,11.9905],[120.3851,11.9917],[120.3845,11.9951],[120.3831,11.9949],[120.3817,11.9911],[120.3831,11.9905]]],[[[120.0613,11.9953],[120.066,11.9624],[120.0846,11.9585],[120.0613,11.9953]]],[[[119.9474,11.996],[119.9359,11.9864],[119.9629,11.9897],[119.9474,11.996]]],[[[120.1416,12.0],[120.1404,11.9993],[120.142,11.9953],[120.1444,11.9926],[120.1442,11.9961],[120.1416,12.0]]],[[[119.8402,12.0004],[119.8355,11.9882],[119.8735,11.9938],[119.8402,12.0004]]],[[[120.0821,12.0001],[120.0809,12.0001],[120.0814,11.9989],[120.0821,12.0001]]],[[[120.191,12.0016],[120.1896,12.0012],[120.1899,11.9996],[120.1924,11.9991],[120.191,12.0016]]],[[[119.8855,12.0074],[119.8846,12.0082],[119.8833,12.0059],[119.8882,12.0053],[119.8885,12.0068],[119.8855,12.0074]]],[[[119.8677,12.0113],[119.8663,12.0098],[119.8721,12.0081],[119.8709,12.0108],[119.8677,12.0113]]],[[[119.9422,12.0113],[119.9405,12.0133],[119.9417,12.007],[119.943,12.0099],[119.9422,12.0113]]],[[[119.8823,12.0151],[119.8761,12.0109],[119.8844,12.0088],[119.8851,12.0127],[119.8823,12.0151]]],[[[119.8959,12.0185],[119.8944,12.0174],[119.8961,12.0166],[119.8956,12.0154],[119.8984,12.0151],[119.8993,12.0184],[119.8959,12.0185]]],[[[120.147,12.0199],[120.1459,12.0197],[120.1467,12.0174],[120.1549,12.0115],[120.1577,12.0059],[120.1631,12.0039],[120.1637,12.0024],[120.1665,12.0026],[120.171,11.9992],[120.1737,11.9995],[120.1759,11.9963],[120.1766,11.9985],[120.1785,11.9961],[120.1777,11.9989],[120.1827,12.0026],[120.1797,12.006],[120.1739,12.0091],[120.1693,12.0099],[120.1616,12.0081],[120.1558,12.0116],[120.1547,12.0157],[120.147,12.0199]]],[[[119.8886,12.0261],[119.8881,12.0199],[119.8854,12.0168],[119.8877,12.0158],[119.8919,12.0183],[119.892,12.021],[119.8951,12.0211],[119.8924,12.0258],[119.8901,12.0243],[119.8886,12.0261]]],[[[119.9195,12.0305],[119.9187,12.0283],[119.9203,12.0258],[119.9201,12.0223],[119.9174,12.0175],[119.9185,12.0161],[119.9215,12.022],[119.9195,12.0305]]],[[[119.9523,12.0312],[119.9446,12.0258],[119.9419,12.0167],[119.9437,12.0171],[119.9462,12.0225],[119.9505,12.0223],[119.9523,12.0312]]],[[[119.9065,12.0372],[119.9059,12.0335],[119.9082,12.0321],[119.9086,12.0298],[119.9062,12.0262],[119.9099,12.0244],[119.909,12.0208],[119.9102,12.0188],[119.9147,12.0226],[119.9158,12.0259],[119.9065,12.0372]]],[[[120.3572,12.0437],[120.3543,12.0426],[120.3535,12.0386],[120.3589,12.0282],[120.36,12.0301],[120.3572,12.0437]]],[[[119.866,12.0495],[119.8642,12.0482],[119.8676,12.0465],[119.8801,12.0468],[119.8703,12.0469],[119.866,12.0495]]],[[[119.9016,12.0512],[119.8911,12.0444],[119.8937,12.0445],[119.8953,12.0425],[119.9033,12.0482],[119.9017,12.0489],[119.9016,12.0512]]],[[[119.9551,12.053],[119.9539,12.0531],[119.9532,12.0485],[119.956,12.0451],[119.9599,12.0462],[119.9607,12.052],[119.9551,12.053]]],[[[119.8994,12.0561],[119.8984,12.0546],[119.9016,12.0529],[119.9018,12.0513],[119.9028,12.0536],[119.9045,12.0534],[119.8994,12.0561]]],[[[119.7921,12.059],[119.786,12.0543],[119.7846,12.0512],[119.7893,12.0523],[119.795,12.0513],[119.7952,12.0538],[119.7921,12.0563],[119.7921,12.059]]],[[[119.8357,12.0735],[119.8345,12.0745],[119.8345,12.0733],[119.8357,12.0735]]],[[[120.3389,12.0759],[120.3371,12.0791],[120.3359,12.0771],[120.3389,12.0759]]],[[[119.8752,12.0835],[119.8734,12.0814],[119.8767,12.0826],[119.8752,12.0835]]],[[[121.937,12.0967],[121.9107,12.063],[121.9538,12.0314],[121.9618,12.0654],[121.937,12.0967]]],[[[120.3113,12.1059],[120.3073,12.1053],[120.3063,12.1037],[120.3097,12.1037],[120.3113,12.1059]]],[[[119.8465,12.1074],[119.8455,12.1055],[119.8477,12.1025],[119.8509,12.1038],[119.8519,12.1071],[119.8465,12.1074]]],[[[119.8748,12.1166],[119.8742,12.1194],[119.8741,12.1161],[119.8748,12.1166]]],[[[119.9204,12.1321],[119.9178,12.1315],[119.9175,12.1263],[119.9211,12.1253],[119.9224,12.1266],[119.9199,12.1282],[119.9218,12.1306],[119.9204,12.1321]]],[[[119.8452,12.1331],[119.842,12.1267],[119.8447,12.1189],[119.8443,12.1145],[119.848,12.1165],[119.8543,12.1128],[119.8556,12.1144],[119.851,12.1174],[119.848,12.1242],[119.8467,12.1329],[119.8452,12.1331]]],[[[119.8851,12.1399],[119.8813,12.1366],[119.8849,12.136],[119.8843,12.1337],[119.8861,12.1301],[119.8869,12.1357],[119.8851,12.1399]]],[[[120.1799,12.14],[120.1793,12.1391],[120.1816,12.1375],[120.1841,12.1391],[120.1799,12.14]]],[[[120.1566,12.1468],[120.1597,12.1415],[120.1627,12.141],[120.1615,12.144],[120.1566,12.1468]]],[[[122.0427,12.1546],[122.0379,12.1522],[122.0387,12.1479],[122.0365,12.1447],[122.0351,12.1465],[122.0346,12.1453],[122.0323,12.147],[122.0323,12.145],[122.0304,12.1445],[122.031,12.141],[122.0355,12.1427],[122.0386,12.141],[122.0436,12.1413],[122.0427,12.1546]]],[[[122.0387,12.1543],[122.0358,12.1551],[122.0344,12.1522],[122.0387,12.1543]]],[[[120.2655,12.1565],[120.265,12.1543],[120.2662,12.1542],[120.2672,12.1559],[120.2655,12.1565]]],[[[120.2541,12.1567],[120.2564,12.1486],[120.2593,12.1458],[120.2565,12.1426],[120.2593,12.1426],[120.2649,12.1517],[120.2648,12.1547],[120.2541,12.1567]]],[[[119.8787,12.1603],[119.8766,12.1596],[119.8765,12.1579],[119.8814,12.1573],[119.8811,12.1592],[119.8787,12.1603]]],[[[120.1635,12.1606],[120.1627,12.1584],[120.1649,12.1563],[120.1638,12.1546],[120.165,12.1523],[120.1691,12.1514],[120.1679,12.1534],[120.1698,12.1544],[120.1718,12.1537],[120.1729,12.1565],[120.1697,12.1593],[120.1688,12.1574],[120.1656,12.1606],[120.1635,12.1606]]],[[[120.3929,12.1611],[120.3939,12.1595],[120.3959,12.1597],[120.3929,12.1611]]],[[[119.8189,12.1612],[119.8157,12.1589],[119.8137,12.1595],[119.8145,12.1496],[119.8129,12.1455],[119.814,12.1443],[119.816,12.1462],[119.8195,12.1564],[119.8189,12.1612]]],[[[119.8719,12.1676],[119.8709,12.1687],[119.8682,12.1646],[119.8658,12.1492],[119.865,12.1414],[119.8658,12.1371],[119.8676,12.1357],[119.8671,12.1286],[119.8645,12.1259],[119.862,12.1252],[119.8613,12.1268],[119.8605,12.1255],[119.8611,12.123],[119.8668,12.12],[119.8706,12.121],[119.8743,12.1199],[119.8758,12.1238],[119.8732,12.1382],[119.874,12.1518],[119.8764,12.1574],[119.8719,12.1676]]],[[[120.1529,12.169],[120.1487,12.1675],[120.1507,12.1625],[120.154,12.1655],[120.1529,12.169]]],[[[119.8772,12.1829],[119.8752,12.1808],[119.8753,12.1779],[119.8775,12.1775],[119.8748,12.1717],[119.876,12.1721],[119.8808,12.1679],[119.8822,12.1744],[119.8772,12.1829]]],[[[120.2526,12.1835],[120.2481,12.1785],[120.2481,12.1705],[120.2496,12.1647],[120.2529,12.1642],[120.2521,12.1616],[120.2539,12.1595],[120.2555,12.1605],[120.255,12.1653],[120.257,12.1728],[120.255,12.1828],[120.2526,12.1835]]],[[[120.1313,12.1873],[120.1331,12.1836],[120.1354,12.183],[120.1313,12.1873]]],[[[120.3859,12.1894],[120.3848,12.1883],[120.3861,12.186],[120.3876,12.186],[120.3878,12.1878],[120.3859,12.1894]]],[[[121.0292,12.1955],[121.0275,12.1961],[121.0279,12.1943],[121.0292,12.1955]]],[[[120.1384,12.1994],[120.1479,12.1751],[120.2009,12.1471],[120.1384,12.1994]]],[[[120.3952,12.2055],[120.394,12.207],[120.3961,12.2003],[120.4008,12.1948],[120.3997,12.2018],[120.3952,12.2055]]],[[[120.2407,12.2147],[120.2412,12.2032],[120.2435,12.2072],[120.2421,12.214],[120.2407,12.2147]]],[[[121.283,12.2167],[121.2798,12.2168],[121.2796,12.2157],[121.2802,12.2134],[121.2826,12.2123],[121.283,12.2167]]],[[[121.2046,12.2114],[121.2059,12.2127],[121.2046,12.2169],[121.2037,12.2142],[121.2046,12.2114]]],[[[120.0504,12.2324],[120.0485,12.2312],[120.0495,12.2302],[120.0517,12.2321],[120.0504,12.2324]]],[[[120.3948,12.2337],[120.3912,12.2316],[120.3886,12.2328],[120.3845,12.2319],[120.3877,12.2298],[120.3869,12.2259],[120.3883,12.225],[120.3937,12.2097],[120.3952,12.2093],[120.3935,12.2142],[120.3949,12.2199],[120.3936,12.2234],[120.398,12.2325],[120.3948,12.2337]]],[[[121.0136,12.235],[121.0013,12.2175],[121.0278,12.1854],[121.0191,12.196],[121.0377,12.2043],[121.0136,12.235]]],[[[120.0873,12.2376],[120.0854,12.2361],[120.089,12.2315],[120.0907,12.2342],[120.0873,12.2376]]],[[[120.0467,12.2403],[120.0457,12.243],[120.0474,12.2359],[120.048,12.2392],[120.0467,12.2403]]],[[[119.8542,12.245],[119.8446,12.2395],[119.854,12.2428],[119.8542,12.245]]],[[[120.3583,12.255],[120.3574,12.254],[120.3605,12.2479],[120.3651,12.242],[120.3596,12.2548],[120.3583,12.255]]],[[[121.3849,12.264],[121.3795,12.2597],[121.3799,12.2585],[121.3844,12.2572],[121.3803,12.2513],[121.3824,12.2497],[121.3857,12.2516],[121.3879,12.2549],[121.3871,12.2624],[121.3849,12.264]]],[[[121.2762,12.2672],[121.275,12.269],[121.2782,12.2604],[121.278,12.2667],[121.2762,12.2672]]],[[[120.0926,12.2709],[120.0911,12.2703],[120.0969,12.2653],[120.0989,12.2654],[120.0984,12.2673],[120.0926,12.2709]]],[[[121.382,12.2798],[121.369,12.2785],[121.3777,12.2635],[121.382,12.2798]]],[[[120.3521,12.2894],[120.3529,12.2877],[120.3535,12.2889],[120.3521,12.2894]]],[[[121.0743,12.2974],[121.0428,12.2898],[121.0378,12.2249],[121.0752,12.2117],[121.0865,12.1737],[121.1193,12.1531],[121.1358,12.1658],[121.1014,12.201],[121.1041,12.2371],[121.0743,12.2974]]],[[[120.262,12.2994],[120.2593,12.298],[120.2623,12.2975],[120.2635,12.2992],[120.262,12.2994]]],[[[120.3427,12.3052],[120.3418,12.3067],[120.3424,12.3045],[120.3438,12.3043],[120.3427,12.3052]]],[[[120.3487,12.3069],[120.3475,12.3076],[120.3465,12.3029],[120.3642,12.2804],[120.3642,12.274],[120.3624,12.272],[120.3609,12.2738],[120.361,12.2725],[120.3648,12.2688],[120.3696,12.26],[120.3725,12.2631],[120.3744,12.2621],[120.3752,12.2632],[120.3718,12.2708],[120.3713,12.2772],[120.3664,12.2936],[120.3684,12.2964],[120.3668,12.2959],[120.3645,12.2978],[120.3585,12.3056],[120.3569,12.3037],[120.3545,12.3037],[120.3526,12.3042],[120.3524,12.3068],[120.3487,12.3069]]],[[[121.1137,12.3196],[121.1115,12.3183],[121.1146,12.3189],[121.1137,12.3196]]],[[[119.8947,12.3296],[119.8642,12.3105],[119.8808,12.2884],[119.8668,12.2681],[119.9172,12.2732],[119.8607,12.2554],[119.8756,12.2234],[119.848,12.1746],[119.8525,12.148],[119.879,12.2024],[119.8965,12.2027],[119.9002,12.1632],[119.9319,12.1378],[119.933,12.0872],[119.9515,12.0789],[119.9378,12.0731],[119.9531,12.0551],[119.9692,12.0651],[119.9728,12.0234],[119.9969,12.0238],[119.9779,12.0096],[120.0154,12.005],[120.0207,11.9879],[120.0475,11.9949],[120.0528,12.0202],[120.0888,11.9981],[120.0998,11.9604],[120.1193,11.9779],[120.0957,12.0027],[120.1273,11.9912],[120.132,12.0327],[120.1713,12.0286],[120.2244,11.9822],[120.253,12.0068],[120.3001,11.9814],[120.3159,12.0013],[120.3358,11.9923],[120.3251,12.0378],[120.3067,12.0289],[120.3406,12.0551],[120.3328,12.0916],[120.2872,12.1137],[120.2741,12.1443],[120.2463,12.1309],[120.2427,12.2001],[120.2235,12.1983],[120.2174,12.2265],[120.2141,12.1327],[120.1635,12.119],[120.0982,12.1769],[120.0857,12.1702],[120.1091,12.1943],[120.0626,12.1899],[120.0149,12.2539],[119.9295,12.2701],[119.9263,12.318],[119.8947,12.3296]]],[[[120.2721,12.3358],[120.2706,12.331],[120.2721,12.3288],[120.2764,12.3297],[120.2772,12.3319],[120.2721,12.3358]]],[[[119.9584,12.3447],[119.9515,12.3393],[119.9544,12.3394],[119.9584,12.3447]]],[[[120.2621,12.3538],[120.2609,12.3506],[120.2628,12.3474],[120.2707,12.3425],[120.2706,12.3478],[120.2627,12.3503],[120.2621,12.3538]]],[[[121.4005,12.3539],[121.397,12.3494],[121.3975,12.3405],[121.4004,12.3365],[121.4016,12.3395],[121.3999,12.3451],[121.4005,12.3539]]],[[[119.9083,12.3702],[119.9032,12.3696],[119.9002,12.3671],[119.8955,12.3598],[119.8971,12.3592],[119.8987,12.3605],[119.9015,12.3593],[119.9068,12.3646],[119.9156,12.367],[119.9151,12.3687],[119.9083,12.3702]]],[[[121.4442,12.3837],[121.4459,12.3777],[121.4446,12.3746],[121.4452,12.3692],[121.4512,12.3675],[121.4564,12.3626],[121.4606,12.362],[121.459,12.3636],[121.4599,12.3649],[121.4552,12.3699],[121.4576,12.3719],[121.4587,12.3753],[121.4617,12.3764],[121.4512,12.3824],[121.4509,12.3843],[121.4471,12.3826],[121.4442,12.3837]]],[[[122.5447,12.5057],[122.4614,12.4868],[122.4248,12.4327],[122.4514,12.3963],[122.5403,12.3621],[122.5638,12.3109],[122.6343,12.2675],[122.6822,12.3293],[122.6987,12.4017],[122.6547,12.484],[122.5447,12.5057]]],[[[122.3211,12.555],[122.3206,12.5534],[122.3223,12.5542],[122.3211,12.555]]],[[[122.2516,12.5996],[122.2514,12.6025],[122.2464,12.5993],[122.2465,12.5941],[122.2402,12.5888],[122.2399,12.5838],[122.2429,12.5838],[122.2455,12.5865],[122.248,12.5837],[122.2473,12.5881],[122.2511,12.5955],[122.2516,12.5996]]],[[[122.2837,12.6253],[122.2675,12.5758],[122.2439,12.5725],[122.2711,12.491],[122.3017,12.4779],[122.3269,12.5038],[122.3269,12.5402],[122.2837,12.6253]]],[[[122.2608,12.6307],[122.2359,12.617],[122.2547,12.6135],[122.2608,12.6307]]],[[[122.24,12.6714],[122.2354,12.669],[122.2301,12.6629],[122.2325,12.6545],[122.2387,12.6514],[122.2386,12.6476],[122.2454,12.6567],[122.2459,12.6619],[122.245,12.6657],[122.246,12.6676],[122.2439,12.6686],[122.2434,12.6707],[122.24,12.6714]]],[[[122.1107,12.6743],[122.1191,12.6573],[122.076,12.6224],[122.0019,12.5972],[121.9922,12.5701],[122.0173,12.496],[122.0059,12.4444],[121.9803,12.4001],[121.9412,12.3912],[121.9393,12.3353],[121.9197,12.3129],[121.9284,12.2869],[121.9476,12.298],[121.9667,12.258],[121.9807,12.2646],[122.0185,12.2331],[121.9885,12.1894],[121.968,12.2384],[121.959,12.1915],[121.9661,12.1567],[121.9919,12.1603],[121.9845,12.1416],[122.0144,12.099],[122.0177,12.1436],[122.0459,12.1799],[122.0689,12.1814],[122.0423,12.1935],[122.04,12.2288],[122.0879,12.3131],[122.1117,12.4992],[122.1391,12.5382],[122.1224,12.6204],[122.13,12.6353],[122.1624,12.6321],[122.1539,12.66],[122.1107,12.6743]]],[[[122.0306,12.7967],[122.0287,12.7951],[122.0314,12.7936],[122.0306,12.7967]]],[[[122.0873,12.8376],[122.0187,12.7963],[122.0613,12.7846],[122.0873,12.8376]]],[[[120.7524,12.8448],[120.7497,12.8422],[120.7561,12.8377],[120.7575,12.8389],[120.7524,12.8448]]],[[[120.7475,12.86],[120.7459,12.8581],[120.7474,12.8549],[120.755,12.8578],[120.7475,12.86]]],[[[121.7053,12.9491],[121.6808,12.9293],[121.717,12.8957],[121.7364,12.9289],[121.7053,12.9491]]],[[[122.0615,12.963],[122.0327,12.9496],[122.0694,12.905],[122.0992,12.9562],[122.0615,12.963]]],[[[121.9989,13.1941],[121.9975,13.1918],[121.999,13.1896],[122.0019,13.1921],[121.9989,13.1941]]],[[[121.8139,13.2294],[121.8066,13.2283],[121.8049,13.226],[121.8083,13.2223],[121.8132,13.2207],[121.819,13.227],[121.8139,13.2294]]],[[[121.8306,13.2373],[121.828,13.2353],[121.8308,13.2315],[121.8367,13.232],[121.8359,13.2352],[121.8306,13.2373]]],[[[121.867,13.2526],[121.8672,13.2539],[121.8596,13.2526],[121.8504,13.2498],[121.849,13.2478],[121.854,13.2459],[121.8592,13.2477],[121.8665,13.2444],[121.8684,13.2477],[121.867,13.2526]]],[[[122.1267,13.4267],[122.1236,13.4052],[122.1475,13.396],[122.1267,13.4267]]],[[[121.2166,13.4296],[121.2146,13.4269],[121.2163,13.4261],[121.2166,13.4296]]],[[[121.2213,13.4473],[121.219,13.4452],[121.2172,13.4385],[121.2223,13.4447],[121.2213,13.4473]]],[[[121.164,13.4671],[121.1605,13.4631],[121.1631,13.4643],[121.164,13.4671]]],[[[122.0702,13.4843],[122.0694,13.4834],[122.0715,13.4802],[122.0702,13.4843]]],[[[122.0446,13.4863],[122.0412,13.4858],[122.0441,13.484],[122.043,13.4853],[122.0446,13.4863]]],[[[122.0687,13.5275],[122.0654,13.5036],[122.0999,13.4968],[122.0687,13.5275]]],[[[122.1774,13.529],[122.1776,13.527],[122.1702,13.5227],[122.168,13.5195],[122.1704,13.5179],[122.1706,13.5146],[122.176,13.5049],[122.1818,13.504],[122.1851,13.506],[122.1881,13.5159],[122.1828,13.5261],[122.1774,13.529]]],[[[120.4131,13.5309],[120.3126,13.4767],[120.3096,13.4202],[120.3452,13.382],[120.3816,13.3751],[120.3913,13.4107],[120.4582,13.4176],[120.4742,13.3976],[120.4804,13.2975],[120.524,13.2653],[120.5229,13.224],[120.5713,13.2288],[120.6539,13.1881],[120.7343,13.0638],[120.7841,12.931],[120.7819,12.8668],[120.7605,12.8392],[120.7845,12.8223],[120.789,12.7344],[120.8562,12.7168],[120.9281,12.6149],[120.9246,12.5057],[120.9762,12.4278],[121.0848,12.3276],[121.0871,12.3478],[121.1062,12.3239],[121.118,12.3374],[121.1136,12.3005],[121.0929,12.2877],[121.1136,12.2676],[121.1089,12.2428],[121.1912,12.2448],[121.2448,12.2072],[121.2761,12.285],[121.3334,12.2949],[121.3448,12.3263],[121.3819,12.2982],[121.3723,12.2825],[121.3966,12.286],[121.3839,12.3628],[121.4526,12.3594],[121.4127,12.3964],[121.4099,12.4451],[121.4448,12.4763],[121.4368,12.5148],[121.5071,12.5469],[121.52,12.583],[121.5571,12.6049],[121.5387,12.696],[121.4758,12.7772],[121.4946,12.85],[121.4874,13.0223],[121.5564,13.0885],[121.5573,13.1198],[121.5094,13.1514],[121.442,13.1435],[121.4408,13.2281],[121.3791,13.2394],[121.3043,13.3438],[121.2259,13.3889],[121.2001,13.4375],[121.1414,13.4053],[121.0363,13.4186],[120.9554,13.4956],[120.9926,13.5229],[120.7613,13.4646],[120.5603,13.5083],[120.4779,13.5039],[120.4131,13.5309]]],[[[121.8609,13.5294],[121.8605,13.5308],[121.8589,13.5307],[121.8609,13.5294]]],[[[120.9514,13.5315],[120.9469,13.5246],[120.9491,13.5227],[120.9507,13.5232],[120.9562,13.5207],[120.9589,13.5164],[120.9601,13.5193],[120.9575,13.5254],[120.9514,13.5315]]],[[[121.9487,13.5367],[121.9457,13.5354],[121.9478,13.5344],[121.9487,13.5367]]],[[[122.1064,13.5387],[122.1355,13.517],[122.1317,13.5354],[122.1064,13.5387]]],[[[121.9459,13.5423],[121.944,13.5413],[121.9454,13.5408],[121.9459,13.5423]]],[[[121.9603,13.5471],[121.9604,13.5458],[121.9547,13.5424],[121.9513,13.5439],[121.9494,13.5411],[121.9524,13.5394],[121.9557,13.5422],[121.9586,13.5426],[121.9625,13.5457],[121.9603,13.5471]]],[[[121.9423,13.5558],[121.9441,13.5524],[121.9459,13.5537],[121.9423,13.5558]]],[[[121.8665,13.5707],[121.8552,13.5398],[121.8749,13.5406],[121.8109,13.4533],[121.8202,13.3448],[121.8659,13.2848],[121.9491,13.2506],[121.9822,13.2076],[122.0284,13.1994],[122.0529,13.2407],[122.0467,13.2768],[122.1507,13.3711],[122.1011,13.4223],[122.1272,13.4553],[122.0865,13.4894],[122.0758,13.4751],[122.0406,13.4855],[122.058,13.4857],[122.0516,13.5064],[122.0233,13.5135],[122.0328,13.5295],[122.0093,13.5495],[121.9993,13.5222],[121.9669,13.529],[121.9721,13.5586],[121.9656,13.5287],[121.9304,13.5446],[121.9186,13.5251],[121.8665,13.5707]]],[[[120.3046,13.6822],[120.4225,13.6268],[120.4116,13.6546],[120.3046,13.6822]]],[[[120.2967,13.7062],[120.2943,13.7054],[120.2977,13.7043],[120.2967,13.7062]]],[[[120.2902,13.8366],[120.2612,13.807],[120.3121,13.774],[120.3365,13.8073],[120.2902,13.8366]]],[[[120.3299,13.8405],[120.3287,13.8388],[120.3288,13.8316],[120.3324,13.8376],[120.3299,13.8405]]],[[[120.3446,13.8644],[120.3446,13.8614],[120.3459,13.8608],[120.3468,13.863],[120.3446,13.8644]]],[[[120.0904,13.8645],[120.0764,13.8478],[120.0943,13.8357],[120.1003,13.7848],[120.2539,13.7023],[120.2671,13.6711],[120.2953,13.6857],[120.2879,13.7111],[120.2508,13.7191],[120.2883,13.7346],[120.2233,13.8207],[120.2054,13.8095],[120.1382,13.8553],[120.0904,13.8645]]],[[[120.0398,13.8991],[120.0184,13.8867],[120.0464,13.8665],[120.0587,13.8766],[120.0398,13.8991]]]]},"properties":{"iso3":"PHL","shapeId":"36201628B45254163682963","regionId":"PHL.116_1","name":"Mimaropa"}},{"type":"Feature","geometry":{"type":"MultiPolygon","coordinates":[[[[121.8838,6.6914],[121.878,6.6897],[121.8752,6.6914],[121.8749,6.6872],[121.877,6.6855],[121.8782,6.6871],[121.8809,6.6872],[121.8838,6.6914]]],[[[121.9805,6.7362],[121.9794,6.7353],[121.9803,6.7331],[121.9819,6.7313],[121.9835,6.7318],[121.9835,6.7305],[121.984,6.7326],[121.9826,6.7331],[121.9841,6.7356],[121.9816,6.735],[121.9805,6.7362]]],[[[121.9923,6.7364],[121.9901,6.7342],[121.9951,6.7362],[121.9923,6.7364]]],[[[122.0326,6.7411],[121.9988,6.7385],[121.9311,6.6664],[121.9172,6.6747],[121.9163,6.6383],[121.9431,6.6155],[121.9365,6.5646],[122.0429,6.5648],[122.0268,6.6162],[122.0513,6.6755],[122.03,6.6918],[122.0326,6.7411]]],[[[121.9804,6.7551],[121.9465,6.7377],[121.9413,6.7112],[121.9716,6.7125],[121.9915,6.7454],[121.9804,6.7551]]],[[[122.0571,6.8727],[122.0539,6.8725],[122.0514,6.8687],[122.0597,6.8584],[122.0656,6.8586],[122.0736,6.8625],[122.0737,6.8644],[122.0715,6.8666],[122.0687,6.8681],[122.0669,6.8673],[122.0646,6.8719],[122.0571,6.8727]]],[[[122.2969,6.8755],[122.2963,6.8764],[122.2964,6.8754],[122.2987,6.8735],[122.3003,6.8746],[122.2969,6.8755]]],[[[122.0392,6.8857],[122.0363,6.8848],[122.0405,6.8833],[122.0505,6.8834],[122.0392,6.8857]]],[[[122.1596,6.8905],[122.1588,6.8885],[122.156,6.889],[122.1545,6.8858],[122.1524,6.8852],[122.1483,6.8857],[122.1491,6.8869],[122.1478,6.887],[122.148,6.8883],[122.1423,6.8869],[122.141,6.8881],[122.1359,6.8809],[122.1421,6.8784],[122.1425,6.8811],[122.1455,6.8818],[122.1459,6.8804],[122.1486,6.8806],[122.1574,6.8831],[122.1559,6.8812],[122.1578,6.8826],[122.157,6.8844],[122.1576,6.887],[122.16,6.8888],[122.1596,6.8905]]],[[[122.2796,6.8935],[122.2756,6.8931],[122.2725,6.8908],[122.2735,6.8824],[122.2781,6.8798],[122.2815,6.8797],[122.2816,6.8773],[122.2861,6.8754],[122.2889,6.8713],[122.294,6.8711],[122.2925,6.8721],[122.2921,6.8834],[122.2904,6.8879],[122.2865,6.8917],[122.2796,6.8935]]],[[[122.1659,6.8968],[122.1628,6.8947],[122.1669,6.8948],[122.1688,6.891],[122.1662,6.8885],[122.1674,6.8869],[122.1695,6.8925],[122.1659,6.8968]]],[[[122.1613,6.9147],[122.1612,6.9166],[122.1565,6.9123],[122.1575,6.9123],[122.156,6.9109],[122.1566,6.9096],[122.1605,6.9143],[122.1602,6.9128],[122.1628,6.9129],[122.1624,6.915],[122.1613,6.9147]]],[[[122.1817,6.9188],[122.1792,6.9154],[122.1794,6.9125],[122.1809,6.9145],[122.1842,6.9147],[122.1817,6.9188]]],[[[122.3267,6.9563],[122.3241,6.9558],[122.3236,6.9535],[122.3283,6.953],[122.3283,6.9558],[122.3267,6.9563]]],[[[122.3585,6.984],[122.3553,6.983],[122.3577,6.9821],[122.3585,6.984]]],[[[122.3562,6.9888],[122.3526,6.9867],[122.3515,6.9836],[122.346,6.982],[122.3473,6.9784],[122.3546,6.9768],[122.3548,6.9865],[122.3577,6.9881],[122.3562,6.9888]]],[[[122.2724,6.9994],[122.2141,6.9799],[122.1991,6.9192],[122.2408,6.9625],[122.2727,6.9576],[122.2857,6.9783],[122.2724,6.9994]]],[[[122.2538,7.1043],[122.2506,7.1023],[122.2507,7.0995],[122.2523,7.0983],[122.2538,7.0989],[122.2538,7.1043]]],[[[122.27,7.1189],[122.2697,7.1171],[122.271,7.1185],[122.27,7.1189]]],[[[122.2726,7.1262],[122.2714,7.1247],[122.2747,7.1237],[122.2752,7.1251],[122.2726,7.1262]]],[[[122.2622,7.132],[122.2608,7.1316],[122.2625,7.1291],[122.2622,7.132]]],[[[122.2682,7.1352],[122.2659,7.1325],[122.2686,7.1275],[122.271,7.1296],[122.2712,7.1318],[122.2682,7.1352]]],[[[122.2568,7.1375],[122.2545,7.1343],[122.2559,7.1327],[122.2573,7.1344],[122.2568,7.1375]]],[[[122.2545,7.1391],[122.2536,7.1386],[122.2546,7.138],[122.2545,7.1391]]],[[[122.2574,7.1403],[122.2555,7.1383],[122.2584,7.1373],[122.2574,7.1403]]],[[[122.2662,7.1524],[122.2612,7.1485],[122.262,7.1449],[122.2636,7.149],[122.2661,7.1497],[122.2662,7.1524]]],[[[122.2732,7.156],[122.2706,7.155],[122.2734,7.1503],[122.2732,7.156]]],[[[122.2881,7.1717],[122.2863,7.1696],[122.2884,7.1697],[122.2881,7.1717]]],[[[122.2752,7.1708],[122.2704,7.1722],[122.2685,7.1699],[122.2704,7.1697],[122.27,7.1683],[122.2683,7.1694],[122.2662,7.167],[122.2667,7.1647],[122.2709,7.1649],[122.2726,7.1628],[122.2756,7.1627],[122.2779,7.168],[122.2752,7.1708]]],[[[122.2866,7.1768],[122.2826,7.1755],[122.2854,7.1717],[122.2879,7.1742],[122.2865,7.1748],[122.2866,7.1768]]],[[[122.2697,7.1808],[122.267,7.1787],[122.2673,7.1765],[122.271,7.1786],[122.2715,7.18],[122.2697,7.1808]]],[[[122.843,7.2799],[122.8394,7.2772],[122.844,7.278],[122.843,7.2799]]],[[[122.8545,7.2845],[122.8523,7.2807],[122.8492,7.2793],[122.849,7.2761],[122.8479,7.2757],[122.8481,7.2782],[122.846,7.2796],[122.8442,7.2756],[122.8437,7.2771],[122.8411,7.2756],[122.8504,7.2696],[122.851,7.2678],[122.86,7.2739],[122.8559,7.2781],[122.8561,7.2795],[122.8552,7.2788],[122.8557,7.2831],[122.8545,7.2845]]],[[[122.8565,7.2889],[122.8539,7.2874],[122.8585,7.2872],[122.8565,7.2889]]],[[[122.3173,7.3153],[122.311,7.3141],[122.308,7.3098],[122.3096,7.3092],[122.3096,7.3076],[122.3143,7.3075],[122.3188,7.3115],[122.3173,7.3153]]],[[[122.3245,7.3194],[122.323,7.3185],[122.3265,7.318],[122.3245,7.3194]]],[[[122.328,7.3197],[122.3272,7.319],[122.3285,7.3187],[122.328,7.3197]]],[[[122.9185,7.3433],[122.9168,7.3425],[122.9184,7.3409],[122.9185,7.3433]]],[[[122.4093,7.3541],[122.4095,7.3559],[122.4081,7.3567],[122.4093,7.3541]]],[[[122.4053,7.3593],[122.4047,7.3631],[122.4043,7.3597],[122.4053,7.3593]]],[[[123.3288,7.3749],[123.3278,7.3726],[123.3291,7.3705],[123.3307,7.373],[123.3288,7.3749]]],[[[122.4289,7.3859],[122.4289,7.3881],[122.4275,7.3865],[122.4289,7.3859]]],[[[122.7877,7.3907],[122.7852,7.3876],[122.7885,7.3846],[122.7906,7.387],[122.7877,7.3907]]],[[[122.4036,7.3952],[122.4019,7.397],[122.4001,7.3939],[122.4021,7.3929],[122.4018,7.395],[122.4036,7.3952]]],[[[122.3738,7.4065],[122.3699,7.4069],[122.3701,7.4044],[122.3733,7.4037],[122.3738,7.4065]]],[[[122.3721,7.4108],[122.37,7.4124],[122.3706,7.4082],[122.3738,7.41],[122.3737,7.4111],[122.3721,7.4108]]],[[[122.9279,7.4302],[122.9289,7.4315],[122.9278,7.4337],[122.9266,7.4324],[122.9279,7.4302]]],[[[122.8482,7.4364],[122.8452,7.434],[122.8486,7.4343],[122.8482,7.4364]]],[[[122.8579,7.4362],[122.8564,7.437],[122.8501,7.4342],[122.8493,7.4308],[122.8538,7.4301],[122.8587,7.4339],[122.8579,7.4362]]],[[[122.8985,7.4428],[122.875,7.3649],[122.8484,7.4257],[122.8248,7.4391],[122.8031,7.4228],[122.7882,7.3456],[122.8113,7.3407],[122.8052,7.2982],[122.8305,7.2777],[122.8479,7.3095],[122.8973,7.3181],[122.9169,7.3484],[122.9495,7.3382],[122.9247,7.372],[122.9756,7.3637],[122.9332,7.3973],[122.9466,7.4077],[122.93,7.4279],[122.8985,7.4428]]],[[[122.9642,7.4623],[122.9636,7.4631],[122.9629,7.4619],[122.9629,7.4587],[122.9701,7.452],[122.9675,7.4605],[122.9642,7.4623]]],[[[122.4635,7.4869],[122.4627,7.4889],[122.4615,7.4875],[122.4635,7.4869]]],[[[123.1365,7.487],[123.1355,7.4893],[123.1331,7.4887],[123.1341,7.4861],[123.1357,7.4856],[123.1365,7.487]]],[[[122.4184,7.497],[122.4154,7.4926],[122.4159,7.4911],[122.4148,7.4907],[122.4161,7.4897],[122.4235,7.496],[122.4184,7.497]]],[[[123.3029,7.5194],[123.303,7.5183],[123.3051,7.5185],[123.3029,7.5194]]],[[[123.2206,7.5221],[123.2173,7.5205],[123.2197,7.5179],[123.2243,7.5162],[123.2231,7.5198],[123.2206,7.5221]]],[[[123.2532,7.529],[123.2513,7.5274],[123.2563,7.5273],[123.2532,7.529]]],[[[122.8203,7.5204],[122.8227,7.5236],[122.8228,7.5261],[122.8209,7.529],[122.8183,7.529],[122.8152,7.5252],[122.8158,7.5219],[122.817,7.5203],[122.8203,7.5204]]],[[[122.0947,7.531],[122.0936,7.5316],[122.0925,7.5301],[122.0938,7.5296],[122.0947,7.531]]],[[[122.4455,7.5444],[122.4444,7.5423],[122.448,7.5418],[122.4455,7.5444]]],[[[122.7911,7.5555],[122.7893,7.5561],[122.7887,7.5525],[122.7917,7.5521],[122.7938,7.5538],[122.7974,7.5519],[122.799,7.5539],[122.797,7.5559],[122.794,7.5542],[122.7911,7.5555]]],[[[123.3666,7.5723],[123.3656,7.5713],[123.3682,7.5696],[123.3666,7.5723]]],[[[123.0494,7.5763],[123.0472,7.576],[123.0492,7.5727],[123.0494,7.5763]]],[[[123.0454,7.5861],[123.0468,7.5827],[123.0518,7.581],[123.0515,7.5825],[123.0454,7.5861]]],[[[122.445,7.588],[122.4431,7.5871],[122.446,7.5873],[122.445,7.588]]],[[[122.4926,7.5963],[122.4893,7.594],[122.4921,7.5937],[122.4926,7.5963]]],[[[123.3986,7.6097],[123.3951,7.6088],[123.3975,7.6051],[123.4,7.607],[123.3986,7.6097]]],[[[123.1874,7.6113],[123.1871,7.61],[123.1883,7.6099],[123.1874,7.6113]]],[[[123.0724,7.6146],[123.0746,7.6095],[123.0764,7.609],[123.0765,7.6124],[123.0724,7.6146]]],[[[123.4576,7.6158],[123.4578,7.6109],[123.456,7.6114],[123.457,7.6105],[123.4541,7.6083],[123.4579,7.6046],[123.4613,7.6039],[123.4647,7.6097],[123.4623,7.614],[123.4576,7.6158]]],[[[123.1783,7.6187],[123.1776,7.6157],[123.1791,7.617],[123.1783,7.6187]]],[[[123.1792,7.6203],[123.1793,7.6174],[123.1807,7.617],[123.1792,7.6203]]],[[[123.4672,7.6193],[123.4653,7.6207],[123.4635,7.6187],[123.4672,7.6193]]],[[[123.4612,7.6211],[123.46,7.6209],[123.4604,7.6194],[123.4616,7.6198],[123.4612,7.6211]]],[[[123.0605,7.6323],[123.0603,7.6335],[123.0591,7.6331],[123.0605,7.6323]]],[[[123.0925,7.6475],[123.0935,7.6495],[123.0917,7.6501],[123.0905,7.6481],[123.0925,7.6475]]],[[[123.0893,7.6501],[123.0897,7.6519],[123.0883,7.6501],[123.0893,7.6501]]],[[[123.1223,7.6683],[123.1241,7.6693],[123.1237,7.6705],[123.1213,7.6687],[123.1223,7.6683]]],[[[123.1095,7.6816],[123.1055,7.6799],[123.1061,7.6737],[123.1104,7.6757],[123.111,7.6803],[123.1095,7.6816]]],[[[122.5425,7.6872],[122.5401,7.6886],[122.5404,7.685],[122.5457,7.6822],[122.5457,7.6856],[122.5425,7.6872]]],[[[123.5003,8.6573],[123.4957,8.6571],[123.4948,8.6539],[123.4961,8.6502],[123.5034,8.656],[123.5009,8.6554],[123.5003,8.6573]]],[[[123.5538,8.6167],[123.4885,8.6419],[123.5013,8.7012],[123.4516,8.6843],[123.436,8.7157],[123.3795,8.7269],[123.394,8.6837],[123.4063,8.6946],[123.3975,8.6756],[123.4217,8.6625],[123.4143,8.6359],[123.3475,8.632],[123.3041,8.5216],[123.2675,8.5122],[123.1831,8.5331],[123.0639,8.5154],[123.0256,8.4836],[123.0189,8.4432],[122.9797,8.4134],[122.9833,8.3284],[122.9368,8.3074],[122.9663,8.2608],[122.9947,8.251],[122.9958,8.2144],[122.922,8.1523],[122.7434,8.1108],[122.6854,8.1213],[122.6617,8.1622],[122.5835,8.0827],[122.3451,8.0387],[122.2257,7.9597],[122.2241,7.9048],[122.1604,7.8592],[122.1198,7.7766],[122.1017,7.7795],[122.1249,7.7561],[122.1036,7.7624],[122.0859,7.7366],[122.1148,7.7259],[122.1352,7.6663],[122.1052,7.5969],[122.1433,7.5737],[122.1011,7.5244],[122.0729,7.5207],[122.0905,7.4965],[122.0554,7.4479],[122.0576,7.4008],[122.0311,7.3564],[122.0373,7.3261],[122.0652,7.3133],[122.0615,7.2901],[121.972,7.2468],[121.9024,7.1473],[121.8975,7.0789],[121.9378,6.9646],[122.1127,6.8883],[122.1592,6.916],[122.1504,6.9294],[122.1851,6.9524],[122.2118,7.0343],[122.1978,7.0396],[122.2124,7.046],[122.2041,7.0683],[122.2569,7.1113],[122.246,7.188],[122.2652,7.1945],[122.2477,7.2063],[122.2798,7.2309],[122.2919,7.3254],[122.3171,7.3356],[122.311,7.3189],[122.3286,7.3305],[122.3255,7.3068],[122.3402,7.3137],[122.3935,7.3904],[122.3434,7.3966],[122.3542,7.4687],[122.4219,7.5034],[122.4485,7.5343],[122.4389,7.5463],[122.4676,7.5384],[122.4355,7.4993],[122.4586,7.507],[122.5063,7.579],[122.437,7.5689],[122.446,7.6089],[122.4899,7.6315],[122.4824,7.6537],[122.5442,7.7342],[122.6574,7.7869],[122.6736,7.7661],[122.6919,7.7891],[122.7196,7.7843],[122.7447,7.7498],[122.788,7.7624],[122.8122,7.7457],[122.8161,7.7215],[122.7966,7.7254],[122.7824,7.6781],[122.7981,7.6369],[122.7867,7.6148],[122.8282,7.5219],[122.7873,7.539],[122.7793,7.4747],[122.8059,7.4911],[122.8176,7.4799],[122.8149,7.4338],[122.8743,7.464],[122.8577,7.499],[122.8852,7.5089],[122.9045,7.545],[122.9505,7.4791],[122.9749,7.4873],[122.9923,7.4578],[123.0335,7.5694],[123.0262,7.6271],[123.0574,7.6263],[123.0535,7.6536],[123.0343,7.6576],[123.0843,7.6773],[123.1138,7.7357],[123.1452,7.6988],[123.1282,7.6604],[123.1415,7.6432],[123.1751,7.6449],[123.197,7.5911],[123.1372,7.5764],[123.1254,7.6026],[123.0967,7.6026],[123.1311,7.5805],[123.1022,7.5569],[123.1156,7.5141],[123.1671,7.4952],[123.1773,7.4662],[123.1983,7.4846],[123.1814,7.5048],[123.2244,7.5402],[123.3005,7.5322],[123.2848,7.4672],[123.3339,7.4127],[123.3746,7.4],[123.4064,7.3576],[123.4518,7.3719],[123.4355,7.4096],[123.4465,7.4428],[123.4126,7.4673],[123.3945,7.4583],[123.3819,7.5347],[123.3361,7.5518],[123.3559,7.5797],[123.3884,7.5559],[123.3848,7.6061],[123.4633,7.6297],[123.4778,7.6681],[123.4824,7.7291],[123.4202,7.7677],[123.4228,7.8149],[123.4608,7.812],[123.5394,7.8502],[123.6218,7.8286],[123.6337,7.8687],[123.6662,7.8885],[123.6487,7.8919],[123.6635,7.9225],[123.635,7.9327],[123.6499,7.9598],[123.6404,7.989],[123.6637,7.9976],[123.6494,8.0196],[123.6411,8.0039],[123.6342,8.0338],[123.5598,8.0261],[123.5538,8.6167]]],[[[123.2266,8.7491],[123.2235,8.7498],[123.2192,8.7485],[123.2178,8.7463],[123.2182,8.7437],[123.2205,8.7422],[123.2258,8.7432],[123.2282,8.7457],[123.2266,8.7491]]],[[[123.4199,8.8497],[123.4211,8.8566],[123.4139,8.8602],[123.4123,8.8578],[123.4132,8.8527],[123.4163,8.8502],[123.4199,8.8497]]]]},"properties":{"iso3":"PHL","shapeId":"36201628B47773222326566","regionId":"PHL.102_1","name":"Zamboanga Peninsula"}},{"type":"Feature","geometry":{"type":"MultiPolygon","coordinates":[[[[123.024,11.759],[123.0223,11.7581],[123.0236,11.7549],[123.0266,11.7579],[123.024,11.759]]],[[[123.9105,11.8188],[123.9039,11.8152],[123.906,11.8088],[123.9098,11.8082],[123.912,11.8103],[123.9169,11.8105],[123.9182,11.815],[123.9115,11.8163],[123.9105,11.8188]]],[[[123.8462,11.8192],[123.8442,11.8191],[123.8444,11.8172],[123.8455,11.8171],[123.8462,11.8192]]],[[[124.1023,11.8363],[124.0995,11.8342],[124.1016,11.8323],[124.1035,11.8338],[124.1023,11.8363]]],[[[123.7677,11.8593],[123.7675,11.8567],[123.771,11.8559],[123.7677,11.8593]]],[[[123.1354,11.8615],[123.1234,11.8584],[123.1183,11.8535],[123.118,11.8388],[123.1222,11.8349],[123.1357,11.8438],[123.1418,11.8521],[123.1403,11.8568],[123.1354,11.8615]]],[[[124.0865,11.8826],[124.0784,11.8755],[124.0808,11.8753],[124.0872,11.8681],[124.0899,11.868],[124.0941,11.8715],[124.0959,11.8708],[124.0966,11.8724],[124.0942,11.8774],[124.0865,11.8826]]],[[[123.6619,11.9045],[123.6584,11.9017],[123.6597,11.9021],[123.6584,11.895],[123.66,11.8819],[123.6645,11.8743],[123.6712,11.8707],[123.6761,11.8854],[123.6742,11.9013],[123.6711,11.9041],[123.6619,11.9045]]],[[[123.595,11.918],[123.6054,11.9063],[123.6068,11.9057],[123.6102,11.9077],[123.611,11.9104],[123.6053,11.9155],[123.6023,11.9145],[123.595,11.918]]],[[[123.6185,11.9594],[123.6211,11.953],[123.6236,11.9517],[123.622,11.9567],[123.6185,11.9594]]],[[[123.5564,11.9485],[123.5567,11.9538],[123.5522,11.9625],[123.5514,11.9592],[123.5564,11.9485]]],[[[123.5758,11.9895],[123.5763,11.987],[123.5795,11.9863],[123.5758,11.9895]]],[[[123.6378,12.0221],[123.6386,12.0258],[123.6358,12.0215],[123.6315,12.0195],[123.6356,12.0164],[123.6378,12.0221]]],[[[123.547,12.042],[123.5452,12.0422],[123.5451,12.039],[123.5481,12.0318],[123.5494,12.0374],[123.547,12.042]]],[[[123.2313,12.1675],[123.2299,12.1659],[123.2271,12.166],[123.2248,12.162],[123.2254,12.1611],[123.2311,12.1623],[123.2313,12.1675]]],[[[123.2627,12.1917],[123.2325,12.1698],[123.2581,12.172],[123.2627,12.1917]]],[[[123.8506,12.2505],[123.8444,12.2542],[123.8434,12.2506],[123.8644,12.229],[123.8662,12.2317],[123.8661,12.2403],[123.8648,12.2422],[123.8664,12.244],[123.8633,12.2438],[123.8506,12.2505]]],[[[123.8352,12.2561],[123.8353,12.2529],[123.8385,12.2482],[123.8376,12.2543],[123.8352,12.2561]]],[[[123.8397,12.2577],[123.8383,12.2567],[123.8402,12.254],[123.8397,12.2577]]],[[[123.831,12.27],[123.8308,12.2626],[123.8334,12.2593],[123.8385,12.2634],[123.8396,12.266],[123.831,12.27]]],[[[123.2186,12.2851],[123.2133,12.2823],[123.2164,12.2816],[123.2227,12.2836],[123.2186,12.2851]]],[[[123.7983,12.3313],[123.7937,12.333],[123.8008,12.324],[123.8067,12.3113],[123.8094,12.3086],[123.8076,12.3165],[123.8085,12.3225],[123.806,12.3266],[123.8019,12.3281],[123.7983,12.3313]]],[[[123.246,12.3843],[123.2432,12.3822],[123.2408,12.3823],[123.2386,12.3751],[123.2353,12.3737],[123.2336,12.371],[123.2325,12.3627],[123.235,12.3542],[123.2348,12.3468],[123.2372,12.3435],[123.2407,12.3464],[123.2382,12.3547],[123.2416,12.3661],[123.2534,12.3782],[123.2508,12.3819],[123.246,12.3843]]],[[[123.2429,12.391],[123.2413,12.3891],[123.2445,12.3886],[123.2429,12.391]]],[[[123.2538,12.4093],[123.2491,12.4059],[123.2473,12.4013],[123.2502,12.4016],[123.2526,12.4052],[123.257,12.4045],[123.2545,12.4058],[123.2538,12.4093]]],[[[123.2538,12.4393],[123.2511,12.4367],[123.2507,12.4206],[123.2524,12.4208],[123.2531,12.4256],[123.2577,12.4311],[123.2575,12.4336],[123.2538,12.4393]]],[[[123.2077,12.4404],[123.2076,12.4389],[123.209,12.44],[123.2077,12.4404]]],[[[123.3442,12.4555],[123.342,12.4482],[123.3448,12.445],[123.3489,12.4515],[123.3442,12.4555]]],[[[124.087,12.5486],[124.0894,12.5437],[124.0908,12.548],[124.087,12.5486]]],[[[124.107,12.5504],[124.1037,12.5487],[124.1055,12.5435],[124.1024,12.5403],[124.1026,12.5423],[124.101,12.5419],[124.0991,12.544],[124.0984,12.5423],[124.0978,12.5426],[124.0975,12.5435],[124.0972,12.5434],[124.0971,12.5436],[124.0983,12.5437],[124.0975,12.5437],[124.0963,12.5435],[124.0949,12.5413],[124.0924,12.5326],[124.089,12.5283],[124.0906,12.5237],[124.0973,12.5248],[124.1009,12.5282],[124.1049,12.5294],[124.1046,12.5318],[124.1061,12.5324],[124.1035,12.5355],[124.1044,12.5412],[124.1078,12.5419],[124.1103,12.5445],[124.1135,12.5429],[124.1117,12.5494],[124.107,12.5504]]],[[[124.1152,12.561],[124.1111,12.5585],[124.1091,12.5523],[124.1133,12.5518],[124.1151,12.5468],[124.1178,12.5443],[124.1161,12.5522],[124.1196,12.5569],[124.1184,12.5601],[124.1152,12.561]]],[[[124.0985,12.5679],[124.0974,12.5673],[124.0986,12.5662],[124.0978,12.5654],[124.0995,12.5657],[124.0985,12.5679]]],[[[124.0981,12.571],[124.0986,12.5682],[124.0997,12.5692],[124.0981,12.571]]],[[[124.1242,12.5851],[124.1222,12.5811],[124.1227,12.5778],[124.1262,12.5775],[124.1289,12.579],[124.13,12.5819],[124.1242,12.5851]]],[[[123.2371,12.6012],[123.2509,12.4572],[123.2703,12.4577],[123.2877,12.4373],[123.2749,12.4191],[123.2886,12.4217],[123.2589,12.3773],[123.2667,12.3332],[123.2227,12.2678],[123.2356,12.24],[123.2168,12.2385],[123.2283,12.2169],[123.2669,12.2446],[123.2867,12.2151],[123.2977,12.2383],[123.3012,12.2057],[123.2875,12.1977],[123.2837,12.2141],[123.2697,12.1983],[123.2818,12.1626],[123.2396,12.1381],[123.2463,12.121],[123.2176,12.132],[123.1956,12.0189],[123.1429,11.9338],[123.1596,11.9061],[123.2968,12.0224],[123.3154,12.0747],[123.3717,12.1121],[123.4301,12.2024],[123.5398,12.2133],[123.6154,12.0953],[123.6007,12.075],[123.6619,12.08],[123.6412,12.0666],[123.6497,12.0477],[123.7417,11.9838],[123.7116,11.9569],[123.7219,11.9318],[123.8361,11.9107],[123.9274,11.8618],[124.0137,11.7859],[124.0387,11.7348],[124.0702,11.7225],[124.0553,11.7953],[124.07,11.8533],[123.9918,11.9877],[123.9979,12.0119],[124.0484,11.9477],[124.0521,11.9683],[123.8936,12.2099],[123.872,12.2216],[123.8542,12.1945],[123.7994,12.244],[123.783,12.1953],[123.6966,12.331],[123.6501,12.3417],[123.6269,12.3794],[123.6209,12.361],[123.5819,12.3532],[123.61,12.3824],[123.5695,12.4114],[123.5553,12.4621],[123.5377,12.4481],[123.4443,12.517],[123.4021,12.5241],[123.371,12.5058],[123.383,12.4654],[123.3625,12.4712],[123.3291,12.4318],[123.3232,12.4674],[123.3606,12.4841],[123.3385,12.5392],[123.3794,12.5414],[123.2371,12.6012]]],[[[123.5829,12.664],[123.5819,12.6651],[123.5819,12.6586],[123.5852,12.6529],[123.5858,12.655],[123.5829,12.664]]],[[[123.5994,12.6753],[123.5971,12.6746],[123.5993,12.672],[123.6005,12.6743],[123.5994,12.6753]]],[[[123.5963,12.6868],[123.5921,12.6817],[123.5949,12.6777],[123.5963,12.6868]]],[[[123.6219,12.6933],[123.5985,12.6775],[123.6149,12.6332],[123.6025,12.6447],[123.5914,12.6319],[123.5818,12.6532],[123.5792,12.6309],[123.5995,12.6006],[123.612,12.6082],[123.6846,12.4628],[123.7897,12.3383],[123.7918,12.4089],[123.7732,12.4163],[123.7701,12.4927],[123.7197,12.5765],[123.7362,12.5829],[123.7254,12.6144],[123.6552,12.6489],[123.6219,12.6933]]],[[[123.6026,12.7085],[123.6015,12.7064],[123.606,12.6985],[123.6132,12.6925],[123.6174,12.6936],[123.6167,12.6958],[123.6126,12.6978],[123.6107,12.7008],[123.6056,12.7017],[123.607,12.7026],[123.6037,12.7059],[123.6046,12.7077],[123.6026,12.7085]]],[[[123.5905,12.7181],[123.5889,12.7177],[123.594,12.7127],[123.5992,12.7102],[123.598,12.7123],[123.599,12.7137],[123.5971,12.7144],[123.5981,12.7149],[123.5957,12.7142],[123.5965,12.7158],[123.5948,12.7155],[123.5956,12.7162],[123.5937,12.7176],[123.592,12.7162],[123.5918,12.7179],[123.5905,12.7181]]],[[[123.8016,12.8398],[123.7909,12.8323],[123.8275,12.8211],[123.8016,12.8398]]],[[[123.7652,12.8369],[123.7693,12.8413],[123.7703,12.8506],[123.7692,12.8457],[123.7638,12.8406],[123.7652,12.8369]]],[[[123.921,12.8561],[123.9203,12.8554],[123.922,12.8559],[123.921,12.8561]]],[[[124.1582,12.8591],[124.1536,12.8575],[124.1534,12.8554],[124.1565,12.8558],[124.1555,12.8531],[124.1583,12.8546],[124.1585,12.8564],[124.1573,12.8566],[124.1582,12.8591]]],[[[123.9063,12.8656],[123.9018,12.8628],[123.8996,12.8634],[123.9003,12.8606],[123.9046,12.8629],[123.9058,12.8606],[123.9048,12.8588],[123.9075,12.8606],[123.9102,12.8591],[123.9088,12.8626],[123.9062,12.8638],[123.9063,12.8656]]],[[[123.8099,12.8741],[123.814,12.8686],[123.8126,12.8723],[123.8099,12.8741]]],[[[123.8353,12.8751],[123.8343,12.8742],[123.8391,12.874],[123.8353,12.8751]]],[[[123.8408,12.8817],[123.8395,12.8817],[123.8418,12.8808],[123.8408,12.8817]]],[[[123.8397,12.884],[123.8362,12.8808],[123.8389,12.881],[123.8392,12.8828],[123.8409,12.8832],[123.8397,12.884]]],[[[123.8866,12.8886],[123.8808,12.8855],[123.8842,12.8751],[123.8877,12.8694],[123.8919,12.8727],[123.8964,12.8686],[123.8993,12.8694],[123.8994,12.8675],[123.9037,12.8687],[123.9029,12.8726],[123.8997,12.8762],[123.9021,12.8806],[123.8926,12.8791],[123.8902,12.8875],[123.8866,12.8886]]],[[[122.9566,13.1292],[122.9567,13.1278],[122.9583,13.1275],[122.9566,13.1292]]],[[[122.8462,13.141],[122.8472,13.1424],[122.8434,13.1444],[122.8462,13.141]]],[[[122.842,13.1448],[122.8426,13.1464],[122.8411,13.1471],[122.842,13.1448]]],[[[122.8012,13.1512],[122.8017,13.1525],[122.8004,13.1526],[122.8012,13.1512]]],[[[122.974,13.157],[122.948,13.1357],[122.973,13.1358],[122.974,13.157]]],[[[122.9948,13.1592],[122.9806,13.1163],[122.9686,13.1287],[122.9285,13.1133],[122.9603,13.0846],[122.9428,13.0678],[122.9453,13.0258],[122.9648,13.0391],[122.9854,13.0064],[123.0643,12.9992],[123.0777,12.9567],[123.0911,12.9649],[123.1082,12.9236],[123.1474,12.9068],[123.1382,12.8927],[123.1711,12.8841],[123.199,12.8417],[123.2625,12.832],[123.3347,12.7216],[123.3852,12.6938],[123.2871,12.8195],[123.2775,12.888],[123.1821,12.9139],[123.0544,13.1211],[123.0387,13.1162],[123.0453,13.135],[123.0102,13.1382],[122.9948,13.1592]]],[[[122.8587,13.1733],[122.8712,13.1449],[122.8941,13.1404],[122.8587,13.1733]]],[[[122.9372,13.1801],[122.9359,13.1787],[122.9369,13.1751],[122.9383,13.1784],[122.9372,13.1801]]],[[[124.13,13.2361],[124.0579,13.2072],[124.2173,13.1758],[124.2037,13.211],[124.13,13.2361]]],[[[123.8284,13.2741],[123.8265,13.2728],[123.8269,13.2692],[123.8287,13.2677],[123.8288,13.2701],[123.8301,13.2674],[123.8317,13.2679],[123.8313,13.2701],[123.8365,13.2705],[123.8284,13.2741]]],[[[123.9771,13.2916],[123.9084,13.2862],[123.9516,13.2336],[123.9917,13.2375],[124.0225,13.2169],[124.099,13.2588],[124.041,13.2793],[124.029,13.2583],[124.0088,13.287],[123.9861,13.2593],[123.9771,13.2916]]],[[[123.9104,13.2983],[123.9083,13.297],[123.9094,13.2918],[123.9098,13.2955],[123.9114,13.2963],[123.9104,13.2983]]],[[[123.9609,13.308],[123.9584,13.3042],[123.9587,13.2987],[123.9569,13.2933],[123.9694,13.298],[123.9671,13.3034],[123.9609,13.308]]],[[[123.938,13.3245],[123.927,13.3067],[123.9486,13.306],[123.938,13.3245]]],[[[123.8511,13.3544],[123.8401,13.3362],[123.8624,13.3159],[123.8393,13.2731],[123.8844,13.2244],[123.9124,13.2373],[123.8849,13.2812],[123.9301,13.328],[123.8511,13.3544]]],[[[123.7656,13.4074],[123.8355,13.3441],[123.8515,13.3699],[123.7656,13.4074]]],[[[124.3354,13.5625],[124.334,13.5615],[124.3364,13.5614],[124.3354,13.5625]]],[[[123.5705,13.592],[123.5636,13.5872],[123.5641,13.5848],[123.57,13.5796],[123.5775,13.5801],[123.5786,13.5835],[123.5742,13.5821],[123.5737,13.5887],[123.5705,13.592]]],[[[123.6706,13.7036],[123.6697,13.7034],[123.6709,13.7025],[123.6706,13.7036]]],[[[123.9961,13.7138],[123.9973,13.7121],[123.9959,13.7126],[123.9948,13.7109],[123.9987,13.7116],[123.9961,13.7138]]],[[[124.0006,13.7151],[123.9991,13.7143],[124.0008,13.7115],[124.0023,13.7133],[124.0006,13.7151]]],[[[124.4002,13.721],[124.3936,13.7184],[124.395,13.716],[124.3997,13.7177],[124.4012,13.7198],[124.4002,13.721]]],[[[123.9817,13.7273],[123.9798,13.7267],[123.9818,13.7251],[123.9828,13.7261],[123.9817,13.7273]]],[[[123.2572,13.745],[123.2557,13.7463],[123.2561,13.7447],[123.2572,13.745]]],[[[123.2446,13.7486],[123.2424,13.7477],[123.2443,13.7413],[123.2439,13.7449],[123.2465,13.747],[123.2446,13.7486]]],[[[123.2709,13.7688],[123.2705,13.7707],[123.2676,13.7714],[123.2709,13.7688]]],[[[124.4056,13.7734],[124.4035,13.7712],[124.4047,13.7696],[124.4111,13.7668],[124.4124,13.7706],[124.4101,13.7721],[124.4078,13.7711],[124.4056,13.7734]]],[[[123.9908,13.7764],[123.9901,13.7732],[123.9919,13.7715],[123.9929,13.775],[123.9908,13.7764]]],[[[123.2784,13.7769],[123.2683,13.7753],[123.2723,13.7736],[123.2772,13.7767],[123.2795,13.7765],[123.2784,13.7769]]],[[[123.9492,13.7782],[123.9477,13.7773],[123.9476,13.7739],[123.9499,13.7723],[123.9513,13.7724],[123.9526,13.7749],[123.9536,13.7737],[123.9543,13.7765],[123.9528,13.7769],[123.9524,13.7751],[123.9509,13.7751],[123.9492,13.7782]]],[[[124.4223,13.7788],[124.4213,13.7778],[124.4223,13.7772],[124.4217,13.7768],[124.422,13.7763],[124.4231,13.7761],[124.4221,13.7769],[124.423,13.777],[124.4227,13.7776],[124.4239,13.7773],[124.4223,13.7788]]],[[[122.7571,13.7839],[122.757,13.783],[122.7582,13.7837],[122.7571,13.7839]]],[[[122.7434,13.7831],[122.7428,13.7842],[122.7426,13.7826],[122.7397,13.7832],[122.7385,13.7805],[122.734,13.7829],[122.7239,13.7791],[122.7273,13.7769],[122.7262,13.7789],[122.7277,13.7798],[122.7295,13.7776],[122.7326,13.7776],[122.7341,13.7762],[122.735,13.7772],[122.7356,13.7758],[122.7364,13.7775],[122.737,13.7762],[122.7417,13.7776],[122.7409,13.7788],[122.7427,13.7795],[122.7434,13.7831]]],[[[124.4208,13.7844],[124.42,13.7831],[124.4213,13.7834],[124.4208,13.7844]]],[[[122.7626,13.7854],[122.7622,13.7841],[122.7634,13.7846],[122.7626,13.7854]]],[[[123.9873,13.794],[123.9842,13.7849],[123.9888,13.7826],[123.9904,13.7866],[123.9869,13.791],[123.9873,13.794]]],[[[122.7434,13.803],[122.7429,13.8019],[122.7453,13.8024],[122.7434,13.803]]],[[[123.8914,13.8051],[123.8903,13.8062],[123.89,13.8035],[123.8913,13.8029],[123.8914,13.8051]]],[[[124.4224,13.8065],[124.4223,13.8047],[124.4248,13.8045],[124.4224,13.8065]]],[[[123.895,13.812],[123.8934,13.8108],[123.8942,13.8093],[123.8985,13.8106],[123.8984,13.8119],[123.895,13.812]]],[[[123.9066,13.8126],[123.906,13.8113],[123.908,13.8115],[123.9066,13.8126]]],[[[123.8561,13.8234],[123.8535,13.8232],[123.8534,13.8205],[123.8544,13.8191],[123.8542,13.8201],[123.8572,13.8206],[123.8556,13.822],[123.8561,13.8234]]],[[[123.8492,13.8428],[123.8479,13.8423],[123.8477,13.8391],[123.844,13.8396],[123.8392,13.8379],[123.8435,13.8365],[123.8411,13.8341],[123.8423,13.8325],[123.8469,13.8335],[123.8464,13.8315],[123.8481,13.8314],[123.8498,13.8275],[123.8522,13.8281],[123.8507,13.8346],[123.8529,13.8385],[123.8492,13.8428]]],[[[123.8056,13.8453],[123.8036,13.8428],[123.8065,13.8443],[123.8056,13.8453]]],[[[123.841,13.8479],[123.8386,13.8476],[123.8374,13.8449],[123.8398,13.842],[123.8427,13.8465],[123.841,13.8479]]],[[[124.4135,13.859],[124.4123,13.8581],[124.4146,13.8591],[124.4135,13.859]]],[[[123.7997,13.8614],[123.798,13.8615],[123.7996,13.8601],[123.8006,13.8607],[123.7997,13.8614]]],[[[123.8209,13.8638],[123.82,13.8619],[123.8225,13.861],[123.8209,13.8638]]],[[[123.8692,13.8649],[123.867,13.8637],[123.8692,13.8628],[123.8717,13.8647],[123.8692,13.8649]]],[[[123.8565,13.867],[123.8559,13.8685],[123.8558,13.8664],[123.8535,13.8654],[123.856,13.8618],[123.8558,13.8591],[123.8627,13.8641],[123.8565,13.867]]],[[[123.7638,13.8705],[123.763,13.8693],[123.7612,13.8698],[123.7613,13.8675],[123.7652,13.8686],[123.7638,13.8705]]],[[[123.8385,13.8751],[123.837,13.8699],[123.8394,13.8667],[123.8409,13.8724],[123.8385,13.8751]]],[[[123.8064,13.8746],[123.8065,13.8757],[123.8045,13.8747],[123.8077,13.8709],[123.8094,13.8739],[123.8064,13.8746]]],[[[123.8315,13.8812],[123.829,13.8812],[123.8285,13.8773],[123.8241,13.8735],[123.832,13.8718],[123.8332,13.8695],[123.8358,13.875],[123.8321,13.8786],[123.8315,13.8812]]],[[[123.8558,13.8827],[123.8553,13.8836],[123.8528,13.8824],[123.8529,13.8808],[123.8512,13.8808],[123.8506,13.8721],[123.8505,13.8743],[123.8473,13.8719],[123.8456,13.8737],[123.8448,13.8714],[123.8426,13.8708],[123.8406,13.8651],[123.8433,13.8599],[123.845,13.8621],[123.8476,13.8619],[123.8468,13.8593],[123.8495,13.8567],[123.8516,13.8571],[123.8497,13.8589],[123.8488,13.864],[123.8494,13.8659],[123.8507,13.8656],[123.8515,13.8696],[123.8502,13.8714],[123.8521,13.8725],[123.855,13.8798],[123.8578,13.8801],[123.859,13.8819],[123.8558,13.8827]]],[[[123.8387,13.8855],[123.8354,13.8856],[123.8371,13.8832],[123.8367,13.8771],[123.839,13.8787],[123.8415,13.8861],[123.8405,13.8849],[123.8387,13.8855]]],[[[123.8566,13.8869],[123.8538,13.8866],[123.8486,13.8827],[123.8566,13.8869]]],[[[123.7871,13.8908],[123.7856,13.8907],[123.784,13.8862],[123.7808,13.885],[123.7796,13.8862],[123.7792,13.8849],[123.7839,13.8794],[123.7869,13.8775],[123.7896,13.8776],[123.7876,13.8734],[123.7886,13.8713],[123.7854,13.8716],[123.786,13.8683],[123.7898,13.8678],[123.7917,13.8728],[123.7934,13.8715],[123.7964,13.8735],[123.7934,13.8793],[123.7889,13.8827],[123.7892,13.8846],[123.7862,13.8877],[123.7871,13.8908]]],[[[123.6269,13.8979],[123.6264,13.8967],[123.6288,13.8954],[123.6269,13.8979]]],[[[124.3942,13.8992],[124.3931,13.8937],[124.3952,13.8945],[124.3956,13.8966],[124.3942,13.8992]]],[[[123.6291,13.9008],[123.6274,13.9003],[123.6284,13.8989],[123.6331,13.8992],[123.6326,13.9004],[123.6291,13.9008]]],[[[124.319,13.9005],[124.3197,13.9013],[124.3141,13.8978],[124.319,13.9005]]],[[[123.6256,13.9024],[123.6247,13.9022],[123.6282,13.9018],[123.6256,13.9024]]],[[[123.6379,13.907],[123.6353,13.9057],[123.6369,13.9052],[123.6379,13.907]]],[[[123.5821,13.9329],[123.5817,13.9311],[123.5786,13.9305],[123.5781,13.9279],[123.5806,13.9273],[123.5852,13.922],[123.5928,13.9217],[123.5949,13.9199],[123.593,13.9188],[123.5959,13.9162],[123.5967,13.9199],[123.5993,13.9198],[123.5983,13.9216],[123.5994,13.9238],[123.5968,13.9262],[123.5867,13.9277],[123.5821,13.9329]]],[[[124.3279,13.9363],[124.3272,13.9354],[124.3287,13.9356],[124.3279,13.9363]]],[[[123.4197,13.9499],[123.4186,13.9489],[123.4195,13.9471],[123.4209,13.9478],[123.4197,13.9499]]],[[[123.852,13.9504],[123.8475,13.9497],[123.8439,13.9472],[123.8481,13.9465],[123.8539,13.9503],[123.852,13.9504]]],[[[123.3306,13.9536],[123.3299,13.9522],[123.3319,13.9534],[123.3306,13.9536]]],[[[123.5152,13.9588],[123.5122,13.9578],[123.5122,13.9528],[123.5158,13.9577],[123.5152,13.9588]]],[[[123.5405,13.9591],[123.5368,13.9582],[123.5339,13.9548],[123.5374,13.9548],[123.5405,13.9591]]],[[[123.2519,13.9608],[123.25,13.9578],[123.2546,13.9569],[123.2519,13.9608]]],[[[123.813,13.9612],[123.8123,13.9594],[123.8143,13.9581],[123.813,13.9612]]],[[[123.7821,13.9609],[123.7807,13.9627],[123.7785,13.9619],[123.7811,13.9601],[123.7821,13.9609]]],[[[123.4461,13.9656],[123.4432,13.9635],[123.4464,13.9639],[123.4461,13.9656]]],[[[124.3038,13.9664],[124.2991,13.9635],[124.2988,13.9585],[124.2967,13.9551],[124.2989,13.9531],[124.3062,13.9601],[124.3063,13.9638],[124.3039,13.9647],[124.3038,13.9664]]],[[[123.7039,13.9651],[123.7041,13.9667],[123.7019,13.9653],[123.7039,13.9651]]],[[[123.8592,13.9671],[123.8553,13.9658],[123.8537,13.9631],[123.8552,13.9617],[123.8542,13.958],[123.8554,13.9575],[123.8581,13.9592],[123.8587,13.9574],[123.8611,13.9575],[123.8597,13.9539],[123.8609,13.9533],[123.8574,13.949],[123.8653,13.9516],[123.8668,13.9497],[123.8721,13.9488],[123.8696,13.9516],[123.8706,13.9535],[123.8648,13.9572],[123.8652,13.9598],[123.8598,13.9642],[123.8607,13.9666],[123.8592,13.9671]]],[[[123.5232,13.9675],[123.5173,13.9659],[123.518,13.9625],[123.5228,13.9641],[123.5245,13.967],[123.5232,13.9675]]],[[[123.8118,13.9688],[123.8137,13.9656],[123.8135,13.9678],[123.8118,13.9688]]],[[[123.5653,13.9685],[123.5637,13.9687],[123.5632,13.967],[123.5653,13.9663],[123.5668,13.9674],[123.5653,13.9685]]],[[[123.5778,13.9699],[123.5562,13.9552],[123.5748,13.9313],[123.5778,13.9699]]],[[[123.2237,13.9703],[123.2227,13.9715],[123.2223,13.9707],[123.2294,13.964],[123.2328,13.9628],[123.234,13.9663],[123.2325,13.9648],[123.2237,13.9703]]],[[[123.7749,13.9733],[123.7741,13.9749],[123.7735,13.9735],[123.7749,13.9733]]],[[[123.5501,13.9771],[123.5475,13.974],[123.5502,13.9739],[123.5574,13.9683],[123.5578,13.9712],[123.5538,13.9726],[123.5538,13.9741],[123.5507,13.9751],[123.5501,13.9771]]],[[[123.5461,13.9777],[123.5393,13.9756],[123.5424,13.9757],[123.5445,13.9738],[123.5473,13.9749],[123.5461,13.9777]]],[[[123.818,13.9785],[123.8115,13.9123],[123.8316,13.8895],[123.8397,13.9696],[123.818,13.9785]]],[[[123.6443,13.9784],[123.6604,13.9466],[123.6347,13.9648],[123.6216,13.9389],[123.6067,13.9618],[123.6014,13.9142],[123.6252,13.907],[123.6778,13.9427],[123.6443,13.9784]]],[[[123.4017,13.9821],[123.4017,13.9807],[123.4004,13.9813],[123.4017,13.9785],[123.4029,13.9799],[123.4017,13.9821]]],[[[123.8263,13.9854],[123.8241,13.9839],[123.8246,13.9817],[123.8268,13.9834],[123.8263,13.9854]]],[[[124.3267,13.987],[124.3306,13.9687],[124.3085,13.9786],[124.3098,13.9583],[124.327,13.9411],[124.355,13.946],[124.3267,13.987]]],[[[123.5211,13.9886],[123.5174,13.9857],[123.5165,13.9799],[123.5134,13.9781],[123.5138,13.9717],[123.5187,13.9751],[123.5201,13.9746],[123.522,13.9772],[123.5232,13.9766],[123.5266,13.9806],[123.5276,13.9849],[123.5259,13.9827],[123.5237,13.9835],[123.5209,13.986],[123.5211,13.9886]]],[[[123.5675,13.9912],[123.5692,13.9883],[123.5696,13.9897],[123.5675,13.9912]]],[[[123.5229,13.9921],[123.5214,13.9913],[123.5229,13.991],[123.5229,13.9921]]],[[[123.558,13.9939],[123.5751,13.9692],[123.5805,13.9861],[123.558,13.9939]]],[[[123.6388,13.995],[123.6379,13.9948],[123.6392,13.9909],[123.6371,13.9884],[123.64,13.9842],[123.6426,13.9895],[123.6388,13.995]]],[[[123.5126,13.9997],[123.5122,13.9988],[123.5139,13.9991],[123.5126,13.9997]]],[[[123.5164,14.0023],[123.515,14.0018],[123.5143,13.9988],[123.5172,14.0005],[123.5164,14.0023]]],[[[123.4035,14.0102],[123.4027,14.0094],[123.4053,14.0083],[123.4035,14.0102]]],[[[124.2678,14.0232],[124.2664,14.0197],[124.2683,14.0193],[124.2678,14.0232]]],[[[124.0132,14.0261],[124.0144,14.023],[124.0162,14.0242],[124.0201,14.0194],[124.0202,14.0175],[124.0185,14.0173],[124.0178,14.0145],[124.0252,14.0142],[124.0233,14.0189],[124.0176,14.0254],[124.0139,14.025],[124.0132,14.0261]]],[[[123.2127,14.031],[123.2076,14.0243],[123.2104,14.0233],[123.2132,14.0253],[123.2187,14.0238],[123.2217,14.0256],[123.2244,14.0248],[123.2249,14.0262],[123.2127,14.031]]],[[[123.3918,14.0312],[123.3918,14.0293],[123.3928,14.0306],[123.3918,14.0312]]],[[[124.0595,14.0316],[124.0585,14.0304],[124.0594,14.028],[124.0652,14.0207],[124.0664,14.0222],[124.0631,14.0275],[124.0614,14.0271],[124.0595,14.0316]]],[[[124.0391,14.0322],[124.036,14.0315],[124.0348,14.0273],[124.0371,14.0227],[124.0374,14.0185],[124.0361,14.018],[124.0402,14.0137],[124.0416,14.0153],[124.0394,14.0189],[124.0421,14.02],[124.0454,14.0176],[124.0454,14.0144],[124.0473,14.0137],[124.0475,14.0158],[124.0507,14.0177],[124.0472,14.0204],[124.0466,14.0242],[124.0487,14.0281],[124.0517,14.0273],[124.0514,14.0303],[124.0497,14.0321],[124.0454,14.0319],[124.0442,14.0287],[124.0391,14.0322]]],[[[123.1051,14.0467],[123.0942,14.0399],[123.1122,14.0302],[123.1051,14.0467]]],[[[123.0893,14.0568],[123.0853,14.0541],[123.0873,14.0542],[123.0877,14.0529],[123.0894,14.0539],[123.0893,14.0568]]],[[[123.0784,14.0706],[123.0779,14.0731],[123.0748,14.0733],[123.0698,14.0713],[123.0665,14.0676],[123.0758,14.0647],[123.0774,14.0659],[123.0784,14.0706]]],[[[123.1051,14.09],[123.0992,14.0845],[123.1006,14.0849],[123.0985,14.0803],[123.1031,14.0798],[123.1123,14.0747],[123.1169,14.0752],[123.1175,14.079],[123.1138,14.0776],[123.1118,14.0787],[123.109,14.0857],[123.1051,14.09]]],[[[123.0904,14.091],[123.0873,14.09],[123.0849,14.0845],[123.0906,14.0841],[123.0938,14.08],[123.0955,14.0803],[123.0949,14.0861],[123.0904,14.091]]],[[[123.0816,14.0921],[123.0806,14.0916],[123.0809,14.0866],[123.0848,14.085],[123.084,14.0901],[123.0816,14.0921]]],[[[124.2064,14.0999],[124.1704,14.0507],[124.1265,14.0603],[124.1397,14.014],[124.1276,13.9772],[124.1483,13.9258],[124.1281,13.8858],[124.1358,13.7961],[124.0956,13.7047],[124.0233,13.6632],[124.057,13.6192],[124.0478,13.6019],[124.1068,13.5931],[124.2084,13.5166],[124.2104,13.5591],[124.2564,13.5933],[124.3109,13.5893],[124.3172,13.552],[124.3449,13.5488],[124.3264,13.5575],[124.3507,13.5953],[124.3421,13.6407],[124.4165,13.6662],[124.3844,13.7148],[124.4096,13.7515],[124.3929,13.779],[124.422,13.7959],[124.415,13.8355],[124.3987,13.8364],[124.4212,13.8469],[124.3998,13.8588],[124.4078,13.8795],[124.3929,13.8932],[124.3872,13.8717],[124.3516,13.9399],[124.3119,13.8975],[124.3142,13.9337],[124.2826,13.9468],[124.2628,14.0332],[124.2064,14.0999]]],[[[123.2988,14.1288],[123.3181,14.0888],[123.3278,14.1106],[123.2988,14.1288]]],[[[123.0521,14.1296],[123.0692,14.0977],[123.0687,14.1291],[123.0521,14.1296]]],[[[122.9145,14.1964],[122.9099,14.1931],[122.911,14.1898],[122.9146,14.1908],[122.9145,14.1964]]],[[[122.9177,14.1982],[122.9163,14.1978],[122.917,14.1957],[122.9193,14.1965],[122.9177,14.1982]]],[[[122.9514,14.205],[122.948,14.2035],[122.9474,14.2016],[122.9525,14.2026],[122.9514,14.205]]],[[[122.912,14.2177],[122.9116,14.2168],[122.9132,14.2166],[122.912,14.2177]]],[[[122.9247,14.2223],[122.9175,14.1955],[122.9401,14.1894],[122.9247,14.2223]]],[[[122.5904,14.3306],[122.5874,14.3295],[122.5841,14.3303],[122.5834,14.3271],[122.581,14.3271],[122.5821,14.3255],[122.5855,14.3259],[122.5861,14.3273],[122.5933,14.3297],[122.5904,14.3306]]],[[[122.5509,13.9458],[122.5674,13.9375],[122.554,13.9225],[122.5671,13.905],[122.642,13.8825],[122.6516,13.8512],[122.6369,13.8399],[122.6529,13.8208],[122.7225,13.8171],[122.7686,13.7858],[122.7425,13.7773],[122.8361,13.735],[122.8622,13.6897],[122.8241,13.6494],[122.7987,13.6505],[122.8325,13.6397],[122.8882,13.5762],[123.1947,13.4272],[123.2386,13.2904],[123.2918,13.2541],[123.3273,13.1982],[123.2883,13.147],[123.2962,13.0834],[123.2807,13.0577],[123.3198,13.0066],[123.3776,13.0395],[123.4259,13.0399],[123.5298,12.9373],[123.556,12.9461],[123.6521,12.8702],[123.6621,12.9177],[123.7113,12.941],[123.6725,12.9085],[123.6926,12.8651],[123.7065,12.8779],[123.6919,12.8969],[123.7082,12.883],[123.7344,12.8977],[123.7416,12.8853],[123.7101,12.8761],[123.7315,12.8695],[123.7362,12.845],[123.7594,12.8804],[123.7961,12.8628],[123.8157,12.8901],[123.8293,12.8757],[123.834,12.9041],[123.8552,12.898],[123.8807,12.9342],[123.8836,12.9785],[123.9211,12.9795],[123.9591,12.9552],[124.0341,12.9641],[124.0414,12.9252],[123.9977,12.8617],[123.9862,12.8798],[123.9499,12.8762],[123.9453,12.8486],[123.9253,12.8448],[123.8591,12.8758],[123.8639,12.8594],[123.8304,12.828],[123.8747,12.6557],[123.9179,12.6181],[123.9389,12.6253],[123.9377,12.5994],[123.9894,12.5448],[124.0812,12.5363],[124.082,12.5568],[124.0979,12.557],[124.0853,12.5835],[124.1098,12.5943],[124.0942,12.6369],[124.134,12.6622],[124.1315,12.7334],[124.1558,12.8088],[124.1552,12.8603],[124.1379,12.8735],[124.1486,12.893],[124.1174,12.9087],[124.1426,12.9345],[124.1514,12.998],[124.1983,13.0185],[124.1929,13.0609],[124.1308,13.0749],[124.1072,13.0597],[124.0907,13.0038],[124.075,13.0035],[124.0658,13.0326],[124.0224,13.0519],[123.9721,13.1093],[123.8795,13.1432],[123.8569,13.1083],[123.8393,13.1105],[123.8125,13.0541],[123.7589,13.0588],[123.7512,13.0899],[123.7757,13.0895],[123.786,13.1147],[123.7564,13.1451],[123.7746,13.2275],[123.862,13.2244],[123.8681,13.2397],[123.8289,13.2668],[123.8323,13.2342],[123.8155,13.2881],[123.7441,13.3249],[123.7271,13.3836],[123.7433,13.3694],[123.6778,13.4774],[123.6247,13.4915],[123.5839,13.5546],[123.5477,13.5515],[123.53,13.5737],[123.5521,13.6018],[123.5358,13.6121],[123.5399,13.6427],[123.5826,13.7281],[123.8026,13.6877],[123.8833,13.739],[123.9341,13.7196],[123.9369,13.7367],[123.9689,13.709],[123.9757,13.7392],[123.9474,13.7547],[123.9414,13.7955],[123.8916,13.7988],[123.867,13.8258],[123.8485,13.8099],[123.7833,13.8436],[123.7069,13.9432],[123.7056,13.8889],[123.6807,13.8785],[123.663,13.894],[123.5994,13.8923],[123.5453,13.9321],[123.5425,13.9094],[123.5191,13.9125],[123.5168,13.9303],[123.4906,13.9138],[123.5012,13.9416],[123.4501,13.9671],[123.4512,13.9201],[123.426,13.9202],[123.4076,13.943],[123.4159,13.9844],[123.3982,13.9776],[123.4015,14.0083],[123.3823,14.0081],[123.3885,14.0341],[123.3636,14.008],[123.3427,14.0133],[123.3519,14.0388],[123.3745,14.0403],[123.3399,14.1054],[123.3295,14.0875],[123.3458,14.0689],[123.309,14.0671],[123.3213,14.0395],[123.2554,14.0729],[123.2833,14.0332],[123.2305,14.0256],[123.2701,13.9991],[123.2279,14.0003],[123.2324,13.9678],[123.2655,13.9624],[123.2603,13.9488],[123.2939,13.927],[123.3389,13.9824],[123.3327,13.938],[123.2845,13.8963],[123.3247,13.8003],[123.2394,13.732],[123.12,13.7211],[123.0456,13.7764],[123.0652,13.8736],[123.0954,13.8914],[123.0834,13.9818],[123.03,14.0359],[123.0432,14.0985],[123.0246,14.1122],[123.0118,14.0969],[122.9374,14.1906],[122.8882,14.2008],[122.9123,14.196],[122.8933,14.2188],[122.9166,14.2195],[122.8484,14.2821],[122.8005,14.2746],[122.7909,14.3115],[122.7512,14.3285],[122.7233,14.3119],[122.7166,14.3371],[122.6882,14.3442],[122.6684,14.3394],[122.6886,14.28],[122.6687,14.2999],[122.6586,14.2895],[122.6526,14.3145],[122.6335,14.2818],[122.6312,14.3218],[122.6206,14.288],[122.5957,14.3051],[122.6105,14.3144],[122.5223,14.3492],[122.5092,14.344],[122.5195,14.317],[122.4682,14.3392],[122.4301,14.2994],[122.4144,14.3125],[122.4128,14.287],[122.385,14.2877],[122.3795,14.257],[122.3603,14.2516],[122.3822,14.2152],[122.3458,14.2167],[122.3569,14.1872],[122.3338,14.2024],[122.3517,14.1223],[122.3079,14.102],[122.3038,14.0674],[122.3838,14.0666],[122.452,14.1502],[122.7925,14.0138],[122.5509,13.9458]]],[[[122.6066,14.3492],[122.6037,14.3471],[122.6052,14.3465],[122.6061,14.3422],[122.6066,14.3492]]],[[[122.9509,14.3756],[122.9502,14.3747],[122.9528,14.3717],[122.9582,14.3694],[122.9615,14.3696],[122.9632,14.3719],[122.9607,14.3737],[122.9624,14.3748],[122.9612,14.3754],[122.9568,14.3742],[122.9509,14.3756]]],[[[122.8138,14.4076],[122.8057,14.4188],[122.8193,14.3853],[122.8138,14.4076]]],[[[122.9211,14.4195],[122.9199,14.4193],[122.9225,14.4192],[122.9211,14.4195]]],[[[122.9291,14.4186],[122.9286,14.42],[122.9234,14.4182],[122.9281,14.4147],[122.9303,14.4167],[122.9291,14.4186]]],[[[122.9901,14.4353],[122.9847,14.433],[122.9851,14.4282],[122.9927,14.4317],[123.0008,14.4282],[123.0034,14.4283],[123.004,14.4296],[123.0195,14.4302],[123.0178,14.4314],[123.0149,14.4308],[123.0139,14.4324],[123.0115,14.4301],[123.0101,14.432],[123.0041,14.4319],[123.0051,14.4333],[123.0029,14.4333],[123.002,14.4353],[123.0003,14.4338],[122.9991,14.4352],[122.9992,14.4331],[122.9957,14.4322],[122.9901,14.4353]]],[[[122.9398,14.4399],[122.9299,14.4255],[122.9801,14.4054],[122.9398,14.4399]]],[[[122.9386,14.4448],[122.9378,14.444],[122.9401,14.4414],[122.9406,14.4428],[122.9386,14.4448]]],[[[122.988,14.4489],[122.9867,14.4478],[122.9876,14.4463],[122.9917,14.4451],[122.9951,14.4466],[122.9945,14.4481],[122.9904,14.4475],[122.988,14.4489]]],[[[122.9809,14.4491],[122.9784,14.4485],[122.9777,14.4469],[122.981,14.4477],[122.9809,14.4491]]],[[[122.9705,14.4525],[122.9668,14.4501],[122.9675,14.4474],[122.9701,14.447],[122.9746,14.4494],[122.9748,14.4513],[122.9705,14.4525]]],[[[122.9364,14.4906],[122.931,14.4888],[122.9378,14.486],[122.9364,14.4906]]],[[[122.9076,14.493],[122.9058,14.4919],[122.9078,14.4908],[122.9076,14.493]]],[[[122.9494,14.4948],[122.9019,14.4452],[122.9446,14.4501],[122.9623,14.4921],[122.9494,14.4948]]],[[[122.9302,14.4955],[122.9287,14.4926],[122.9269,14.4923],[122.927,14.4901],[122.9331,14.4924],[122.933,14.494],[122.9302,14.4955]]],[[[122.9047,14.5006],[122.9035,14.4999],[122.9045,14.4977],[122.902,14.4962],[122.9031,14.4923],[122.9047,14.4927],[122.9052,14.4949],[122.9074,14.4951],[122.9064,14.4993],[122.9047,14.5006]]],[[[122.9292,14.5011],[122.928,14.5007],[122.9311,14.5001],[122.9292,14.5011]]]]},"properties":{"iso3":"PHL","shapeId":"36201628B13149248482964","regionId":"PHL.101_1","name":"Bicol Region"}},{"type":"Feature","geometry":{"type":"MultiPolygon","coordinates":[[[[122.4968,9.5561],[122.4939,9.5537],[122.4961,9.5489],[122.498,9.5491],[122.4999,9.5516],[122.4993,9.5547],[122.4968,9.5561]]],[[[122.4381,9.6535],[122.4329,9.6477],[122.4343,9.6434],[122.4358,9.6467],[122.4375,9.6472],[122.4381,9.6535]]],[[[122.3975,9.6802],[122.3967,9.6806],[122.3981,9.6793],[122.3975,9.6802]]],[[[122.3935,9.7378],[122.3896,9.7365],[122.3932,9.7344],[122.3928,9.736],[122.3935,9.7378]]],[[[122.3964,9.8035],[122.3954,9.8033],[122.3966,9.8021],[122.3964,9.8035]]],[[[122.3675,9.83],[122.3651,9.8282],[122.369,9.8281],[122.3675,9.83]]],[[[122.3849,9.8624],[122.3831,9.8619],[122.3839,9.8595],[122.387,9.8613],[122.3857,9.8607],[122.3867,9.8614],[122.3849,9.8624]]],[[[122.3756,9.8805],[122.3752,9.8785],[122.3782,9.8792],[122.3761,9.8782],[122.3779,9.8765],[122.3777,9.8734],[122.3761,9.8696],[122.3734,9.8684],[122.3775,9.8659],[122.3795,9.8678],[122.379,9.8705],[122.3775,9.871],[122.3791,9.8711],[122.38,9.8768],[122.3792,9.8803],[122.3756,9.8805]]],[[[122.6057,10.398],[122.5922,10.3952],[122.6244,10.3895],[122.6057,10.398]]],[[[122.5068,10.4063],[122.5075,10.4041],[122.508,10.4059],[122.5068,10.4063]]],[[[122.5572,10.4047],[122.5575,10.406],[122.554,10.4083],[122.5505,10.4044],[122.5572,10.4047]]],[[[122.5103,10.4107],[122.5092,10.4104],[122.5105,10.4085],[122.5082,10.4083],[122.5085,10.4046],[122.5099,10.4048],[122.5085,10.4023],[122.5097,10.4037],[122.5136,10.4036],[122.513,10.408],[122.5113,10.4076],[122.5103,10.4107]]],[[[122.5056,10.415],[122.5049,10.4122],[122.5059,10.4113],[122.5071,10.4134],[122.5056,10.415]]],[[[122.588,10.4115],[122.5899,10.4144],[122.5862,10.4153],[122.5853,10.4131],[122.588,10.4115]]],[[[122.5814,10.4158],[122.5781,10.4144],[122.5792,10.4117],[122.5836,10.4125],[122.5833,10.4156],[122.5814,10.4158]]],[[[122.5636,10.4153],[122.56,10.4011],[122.5971,10.4047],[122.5636,10.4153]]],[[[122.5073,10.4181],[122.5056,10.4153],[122.5081,10.4142],[122.5092,10.4156],[122.5071,10.4156],[122.5073,10.4181]]],[[[122.5054,10.4188],[122.5045,10.4181],[122.5055,10.4174],[122.5054,10.4188]]],[[[122.5047,10.4199],[122.5029,10.4193],[122.5019,10.4151],[122.5056,10.4157],[122.503,10.4157],[122.5028,10.4165],[122.5035,10.4178],[122.5038,10.416],[122.5054,10.4167],[122.5042,10.4183],[122.505,10.4191],[122.5047,10.4199]]],[[[121.9198,10.4203],[121.9163,10.4173],[121.9194,10.4148],[121.9214,10.4152],[121.923,10.4183],[121.9226,10.4198],[121.9198,10.4203]]],[[[122.5068,10.4207],[122.5051,10.4198],[122.5054,10.4191],[122.5082,10.4183],[122.5082,10.4201],[122.5068,10.4207]]],[[[122.5028,10.4223],[122.5025,10.4204],[122.504,10.4215],[122.5028,10.4223]]],[[[122.5068,10.4225],[122.5042,10.4219],[122.5051,10.4209],[122.5032,10.4207],[122.5024,10.4197],[122.503,10.4202],[122.5037,10.4198],[122.5044,10.4201],[122.505,10.42],[122.5067,10.4209],[122.5072,10.4208],[122.5068,10.4225]]],[[[122.499,10.4288],[122.4973,10.428],[122.4995,10.4274],[122.4986,10.4245],[122.501,10.4221],[122.4994,10.4209],[122.5004,10.4166],[122.5017,10.418],[122.5004,10.4209],[122.5019,10.4222],[122.4993,10.425],[122.5029,10.4266],[122.5012,10.4274],[122.5014,10.4261],[122.499,10.4288]]],[[[122.6659,10.4271],[122.6669,10.43],[122.6628,10.434],[122.6632,10.4296],[122.6659,10.4271]]],[[[122.653,10.4371],[122.6522,10.4379],[122.6479,10.4358],[122.6506,10.4339],[122.6524,10.4349],[122.653,10.4371]]],[[[122.5047,10.4402],[122.5029,10.4393],[122.5053,10.4368],[122.5047,10.4402]]],[[[122.646,10.4415],[122.6447,10.4441],[122.6444,10.4425],[122.646,10.4415]]],[[[122.5037,10.4504],[122.5025,10.4488],[122.5042,10.4482],[122.503,10.4478],[122.5056,10.4475],[122.506,10.4492],[122.5037,10.4504]]],[[[122.6472,10.4527],[122.6435,10.4506],[122.6426,10.4515],[122.6427,10.4504],[122.6464,10.4502],[122.6472,10.4527]]],[[[122.6533,10.4575],[122.6531,10.4602],[122.6511,10.4605],[122.6509,10.4588],[122.6533,10.4575]]],[[[122.6785,10.4617],[122.6796,10.4627],[122.6778,10.4638],[122.6751,10.4631],[122.6785,10.4617]]],[[[122.4898,10.4747],[122.488,10.4741],[122.4897,10.4736],[122.4898,10.4747]]],[[[122.706,10.4746],[122.6833,10.4436],[122.7281,10.4532],[122.706,10.4746]]],[[[122.4826,10.4757],[122.4802,10.4771],[122.4805,10.4752],[122.4826,10.4757]]],[[[123.446,10.4804],[123.4437,10.4793],[123.4426,10.4758],[123.4409,10.477],[123.4427,10.4756],[123.4412,10.4731],[123.439,10.474],[123.4402,10.4727],[123.4358,10.467],[123.4342,10.4675],[123.4357,10.4668],[123.4311,10.4602],[123.4278,10.459],[123.4282,10.4577],[123.4232,10.4516],[123.4215,10.4513],[123.4189,10.4464],[123.4164,10.4464],[123.4194,10.4381],[123.4217,10.4379],[123.4215,10.4356],[123.4282,10.4435],[123.4317,10.4512],[123.4371,10.456],[123.4406,10.4629],[123.4429,10.4637],[123.4438,10.4621],[123.4454,10.4623],[123.4491,10.4683],[123.4504,10.468],[123.4492,10.4684],[123.4493,10.4787],[123.446,10.4804]]],[[[122.726,10.4967],[122.7189,10.5016],[122.7131,10.4964],[122.7144,10.4948],[122.726,10.4918],[122.7282,10.4936],[122.7277,10.4964],[122.726,10.4967]]],[[[122.7213,10.5032],[122.7221,10.5044],[122.7208,10.5051],[122.72,10.5039],[122.7213,10.5032]]],[[[122.7413,10.5008],[122.7435,10.5024],[122.7427,10.5071],[122.7385,10.5033],[122.7413,10.5008]]],[[[122.7336,10.5153],[122.7313,10.5154],[122.731,10.5138],[122.7359,10.5108],[122.7369,10.506],[122.7386,10.5052],[122.7407,10.5077],[122.7399,10.5134],[122.7336,10.5153]]],[[[122.5186,10.5611],[122.5174,10.5599],[122.5184,10.5576],[122.5186,10.5611]]],[[[122.5112,10.5682],[122.5108,10.5699],[122.5104,10.5659],[122.5112,10.5682]]],[[[122.6582,10.7542],[122.658,10.7334],[122.6149,10.7189],[122.61,10.6754],[122.5608,10.6648],[122.562,10.641],[122.5112,10.5829],[122.5222,10.54],[122.5439,10.5403],[122.5107,10.5332],[122.5202,10.5114],[122.4824,10.5059],[122.4747,10.4811],[122.4938,10.478],[122.4858,10.4637],[122.5075,10.4694],[122.5144,10.4068],[122.5422,10.4068],[122.5821,10.4542],[122.5939,10.4452],[122.5815,10.4289],[122.6275,10.4346],[122.6826,10.5022],[122.7269,10.6164],[122.7221,10.6925],[122.6582,10.7542]]],[[[123.5395,10.8512],[123.5389,10.8523],[123.5381,10.8512],[123.5395,10.8512]]],[[[123.5089,10.9097],[123.5055,10.9087],[123.509,10.9087],[123.5089,10.9097]]],[[[123.5038,10.9381],[123.5005,10.9365],[123.5025,10.9282],[123.5075,10.9286],[123.5091,10.9314],[123.5108,10.9306],[123.5137,10.9322],[123.5135,10.9358],[123.512,10.9369],[123.5038,10.9381]]],[[[123.4002,10.9445],[123.3982,10.9448],[123.3975,10.9434],[123.4002,10.9445]]],[[[123.3995,10.9497],[123.398,10.9453],[123.3992,10.9447],[123.4002,10.9454],[123.3995,10.9497]]],[[[123.454,10.9525],[123.4523,10.9505],[123.4549,10.9497],[123.4553,10.948],[123.4575,10.9491],[123.4569,10.95],[123.4583,10.9498],[123.4575,10.952],[123.454,10.9525]]],[[[123.5701,10.9531],[123.5694,10.9504],[123.5708,10.9499],[123.5715,10.9524],[123.5701,10.9531]]],[[[123.5636,10.9543],[123.5626,10.9534],[123.5639,10.9532],[123.5636,10.9518],[123.5647,10.9526],[123.5652,10.9504],[123.5677,10.9498],[123.5676,10.9538],[123.5636,10.9543]]],[[[123.3964,10.9557],[123.3951,10.9542],[123.3973,10.9495],[123.4009,10.9542],[123.3964,10.9557]]],[[[123.5428,10.9684],[123.5415,10.9673],[123.5425,10.9654],[123.5428,10.9684]]],[[[123.5448,10.9707],[123.5531,10.9506],[123.5727,10.9541],[123.5448,10.9707]]],[[[123.5413,10.979],[123.5423,10.9755],[123.5446,10.9747],[123.5451,10.9781],[123.5413,10.979]]],[[[123.4646,10.9782],[123.4642,10.9792],[123.4644,10.9772],[123.4646,10.9782]]],[[[123.3359,10.3825],[123.3672,10.4518],[123.4236,10.4768],[123.4639,10.5221],[123.5088,10.7083],[123.5682,10.7942],[123.5489,10.8128],[123.5659,10.8432],[123.5321,10.8369],[123.5203,10.8998],[123.5017,10.9097],[123.5146,10.9184],[123.4929,10.935],[123.4651,10.9156],[123.4288,10.9505],[123.3957,10.9422],[123.3732,10.9612],[123.3196,10.9485],[123.2466,10.9978],[123.2015,11.0036],[123.1291,10.9702],[123.0716,10.9133],[123.0375,10.924],[122.9523,10.8943],[122.9491,10.8062],[122.9681,10.7935],[122.9628,10.7305],[122.9394,10.7017],[122.9496,10.6809],[122.9359,10.6915],[122.9184,10.6123],[122.8805,10.5638],[122.8239,10.5513],[122.7929,10.5171],[122.8668,10.3789],[122.838,10.2289],[122.8678,10.0951],[122.8234,10.0605],[122.7844,10.0754],[122.6607,9.977],[122.4508,9.9763],[122.4356,9.9039],[122.3761,9.8366],[122.4044,9.8043],[122.3814,9.7059],[122.3971,9.6915],[122.4205,9.7022],[122.3985,9.6769],[122.4083,9.6595],[122.457,9.6615],[122.4433,9.6203],[122.4663,9.6247],[122.4806,9.5648],[122.5184,9.5439],[122.5788,9.4474],[122.9832,9.9126],[123.0158,10.0122],[123.1888,10.2606],[123.1912,10.303],[123.1631,10.3141],[123.1815,10.3228],[123.184,10.3558],[123.1318,10.4117],[123.1443,10.4348],[123.2366,10.4378],[123.2454,10.4148],[123.3359,10.3825]]],[[[123.1971,11.0446],[123.1958,11.0435],[123.1977,11.0441],[123.1999,11.0405],[123.2039,11.0403],[123.206,11.0423],[123.2018,11.0423],[123.1971,11.0446]]],[[[123.0133,11.0786],[123.0119,11.0784],[123.0126,11.076],[123.0111,11.0737],[123.0128,11.0693],[123.0148,11.0721],[123.0148,11.0773],[123.0133,11.0786]]],[[[123.0229,11.0813],[123.0186,11.0801],[123.0188,11.0771],[123.023,11.0733],[123.0229,11.0813]]],[[[123.154,11.0974],[123.1529,11.0957],[123.1552,11.0937],[123.1569,11.0955],[123.154,11.0974]]],[[[123.0478,11.1346],[123.0456,11.1325],[123.049,11.132],[123.0497,11.1331],[123.0478,11.1346]]],[[[123.0486,11.1425],[123.0499,11.146],[123.0485,11.1477],[123.0476,11.1448],[123.0486,11.1425]]],[[[123.145,11.1543],[123.1078,11.1362],[123.1206,11.098],[123.145,11.1543]]],[[[123.1698,11.1801],[123.1695,11.1815],[123.1681,11.1812],[123.1698,11.1801]]],[[[123.1777,11.1879],[123.1757,11.1864],[123.1733,11.1871],[123.1733,11.1852],[123.1767,11.1835],[123.1798,11.1867],[123.1777,11.1879]]],[[[123.159,11.1872],[123.1599,11.1891],[123.1559,11.1825],[123.1562,11.1781],[123.1602,11.1828],[123.159,11.1872]]],[[[123.3382,11.203],[123.3375,11.2012],[123.3392,11.1978],[123.3406,11.1978],[123.3416,11.2006],[123.3382,11.203]]],[[[123.167,11.2231],[123.1567,11.2111],[123.1724,11.1927],[123.1903,11.2192],[123.167,11.2231]]],[[[123.1969,11.228],[123.1956,11.2286],[123.1926,11.227],[123.1959,11.224],[123.1969,11.228]]],[[[123.1602,11.2345],[123.1555,11.2334],[123.155,11.2288],[123.1599,11.2282],[123.1621,11.2293],[123.1625,11.2329],[123.1602,11.2345]]],[[[123.2157,11.2497],[123.2136,11.2494],[123.2117,11.247],[123.2048,11.2468],[123.2019,11.2453],[123.2023,11.244],[123.1992,11.2421],[123.2005,11.2383],[123.1983,11.2354],[123.21,11.2346],[123.2137,11.2355],[123.2169,11.2428],[123.216,11.2449],[123.2174,11.2486],[123.2157,11.2497]]],[[[123.1769,11.2647],[123.1725,11.2602],[123.1761,11.2564],[123.178,11.2577],[123.1796,11.2634],[123.1769,11.2647]]],[[[123.1043,11.2674],[123.1044,11.2685],[123.1032,11.2678],[123.1043,11.2674]]],[[[123.1516,11.3096],[123.1483,11.308],[123.1488,11.3057],[123.1514,11.306],[123.1516,11.3096]]],[[[123.1613,11.3127],[123.1497,11.2474],[123.1941,11.292],[123.1613,11.3127]]],[[[123.1761,11.3198],[123.1744,11.3194],[123.1732,11.3155],[123.1782,11.3156],[123.1812,11.3195],[123.1761,11.3198]]],[[[123.1617,11.3883],[123.1617,11.3894],[123.1604,11.3877],[123.1574,11.3877],[123.1605,11.3872],[123.1619,11.3842],[123.1636,11.3842],[123.1651,11.3862],[123.164,11.388],[123.1617,11.3883]]],[[[123.1422,11.4135],[123.1433,11.409],[123.145,11.412],[123.1422,11.4135]]],[[[122.0245,11.417],[122.0164,11.4149],[122.0157,11.4096],[122.0195,11.4106],[122.0223,11.4142],[122.028,11.4151],[122.0268,11.4169],[122.0245,11.417]]],[[[123.1745,11.4381],[123.1727,11.4379],[123.1739,11.435],[123.1766,11.4373],[123.1745,11.4381]]],[[[123.1585,11.4383],[123.1579,11.4374],[123.1593,11.4374],[123.1585,11.4383]]],[[[123.1866,11.4393],[123.1821,11.4384],[123.1809,11.4327],[123.1775,11.433],[123.1795,11.4306],[123.1762,11.4296],[123.1786,11.4277],[123.1795,11.4247],[123.1805,11.4251],[123.1791,11.4263],[123.1801,11.4287],[123.1878,11.4356],[123.1866,11.4393]]],[[[123.2844,11.4584],[123.2778,11.4558],[123.2798,11.4546],[123.2842,11.4553],[123.2861,11.4565],[123.2844,11.4584]]],[[[123.251,11.4661],[123.2609,11.4233],[123.2774,11.4466],[123.251,11.4661]]],[[[123.1712,11.4662],[123.1696,11.4662],[123.1674,11.4629],[123.1645,11.4633],[123.1645,11.4618],[123.1719,11.4607],[123.1738,11.4568],[123.1751,11.4593],[123.1742,11.4633],[123.1712,11.4662]]],[[[123.1892,11.4753],[123.1859,11.475],[123.1852,11.4706],[123.1903,11.4698],[123.1905,11.4709],[123.1911,11.4693],[123.1909,11.4741],[123.1892,11.4753]]],[[[121.9259,11.4791],[121.8901,11.4708],[121.9155,11.4629],[121.9259,11.4791]]],[[[123.2565,11.4884],[123.2503,11.4848],[123.2569,11.4845],[123.2589,11.4866],[123.2565,11.4884]]],[[[123.1857,11.4936],[123.1813,11.4927],[123.1836,11.4905],[123.1856,11.4918],[123.1857,11.4936]]],[[[123.1908,11.4939],[123.1872,11.487],[123.1834,11.4859],[123.1836,11.4832],[123.1832,11.4844],[123.1805,11.4828],[123.1822,11.4808],[123.1811,11.48],[123.1818,11.4779],[123.1847,11.4764],[123.1962,11.4879],[123.1955,11.4904],[123.1908,11.4939]]],[[[123.1774,11.4979],[123.1765,11.4951],[123.1731,11.4934],[123.1734,11.4913],[123.1799,11.4957],[123.1774,11.4979]]],[[[123.229,11.516],[123.226,11.4956],[123.1986,11.5035],[123.2057,11.4608],[123.2353,11.465],[123.229,11.516]]],[[[123.1242,11.5189],[123.1232,11.5182],[123.1239,11.5145],[123.1228,11.5116],[123.13,11.5046],[123.133,11.4996],[123.1373,11.4995],[123.1385,11.5008],[123.1376,11.5025],[123.1318,11.5049],[123.1277,11.5096],[123.1269,11.5119],[123.1293,11.5176],[123.1242,11.5189]]],[[[123.1878,11.5378],[123.1546,11.4919],[123.191,11.5121],[123.1878,11.5378]]],[[[123.1967,11.5399],[123.1922,11.5291],[123.1971,11.5283],[123.2006,11.5337],[123.1992,11.5381],[123.1967,11.5399]]],[[[123.3457,11.5545],[123.3468,11.5605],[123.3448,11.5567],[123.3457,11.5545]]],[[[123.2374,11.5607],[123.2356,11.5588],[123.2338,11.5591],[123.2328,11.5563],[123.2303,11.5549],[123.2257,11.5451],[123.2281,11.5459],[123.2338,11.555],[123.2359,11.5553],[123.2353,11.5569],[123.2385,11.5586],[123.2393,11.5603],[123.2374,11.5607]]],[[[123.349,11.5699],[123.3485,11.571],[123.3468,11.5695],[123.3474,11.5648],[123.3494,11.5671],[123.349,11.5699]]],[[[123.3606,11.5728],[123.3608,11.5738],[123.3572,11.5712],[123.3575,11.5701],[123.3606,11.5728]]],[[[123.281,11.5762],[123.2824,11.5816],[123.2801,11.5877],[123.2783,11.5889],[123.2771,11.5857],[123.2791,11.578],[123.281,11.5762]]],[[[123.2103,11.5931],[123.2071,11.592],[123.2035,11.5872],[123.2052,11.5813],[123.2087,11.5814],[123.2132,11.5844],[123.216,11.5838],[123.2175,11.5851],[123.2183,11.5881],[123.2155,11.5896],[123.2148,11.5887],[123.2154,11.5906],[123.2135,11.5905],[123.2103,11.5931]]],[[[123.3568,11.5997],[123.3292,11.5984],[123.3274,11.5733],[123.3568,11.5997]]],[[[123.1788,11.6041],[123.1777,11.6039],[123.1784,11.6027],[123.1788,11.6041]]],[[[121.6861,11.6085],[121.6851,11.6087],[121.6858,11.6071],[121.6923,11.5987],[121.6926,11.5965],[121.6909,11.5948],[121.6993,11.5934],[121.6985,11.5999],[121.6956,11.6041],[121.6912,11.6083],[121.6861,11.6085]]],[[[122.4383,11.6165],[122.4343,11.6143],[122.4306,11.6141],[122.432,11.6113],[122.4299,11.6051],[122.4312,11.6034],[122.4347,11.6036],[122.4369,11.6075],[122.4444,11.6125],[122.4445,11.6149],[122.4383,11.6165]]],[[[122.4312,11.6253],[122.4224,11.6216],[122.4224,11.6201],[122.4258,11.6213],[122.4286,11.6202],[122.4282,11.6174],[122.4239,11.6141],[122.4245,11.6123],[122.4306,11.6147],[122.433,11.6144],[122.4371,11.6174],[122.4312,11.6253]]],[[[122.7444,11.625],[122.7454,11.6273],[122.7428,11.6258],[122.7444,11.625]]],[[[122.417,11.6305],[122.4142,11.6298],[122.4119,11.6264],[122.4167,11.6187],[122.4219,11.6199],[122.4223,11.6218],[122.4179,11.625],[122.4185,11.6299],[122.417,11.6305]]],[[[122.4208,11.6346],[122.4199,11.634],[122.4214,11.6253],[122.4294,11.6278],[122.4291,11.6331],[122.4254,11.6328],[122.4208,11.6346]]],[[[123.3579,11.6387],[123.3409,11.6307],[123.3478,11.6061],[123.3579,11.6387]]],[[[122.8359,11.6453],[122.8327,11.6422],[122.8338,11.639],[122.8322,11.6323],[122.8341,11.6311],[122.8365,11.633],[122.8357,11.6372],[122.8388,11.6388],[122.8413,11.6371],[122.846,11.6417],[122.8415,11.6437],[122.8374,11.6434],[122.8359,11.6453]]],[[[122.4048,11.6453],[122.4006,11.6418],[122.398,11.6363],[122.4041,11.6329],[122.406,11.6369],[122.4115,11.6368],[122.4127,11.6379],[122.4111,11.6421],[122.4048,11.6453]]],[[[122.4272,11.6507],[122.4184,11.6423],[122.459,11.6084],[122.4272,11.6507]]],[[[122.4149,11.6548],[122.4107,11.6529],[122.4127,11.6482],[122.4157,11.651],[122.4181,11.6511],[122.4149,11.6548]]],[[[121.3226,11.8561],[121.3212,11.8547],[121.326,11.8519],[121.3226,11.8561]]],[[[121.3161,11.8614],[121.3174,11.8589],[121.3214,11.8575],[121.3161,11.8614]]],[[[121.2873,11.8653],[121.2827,11.8632],[121.2889,11.8615],[121.2952,11.8563],[121.2962,11.8584],[121.2941,11.8614],[121.2873,11.8653]]],[[[121.4531,11.869],[121.4267,11.868],[121.4137,11.8353],[121.5153,11.8264],[121.5304,11.8436],[121.4531,11.869]]],[[[121.9546,11.939],[121.9473,11.9174],[121.8846,11.899],[121.8808,11.8165],[121.8435,11.7628],[121.9178,11.7677],[122.0127,11.7361],[122.0672,11.7394],[122.0993,11.7065],[122.1017,11.6493],[122.0838,11.497],[122.0516,11.4691],[122.058,11.3438],[122.0271,11.2989],[122.052,11.2613],[122.0331,11.1903],[122.0541,11.0322],[121.9842,10.9321],[121.923,10.7639],[121.9781,10.675],[121.9576,10.5498],[121.9145,10.5045],[121.9126,10.4466],[121.9608,10.4063],[122.0508,10.4869],[122.0958,10.5754],[122.1428,10.5846],[122.2069,10.6386],[122.4552,10.6882],[122.58,10.6869],[122.6006,10.721],[122.5856,10.7443],[122.6107,10.7752],[122.6637,10.7779],[122.6692,10.7967],[122.7084,10.7745],[122.7342,10.7859],[122.7854,10.8613],[122.789,10.9],[122.7596,10.9465],[122.7818,10.988],[122.831,11.0027],[122.8515,10.9914],[122.8691,11.0309],[122.9055,11.0209],[122.9241,11.0671],[122.9437,11.0579],[122.9375,11.0309],[122.9522,11.0336],[122.9633,11.049],[122.9493,11.0637],[122.9762,11.0592],[123.0092,11.0932],[123.0364,11.1716],[123.0888,11.1456],[123.0792,11.1776],[123.1039,11.1559],[123.1267,11.1711],[123.1173,11.2119],[123.0935,11.2246],[123.0992,11.3289],[123.133,11.3432],[123.1252,11.3646],[123.1513,11.3819],[123.1281,11.4157],[123.1653,11.4687],[123.1173,11.5133],[123.1241,11.5254],[123.1365,11.5065],[123.1623,11.5564],[123.1491,11.598],[123.1058,11.5483],[123.0087,11.4922],[122.938,11.4718],[122.9171,11.483],[122.9015,11.4312],[122.8803,11.442],[122.9013,11.4593],[122.8799,11.4618],[122.9311,11.5161],[122.8644,11.5407],[122.826,11.6106],[122.7149,11.6138],[122.7131,11.5758],[122.6796,11.5705],[122.6855,11.5454],[122.6423,11.5722],[122.6353,11.5219],[122.5802,11.5087],[122.574,11.5642],[122.5077,11.5923],[122.4823,11.5552],[122.4525,11.5516],[122.4429,11.5803],[122.487,11.5718],[122.4495,11.6087],[122.4201,11.5917],[122.4305,11.6114],[122.3973,11.6354],[122.4022,11.6531],[122.428,11.6536],[122.4817,11.5949],[122.4931,11.609],[122.4206,11.6646],[122.3855,11.7348],[122.3077,11.7446],[122.2567,11.7942],[122.227,11.7935],[122.2221,11.8137],[122.0867,11.8344],[121.9546,11.939]]],[[[121.5543,11.9596],[121.5377,11.9489],[121.5535,11.8914],[121.583,11.9057],[121.5543,11.9596]]],[[[121.56,11.9904],[121.5574,11.9897],[121.5555,11.9831],[121.5574,11.9808],[121.5567,11.9753],[121.5547,11.9737],[121.5566,11.9692],[121.5598,11.9757],[121.5664,11.9751],[121.5673,11.9784],[121.5667,11.9821],[121.56,11.9904]]],[[[121.9217,11.9993],[121.9068,11.9824],[121.9412,11.9396],[121.9217,11.9993]]],[[[121.359,12.0776],[121.3556,12.0757],[121.3574,12.0748],[121.3569,12.0729],[121.3612,12.0723],[121.3616,12.0738],[121.3598,12.0754],[121.3611,12.0749],[121.3612,12.0761],[121.359,12.0776]]],[[[121.361,12.084],[121.3587,12.0813],[121.3596,12.0791],[121.3615,12.0821],[121.361,12.084]]],[[[121.5785,12.1101],[121.5737,12.1065],[121.5728,12.1012],[121.5686,12.0973],[121.5688,12.0949],[121.5791,12.0959],[121.5842,12.0992],[121.5848,12.1028],[121.5835,12.1061],[121.5785,12.1101]]],[[[121.3814,12.1258],[121.3525,12.1196],[121.3431,12.0878],[121.3817,12.0705],[121.3535,12.0551],[121.3887,11.9832],[121.4273,12.0294],[121.3924,12.076],[121.4144,12.0989],[121.3814,12.1258]]],[[[121.3967,12.1543],[121.3969,12.1567],[121.3957,12.1553],[121.3967,12.1543]]],[[[121.4352,12.209],[121.4327,12.2027],[121.4217,12.2047],[121.4271,12.1951],[121.4325,12.1952],[121.4341,12.1971],[121.4358,12.2031],[121.4352,12.209]]]]},"properties":{"iso3":"PHL","shapeId":"36201628B91065962446027","regionId":"PHL.100_1","name":"Western Visayas"}},{"type":"Feature","geometry":{"type":"MultiPolygon","coordinates":[[[[123.2704,9.0846],[123.2678,9.0834],[123.2682,9.0711],[123.2752,9.0775],[123.273,9.0845],[123.2704,9.0846]]],[[[123.6138,9.3009],[123.561,9.227],[123.4971,9.2127],[123.4695,9.2243],[123.4519,9.1932],[123.5882,9.0947],[123.6399,9.1261],[123.6814,9.1211],[123.702,9.1449],[123.657,9.1864],[123.6867,9.2213],[123.6138,9.3009]]],[[[123.3868,9.4344],[123.3889,9.4292],[123.3911,9.4286],[123.3908,9.4346],[123.3868,9.4344]]],[[[123.9226,9.5],[123.9192,9.497],[123.9182,9.491],[123.9211,9.4856],[123.9259,9.4872],[123.9298,9.4918],[123.9282,9.4978],[123.9226,9.5]]],[[[123.685,9.5199],[123.6825,9.5193],[123.6813,9.5168],[123.6821,9.5149],[123.6847,9.5141],[123.6877,9.5166],[123.685,9.5199]]],[[[123.7202,9.5601],[123.7197,9.5591],[123.7224,9.5587],[123.7225,9.5564],[123.7224,9.559],[123.7202,9.5601]]],[[[123.7319,9.5847],[123.7307,9.5836],[123.7321,9.5835],[123.7319,9.5847]]],[[[124.0028,9.5972],[124.0012,9.5956],[124.0026,9.5955],[124.0028,9.5972]]],[[[123.1465,9.621],[123.1425,9.6173],[123.1444,9.6154],[123.1471,9.6155],[123.148,9.6172],[123.1482,9.6192],[123.1465,9.621]]],[[[123.8365,9.6441],[123.7179,9.5878],[123.7494,9.5726],[123.7519,9.5461],[123.7996,9.5524],[123.8696,9.6046],[123.8713,9.626],[123.8365,9.6441]]],[[[124.5613,9.8307],[124.559,9.8295],[124.5623,9.8285],[124.5613,9.8307]]],[[[124.5522,9.8335],[124.5512,9.8326],[124.5521,9.8318],[124.5522,9.8335]]],[[[124.5633,9.8353],[124.5608,9.8343],[124.5652,9.8328],[124.5633,9.8353]]],[[[124.5549,9.8397],[124.5523,9.8395],[124.552,9.8346],[124.5539,9.8332],[124.5571,9.8356],[124.5549,9.8397]]],[[[123.7901,9.8643],[123.7959,9.8396],[123.8158,9.8497],[123.7901,9.8643]]],[[[124.5684,9.8661],[124.5608,9.8636],[124.5595,9.856],[124.5629,9.8514],[124.5665,9.854],[124.5659,9.8576],[124.5693,9.8591],[124.5684,9.8661]]],[[[123.7817,9.8924],[123.7595,9.8898],[123.7645,9.861],[123.7924,9.8861],[123.7817,9.8924]]],[[[123.3802,9.8932],[123.3753,9.8888],[123.3725,9.8783],[123.374,9.8763],[123.3819,9.8746],[123.3843,9.8884],[123.3826,9.8923],[123.3802,9.8932]]],[[[123.8239,9.9112],[123.8084,9.907],[123.8356,9.8856],[123.8628,9.9067],[123.8239,9.9112]]],[[[123.38,9.9118],[123.3795,9.9139],[123.3788,9.9128],[123.38,9.9118]]],[[[124.5562,9.9267],[124.5568,9.9275],[124.5548,9.9283],[124.5562,9.9267]]],[[[123.8685,9.9295],[123.8654,9.9283],[123.8657,9.9171],[123.8728,9.922],[123.8723,9.9245],[123.87,9.9257],[123.8711,9.9293],[123.8685,9.9295]]],[[[123.9097,9.9478],[123.9076,9.9474],[123.9074,9.9461],[123.9117,9.9442],[123.9129,9.9465],[123.9097,9.9478]]],[[[123.8741,9.9465],[123.8711,9.9493],[123.8711,9.9471],[123.8741,9.9465]]],[[[123.8505,9.9515],[123.8506,9.9482],[123.8526,9.9447],[123.8508,9.9467],[123.851,9.9447],[123.8568,9.9394],[123.8559,9.941],[123.8583,9.9404],[123.8601,9.9422],[123.8598,9.9446],[123.8578,9.943],[123.8574,9.9469],[123.8549,9.9465],[123.8545,9.9489],[123.8541,9.9478],[123.8521,9.9482],[123.8505,9.9515]]],[[[123.9179,9.9559],[123.9193,9.952],[123.922,9.9529],[123.9179,9.9559]]],[[[123.9022,9.9593],[123.8951,9.9584],[123.9014,9.9566],[123.9022,9.9593]]],[[[124.5763,9.9571],[124.5731,9.9638],[124.5693,9.9635],[124.5704,9.9544],[124.5722,9.9544],[124.573,9.9562],[124.5745,9.9541],[124.5763,9.9571]]],[[[123.3956,9.978],[123.3938,9.9775],[123.3941,9.9762],[123.396,9.9766],[123.3956,9.978]]],[[[123.4001,9.9779],[123.3983,9.9767],[123.4017,9.9768],[123.4001,9.9779]]],[[[124.5541,9.9765],[124.5527,9.9791],[124.5525,9.9769],[124.5541,9.9765]]],[[[123.9893,9.9807],[123.9861,9.9789],[123.9848,9.9764],[123.9859,9.976],[123.9845,9.9751],[123.9865,9.975],[123.9898,9.9716],[123.9938,9.9744],[123.9891,9.98],[123.9876,9.9796],[123.9893,9.9807]]],[[[123.3904,9.9827],[123.3892,9.9824],[123.3916,9.9822],[123.3904,9.9827]]],[[[123.3885,9.9842],[123.3883,9.9821],[123.3897,9.9832],[123.3885,9.9842]]],[[[123.9965,9.9821],[123.9967,9.9857],[123.9931,9.9867],[123.9915,9.9823],[123.9965,9.9821]]],[[[124.0029,9.9923],[124.0009,9.9913],[124.0037,9.9899],[124.0059,9.9907],[124.0029,9.9923]]],[[[124.0079,9.9937],[124.0071,9.9965],[124.0047,9.9941],[124.0079,9.9937]]],[[[123.9403,9.9983],[123.9394,9.9979],[123.9419,9.9977],[123.9403,9.9983]]],[[[124.0147,10.0025],[124.0155,10.0049],[124.0131,10.0031],[124.0147,10.0025]]],[[[123.9778,10.0411],[123.9767,10.0412],[123.9792,10.0334],[123.9764,10.0397],[123.9762,10.0361],[123.9812,10.0256],[123.9808,10.0237],[123.9851,10.0162],[123.9869,10.0164],[123.986,10.0145],[123.9875,10.0157],[123.9876,10.0139],[123.9918,10.0112],[123.9883,10.0173],[123.9861,10.018],[123.985,10.0213],[123.9849,10.0184],[123.9834,10.0212],[123.9852,10.023],[123.9833,10.0231],[123.9836,10.0256],[123.9778,10.0411]]],[[[124.0177,10.0441],[124.0164,10.0426],[124.0191,10.0417],[124.0192,10.0433],[124.0177,10.0441]]],[[[123.8988,10.0563],[123.8975,10.055],[123.9007,10.054],[123.8988,10.0563]]],[[[124.5298,10.0652],[124.5286,10.0652],[124.5289,10.0636],[124.5298,10.0652]]],[[[124.0225,10.0719],[124.0207,10.0707],[124.0256,10.0695],[124.0225,10.0719]]],[[[123.927,10.0719],[123.9263,10.0712],[123.9282,10.0707],[123.9296,10.0718],[123.927,10.0719]]],[[[124.5262,10.0736],[124.5252,10.0719],[124.5268,10.0709],[124.5262,10.0736]]],[[[124.0573,10.0791],[124.0595,10.0837],[124.0585,10.0851],[124.0557,10.0831],[124.0555,10.0804],[124.0573,10.0791]]],[[[124.5098,10.0945],[124.5079,10.0927],[124.5045,10.0928],[124.5044,10.089],[124.5103,10.0838],[124.5132,10.0834],[124.5128,10.0893],[124.5098,10.0945]]],[[[123.9889,10.1138],[123.9844,10.1133],[123.9799,10.1115],[123.9839,10.1129],[123.9905,10.1116],[123.9889,10.1138]]],[[[124.644,10.125],[124.6407,10.1242],[124.6416,10.1206],[124.6449,10.1215],[124.6454,10.124],[124.644,10.125]]],[[[124.5402,10.1337],[124.538,10.1276],[124.5411,10.1239],[124.5428,10.124],[124.5434,10.1219],[124.5461,10.1299],[124.5402,10.1337]]],[[[124.5487,10.1368],[124.5469,10.1388],[124.5474,10.1366],[124.5487,10.1368]]],[[[124.5819,10.1461],[124.5774,10.1458],[124.5781,10.1415],[124.5824,10.1427],[124.5833,10.1453],[124.5819,10.1461]]],[[[124.584,10.1475],[124.5828,10.1496],[124.5827,10.1477],[124.584,10.1475]]],[[[124.6155,10.1531],[124.5803,10.1386],[124.5757,10.111],[124.5552,10.1321],[124.5525,10.1144],[124.5249,10.1184],[124.5346,10.0549],[124.5524,10.0548],[124.5611,10.0924],[124.6042,10.0871],[124.6022,10.1144],[124.5858,10.11],[124.6155,10.1531]]],[[[124.5053,10.158],[124.5055,10.1596],[124.5038,10.1602],[124.5053,10.158]]],[[[124.4432,10.1626],[124.4406,10.1606],[124.4422,10.1587],[124.444,10.1605],[124.4432,10.1626]]],[[[124.0411,10.1618],[124.0378,10.1644],[124.0425,10.1544],[124.0453,10.1536],[124.0478,10.1547],[124.0471,10.1569],[124.0411,10.1618]]],[[[124.3887,10.1631],[124.3883,10.1645],[124.3873,10.1633],[124.3887,10.1631]]],[[[124.5004,10.1643],[124.4985,10.164],[124.4999,10.163],[124.5004,10.1643]]],[[[124.2899,10.1736],[124.2789,10.1546],[124.1518,10.1534],[124.099,10.0638],[124.0626,10.069],[124.0275,9.9672],[123.9567,9.9573],[123.891,9.9102],[123.8819,9.9292],[123.8703,9.8902],[123.8021,9.8422],[123.7871,9.7398],[123.8351,9.7427],[123.8657,9.7158],[123.844,9.6674],[123.8536,9.6368],[124.0557,9.5893],[124.1854,9.6099],[124.2588,9.5985],[124.3995,9.6529],[124.4083,9.7103],[124.4473,9.7213],[124.4845,9.7609],[124.52,9.7219],[124.5713,9.7324],[124.5926,9.7558],[124.597,9.8052],[124.5136,9.8492],[124.5597,9.8726],[124.5762,9.913],[124.537,9.922],[124.5548,9.929],[124.5437,9.9768],[124.5702,9.9771],[124.547,10.0409],[124.5047,10.0762],[124.4948,10.0573],[124.4618,10.0631],[124.4162,10.1016],[124.3897,10.1021],[124.3708,10.1536],[124.341,10.1256],[124.3315,10.1572],[124.2899,10.1736]]],[[[124.1146,10.1679],[124.1151,10.173],[124.1136,10.1757],[124.1112,10.1745],[124.1103,10.1715],[124.1062,10.1691],[124.1112,10.1659],[124.1146,10.1679]]],[[[124.1865,10.1765],[124.1592,10.1625],[124.1778,10.154],[124.1865,10.1765]]],[[[124.4608,10.1743],[124.4625,10.1773],[124.4605,10.1801],[124.4574,10.1742],[124.4608,10.1743]]],[[[124.1337,10.181],[124.1329,10.18],[124.1378,10.1794],[124.1337,10.181]]],[[[124.089,10.1811],[124.0823,10.1796],[124.0781,10.1772],[124.0832,10.1779],[124.0834,10.1794],[124.0879,10.1798],[124.089,10.1811]]],[[[124.3815,10.1846],[124.3521,10.1655],[124.3928,10.1774],[124.3815,10.1846]]],[[[124.3007,10.1869],[124.298,10.1862],[124.2949,10.1822],[124.2951,10.1799],[124.2999,10.1782],[124.3042,10.1801],[124.3007,10.1869]]],[[[124.1416,10.1875],[124.1395,10.1855],[124.14,10.1836],[124.1438,10.1857],[124.1416,10.1875]]],[[[124.1291,10.1884],[124.1289,10.1865],[124.1279,10.1872],[124.1249,10.184],[124.1254,10.1829],[124.1218,10.1835],[124.1187,10.1802],[124.1246,10.1815],[124.1307,10.1788],[124.1321,10.1795],[124.1308,10.1811],[124.1326,10.1812],[124.1325,10.1822],[124.1348,10.1809],[124.1365,10.1818],[124.1353,10.1869],[124.1333,10.1861],[124.1316,10.1883],[124.1291,10.1884]]],[[[124.0006,10.1909],[123.9995,10.1905],[124.0007,10.19],[124.0006,10.1909]]],[[[124.2816,10.195],[124.2786,10.1939],[124.2768,10.1948],[124.2761,10.1929],[124.2721,10.1949],[124.2701,10.1933],[124.2735,10.1893],[124.2836,10.1879],[124.2858,10.1915],[124.2816,10.195]]],[[[124.5663,10.1926],[124.568,10.1978],[124.5608,10.1918],[124.5595,10.189],[124.5606,10.1847],[124.5663,10.1926]]],[[[124.0182,10.2038],[124.0182,10.2022],[124.0213,10.2024],[124.0182,10.2038]]],[[[124.4142,10.2049],[124.4121,10.2038],[124.4125,10.2016],[124.4195,10.2035],[124.4142,10.2049]]],[[[124.2589,10.2065],[124.1975,10.1869],[124.2368,10.1783],[124.2589,10.2065]]],[[[123.9895,10.2098],[123.9863,10.2045],[123.9891,10.206],[123.9912,10.2033],[123.9919,10.2056],[123.9892,10.2081],[123.9895,10.2098]]],[[[124.1685,10.2114],[124.1502,10.1909],[124.1854,10.197],[124.1685,10.2114]]],[[[124.1974,10.2134],[124.196,10.213],[124.1968,10.2102],[124.1982,10.2123],[124.1974,10.2134]]],[[[124.3543,10.2153],[124.35,10.2143],[124.3489,10.2114],[124.3531,10.2089],[124.3547,10.2097],[124.3561,10.2139],[124.3543,10.2153]]],[[[124.0425,10.221],[124.0411,10.2206],[124.0434,10.2202],[124.0425,10.221]]],[[[124.0434,10.2242],[124.0406,10.2233],[124.0445,10.2201],[124.0448,10.2226],[124.0434,10.2242]]],[[[124.3312,10.2252],[124.3254,10.2249],[124.3205,10.2227],[124.3191,10.2215],[124.3209,10.221],[124.3206,10.2197],[124.3173,10.2185],[124.3187,10.217],[124.3178,10.2154],[124.3207,10.2148],[124.3246,10.2169],[124.3265,10.2209],[124.3318,10.2226],[124.3312,10.2252]]],[[[124.0387,10.2253],[124.0386,10.2264],[124.035,10.2168],[124.0315,10.2138],[124.0374,10.2168],[124.0428,10.217],[124.0424,10.2202],[124.0409,10.2206],[124.0387,10.2253]]],[[[124.0437,10.2279],[124.0426,10.225],[124.0462,10.2251],[124.0461,10.227],[124.0437,10.2279]]],[[[124.2832,10.2297],[124.2804,10.228],[124.2816,10.2245],[124.2854,10.2271],[124.2832,10.2297]]],[[[124.0397,10.2334],[124.0363,10.231],[124.0394,10.2289],[124.0406,10.2323],[124.0397,10.2334]]],[[[124.0299,10.2368],[124.0285,10.2347],[124.0342,10.2344],[124.0345,10.2362],[124.0299,10.2368]]],[[[124.0254,10.2385],[124.0253,10.2352],[124.0279,10.2353],[124.0283,10.2372],[124.0254,10.2385]]],[[[124.381,10.2406],[124.3793,10.2403],[124.3806,10.2362],[124.3793,10.2325],[124.3815,10.2313],[124.3793,10.2275],[124.3827,10.2264],[124.3846,10.2294],[124.3847,10.2341],[124.3832,10.235],[124.386,10.2366],[124.3832,10.2391],[124.3847,10.2405],[124.381,10.2406]]],[[[124.4866,10.2428],[124.4818,10.2423],[124.4819,10.2403],[124.4894,10.2376],[124.4907,10.2389],[124.49,10.2412],[124.4866,10.2428]]],[[[124.05,10.2401],[124.0478,10.2438],[124.0417,10.2338],[124.0472,10.2334],[124.0463,10.2299],[124.0486,10.2304],[124.053,10.2345],[124.0495,10.2364],[124.05,10.2401]]],[[[124.3159,10.2335],[124.3181,10.2389],[124.3263,10.2447],[124.3211,10.2431],[124.3175,10.2401],[124.3151,10.2347],[124.3159,10.2335]]],[[[124.4031,10.2469],[124.4031,10.2456],[124.4056,10.2455],[124.4031,10.2469]]],[[[124.2986,10.2472],[124.2943,10.2436],[124.2924,10.2437],[124.2901,10.2396],[124.2991,10.2461],[124.2986,10.2472]]],[[[124.3311,10.2473],[124.3329,10.2481],[124.3301,10.2483],[124.3311,10.2473]]],[[[124.3365,10.2485],[124.3401,10.2505],[124.3369,10.2505],[124.3353,10.2487],[124.3365,10.2485]]],[[[124.2914,10.2509],[124.2902,10.25],[124.2912,10.2505],[124.2939,10.2462],[124.2965,10.2462],[124.2972,10.2486],[124.2914,10.2509]]],[[[124.4457,10.2525],[124.4449,10.252],[124.4526,10.2467],[124.4709,10.2419],[124.4571,10.2459],[124.4457,10.2525]]],[[[123.9144,10.2574],[123.9157,10.2512],[123.9144,10.2471],[123.916,10.2462],[123.918,10.2481],[123.916,10.2532],[123.9163,10.2563],[123.9144,10.2574]]],[[[123.9044,10.2722],[123.9037,10.2747],[123.9033,10.2721],[123.9044,10.2722]]],[[[123.9163,10.2771],[123.9171,10.2789],[123.9155,10.2797],[123.9149,10.2779],[123.9163,10.2771]]],[[[124.1707,10.2781],[124.1693,10.2799],[124.1667,10.2797],[124.169,10.2766],[124.1708,10.2766],[124.1707,10.2781]]],[[[123.9059,10.2763],[123.9067,10.2797],[123.9055,10.2809],[123.9043,10.2775],[123.9059,10.2763]]],[[[124.177,10.2852],[124.1785,10.2871],[124.1745,10.2869],[124.1722,10.2853],[124.177,10.2852]]],[[[124.0699,10.2888],[124.0196,10.2415],[124.0495,10.2562],[124.0546,10.2373],[124.0699,10.2888]]],[[[124.0439,10.3343],[124.0169,10.3131],[123.9876,10.3342],[123.9431,10.3111],[123.9229,10.295],[123.932,10.2504],[123.9563,10.242],[123.9837,10.2586],[124.0439,10.3343]]],[[[122.5889,9.4442],[122.6744,9.3798],[122.783,9.3664],[122.8703,9.3256],[122.8792,9.2226],[122.942,9.0755],[123.0155,9.0384],[123.0738,9.0667],[123.1314,9.0634],[123.1274,9.0458],[123.1504,9.0754],[123.2029,9.094],[123.2862,9.2127],[123.3106,9.3344],[123.2605,9.3812],[123.2305,9.4637],[123.1844,9.4793],[123.1542,9.5479],[123.1177,9.5469],[123.1334,9.5849],[123.1534,9.578],[123.1501,9.5617],[123.164,9.5777],[123.1047,9.6311],[123.1242,9.6573],[123.1571,9.6325],[123.1518,9.7803],[123.1317,9.8385],[123.1512,9.8544],[123.1506,9.9045],[123.2282,10.0037],[123.2813,10.1291],[123.2853,10.1855],[123.3315,10.278],[123.3359,10.3825],[123.2454,10.4148],[123.2366,10.4378],[123.1443,10.4348],[123.1318,10.4117],[123.184,10.3558],[123.1815,10.3228],[123.1631,10.3141],[123.1912,10.303],[123.1888,10.2606],[123.0158,10.0122],[122.9832,9.9126],[122.5889,9.4442]]],[[[124.0363,10.5477],[124.0351,10.5476],[124.0365,10.5465],[124.0363,10.5477]]],[[[124.0313,10.5713],[124.0318,10.569],[124.0336,10.5683],[124.0337,10.5655],[124.0343,10.5691],[124.0313,10.5713]]],[[[124.4363,10.7179],[124.4106,10.7035],[124.3833,10.6462],[124.375,10.6895],[124.3158,10.7091],[124.2748,10.5909],[124.3125,10.5867],[124.3807,10.6232],[124.3832,10.6461],[124.4418,10.627],[124.5143,10.6558],[124.4862,10.6983],[124.4363,10.7179]]],[[[124.3157,10.7258],[124.3148,10.7206],[124.3213,10.7187],[124.3255,10.7137],[124.3266,10.715],[124.3231,10.7182],[124.3201,10.7244],[124.3157,10.7258]]],[[[124.5642,10.814],[124.5006,10.7611],[124.5014,10.729],[124.5465,10.7593],[124.5642,10.814]]],[[[123.5899,11.0345],[123.5888,11.0325],[123.5909,11.0317],[123.5899,11.0345]]],[[[123.603,11.0376],[123.6011,11.0355],[123.6027,11.0341],[123.6063,11.0335],[123.6079,11.0355],[123.603,11.0376]]],[[[123.635,11.0607],[123.6258,11.0577],[123.6219,11.0517],[123.6223,11.0459],[123.6252,11.0455],[123.6327,11.0513],[123.635,11.0607]]],[[[123.6475,11.0931],[123.6457,11.0862],[123.6406,11.0845],[123.639,11.0858],[123.6357,11.0851],[123.6381,11.0837],[123.6384,11.0815],[123.6395,11.082],[123.6388,11.0784],[123.6333,11.0757],[123.6322,11.0739],[123.6361,11.0663],[123.6408,11.0706],[123.6513,11.0751],[123.6567,11.0889],[123.6593,11.0923],[123.658,11.0931],[123.6506,11.0898],[123.6484,11.0907],[123.6488,11.0925],[123.6475,11.0931]]],[[[123.6708,11.1059],[123.6666,11.104],[123.6645,11.1009],[123.662,11.0953],[123.6627,11.0925],[123.6727,11.0975],[123.6735,11.0997],[123.672,11.1021],[123.6733,11.1044],[123.6708,11.1059]]],[[[123.7022,11.1283],[123.6989,11.126],[123.7026,11.1254],[123.7002,11.1244],[123.7021,11.1231],[123.7009,11.1174],[123.7074,11.118],[123.7094,11.1201],[123.7089,11.1258],[123.7022,11.1283]]],[[[123.6978,11.1351],[123.6946,11.1341],[123.6968,11.1327],[123.697,11.1296],[123.6906,11.1312],[123.6926,11.127],[123.6973,11.1263],[123.6991,11.1277],[123.7004,11.1337],[123.6978,11.1351]]],[[[123.7205,11.1357],[123.7164,11.1348],[123.7154,11.1328],[123.7205,11.1357]]],[[[123.7024,11.1418],[123.7017,11.1407],[123.7034,11.1416],[123.7024,11.1418]]],[[[123.7003,11.1447],[123.6983,11.1436],[123.6981,11.141],[123.7008,11.1417],[123.7003,11.1447]]],[[[123.7063,11.149],[123.7039,11.1479],[123.7035,11.1438],[123.7069,11.1457],[123.7063,11.149]]],[[[123.6435,11.1496],[123.6393,11.1481],[123.6426,11.1431],[123.6456,11.1418],[123.6498,11.1429],[123.6447,11.1467],[123.6435,11.1496]]],[[[123.9229,11.1953],[123.9165,11.1933],[123.9149,11.1895],[123.918,11.1837],[123.9174,11.1809],[123.9207,11.1728],[123.9245,11.1722],[123.926,11.1786],[123.9248,11.1868],[123.926,11.1924],[123.9229,11.1953]]],[[[123.8204,11.2151],[123.8132,11.2124],[123.8115,11.2084],[123.8133,11.1976],[123.8112,11.1932],[123.8197,11.19],[123.8246,11.1927],[123.8294,11.206],[123.8267,11.2132],[123.8204,11.2151]]],[[[123.7913,11.2201],[123.7884,11.2186],[123.7912,11.2144],[123.7966,11.2151],[123.7958,11.2174],[123.7913,11.2201]]],[[[124.0635,11.2857],[123.9986,11.2714],[123.9886,11.226],[123.9444,11.1871],[123.9691,11.0806],[123.9338,11.1067],[123.934,11.0652],[123.9013,11.0342],[123.9335,10.9938],[123.9226,10.9517],[123.8311,10.7333],[123.8001,10.7216],[123.7417,10.6343],[123.7469,10.6142],[123.7038,10.5436],[123.7148,10.4968],[123.6874,10.4816],[123.667,10.4133],[123.5863,10.3387],[123.5828,10.264],[123.5146,10.1484],[123.4427,10.0607],[123.4146,10.0517],[123.4027,9.9724],[123.3895,9.9624],[123.3712,9.9935],[123.3659,9.9469],[123.3958,9.9329],[123.3998,9.8811],[123.3709,9.8695],[123.3715,9.8172],[123.3445,9.7861],[123.3003,9.5177],[123.3016,9.4167],[123.3544,9.4255],[123.4664,9.5711],[123.51,9.7315],[123.5375,9.7581],[123.5371,9.8054],[123.5595,9.8161],[123.5747,9.8593],[123.6089,9.8751],[123.6249,9.9498],[123.6143,9.9964],[123.6397,10.0835],[123.6813,10.0859],[123.6836,10.1265],[123.7661,10.2264],[123.8631,10.2485],[123.8855,10.2894],[123.97,10.3314],[123.9593,10.3594],[124.001,10.3543],[124.0213,10.3834],[123.9984,10.4144],[124.0364,10.5519],[124.0227,10.5575],[124.0327,10.5953],[124.0043,10.7553],[124.0294,10.7832],[124.054,10.8818],[124.0298,10.9291],[124.043,11.0558],[123.9977,11.0512],[124.0027,11.0741],[123.9825,11.0734],[124.0349,11.1469],[124.0372,11.2061],[124.0702,11.2557],[124.0635,11.2857]]],[[[123.733,11.2995],[123.6881,11.2265],[123.7289,11.1621],[123.7207,11.1372],[123.8081,11.1518],[123.733,11.2995]]],[[[124.0633,11.3069],[124.0633,11.3047],[124.0648,11.3068],[124.0633,11.3069]]],[[[124.1168,11.348],[124.1146,11.3456],[124.1063,11.3467],[124.1104,11.3438],[124.1138,11.3375],[124.1118,11.3367],[124.114,11.3343],[124.1134,11.3336],[124.1118,11.3351],[124.1143,11.3307],[124.1135,11.328],[124.1111,11.3278],[124.1125,11.3262],[124.1192,11.3267],[124.1218,11.3298],[124.1181,11.3347],[124.1188,11.3467],[124.1168,11.348]]],[[[123.8972,11.3528],[123.8907,11.3476],[123.8847,11.3332],[123.8866,11.3252],[123.8832,11.3053],[123.8843,11.3002],[123.888,11.2958],[123.8909,11.2962],[123.8944,11.2991],[123.8993,11.306],[123.8983,11.3196],[123.9022,11.3276],[123.9009,11.3381],[123.902,11.3436],[123.899,11.3516],[123.8972,11.3528]]],[[[124.0939,11.5233],[124.0934,11.5243],[124.0926,11.5188],[124.0896,11.5189],[124.0916,11.5174],[124.0894,11.5153],[124.0907,11.5131],[124.0931,11.5131],[124.0989,11.5054],[124.102,11.5051],[124.105,11.5067],[124.1035,11.508],[124.1053,11.5123],[124.1038,11.5137],[124.1042,11.5169],[124.0939,11.5233]]]]},"properties":{"iso3":"PHL","shapeId":"36201628B88329767373181","regionId":"PHL.103_1","name":"Central Visayas"}},{"type":"Feature","geometry":{"type":"MultiPolygon","coordinates":[[[[125.0604,9.9647],[125.0735,9.8952],[125.0797,9.9345],[125.0604,9.9647]]],[[[125.1292,10.1619],[125.1164,10.1127],[125.1348,10.0616],[125.1866,10.037],[125.2556,9.9141],[125.2874,9.912],[125.2991,9.926],[125.2719,9.9704],[125.2803,9.9944],[125.2127,10.128],[125.1648,10.1332],[125.1292,10.1619]]],[[[124.6189,10.2632],[124.6196,10.2644],[124.6169,10.2664],[124.615,10.2652],[124.6189,10.2632]]],[[[125.2218,10.4341],[125.2163,10.4324],[125.2202,10.4254],[125.225,10.425],[125.2284,10.4302],[125.2218,10.4341]]],[[[125.225,10.4746],[125.2218,10.4707],[125.2214,10.4634],[125.2229,10.4615],[125.2227,10.4577],[125.2288,10.4473],[125.2323,10.4449],[125.2331,10.4465],[125.2305,10.4487],[125.2283,10.457],[125.2244,10.4623],[125.2252,10.4649],[125.2275,10.4661],[125.2289,10.471],[125.2288,10.4735],[125.225,10.4746]]],[[[124.6783,10.4924],[124.6736,10.4923],[124.6679,10.4891],[124.6679,10.4857],[124.6736,10.4866],[124.6768,10.4902],[124.6793,10.4904],[124.6783,10.4924]]],[[[124.6718,10.5222],[124.6689,10.5196],[124.6729,10.5157],[124.6734,10.5193],[124.6718,10.5222]]],[[[124.637,10.54],[124.6346,10.5386],[124.6348,10.5369],[124.6397,10.5342],[124.6427,10.535],[124.6417,10.5379],[124.637,10.54]]],[[[124.6592,10.5463],[124.6619,10.5425],[124.6621,10.5441],[124.6592,10.5463]]],[[[125.0268,10.735],[125.0254,10.7364],[125.0242,10.733],[125.028,10.7273],[125.0314,10.727],[125.0282,10.7304],[125.0268,10.735]]],[[[125.9372,10.7736],[125.9358,10.7724],[125.9369,10.7704],[125.9384,10.7715],[125.9372,10.7736]]],[[[125.9575,10.7759],[125.938,10.7683],[125.9669,10.7468],[125.9575,10.7759]]],[[[125.6518,10.7855],[125.6474,10.7846],[125.6434,10.779],[125.6438,10.7779],[125.6464,10.7778],[125.6489,10.7833],[125.6518,10.7855]]],[[[125.6938,10.8235],[125.6604,10.7909],[125.6704,10.7441],[125.7521,10.6892],[125.8108,10.6966],[125.8112,10.7309],[125.7187,10.7459],[125.7276,10.7979],[125.6938,10.8235]]],[[[125.8348,10.9317],[125.8296,10.9294],[125.8371,10.9211],[125.838,10.9139],[125.8398,10.9146],[125.8401,10.9217],[125.8379,10.93],[125.8348,10.9317]]],[[[125.8313,10.9396],[125.8254,10.9379],[125.8264,10.9343],[125.8349,10.9337],[125.8349,10.9374],[125.8313,10.9396]]],[[[125.6277,11.0059],[125.618,10.9873],[125.6529,10.9811],[125.6524,11.005],[125.6277,11.0059]]],[[[125.6433,11.0084],[125.642,11.0085],[125.6453,11.0078],[125.6433,11.0084]]],[[[125.7469,11.0165],[125.7455,11.0142],[125.7491,11.0142],[125.7469,11.0165]]],[[[125.6938,11.0289],[125.6888,11.0281],[125.692,11.0231],[125.6967,11.0253],[125.6965,11.0276],[125.6938,11.0289]]],[[[125.7691,11.0326],[125.7632,11.0143],[125.8382,10.9402],[125.7691,11.0326]]],[[[125.7627,11.0331],[125.7613,11.0334],[125.7619,11.0305],[125.7627,11.0331]]],[[[125.6289,11.0468],[125.6271,11.0471],[125.6304,11.0455],[125.6289,11.0468]]],[[[125.7011,11.0563],[125.7001,11.0572],[125.7006,11.0554],[125.7011,11.0563]]],[[[125.6955,11.0585],[125.6951,11.0563],[125.6964,11.057],[125.6955,11.0585]]],[[[125.6816,11.0598],[125.6891,11.0331],[125.7121,11.0446],[125.6816,11.0598]]],[[[125.6971,11.0622],[125.6933,11.0611],[125.6984,11.0583],[125.6971,11.0622]]],[[[125.6854,11.0726],[125.6834,11.0706],[125.6854,11.0704],[125.6854,11.0726]]],[[[125.6908,11.0987],[125.6863,11.0965],[125.6864,11.0949],[125.6894,11.0955],[125.6908,11.0987]]],[[[125.5815,11.1042],[125.5798,11.1038],[125.5824,11.1037],[125.5815,11.1042]]],[[[125.5759,11.1073],[125.5742,11.1039],[125.5703,11.1033],[125.5685,11.1008],[125.5724,11.0957],[125.5778,11.093],[125.5835,11.0963],[125.5854,11.0995],[125.5835,11.0994],[125.5835,11.103],[125.579,11.1039],[125.5791,11.1066],[125.5759,11.1073]]],[[[125.662,11.1105],[125.6589,11.1104],[125.6571,11.1078],[125.6538,11.1084],[125.6535,11.1049],[125.6551,11.1037],[125.6576,11.1047],[125.6614,11.1075],[125.662,11.1105]]],[[[125.6773,11.1122],[125.6634,11.1104],[125.6683,11.091],[125.6857,11.1003],[125.6773,11.1122]]],[[[125.4696,11.1158],[125.468,11.1147],[125.4686,11.1121],[125.4696,11.1158]]],[[[125.5207,11.1358],[125.521,11.134],[125.5227,11.1349],[125.5207,11.1358]]],[[[125.5349,11.1365],[125.5338,11.1343],[125.5323,11.135],[125.5349,11.1328],[125.5349,11.1365]]],[[[125.5362,11.1383],[125.5342,11.1372],[125.536,11.136],[125.5396,11.1367],[125.5362,11.1383]]],[[[125.5463,11.1425],[125.5456,11.142],[125.5475,11.1415],[125.5463,11.1425]]],[[[125.543,11.1431],[125.5412,11.1405],[125.5436,11.1423],[125.543,11.1431]]],[[[125.5491,11.144],[125.5477,11.1421],[125.5488,11.1419],[125.5491,11.144]]],[[[125.0146,11.1528],[125.0152,11.1493],[125.016,11.1515],[125.0146,11.1528]]],[[[125.0851,11.2583],[125.079,11.2667],[125.075,11.2692],[125.0708,11.2653],[125.0742,11.2595],[125.0826,11.2543],[125.086,11.255],[125.0851,11.2583]]],[[[124.9722,11.3032],[124.9712,11.3026],[124.973,11.3],[124.9722,11.3032]]],[[[124.9772,11.3416],[124.9756,11.3384],[124.9785,11.3396],[124.9772,11.3416]]],[[[124.9798,11.3621],[124.9787,11.3606],[124.9808,11.3618],[124.9798,11.3621]]],[[[124.9876,11.3632],[124.9879,11.3596],[124.9909,11.357],[124.9912,11.3613],[124.9876,11.3632]]],[[[124.9809,11.3644],[124.9803,11.3627],[124.9815,11.3631],[124.9809,11.3644]]],[[[124.9798,11.3658],[124.9783,11.3654],[124.9784,11.363],[124.9798,11.3658]]],[[[124.9871,11.3659],[124.9867,11.3678],[124.9853,11.3661],[124.9873,11.3648],[124.9871,11.3659]]],[[[124.9887,11.3696],[124.9872,11.3686],[124.9891,11.3654],[124.9882,11.3642],[124.9907,11.3636],[124.9914,11.3666],[124.9887,11.3696]]],[[[124.9845,11.3889],[124.9834,11.3888],[124.984,11.387],[124.9857,11.3865],[124.987,11.3886],[124.9845,11.3889]]],[[[124.8956,11.4015],[124.8949,11.4005],[124.8962,11.4],[124.8956,11.4015]]],[[[124.9697,11.4222],[124.9681,11.4207],[124.9686,11.4176],[124.9735,11.4177],[124.9744,11.4213],[124.9716,11.4206],[124.9697,11.4222]]],[[[124.9605,11.4224],[124.9526,11.4013],[124.9694,11.3929],[124.9799,11.4032],[124.9605,11.4224]]],[[[124.9667,11.425],[124.9657,11.4253],[124.9677,11.4235],[124.9667,11.425]]],[[[124.9631,11.4305],[124.9619,11.4287],[124.9629,11.4278],[124.9631,11.4305]]],[[[124.8707,11.4345],[124.8707,11.4327],[124.8723,11.432],[124.8707,11.4345]]],[[[124.9093,11.4348],[124.908,11.436],[124.9062,11.4348],[124.9078,11.4333],[124.9088,11.4282],[124.9135,11.429],[124.9107,11.4308],[124.9111,11.4331],[124.9093,11.4348]]],[[[124.8532,11.4396],[124.8504,11.4386],[124.8487,11.4355],[124.8548,11.434],[124.8532,11.4396]]],[[[125.5524,11.4395],[125.55,11.4376],[125.5481,11.4308],[125.5531,11.4325],[125.5609,11.4307],[125.5524,11.4395]]],[[[124.8882,11.4413],[124.8882,11.4402],[124.8862,11.441],[124.886,11.4392],[124.8898,11.4351],[124.8896,11.4316],[124.8918,11.4298],[124.8928,11.4376],[124.8882,11.4413]]],[[[124.8966,11.5006],[124.8952,11.4986],[124.8957,11.4937],[124.897,11.4935],[124.8984,11.4959],[124.9048,11.4967],[124.9012,11.4981],[124.9008,11.4998],[124.8966,11.5006]]],[[[124.7953,11.5272],[124.7974,11.5241],[124.8005,11.5259],[124.7953,11.5272]]],[[[124.8118,11.5276],[124.8018,11.5205],[124.8051,11.5207],[124.8075,11.5188],[124.8077,11.522],[124.8146,11.5239],[124.8164,11.5259],[124.8118,11.5276]]],[[[124.8558,11.5475],[124.854,11.547],[124.8545,11.5461],[124.8563,11.5459],[124.8558,11.5475]]],[[[124.787,11.55],[124.788,11.5509],[124.7835,11.5501],[124.7829,11.5485],[124.787,11.55]]],[[[124.8536,11.5529],[124.8531,11.5544],[124.8538,11.5515],[124.8536,11.5529]]],[[[124.8585,11.5553],[124.8574,11.5548],[124.8588,11.5479],[124.8613,11.5475],[124.862,11.5499],[124.8585,11.5553]]],[[[124.8499,11.5625],[124.8491,11.5609],[124.8525,11.56],[124.8521,11.5623],[124.8499,11.5625]]],[[[124.3139,11.5636],[124.2857,11.5298],[124.2894,11.493],[124.3176,11.414],[124.3492,11.4054],[124.3264,11.3961],[124.3299,11.3795],[124.3613,11.3653],[124.3414,11.3631],[124.3422,11.314],[124.3721,11.3042],[124.367,11.2884],[124.3898,11.2985],[124.3761,11.2747],[124.4033,11.2398],[124.3835,11.2031],[124.4016,11.1095],[124.3692,11.0634],[124.4072,11.0373],[124.4,11.001],[124.4144,10.9862],[124.375,10.9239],[124.414,10.9119],[124.416,10.9509],[124.4392,10.919],[124.4308,10.8907],[124.4515,10.8996],[124.478,10.8654],[124.5159,10.868],[124.5508,10.9298],[124.5378,10.9775],[124.5899,11.0142],[124.6837,10.9388],[124.7829,10.7757],[124.8041,10.6617],[124.7944,10.6385],[124.7756,10.639],[124.7661,10.5366],[124.7206,10.4857],[124.7328,10.3767],[124.7909,10.3187],[124.7576,10.1556],[124.7779,10.1335],[124.8889,10.1213],[124.9046,10.0901],[125.0278,10.0047],[125.0235,10.0893],[124.9771,10.2135],[124.9698,10.377],[125.0252,10.3685],[125.0779,10.2291],[125.1254,10.1624],[125.1395,10.1723],[125.131,10.2769],[125.2174,10.2469],[125.2527,10.2579],[125.268,10.2999],[125.2578,10.3718],[125.2397,10.3948],[125.2147,10.3855],[125.1802,10.4271],[125.191,10.4752],[125.1643,10.5335],[125.1889,10.5618],[125.187,10.5912],[125.1126,10.6593],[125.1174,10.6961],[125.041,10.7171],[125.0105,10.7575],[125.004,10.8463],[125.0349,10.9317],[125.0398,11.0638],[125.0072,11.1582],[125.0309,11.2382],[125.0197,11.2078],[125.0081,11.2517],[124.9791,11.2525],[124.962,11.2802],[124.98,11.3992],[124.9563,11.3939],[124.9415,11.4281],[124.9147,11.4084],[124.903,11.4222],[124.8989,11.3965],[124.8803,11.4422],[124.8807,11.4078],[124.8153,11.4324],[124.8069,11.3846],[124.7017,11.3049],[124.5847,11.305],[124.5513,11.3393],[124.5372,11.4258],[124.481,11.4612],[124.4627,11.4455],[124.4742,11.3764],[124.4091,11.4772],[124.3139,11.5636]]],[[[124.8536,11.5664],[124.8521,11.5653],[124.8531,11.5624],[124.8536,11.5664]]],[[[124.2653,11.5825],[124.2652,11.5537],[124.2776,11.5633],[124.2653,11.5825]]],[[[124.9068,11.5828],[124.9058,11.5811],[124.9074,11.5798],[124.9082,11.5818],[124.9068,11.5828]]],[[[124.906,11.6],[124.9039,11.5993],[124.908,11.5924],[124.9089,11.5936],[124.9165,11.5937],[124.9203,11.5982],[124.9159,11.5965],[124.906,11.6]]],[[[125.4984,11.6014],[125.4967,11.6011],[125.4961,11.5979],[125.4982,11.594],[125.5014,11.5926],[125.5043,11.593],[125.5039,11.5996],[125.5022,11.6014],[125.4984,11.6014]]],[[[124.7566,11.6107],[124.7573,11.6065],[124.7595,11.6056],[124.7591,11.6086],[124.7566,11.6107]]],[[[124.8939,11.6124],[124.8756,11.5922],[124.8868,11.5797],[124.9063,11.5878],[124.8939,11.6124]]],[[[124.3631,11.6194],[124.3604,11.6189],[124.3612,11.6178],[124.3664,11.6183],[124.3631,11.6194]]],[[[124.877,11.6209],[124.8743,11.6188],[124.8765,11.6183],[124.877,11.6209]]],[[[124.3429,11.631],[124.3416,11.629],[124.3443,11.6275],[124.3446,11.6297],[124.3429,11.631]]],[[[124.8339,11.6379],[124.8327,11.6374],[124.8353,11.6366],[124.8339,11.6379]]],[[[124.8875,11.6464],[124.8842,11.6461],[124.8833,11.6432],[124.8812,11.6429],[124.8821,11.6404],[124.8835,11.6423],[124.8855,11.641],[124.888,11.6418],[124.8858,11.6436],[124.8875,11.6464]]],[[[125.4847,11.6459],[125.4791,11.647],[125.4767,11.6447],[125.4853,11.633],[125.4895,11.6304],[125.4886,11.6362],[125.4855,11.6423],[125.4885,11.6467],[125.4847,11.6459]]],[[[124.781,11.6736],[124.7787,11.6723],[124.7831,11.6706],[124.781,11.6736]]],[[[124.3275,11.6757],[124.3264,11.6772],[124.3257,11.6723],[124.3324,11.6717],[124.3275,11.6757]]],[[[124.3594,11.6944],[124.3582,11.6912],[124.3619,11.6895],[124.3629,11.6923],[124.3594,11.6944]]],[[[124.9072,11.6989],[124.9037,11.6928],[124.9012,11.694],[124.8992,11.6912],[124.8989,11.6901],[124.9005,11.6907],[124.9014,11.6893],[124.8996,11.6864],[124.9025,11.6888],[124.9039,11.6926],[124.9062,11.6937],[124.9072,11.6989]]],[[[124.4263,11.7072],[124.3343,11.6763],[124.3611,11.6571],[124.3951,11.5961],[124.3889,11.5593],[124.4448,11.483],[124.473,11.4614],[124.5022,11.4808],[124.5745,11.4713],[124.606,11.4887],[124.617,11.5433],[124.5832,11.5671],[124.5365,11.6753],[124.4263,11.7072]]],[[[124.8228,11.7097],[124.8349,11.6327],[124.8823,11.6246],[124.871,11.6483],[124.8905,11.6795],[124.8597,11.6757],[124.8612,11.6915],[124.846,11.685],[124.8228,11.7097]]],[[[124.3353,11.7097],[124.3365,11.708],[124.3393,11.7078],[124.3353,11.7097]]],[[[124.8699,11.7151],[124.8696,11.7118],[124.8747,11.7042],[124.8788,11.7049],[124.8881,11.6949],[124.8826,11.705],[124.8757,11.7101],[124.8746,11.7126],[124.8699,11.7151]]],[[[124.7274,11.7327],[124.7291,11.7105],[124.706,11.7133],[124.7247,11.6959],[124.7167,11.6735],[124.731,11.6767],[124.7367,11.6396],[124.7492,11.6509],[124.7895,11.6061],[124.7822,11.5946],[124.7612,11.6093],[124.7662,11.5744],[124.8071,11.5654],[124.7912,11.5486],[124.8236,11.53],[124.8502,11.6],[124.7948,11.6002],[124.7869,11.6193],[124.8074,11.6451],[124.7683,11.6663],[124.7822,11.691],[124.7544,11.6767],[124.7274,11.7327]]],[[[124.713,11.7371],[124.7143,11.7338],[124.7186,11.7316],[124.7177,11.7345],[124.713,11.7371]]],[[[124.7457,11.739],[124.7526,11.7015],[124.7745,11.7029],[124.7759,11.7305],[124.7457,11.739]]],[[[124.8765,11.7456],[124.8735,11.7456],[124.8729,11.7428],[124.8773,11.7364],[124.878,11.7412],[124.8765,11.7456]]],[[[124.8973,11.7485],[124.896,11.7477],[124.8975,11.7423],[124.8973,11.7485]]],[[[124.8694,11.7511],[124.8706,11.7472],[124.8725,11.7468],[124.8721,11.7505],[124.8694,11.7511]]],[[[124.2665,11.768],[124.2631,11.7662],[124.2649,11.7617],[124.2639,11.765],[124.2665,11.768]]],[[[124.7345,11.7851],[124.7348,11.783],[124.7356,11.7845],[124.7345,11.7851]]],[[[124.7234,11.7917],[124.7216,11.7895],[124.7242,11.7892],[124.7234,11.7917]]],[[[124.7341,11.7926],[124.7342,11.7903],[124.7353,11.7912],[124.7341,11.7926]]],[[[124.8061,11.7984],[124.8013,11.796],[124.8039,11.7952],[124.8065,11.7971],[124.8061,11.7984]]],[[[124.7158,11.8004],[124.7152,11.8015],[124.7141,11.7951],[124.7163,11.7968],[124.7158,11.8004]]],[[[124.7016,11.8091],[124.6981,11.8086],[124.6984,11.8071],[124.7009,11.8069],[124.6993,11.8048],[124.6993,11.8011],[124.7039,11.7994],[124.7067,11.7941],[124.7074,11.8014],[124.7036,11.8028],[124.7026,11.8076],[124.7037,11.8093],[124.7016,11.8091]]],[[[124.3177,11.8173],[124.2926,11.7877],[124.3249,11.7599],[124.3477,11.7731],[124.3502,11.8026],[124.3177,11.8173]]],[[[124.8185,11.8184],[124.8173,11.817],[124.8193,11.8168],[124.8185,11.8184]]],[[[124.7371,11.8207],[124.7388,11.8151],[124.7377,11.8117],[124.7403,11.8088],[124.7429,11.8116],[124.743,11.8145],[124.7371,11.8207]]],[[[124.7283,11.8283],[124.7256,11.8274],[124.7241,11.8235],[124.7256,11.8198],[124.7306,11.8258],[124.7305,11.8276],[124.7283,11.8283]]],[[[124.684,11.8304],[124.673,11.8215],[124.697,11.7959],[124.684,11.8304]]],[[[124.6966,11.837],[124.6916,11.8184],[124.7087,11.8254],[124.6966,11.837]]],[[[124.6773,11.8399],[124.6776,11.8381],[124.6803,11.8386],[124.6773,11.8399]]],[[[124.7174,11.8444],[124.7161,11.8433],[124.7191,11.8413],[124.7174,11.8444]]],[[[125.4688,11.8623],[125.4494,11.8554],[125.4763,11.8493],[125.4688,11.8623]]],[[[125.4587,11.8666],[125.4592,11.8686],[125.4572,11.8691],[125.4521,11.8638],[125.4582,11.8624],[125.4574,11.8664],[125.4587,11.8666]]],[[[125.4688,11.8806],[125.4655,11.8791],[125.4652,11.8771],[125.4687,11.8761],[125.4706,11.8773],[125.4688,11.8806]]],[[[124.2798,11.8905],[124.277,11.8902],[124.2764,11.8887],[124.2793,11.8875],[124.2798,11.8905]]],[[[124.7789,11.8913],[124.7796,11.888],[124.7826,11.8899],[124.7789,11.8913]]],[[[124.7228,11.8962],[124.7242,11.8981],[124.7189,11.8959],[124.7186,11.8946],[124.7215,11.8926],[124.7228,11.8962]]],[[[124.7153,11.9088],[124.7134,11.9085],[124.7104,11.905],[124.7126,11.9037],[124.714,11.8992],[124.7171,11.9032],[124.7168,11.9082],[124.7153,11.9088]]],[[[124.6285,11.9145],[124.6246,11.9137],[124.6262,11.9095],[124.6242,11.9063],[124.627,11.9083],[124.6281,11.9062],[124.6302,11.9093],[124.6314,11.9133],[124.6285,11.9145]]],[[[124.6405,11.921],[124.6336,11.9084],[124.6573,11.8897],[124.6643,11.9091],[124.6405,11.921]]],[[[124.6196,11.9267],[124.6152,11.9249],[124.6154,11.9215],[124.6171,11.9198],[124.6232,11.925],[124.6196,11.9267]]],[[[124.4062,11.9289],[124.405,11.9274],[124.4077,11.9272],[124.4062,11.9289]]],[[[124.4439,11.933],[124.4111,11.8975],[124.4502,11.8797],[124.467,11.8911],[124.4439,11.933]]],[[[124.3553,11.9426],[124.3537,11.942],[124.3539,11.9404],[124.356,11.9413],[124.3553,11.9426]]],[[[124.3663,11.9549],[124.3647,11.9521],[124.3681,11.9475],[124.3654,11.9451],[124.3619,11.9459],[124.361,11.9403],[124.3633,11.9404],[124.363,11.938],[124.3648,11.9371],[124.368,11.937],[124.3694,11.9388],[124.3707,11.9373],[124.3727,11.9396],[124.3731,11.9452],[124.3753,11.9485],[124.3748,11.9512],[124.3729,11.9534],[124.3699,11.9527],[124.3679,11.9552],[124.3663,11.9549]]],[[[124.3323,11.9603],[124.2803,11.9291],[124.2793,11.8978],[124.3111,11.9017],[124.3383,11.9389],[124.3323,11.9603]]],[[[124.6704,11.9861],[124.6676,11.9854],[124.6682,11.9812],[124.6736,11.9812],[124.6746,11.9837],[124.6704,11.9861]]],[[[124.4222,11.9919],[124.4036,11.9667],[124.4282,11.9563],[124.4222,11.9919]]],[[[125.5564,12.0064],[125.5599,12.0106],[125.5568,12.0155],[125.5551,12.0124],[125.5564,12.0064]]],[[[125.5592,12.0154],[125.5608,12.017],[125.5603,12.019],[125.5571,12.0219],[125.5565,12.0178],[125.5592,12.0154]]],[[[125.5606,12.0234],[125.5602,12.0269],[125.5571,12.0272],[125.5565,12.0235],[125.5606,12.0234]]],[[[125.5627,12.0683],[125.5604,12.0669],[125.5628,12.0582],[125.5636,12.0473],[125.5577,12.0397],[125.5586,12.0345],[125.5621,12.0374],[125.5626,12.0414],[125.5666,12.0445],[125.5673,12.0499],[125.5689,12.0501],[125.5677,12.0592],[125.5627,12.0683]]],[[[125.5705,12.067],[125.5678,12.0706],[125.5672,12.0659],[125.5693,12.0618],[125.5727,12.0597],[125.5705,12.067]]],[[[124.2215,12.084],[124.1682,12.0768],[124.1452,12.0463],[124.1754,12.031],[124.2152,12.0669],[124.2374,12.058],[124.2369,12.0821],[124.2215,12.084]]],[[[125.5642,12.0937],[125.5625,12.0937],[125.5622,12.0914],[125.5642,12.0912],[125.5642,12.0937]]],[[[124.1992,12.0967],[124.1946,12.0953],[124.1938,12.0937],[124.1943,12.0915],[124.198,12.0894],[124.2001,12.0905],[124.2013,12.0934],[124.2012,12.0961],[124.1992,12.0967]]],[[[125.5504,12.1193],[125.546,12.1207],[125.5605,12.1051],[125.5625,12.0992],[125.5679,12.099],[125.5691,12.1012],[125.5667,12.1077],[125.5527,12.119],[125.5504,12.1193]]],[[[124.0992,12.2906],[124.0844,12.2816],[124.0988,12.2564],[124.1139,12.2757],[124.0992,12.2906]]],[[[124.0561,12.3595],[124.0378,12.3377],[124.061,12.3435],[124.0561,12.3595]]],[[[124.0319,12.3615],[124.027,12.3451],[124.0441,12.3541],[124.0319,12.3615]]],[[[124.0117,12.3747],[124.01,12.3747],[124.0095,12.3703],[124.0116,12.3618],[124.0149,12.3583],[124.0159,12.3698],[124.0117,12.3747]]],[[[124.0442,12.3831],[124.0423,12.3817],[124.038,12.3825],[124.0348,12.3792],[124.0369,12.3775],[124.0437,12.3786],[124.0465,12.3805],[124.0442,12.3831]]],[[[124.0619,12.3865],[124.0572,12.3861],[124.056,12.3825],[124.0592,12.3783],[124.0657,12.3735],[124.0728,12.3582],[124.0741,12.3577],[124.0771,12.3603],[124.0805,12.3599],[124.082,12.3613],[124.0793,12.3618],[124.0776,12.3647],[124.0802,12.3668],[124.0791,12.3716],[124.074,12.3725],[124.0732,12.3739],[124.0745,12.3763],[124.0715,12.3774],[124.0712,12.3804],[124.0686,12.3802],[124.0681,12.3832],[124.0651,12.3829],[124.0619,12.3865]]],[[[124.0301,12.4098],[124.0246,12.4073],[124.0125,12.395],[124.0054,12.3946],[124.0026,12.3861],[124.0045,12.3789],[124.0097,12.3805],[124.0164,12.3879],[124.0188,12.3934],[124.0246,12.3978],[124.0318,12.4084],[124.0301,12.4098]]],[[[124.2464,12.4595],[124.2497,12.4039],[124.2764,12.3627],[124.2798,12.4145],[124.2464,12.4595]]],[[[124.1415,12.4831],[124.139,12.4319],[124.1824,12.381],[124.1925,12.4125],[124.1415,12.4831]]],[[[124.5024,12.5329],[124.5034,12.5305],[124.5062,12.531],[124.5083,12.529],[124.5105,12.5305],[124.5024,12.5329]]],[[[124.7035,12.5348],[124.7021,12.5357],[124.6969,12.5326],[124.7024,12.5309],[124.704,12.5325],[124.7035,12.5348]]],[[[124.4742,12.5414],[124.4732,12.5395],[124.4762,12.5374],[124.4763,12.5396],[124.4742,12.5414]]],[[[124.4812,12.5435],[124.4815,12.5411],[124.4853,12.5404],[124.4812,12.5435]]],[[[124.4247,12.5441],[124.4225,12.5418],[124.4248,12.5381],[124.4252,12.5346],[124.429,12.5327],[124.4347,12.5363],[124.4315,12.5404],[124.4247,12.5441]]],[[[124.4562,12.5488],[124.4547,12.5486],[124.4542,12.5467],[124.455,12.5434],[124.4578,12.5468],[124.4562,12.5488]]],[[[124.6836,12.5502],[124.6821,12.549],[124.6854,12.5449],[124.6889,12.5441],[124.6873,12.5487],[124.6836,12.5502]]],[[[125.0461,12.5514],[125.0466,12.5501],[125.0449,12.5484],[125.049,12.5478],[125.0489,12.5509],[125.0461,12.5514]]],[[[125.0518,12.5522],[125.0494,12.5507],[125.05,12.5468],[125.0533,12.5503],[125.0535,12.5516],[125.0518,12.5522]]],[[[124.4862,12.5536],[124.4856,12.5514],[124.4894,12.5443],[124.4913,12.5421],[124.4925,12.5425],[124.4925,12.5407],[124.4941,12.541],[124.4934,12.5398],[124.4974,12.5396],[124.4977,12.5422],[124.4963,12.5419],[124.4962,12.5444],[124.4921,12.5507],[124.4902,12.5501],[124.4878,12.5534],[124.4862,12.5536]]],[[[125.0202,12.5605],[125.027,12.5321],[125.0486,12.5458],[125.0202,12.5605]]],[[[125.0683,12.5625],[125.063,12.5612],[125.0626,12.5563],[125.0602,12.5535],[125.0572,12.5528],[125.056,12.5477],[125.0629,12.5491],[125.0638,12.5562],[125.0683,12.5625]]],[[[124.3204,12.5708],[124.3182,12.5698],[124.3182,12.5684],[124.3197,12.5656],[124.3191,12.5632],[124.3216,12.5614],[124.3235,12.5663],[124.3204,12.5708]]],[[[124.4276,12.5808],[124.4124,12.5571],[124.4472,12.5359],[124.4559,12.5546],[124.4276,12.5808]]],[[[125.1454,12.5848],[125.1114,12.5635],[125.0995,12.5818],[125.0729,12.5788],[125.0814,12.5406],[125.0285,12.5302],[125.0129,12.5648],[124.975,12.5496],[124.9566,12.5841],[124.9119,12.5666],[124.8586,12.5847],[124.8827,12.565],[124.8602,12.5312],[124.7985,12.5426],[124.6764,12.5086],[124.5617,12.5341],[124.5122,12.5193],[124.4743,12.5373],[124.4635,12.5209],[124.4666,12.546],[124.429,12.5297],[124.3912,12.5668],[124.3881,12.544],[124.3552,12.5564],[124.3571,12.5382],[124.3293,12.5353],[124.2888,12.5842],[124.2609,12.5495],[124.2843,12.4677],[124.3163,12.445],[124.3411,12.3759],[124.338,12.3148],[124.3899,12.1958],[124.4492,12.1546],[124.4827,12.1003],[124.5356,12.0582],[124.5943,12.066],[124.6917,12.0102],[124.6962,11.9544],[124.7447,11.9306],[124.7371,11.8966],[124.793,11.9136],[124.8236,11.8901],[124.7893,11.9041],[124.8,11.888],[124.7768,11.8788],[124.7994,11.8706],[124.7746,11.8631],[124.836,11.8303],[124.829,11.7954],[124.8388,11.8156],[124.8601,11.8111],[124.8858,11.7534],[124.917,11.7423],[124.9973,11.7799],[125.0433,11.7523],[125.0407,11.7255],[125.0288,11.7354],[124.973,11.6698],[124.9938,11.6145],[124.957,11.597],[124.9498,11.5719],[124.8809,11.5773],[124.8937,11.5387],[124.8591,11.547],[124.8316,11.5091],[124.819,11.516],[124.8401,11.4654],[124.8904,11.4633],[124.8931,11.5097],[124.9023,11.4707],[124.9965,11.4275],[124.9784,11.2836],[125.006,11.2676],[125.0695,11.2869],[125.1515,11.2751],[125.1948,11.1828],[125.2092,11.0982],[125.2343,11.086],[125.2467,11.1225],[125.2974,11.1429],[125.3183,11.1167],[125.4074,11.0997],[125.4074,11.0818],[125.435,11.1114],[125.4546,11.0988],[125.4612,11.1264],[125.5113,11.0814],[125.5346,11.153],[125.5726,11.1498],[125.5589,11.1266],[125.5786,11.107],[125.6611,11.1426],[125.6578,11.1224],[125.6993,11.1078],[125.6725,11.0832],[125.7559,11.0108],[125.7599,11.0458],[125.6653,11.1981],[125.5967,11.2325],[125.6276,11.1975],[125.6175,11.1896],[125.5842,11.1783],[125.5344,11.1949],[125.547,11.2597],[125.6114,11.3023],[125.6325,11.3559],[125.5841,11.3991],[125.5633,11.3932],[125.523,11.4537],[125.4921,11.4482],[125.5276,11.4752],[125.4696,11.5453],[125.4748,11.5909],[125.4507,11.5883],[125.4391,11.607],[125.4635,11.6444],[125.452,11.6691],[125.4925,11.6714],[125.4707,11.6854],[125.4828,11.6953],[125.4616,11.7592],[125.4392,11.7384],[125.4334,11.7579],[125.4134,11.7568],[125.4741,11.7928],[125.4353,11.8274],[125.4262,11.9559],[125.5157,12.0601],[125.4894,12.0626],[125.4637,12.0911],[125.4859,12.1024],[125.4449,12.1016],[125.4367,12.1263],[125.474,12.1453],[125.4568,12.1667],[125.4964,12.1695],[125.4979,12.1842],[125.511,12.1714],[125.5153,12.1923],[125.4949,12.2172],[125.4969,12.2026],[125.4817,12.2085],[125.4783,12.2307],[125.4564,12.2266],[125.4641,12.2423],[125.4385,12.2731],[125.4118,12.285],[125.4049,12.2685],[125.3978,12.2809],[125.3663,12.27],[125.3577,12.2797],[125.3824,12.3023],[125.3567,12.3058],[125.3379,12.2693],[125.3173,12.274],[125.3413,12.2833],[125.3352,12.3182],[125.2931,12.2901],[125.2867,12.3068],[125.3202,12.3273],[125.2863,12.337],[125.3056,12.3643],[125.2981,12.3845],[125.3159,12.3861],[125.2986,12.397],[125.3399,12.4055],[125.3078,12.4145],[125.2907,12.4691],[125.2588,12.4738],[125.2682,12.4891],[125.1454,12.5848]]],[[[124.3825,12.5853],[124.38,12.5837],[124.3828,12.5847],[124.3854,12.5824],[124.3845,12.5846],[124.3825,12.5853]]],[[[124.4861,12.5864],[124.4735,12.5787],[124.4997,12.5407],[124.52,12.5426],[124.4861,12.5864]]],[[[124.3617,12.5898],[124.3624,12.5633],[124.3828,12.5683],[124.3617,12.5898]]],[[[125.1434,12.6019],[125.1383,12.6016],[125.1362,12.5989],[125.1364,12.5941],[125.1392,12.5903],[125.1384,12.5895],[125.1429,12.5849],[125.1462,12.5864],[125.149,12.5901],[125.1481,12.5964],[125.1434,12.6019]]],[[[124.4376,12.6244],[124.4287,12.6186],[124.4303,12.6179],[124.429,12.6168],[124.4281,12.6176],[124.4284,12.6147],[124.4318,12.6158],[124.4342,12.6121],[124.4413,12.6102],[124.4432,12.6139],[124.4465,12.6157],[124.4469,12.618],[124.4376,12.6244]]],[[[124.4408,12.6259],[124.4389,12.6242],[124.4426,12.6245],[124.4408,12.6259]]],[[[124.4319,12.6261],[124.4303,12.6237],[124.4327,12.6245],[124.4319,12.6261]]],[[[124.359,12.6276],[124.3583,12.5951],[124.3919,12.5799],[124.3933,12.6027],[124.359,12.6276]]],[[[125.0845,12.6302],[125.0817,12.6295],[125.0816,12.6249],[125.0827,12.6224],[125.0847,12.6231],[125.0881,12.6215],[125.0893,12.6255],[125.0881,12.6282],[125.0845,12.6302]]],[[[124.3914,12.6354],[124.3896,12.6322],[124.3926,12.6339],[124.3914,12.6354]]],[[[124.4384,12.639],[124.4353,12.6384],[124.4353,12.636],[124.4393,12.6371],[124.4384,12.639]]],[[[124.3947,12.6395],[124.3916,12.638],[124.3923,12.6368],[124.3947,12.6374],[124.3947,12.6395]]],[[[124.9936,12.6426],[125.0038,12.5723],[125.054,12.553],[125.07,12.573],[125.0161,12.5951],[124.9936,12.6426]]],[[[124.4219,12.6437],[124.4212,12.6421],[124.4229,12.6397],[124.4219,12.6437]]],[[[124.4266,12.6468],[124.4176,12.6274],[124.4321,12.6287],[124.4266,12.6468]]],[[[124.3692,12.6513],[124.3687,12.6502],[124.3734,12.6347],[124.376,12.6308],[124.3795,12.6314],[124.3806,12.6336],[124.38,12.6347],[124.3786,12.6329],[124.3802,12.6365],[124.3793,12.64],[124.38,12.6388],[124.3771,12.6454],[124.3754,12.646],[124.3763,12.6467],[124.3751,12.6482],[124.3739,12.6476],[124.37,12.6505],[124.3694,12.6497],[124.3692,12.6513]]],[[[124.3601,12.6618],[124.3584,12.6618],[124.3558,12.6564],[124.3595,12.6517],[124.3598,12.6448],[124.3657,12.6433],[124.3674,12.6464],[124.3641,12.652],[124.3647,12.6533],[124.3623,12.6602],[124.3601,12.6618]]],[[[124.9993,12.6635],[124.9904,12.6481],[125.011,12.641],[124.9993,12.6635]]],[[[124.3988,12.678],[124.3958,12.677],[124.3953,12.6745],[124.3988,12.6721],[124.4036,12.6642],[124.4061,12.6639],[124.4058,12.6654],[124.4078,12.6655],[124.4086,12.6605],[124.4131,12.6574],[124.4141,12.6525],[124.4167,12.6505],[124.4187,12.6508],[124.4187,12.6529],[124.4205,12.654],[124.4194,12.6521],[124.4222,12.653],[124.4239,12.6508],[124.4259,12.6515],[124.4273,12.6578],[124.4241,12.6635],[124.4248,12.6662],[124.4237,12.6683],[124.4176,12.6704],[124.4168,12.6659],[124.4185,12.6593],[124.4174,12.6592],[124.4164,12.6641],[124.4138,12.6652],[124.4092,12.6746],[124.3988,12.678]]],[[[125.0625,12.686],[125.0306,12.6719],[125.0287,12.6498],[125.0601,12.6368],[125.0332,12.6203],[125.089,12.6025],[125.0625,12.686]]],[[[124.3811,12.6885],[124.3769,12.6843],[124.3835,12.681],[124.3868,12.6847],[124.3849,12.6872],[124.3827,12.6869],[124.3811,12.6885]]],[[[124.3564,12.6964],[124.3661,12.6545],[124.3936,12.6398],[124.3917,12.6739],[124.3564,12.6964]]],[[[124.368,12.6975],[124.3711,12.6938],[124.3712,12.6916],[124.3754,12.6911],[124.3743,12.6879],[124.376,12.6882],[124.3775,12.6914],[124.3724,12.6923],[124.3709,12.6964],[124.368,12.6975]]]]},"properties":{"iso3":"PHL","shapeId":"36201628B29919658129037","regionId":"PHL.104_1","name":"Eastern Visayas"}},{"type":"Feature","geometry":{"type":"MultiPolygon","coordinates":[[[[123.575,8.6334],[123.5715,8.6315],[123.5668,8.6199],[123.5691,8.6206],[123.5724,8.6255],[123.575,8.6334]]],[[[123.634,8.0206],[123.704,8.0523],[123.7597,8.0507],[123.7895,8.0996],[123.8655,8.1582],[123.8464,8.27],[123.8636,8.3247],[123.8177,8.4755],[123.7436,8.5762],[123.7553,8.6002],[123.7346,8.6114],[123.7393,8.5883],[123.6878,8.6411],[123.6315,8.6328],[123.6084,8.6701],[123.58,8.6596],[123.6043,8.6511],[123.567,8.5714],[123.5538,8.6167],[123.5591,8.0323],[123.6342,8.0338],[123.634,8.0206]]],[[[124.801,7.5215],[124.7886,7.4841],[124.817,7.4991],[124.882,7.4181],[124.93,7.4357],[124.9736,7.4009],[125.044,7.404],[125.067,7.4512],[125.1553,7.4658],[125.1638,7.5092],[125.2294,7.4919],[125.2636,7.5068],[125.2656,7.5648],[125.3259,7.565],[125.3009,7.6373],[125.4246,7.6228],[125.4414,7.7386],[125.4162,7.8194],[125.4201,7.9099],[125.3751,8.015],[125.4056,8.0762],[125.4435,8.0945],[125.3664,8.1864],[125.3399,8.2844],[125.2751,8.3547],[125.2873,8.4225],[125.2476,8.4781],[125.2617,8.5876],[125.1698,8.5839],[125.2385,8.6603],[125.2411,8.8406],[125.2626,8.8424],[125.2173,8.9185],[125.2331,8.9508],[125.2178,8.982],[125.2381,8.9875],[125.2077,9.0937],[125.1861,9.0761],[125.1713,9.0102],[125.1875,8.9274],[125.1638,8.8457],[125.0781,8.8282],[125.0244,8.9188],[124.9061,8.9819],[124.8761,9.0168],[124.7786,8.9764],[124.7895,8.825],[124.7639,8.7588],[124.7775,8.7182],[124.7446,8.7051],[124.7387,8.6733],[124.7715,8.5939],[124.7428,8.5585],[124.7541,8.5123],[124.7389,8.4914],[124.6996,8.4722],[124.6666,8.4836],[124.6624,8.5071],[124.5777,8.519],[124.5712,8.5418],[124.5435,8.5406],[124.4712,8.5913],[124.4676,8.6251],[124.3867,8.5938],[124.3123,8.5362],[124.2838,8.4629],[124.2829,8.3967],[124.2457,8.3302],[124.2645,8.2788],[124.2299,8.2175],[124.1665,8.1862],[124.0315,8.1987],[123.9611,8.1712],[123.899,8.1142],[123.848,8.1123],[123.7453,7.9938],[123.6944,7.9789],[123.6773,7.9514],[123.6499,7.9598],[123.635,7.9327],[123.6635,7.9225],[123.6487,7.8919],[123.6662,7.8885],[123.6337,7.8687],[123.6241,7.8304],[123.7211,7.791],[123.7356,7.7334],[123.764,7.7315],[123.7725,7.7046],[123.8497,7.6977],[123.851,7.7352],[123.8703,7.7381],[123.9553,7.7238],[124.0016,7.7427],[123.9955,7.7853],[124.0294,7.8216],[123.9657,7.8796],[124.0019,7.9126],[123.9878,7.9351],[124.1016,7.9645],[124.1088,8.0299],[124.1941,8.0214],[124.214,8.0713],[124.2839,8.0534],[124.3318,8.0739],[124.3377,8.1025],[124.3708,8.1207],[124.3689,8.1566],[124.435,8.1284],[124.4812,8.1635],[124.5372,8.0905],[124.5976,7.9025],[124.7314,7.7452],[124.7562,7.6543],[124.8031,7.6283],[124.8285,7.547],[124.801,7.5215]]],[[[124.8254,9.1728],[124.8224,9.172],[124.8251,9.1712],[124.8254,9.1728]]],[[[124.7025,9.2578],[124.6432,9.2328],[124.635,9.1702],[124.6749,9.1206],[124.7752,9.0801],[124.8065,9.1177],[124.7789,9.2031],[124.7025,9.2578]]]]},"properties":{"iso3":"PHL","shapeId":"36201628B97761566458517","regionId":"PHL.105_1","name":"Northern Mindanao"}},{"type":"Feature","geometry":{"type":"MultiPolygon","coordinates":[[[[125.3972,5.4379],[125.3289,5.3894],[125.3516,5.3688],[125.4204,5.3657],[125.4296,5.4196],[125.3972,5.4379]]],[[[125.4776,5.4958],[125.4677,5.4803],[125.4827,5.4676],[125.4564,5.4677],[125.4738,5.4546],[125.4517,5.4355],[125.4717,5.3894],[125.4999,5.4683],[125.4776,5.4958]]],[[[125.4894,5.5153],[125.4869,5.5146],[125.4885,5.5107],[125.4913,5.5124],[125.4894,5.5153]]],[[[126.2919,6.7684],[126.2918,6.7707],[126.29,6.7712],[126.2896,6.7694],[126.2919,6.7684]]],[[[126.2582,6.796],[126.2573,6.7953],[126.2607,6.7895],[126.2651,6.7849],[126.2706,6.7803],[126.2758,6.7794],[126.2754,6.7845],[126.2711,6.7883],[126.2695,6.7926],[126.2627,6.7957],[126.2582,6.796]]],[[[126.2746,6.8333],[126.2731,6.8326],[126.2743,6.8306],[126.2746,6.8333]]],[[[125.6871,6.9619],[125.6695,6.9452],[125.6872,6.9076],[125.7131,6.898],[125.7207,6.9373],[125.6871,6.9619]]],[[[125.7791,7.1789],[125.7777,7.1769],[125.78,7.1723],[125.78,7.1684],[125.7833,7.161],[125.7854,7.1597],[125.7809,7.1705],[125.7791,7.1789]]],[[[125.7726,7.1936],[125.7728,7.1898],[125.7749,7.1897],[125.7726,7.1936]]],[[[125.7094,7.1979],[125.6636,7.0936],[125.6795,7.0635],[125.7123,7.0695],[125.7227,6.9643],[125.7657,6.8926],[125.7933,6.9381],[125.7755,7.0319],[125.7976,7.1168],[125.7094,7.1979]]],[[[125.8317,7.286],[125.8302,7.2853],[125.8302,7.2776],[125.8285,7.2746],[125.8288,7.2714],[125.8318,7.269],[125.835,7.2792],[125.8346,7.2834],[125.8317,7.286]]],[[[125.8417,7.2928],[125.8394,7.2916],[125.8396,7.2873],[125.8444,7.291],[125.8417,7.2928]]],[[[126.3871,7.8814],[126.3826,7.8807],[126.3821,7.8776],[126.3835,7.8798],[126.3869,7.8803],[126.3871,7.8814]]],[[[125.2294,7.4919],[125.2302,7.4118],[125.2757,7.3744],[125.2293,7.3572],[125.2552,7.2593],[125.2235,7.2109],[125.2288,7.1759],[125.2886,7.1152],[125.2927,7.0361],[125.2592,7.0294],[125.2062,6.915],[125.1569,6.8571],[125.0789,6.8398],[125.0849,6.7937],[125.0541,6.7901],[125.0517,6.7667],[125.0727,6.7607],[125.0468,6.6685],[125.0918,6.5675],[125.1404,6.5204],[125.098,6.4983],[125.1077,6.4361],[125.2213,6.4656],[125.2487,6.4349],[125.3069,6.4546],[125.3405,6.4938],[125.3456,6.5406],[125.3932,6.5035],[125.4257,6.3197],[125.4498,6.3216],[125.4737,6.2959],[125.5046,6.2299],[125.5072,6.1498],[125.5386,6.0705],[125.481,5.9083],[125.4832,5.8377],[125.3942,5.6494],[125.3257,5.5974],[125.317,5.5686],[125.3319,5.5548],[125.4143,5.5731],[125.5129,5.7487],[125.6611,5.9209],[125.7019,6.0244],[125.7152,6.103],[125.7034,6.2134],[125.6183,6.41],[125.5828,6.4388],[125.5938,6.5015],[125.5719,6.4955],[125.5628,6.5054],[125.5825,6.5151],[125.5513,6.535],[125.5244,6.5172],[125.52,6.5547],[125.4801,6.5749],[125.4844,6.5991],[125.4635,6.5944],[125.4295,6.633],[125.4441,6.5783],[125.3868,6.6039],[125.3724,6.7239],[125.3912,6.7561],[125.3793,6.8058],[125.4903,6.9212],[125.4896,6.9851],[125.5392,7.0413],[125.5653,7.0457],[125.5761,7.0247],[125.61,7.0463],[125.6497,7.0961],[125.6636,7.1268],[125.6502,7.2437],[125.81,7.366],[125.852,7.3613],[125.8378,7.2545],[125.8925,7.1659],[125.8836,7.1264],[125.9572,7.0667],[125.9501,7.0475],[125.9912,7.0136],[125.9722,6.953],[125.9866,6.914],[126.0796,6.8468],[126.0753,6.7617],[126.0981,6.737],[126.0924,6.6821],[126.0693,6.652],[126.0935,6.599],[126.0837,6.5314],[126.1506,6.4194],[126.1362,6.3875],[126.1872,6.3389],[126.1928,6.2693],[126.1978,6.3894],[126.2257,6.4354],[126.2204,6.6348],[126.2603,6.7529],[126.155,6.9062],[126.1891,6.8798],[126.1841,6.9336],[126.2056,6.9537],[126.2624,6.9119],[126.2698,6.928],[126.2776,6.8838],[126.3015,6.8616],[126.2881,6.8222],[126.3502,6.8026],[126.3454,6.8575],[126.2823,6.929],[126.3074,6.9395],[126.3381,7.0056],[126.4586,6.9946],[126.4462,7.0169],[126.4524,7.0566],[126.4743,7.0649],[126.4667,7.0859],[126.5165,7.1245],[126.5339,7.2063],[126.5613,7.2023],[126.605,7.2886],[126.5659,7.2877],[126.5512,7.3128],[126.5702,7.3329],[126.5548,7.3741],[126.5781,7.395],[126.5538,7.402],[126.549,7.4287],[126.5582,7.447],[126.5947,7.4489],[126.5988,7.5048],[126.5819,7.5691],[126.559,7.5778],[126.5775,7.6096],[126.5519,7.6375],[126.5511,7.6953],[126.5701,7.719],[126.5066,7.7361],[126.4467,7.8093],[126.3833,7.8295],[126.3836,7.8674],[126.3593,7.8849],[126.3516,8.0021],[126.2278,8.0002],[126.195,7.9783],[126.1492,7.9968],[126.0391,7.9309],[125.9999,7.9524],[125.98,7.9987],[125.9115,8.0],[125.9009,7.9309],[125.8515,7.9671],[125.7756,7.9519],[125.7525,7.9985],[125.3794,8.0032],[125.4151,7.9383],[125.4162,7.8194],[125.4413,7.7417],[125.4246,7.6228],[125.3009,7.6373],[125.3259,7.565],[125.2656,7.5648],[125.2636,7.5068],[125.2294,7.4919]]]]},"properties":{"iso3":"PHL","shapeId":"36201628B90061603712355","regionId":"PHL.106_1","name":"Davao Region"}},{"type":"Feature","geometry":{"type":"MultiPolygon","coordinates":[[[[124.2088,7.2569],[124.1577,7.2038],[124.2687,7.1726],[124.3168,7.1384],[124.2569,7.211],[124.263,7.2248],[124.2345,7.2335],[124.24,7.2688],[124.2088,7.2569]]],[[[124.0332,6.7411],[124.0163,6.7154],[124.055,6.6034],[124.0356,6.5531],[124.0639,6.5445],[124.0208,6.531],[124.0391,6.4868],[124.0358,6.4237],[124.0555,6.3781],[124.0773,6.3898],[124.1084,6.3189],[124.1678,6.2726],[124.1848,6.2106],[124.3216,6.1148],[124.4254,6.0875],[124.5212,6.0217],[124.5783,6.0151],[124.6027,5.9864],[124.6398,5.9845],[124.8232,5.8896],[124.9507,5.8562],[125.0788,5.8629],[125.077,5.8961],[125.1419,6.0198],[125.1535,6.0912],[125.1703,6.1063],[125.2502,6.096],[125.2788,6.0646],[125.292,5.9824],[125.2725,5.9185],[125.2144,5.8866],[125.2213,5.8613],[125.2038,5.8262],[125.1806,5.8383],[125.1743,5.7987],[125.1827,5.7741],[125.2168,5.7681],[125.246,5.7113],[125.2863,5.694],[125.3086,5.632],[125.2936,5.5831],[125.3227,5.5716],[125.3318,5.6067],[125.3942,5.6494],[125.4832,5.8377],[125.481,5.9083],[125.5386,6.0705],[125.5072,6.1498],[125.5046,6.2299],[125.4737,6.2959],[125.4498,6.3216],[125.4257,6.3197],[125.4058,6.4806],[125.3634,6.535],[125.3374,6.5367],[125.3405,6.4938],[125.3069,6.4546],[125.2487,6.4349],[125.2213,6.4656],[125.1077,6.4361],[125.098,6.4983],[125.1404,6.5204],[125.0918,6.5675],[125.0468,6.6685],[125.0727,6.7607],[125.0517,6.7667],[125.0541,6.7901],[125.0849,6.7937],[125.0789,6.8398],[125.1569,6.8571],[125.2062,6.915],[125.2592,7.0294],[125.2927,7.0361],[125.2886,7.1152],[125.2288,7.1759],[125.2235,7.2109],[125.2552,7.2593],[125.2293,7.3572],[125.2757,7.3744],[125.2302,7.4118],[125.2294,7.4919],[125.1638,7.5092],[125.1553,7.4658],[125.067,7.4512],[125.0468,7.4046],[124.9736,7.4009],[124.93,7.4357],[124.8945,7.4146],[124.8393,7.4559],[124.817,7.4991],[124.7886,7.4841],[124.7973,7.532],[124.742,7.591],[124.5904,7.6093],[124.528,7.6383],[124.4853,7.4386],[124.4633,7.4377],[124.396,7.3554],[124.3398,7.1692],[124.3771,7.1697],[124.3946,7.2243],[124.4181,7.2303],[124.4443,7.2362],[124.45,7.2073],[124.4896,7.2072],[124.4315,7.0895],[124.5012,7.0301],[124.537,7.0395],[124.5861,6.9699],[124.6274,6.9748],[124.6772,6.9466],[124.7216,6.9986],[124.6892,7.0725],[124.7369,7.1103],[124.7302,7.133],[124.6937,7.146],[124.696,7.1838],[124.7964,7.1363],[124.772,7.0759],[124.8252,7.0627],[124.8238,6.9491],[124.8035,6.9489],[124.8036,6.9124],[124.8041,6.8823],[124.8278,6.8611],[124.8042,6.8168],[124.8236,6.8155],[124.8296,6.7919],[124.9417,6.7906],[124.9586,6.737],[125.0077,6.7341],[125.0068,6.7119],[124.8868,6.6776],[124.902,6.6559],[124.8684,6.6431],[124.8655,6.6098],[124.7856,6.6031],[124.787,6.6494],[124.761,6.6648],[124.7953,6.6838],[124.7171,6.8108],[124.6944,6.793],[124.6698,6.8652],[124.6338,6.8881],[124.5975,6.8649],[124.603,6.8506],[124.5803,6.8501],[124.578,6.7818],[124.5093,6.7729],[124.5162,6.7279],[124.4136,6.7278],[124.279,6.6962],[124.2839,6.7541],[124.2477,6.7566],[124.2283,6.7339],[124.0332,6.7411]]]]},"properties":{"iso3":"PHL","shapeId":"36201628B76469343449086","regionId":"PHL.107_1","name":"Soccsksargen"}},{"type":"Feature","geometry":{"type":"MultiPolygon","coordinates":[[[[126.342,8.8771],[126.3418,8.8796],[126.3398,8.8797],[126.3396,8.878],[126.342,8.8771]]],[[[126.1943,9.2329],[126.1912,9.2338],[126.1906,9.2327],[126.1918,9.2304],[126.1951,9.2293],[126.1968,9.2319],[126.1943,9.2329]]],[[[125.9981,9.3803],[125.9943,9.3776],[125.995,9.3734],[125.9997,9.3735],[125.9979,9.377],[125.9996,9.3797],[125.9981,9.3803]]],[[[126.057,9.398],[126.0517,9.3929],[126.0466,9.3915],[126.0436,9.3871],[126.0511,9.3879],[126.0524,9.3906],[126.0544,9.3898],[126.0538,9.393],[126.0564,9.3952],[126.057,9.398]]],[[[125.9246,9.4172],[125.9215,9.4166],[125.9199,9.4144],[125.9164,9.414],[125.9169,9.4121],[125.9191,9.4139],[125.9187,9.4119],[125.9215,9.4124],[125.9223,9.4101],[125.921,9.4095],[125.9207,9.4053],[125.9242,9.4085],[125.925,9.4069],[125.9272,9.4074],[125.93,9.4123],[125.9313,9.4088],[125.9339,9.412],[125.9342,9.4097],[125.9359,9.4088],[125.9337,9.4063],[125.9345,9.4042],[125.9304,9.4044],[125.93,9.4028],[125.9277,9.4041],[125.9279,9.4014],[125.9287,9.4028],[125.9297,9.4018],[125.9333,9.4029],[125.9378,9.4058],[125.9402,9.4054],[125.9415,9.4076],[125.9364,9.4163],[125.9328,9.4153],[125.9246,9.4172]]],[[[125.9154,9.4189],[125.9114,9.4176],[125.9123,9.4157],[125.9096,9.4142],[125.9085,9.4113],[125.9149,9.4147],[125.9154,9.4189]]],[[[126.0126,9.4301],[125.9919,9.4106],[126.0253,9.4118],[126.0126,9.4301]]],[[[125.8983,9.5345],[125.8985,9.5357],[125.8969,9.5353],[125.8983,9.5345]]],[[[125.8692,9.5414],[125.8668,9.5403],[125.8696,9.5394],[125.8706,9.5402],[125.8692,9.5414]]],[[[125.8434,9.5459],[125.8409,9.5454],[125.8444,9.5444],[125.8436,9.5434],[125.8447,9.5424],[125.847,9.5439],[125.8434,9.5459]]],[[[125.8389,9.5561],[125.835,9.554],[125.8387,9.5536],[125.8389,9.5561]]],[[[125.9324,9.5679],[125.9331,9.5686],[125.9293,9.5668],[125.9324,9.5679]]],[[[125.7846,9.5726],[125.7838,9.5714],[125.7851,9.5708],[125.7846,9.5726]]],[[[125.936,9.5736],[125.9346,9.5735],[125.9339,9.5712],[125.9362,9.5714],[125.936,9.5736]]],[[[125.9254,9.5791],[125.9233,9.5781],[125.9233,9.5735],[125.9258,9.5752],[125.9254,9.5791]]],[[[125.757,9.5837],[125.7548,9.5795],[125.7559,9.5771],[125.7603,9.5773],[125.7645,9.5746],[125.7674,9.5774],[125.7655,9.5813],[125.757,9.5837]]],[[[125.9045,9.597],[125.9046,9.5993],[125.9033,9.5969],[125.9047,9.595],[125.9062,9.5956],[125.9045,9.597]]],[[[126.1778,9.6056],[126.1784,9.603],[126.1803,9.6026],[126.1778,9.6056]]],[[[125.7182,9.6067],[125.715,9.606],[125.7141,9.6014],[125.7193,9.6043],[125.7176,9.6047],[125.7182,9.6067]]],[[[126.1458,9.6144],[126.1352,9.6104],[126.129,9.6028],[126.1336,9.6027],[126.138,9.6073],[126.1446,9.6118],[126.1463,9.6116],[126.1458,9.6144]]],[[[126.1761,9.6157],[126.171,9.6084],[126.1756,9.607],[126.1784,9.6107],[126.1825,9.6113],[126.1822,9.6128],[126.1791,9.6127],[126.1761,9.6157]]],[[[126.1797,9.6402],[126.1746,9.6391],[126.1752,9.6357],[126.1728,9.6298],[126.1729,9.623],[126.1763,9.6188],[126.18,9.6239],[126.1807,9.6397],[126.1797,9.6402]]],[[[125.7148,9.6536],[125.7133,9.6545],[125.7128,9.6518],[125.7147,9.6521],[125.7148,9.6536]]],[[[125.7075,9.6656],[125.7079,9.6683],[125.7068,9.6682],[125.7069,9.6641],[125.7075,9.6656]]],[[[125.6732,9.6804],[125.6696,9.6787],[125.6718,9.6744],[125.6733,9.6744],[125.6744,9.6766],[125.6746,9.6799],[125.6732,9.6804]]],[[[125.6156,9.687],[125.6154,9.686],[125.6168,9.6862],[125.6156,9.687]]],[[[125.9955,9.6876],[125.995,9.6864],[125.9966,9.6862],[125.9955,9.6876]]],[[[125.6172,9.6878],[125.6163,9.6869],[125.6177,9.687],[125.6172,9.6878]]],[[[126.0194,9.6876],[126.0185,9.6863],[126.0198,9.6854],[126.0205,9.6872],[126.0194,9.6876]]],[[[125.6261,9.6903],[125.6283,9.6919],[125.6255,9.6919],[125.6249,9.6907],[125.6261,9.6903]]],[[[125.6084,9.6938],[125.6041,9.6914],[125.6069,9.6863],[125.6053,9.6878],[125.604,9.6884],[125.604,9.6912],[125.6021,9.69],[125.6035,9.6875],[125.6043,9.688],[125.6045,9.6874],[125.6049,9.6878],[125.6041,9.6865],[125.6065,9.6832],[125.6119,9.686],[125.6143,9.6914],[125.611,9.6912],[125.6114,9.6895],[125.6084,9.6938]]],[[[126.0742,9.6968],[126.0728,9.6961],[126.0735,9.6945],[126.0804,9.6912],[126.0807,9.6896],[126.0835,9.6906],[126.0864,9.6888],[126.0873,9.6917],[126.0906,9.6922],[126.0902,9.6951],[126.0742,9.6968]]],[[[126.0382,9.7004],[126.0368,9.6998],[126.0375,9.6982],[126.0396,9.6994],[126.0382,9.7004]]],[[[125.613,9.7053],[125.6111,9.7043],[125.6119,9.7024],[125.6097,9.7018],[125.6083,9.6995],[125.6148,9.6976],[125.6168,9.7],[125.6125,9.7037],[125.613,9.7053]]],[[[125.6634,9.7099],[125.6626,9.7072],[125.665,9.7064],[125.662,9.7036],[125.6669,9.7055],[125.6684,9.7034],[125.6643,9.7007],[125.6657,9.6995],[125.669,9.7011],[125.6703,9.6971],[125.6677,9.6939],[125.6641,9.6957],[125.6633,9.6911],[125.6645,9.6906],[125.6723,9.6942],[125.6733,9.7003],[125.6712,9.7046],[125.6634,9.7099]]],[[[125.6278,9.7276],[125.6169,9.7045],[125.6359,9.7116],[125.6583,9.664],[125.65,9.7107],[125.664,9.7216],[125.6278,9.7276]]],[[[125.9827,9.7366],[125.966,9.7138],[125.9831,9.6869],[126.0089,9.7032],[125.9827,9.7366]]],[[[126.0277,9.7369],[126.0061,9.6832],[126.0334,9.7143],[126.0705,9.7096],[126.0707,9.7286],[126.0277,9.7369]]],[[[126.0425,9.7397],[126.0412,9.7394],[126.0416,9.7371],[126.0404,9.7371],[126.0474,9.734],[126.048,9.738],[126.0425,9.7397]]],[[[125.6443,9.7407],[125.6376,9.7391],[125.6374,9.7368],[125.6398,9.7365],[125.6394,9.7327],[125.6424,9.733],[125.643,9.7369],[125.6484,9.7384],[125.6484,9.7402],[125.6443,9.7407]]],[[[126.1716,9.7459],[126.1612,9.7428],[126.155,9.743],[126.1532,9.7385],[126.1552,9.7367],[126.1646,9.7365],[126.1716,9.7407],[126.173,9.7431],[126.1716,9.7459]]],[[[126.0425,9.7514],[126.0394,9.751],[126.0354,9.7439],[126.0391,9.7435],[126.0391,9.7424],[126.0427,9.7439],[126.0452,9.7495],[126.0425,9.7514]]],[[[125.695,9.7532],[125.6786,9.7401],[125.7013,9.7352],[125.695,9.7532]]],[[[125.6739,9.7573],[125.6721,9.7557],[125.6761,9.7514],[125.6766,9.7545],[125.6739,9.7573]]],[[[125.9337,9.7604],[125.9145,9.7556],[125.9207,9.7269],[125.906,9.7203],[125.9251,9.7036],[125.9271,9.6542],[125.9071,9.6533],[125.9084,9.6213],[125.9011,9.6323],[125.8877,9.6118],[125.9095,9.6146],[125.9124,9.5826],[125.937,9.5791],[125.9411,9.5598],[125.9629,9.5679],[125.9905,9.6646],[125.9604,9.688],[125.9647,9.743],[125.9389,9.7321],[125.9337,9.7604]]],[[[125.621,9.7614],[125.619,9.7609],[125.6195,9.759],[125.6224,9.7597],[125.621,9.7614]]],[[[125.576,9.7631],[125.5748,9.7618],[125.5772,9.7597],[125.576,9.7631]]],[[[125.6124,9.7656],[125.5946,9.7562],[125.616,9.7532],[125.6124,9.7656]]],[[[125.6362,9.7692],[125.6348,9.7669],[125.6332,9.7671],[125.6342,9.7664],[125.6322,9.7641],[125.63,9.7686],[125.6287,9.7641],[125.6267,9.7649],[125.6274,9.7576],[125.6222,9.7532],[125.6222,9.7424],[125.6246,9.74],[125.629,9.7415],[125.6316,9.7471],[125.6327,9.7469],[125.6323,9.7482],[125.6338,9.7463],[125.6356,9.7466],[125.6384,9.7516],[125.6378,9.7539],[125.6392,9.7532],[125.64,9.7556],[125.6411,9.7548],[125.6403,9.7555],[125.6423,9.759],[125.6413,9.7659],[125.6362,9.7692]]],[[[125.5808,9.7701],[125.5795,9.7679],[125.5807,9.7673],[125.5822,9.7689],[125.5808,9.7701]]],[[[125.5406,9.7703],[125.5388,9.7699],[125.5401,9.7692],[125.5406,9.7703]]],[[[125.6331,9.7707],[125.632,9.7703],[125.6333,9.7695],[125.6331,9.7707]]],[[[125.539,9.7722],[125.5369,9.7708],[125.5382,9.7702],[125.539,9.7722]]],[[[125.5221,9.7709],[125.5225,9.7737],[125.5191,9.7723],[125.5221,9.7709]]],[[[125.6314,9.7758],[125.6244,9.7741],[125.6242,9.7697],[125.6261,9.7707],[125.6271,9.7695],[125.6272,9.7717],[125.628,9.7702],[125.6307,9.7705],[125.6314,9.7758]]],[[[125.543,9.7778],[125.5412,9.7762],[125.5386,9.7764],[125.5399,9.7719],[125.5465,9.77],[125.5524,9.7706],[125.5526,9.7692],[125.557,9.7683],[125.5581,9.7693],[125.5613,9.7678],[125.5618,9.7724],[125.5598,9.777],[125.5573,9.777],[125.5569,9.7751],[125.5535,9.7769],[125.5493,9.776],[125.543,9.7778]]],[[[125.5353,9.7796],[125.5321,9.778],[125.5317,9.7743],[125.5344,9.774],[125.537,9.7721],[125.5385,9.7731],[125.5379,9.777],[125.5389,9.7778],[125.5353,9.7796]]],[[[125.5399,9.7798],[125.5389,9.7785],[125.5411,9.7769],[125.5419,9.7783],[125.5399,9.7798]]],[[[125.5526,9.7884],[125.5467,9.7845],[125.5431,9.7839],[125.542,9.78],[125.5493,9.7771],[125.5517,9.7786],[125.5549,9.7776],[125.5556,9.7796],[125.5567,9.7785],[125.5585,9.7791],[125.5569,9.7866],[125.5526,9.7884]]],[[[125.546,9.7888],[125.5451,9.7888],[125.5461,9.7873],[125.5471,9.7885],[125.546,9.7888]]],[[[125.6537,9.7972],[125.6528,9.7949],[125.6494,9.7942],[125.65,9.7926],[125.6549,9.7921],[125.6537,9.7972]]],[[[125.6381,9.7989],[125.6339,9.7699],[125.6649,9.7525],[125.6381,9.7989]]],[[[125.5863,9.8017],[125.5849,9.8013],[125.5875,9.8002],[125.5837,9.8005],[125.5821,9.7991],[125.5843,9.7951],[125.5898,9.7978],[125.5863,9.8017]]],[[[125.7164,9.8131],[125.6969,9.7869],[125.7257,9.7532],[125.7408,9.7815],[125.7174,9.7883],[125.7164,9.8131]]],[[[125.3794,8.0032],[125.7525,7.9985],[125.7756,7.9519],[125.8515,7.9671],[125.9009,7.9309],[125.9115,8.0],[125.98,7.9987],[125.9999,7.9524],[126.0391,7.9309],[126.1492,7.9968],[126.195,7.9783],[126.2278,8.0002],[126.3516,8.0021],[126.3512,7.933],[126.3683,7.9188],[126.3861,7.9541],[126.4495,7.9886],[126.4155,7.9834],[126.4063,8.0098],[126.4223,8.016],[126.4125,8.0521],[126.4527,8.098],[126.4263,8.1112],[126.4594,8.2306],[126.4385,8.2461],[126.344,8.1833],[126.3082,8.2178],[126.383,8.2924],[126.3305,8.3138],[126.3378,8.3345],[126.3182,8.3526],[126.3549,8.3683],[126.3801,8.4094],[126.3742,8.4316],[126.3476,8.428],[126.3547,8.4703],[126.3974,8.4678],[126.3881,8.5125],[126.3509,8.5198],[126.361,8.5449],[126.2879,8.5291],[126.2066,8.5577],[126.1882,8.5463],[126.2279,8.5265],[126.1644,8.5415],[126.1427,8.5294],[126.1123,8.5668],[126.125,8.5829],[126.0821,8.6115],[126.0973,8.6459],[126.1881,8.6995],[126.245,8.6951],[126.212,8.7107],[126.2131,8.7335],[126.2376,8.7403],[126.2541,8.7734],[126.3025,8.7821],[126.3013,8.8058],[126.3275,8.8249],[126.3148,8.8379],[126.3346,8.8407],[126.3068,8.8809],[126.3253,8.9195],[126.2906,8.927],[126.3106,8.9362],[126.3067,8.9561],[126.224,9.0183],[126.2378,9.0179],[126.1976,9.0897],[126.1808,9.0792],[126.158,9.1051],[126.2068,9.3068],[126.1699,9.3093],[126.1187,9.2566],[126.0482,9.2388],[125.9843,9.3224],[125.9715,9.3652],[125.988,9.4037],[125.942,9.3707],[125.8936,9.4137],[125.9228,9.4441],[125.9539,9.4414],[125.9624,9.4799],[125.9387,9.4745],[125.9431,9.4455],[125.9173,9.496],[125.8754,9.4988],[125.8604,9.5346],[125.7657,9.5531],[125.7401,9.5663],[125.7403,9.5915],[125.6402,9.6098],[125.6083,9.6336],[125.5902,9.6953],[125.6187,9.7512],[125.5738,9.7334],[125.5732,9.7621],[125.558,9.7507],[125.5344,9.7734],[125.5065,9.7658],[125.4963,9.7926],[125.4412,9.8248],[125.439,9.7923],[125.4011,9.7673],[125.391,9.6559],[125.5306,9.1935],[125.5197,9.1418],[125.5366,9.0785],[125.5115,9.028],[125.5236,9.0113],[125.4296,8.9755],[125.3428,8.9906],[125.3324,8.9695],[125.3315,8.9905],[125.2815,8.9912],[125.2372,9.0308],[125.2077,9.0937],[125.2381,8.9875],[125.2178,8.982],[125.2331,8.9508],[125.2173,8.9185],[125.2626,8.8424],[125.2411,8.8406],[125.2385,8.6603],[125.1698,8.5839],[125.2617,8.5876],[125.2476,8.4781],[125.2873,8.4225],[125.2751,8.3547],[125.3399,8.2844],[125.3664,8.1864],[125.4429,8.0966],[125.3799,8.0429],[125.3794,8.0032]]],[[[125.9703,9.857],[125.9682,9.8545],[125.965,9.8542],[125.9644,9.8521],[125.9681,9.8518],[125.9728,9.8553],[125.9703,9.857]]],[[[125.9652,9.8578],[125.9627,9.8561],[125.9643,9.8551],[125.9652,9.8578]]],[[[125.9657,9.8591],[125.9655,9.857],[125.9669,9.858],[125.9657,9.8591]]],[[[125.967,9.8617],[125.9666,9.8592],[125.9687,9.8575],[125.971,9.8609],[125.967,9.8617]]],[[[125.9728,9.8635],[125.9714,9.8634],[125.9716,9.862],[125.9737,9.8625],[125.9728,9.8635]]],[[[125.9686,9.8655],[125.967,9.8625],[125.9689,9.8613],[125.9703,9.8631],[125.9686,9.8655]]],[[[125.9612,9.8894],[125.9601,9.8893],[125.9604,9.8865],[125.962,9.8883],[125.9612,9.8894]]],[[[125.9505,9.8927],[125.924,9.8678],[125.9486,9.8502],[125.9676,9.866],[125.9505,9.8927]]],[[[125.9051,9.9013],[125.9051,9.8997],[125.9039,9.8997],[125.905,9.8953],[125.9067,9.8978],[125.9051,9.9013]]],[[[125.925,9.907],[125.9244,9.9063],[125.9262,9.9057],[125.925,9.907]]],[[[125.6113,9.9121],[125.5599,9.8947],[125.5654,9.8807],[125.5836,9.8951],[125.5769,9.8529],[125.596,9.8909],[125.6124,9.8901],[125.6113,9.9121]]],[[[125.9701,9.9148],[125.9676,9.9114],[125.9677,9.909],[125.9741,9.9127],[125.9701,9.9148]]],[[[125.642,9.9161],[125.5785,9.839],[125.5808,9.8199],[125.5972,9.8326],[125.5917,9.8045],[125.6879,9.8492],[125.6439,9.8617],[125.642,9.9161]]],[[[125.4435,9.9169],[125.4415,9.9165],[125.4419,9.9125],[125.448,9.9106],[125.4508,9.908],[125.448,9.9112],[125.4476,9.9149],[125.4435,9.9169]]],[[[125.8989,9.9188],[125.8932,9.893],[125.9114,9.9078],[125.8989,9.9188]]],[[[125.5152,9.9214],[125.5106,9.8862],[125.5531,9.8616],[125.5152,9.9214]]],[[[125.8939,9.9232],[125.8918,9.9227],[125.8948,9.92],[125.8956,9.9224],[125.8939,9.9232]]],[[[125.6413,9.9267],[125.6391,9.9249],[125.6387,9.9224],[125.6428,9.9194],[125.6451,9.9217],[125.6444,9.9254],[125.6413,9.9267]]],[[[125.8121,9.928],[125.8104,9.9296],[125.8086,9.928],[125.8059,9.9205],[125.8091,9.9205],[125.8117,9.9224],[125.8121,9.928]]],[[[125.9555,9.9296],[125.9542,9.9286],[125.9553,9.9276],[125.9555,9.9296]]],[[[125.4966,9.9293],[125.495,9.9291],[125.4921,9.9243],[125.4964,9.9207],[125.5012,9.9262],[125.4966,9.9293]]],[[[125.9375,9.9298],[125.9356,9.9274],[125.9325,9.927],[125.9315,9.9195],[125.9336,9.9174],[125.9355,9.9174],[125.9367,9.9144],[125.9374,9.9174],[125.935,9.919],[125.935,9.921],[125.9387,9.9201],[125.9382,9.9234],[125.9364,9.9227],[125.935,9.9238],[125.9354,9.9261],[125.9411,9.9269],[125.9398,9.9282],[125.9381,9.9274],[125.9387,9.9291],[125.9375,9.9298]]],[[[125.6806,9.9338],[125.6772,9.9306],[125.6808,9.9301],[125.682,9.9318],[125.6806,9.9338]]],[[[125.6308,9.9378],[125.6252,9.9343],[125.6282,9.9297],[125.6348,9.9277],[125.6318,9.9323],[125.6326,9.9356],[125.6308,9.9378]]],[[[125.9651,9.9379],[125.9637,9.9382],[125.964,9.9367],[125.9651,9.9379]]],[[[125.6888,9.9396],[125.6866,9.9355],[125.6889,9.9361],[125.6888,9.9396]]],[[[125.5535,9.9473],[125.551,9.9468],[125.5518,9.9447],[125.5532,9.9452],[125.5538,9.9439],[125.5535,9.9473]]],[[[125.9896,9.9494],[125.9872,9.9425],[125.991,9.9483],[125.9896,9.9494]]],[[[125.5435,9.9498],[125.542,9.9486],[125.5433,9.9456],[125.5458,9.9438],[125.548,9.9472],[125.5501,9.9468],[125.5485,9.949],[125.5447,9.9482],[125.5435,9.9498]]],[[[125.9581,9.9495],[125.9571,9.9519],[125.9541,9.9493],[125.9579,9.9479],[125.9581,9.9495]]],[[[125.9687,9.9638],[125.9751,9.9397],[125.9066,9.8908],[125.9142,9.875],[125.9726,9.9183],[125.9687,9.9638]]],[[[125.5243,9.9816],[125.522,9.9858],[125.5204,9.9857],[125.5179,9.9825],[125.5183,9.975],[125.5206,9.9719],[125.5241,9.9731],[125.5243,9.9816]]],[[[125.5358,9.9909],[125.5346,9.9869],[125.5359,9.9816],[125.5383,9.9781],[125.5409,9.977],[125.5417,9.974],[125.5471,9.9761],[125.5528,9.9726],[125.5526,9.9705],[125.5564,9.9699],[125.5575,9.9687],[125.5542,9.9672],[125.5545,9.9647],[125.5526,9.9646],[125.5573,9.9612],[125.5577,9.9631],[125.5601,9.9645],[125.5599,9.9673],[125.5582,9.9671],[125.5583,9.9687],[125.56,9.9688],[125.5597,9.9709],[125.5543,9.9753],[125.554,9.9775],[125.5514,9.9767],[125.5479,9.9786],[125.5454,9.9834],[125.5412,9.984],[125.5384,9.9899],[125.5358,9.9909]]],[[[125.4973,10.0182],[125.495,10.0154],[125.496,10.0122],[125.5019,10.0069],[125.5011,10.0016],[125.5039,9.9987],[125.5026,9.9961],[125.504,9.9909],[125.5033,9.9875],[125.5015,9.9859],[125.4991,9.9866],[125.5023,9.9841],[125.5032,9.9812],[125.5068,9.9917],[125.5096,9.9935],[125.5112,9.9979],[125.5008,10.017],[125.4973,10.0182]]],[[[125.5139,10.03],[125.513,10.0044],[125.5381,10.0095],[125.5139,10.03]]],[[[125.5827,10.0611],[125.5783,10.0597],[125.5799,10.0556],[125.583,10.0559],[125.5803,10.057],[125.5811,10.0598],[125.5847,10.0589],[125.5848,10.0603],[125.5827,10.0611]]],[[[126.0707,10.0562],[126.0329,10.035],[126.0376,10.0031],[125.9733,9.9231],[125.9595,9.8807],[125.9755,9.8563],[125.949,9.8355],[125.9746,9.8262],[126.0323,9.7448],[126.027,9.7682],[126.1133,9.7477],[126.1577,9.7787],[126.1687,9.81],[126.1473,9.8061],[126.1422,9.8451],[126.0913,9.8491],[126.1206,9.8785],[126.0707,10.0562]]],[[[125.5812,10.0762],[125.5814,10.0737],[125.5831,10.0732],[125.5831,10.0752],[125.5812,10.0762]]],[[[125.4715,10.0821],[125.4706,10.0807],[125.4715,10.0793],[125.4742,10.0787],[125.4715,10.0821]]],[[[125.5054,10.0842],[125.5014,10.0836],[125.5011,10.0824],[125.5038,10.0819],[125.5054,10.0842]]],[[[125.4784,10.0906],[125.477,10.0895],[125.4767,10.0824],[125.479,10.0781],[125.4812,10.0793],[125.481,10.0825],[125.4829,10.0837],[125.4817,10.0852],[125.4838,10.086],[125.4791,10.0876],[125.4784,10.0906]]],[[[125.4848,10.0938],[125.483,10.0932],[125.4858,10.0911],[125.4848,10.0938]]],[[[125.4768,10.1062],[125.4747,10.1056],[125.4761,10.1017],[125.4796,10.1011],[125.4795,10.0979],[125.4825,10.097],[125.4819,10.0956],[125.485,10.0951],[125.4825,10.0998],[125.4801,10.098],[125.4828,10.1013],[125.4768,10.1062]]],[[[125.4816,10.1458],[125.4793,10.1437],[125.4827,10.1415],[125.4816,10.1458]]],[[[125.4834,10.1532],[125.4827,10.1546],[125.482,10.1532],[125.4808,10.1541],[125.4816,10.1527],[125.4804,10.1516],[125.4814,10.1466],[125.4832,10.1456],[125.4832,10.1494],[125.488,10.153],[125.4834,10.1532]]],[[[125.4917,10.1725],[125.4909,10.1738],[125.4905,10.1713],[125.4926,10.1683],[125.493,10.1713],[125.4914,10.1709],[125.4917,10.1725]]],[[[125.4634,10.1747],[125.4605,10.1694],[125.4616,10.1669],[125.4635,10.1674],[125.4666,10.1721],[125.4634,10.1747]]],[[[125.5018,10.1824],[125.5006,10.1812],[125.5035,10.1818],[125.5018,10.1824]]],[[[125.5905,10.3821],[125.5879,10.3794],[125.5875,10.3753],[125.5934,10.3697],[125.592,10.3737],[125.595,10.3781],[125.5935,10.3816],[125.5905,10.3821]]],[[[125.473,10.4406],[125.4712,10.4402],[125.4681,10.4344],[125.4648,10.4316],[125.4656,10.4292],[125.4722,10.429],[125.4731,10.4321],[125.472,10.4305],[125.4691,10.4304],[125.4732,10.4356],[125.473,10.4406]]],[[[125.4732,10.4612],[125.477,10.4274],[125.4981,10.4232],[125.5016,10.4456],[125.4732,10.4612]]],[[[125.6424,10.4716],[125.6124,10.442],[125.5972,10.3662],[125.5805,10.3591],[125.5511,10.3848],[125.5585,10.3199],[125.5139,10.3211],[125.5182,10.2851],[125.5372,10.2805],[125.5123,10.2424],[125.5435,10.2035],[125.5262,10.1907],[125.4979,10.2094],[125.526,10.1839],[125.4964,10.1816],[125.4888,10.1174],[125.4735,10.135],[125.5084,10.0631],[125.5483,10.0845],[125.5771,10.065],[125.5702,10.09],[125.5901,10.0772],[125.6043,10.0437],[125.5756,10.0436],[125.5808,9.9986],[125.5596,9.991],[125.5768,9.9761],[125.6065,9.9937],[125.5913,9.9781],[125.6168,9.9604],[125.5913,9.9548],[125.6447,9.9357],[125.6408,9.8883],[125.6669,9.8517],[125.7009,9.8652],[125.7072,9.8912],[125.6567,9.9477],[125.679,9.9622],[125.6706,9.9935],[125.6981,10.0596],[125.6608,10.1206],[125.6758,10.1685],[125.6541,10.1647],[125.6439,10.1851],[125.6633,10.2026],[125.644,10.243],[125.6473,10.3066],[125.6816,10.3917],[125.6424,10.4716]]]]},"properties":{"iso3":"PHL","shapeId":"36201628B99380759663697","regionId":"PHL.108_1","name":"Caraga"}}]}