{"type":"FeatureCollection","features":[{"type":"Feature","geometry":{"type":"Polygon","coordinates":[[[103.5111,16.1983],[103.4686,16.1183],[103.4972,15.9267],[103.4597,15.8406],[103.4397,15.7172],[103.3544,15.7019],[103.2983,15.5956],[103.3803,15.525],[103.4405,15.52],[103.4048,15.4369],[103.5294,15.4339],[103.5997,15.4661],[103.7753,15.435],[103.8861,15.4694],[103.9005,15.4389],[103.9347,15.4408],[103.9386,15.4183],[103.9714,15.4244],[103.9828,15.4034],[104.0817,15.5372],[104.2134,15.616],[104.1869,15.6094],[104.1914,15.6322],[104.1701,15.6325],[104.1874,15.6656],[104.1481,15.7123],[104.1182,15.7021],[104.1418,15.7512],[104.134,15.7996],[104.0742,15.8394],[104.0675,15.8132],[104.0003,15.7957],[104.0197,15.8671],[104.0367,15.8683],[104.015,15.8864],[104.0361,15.9397],[104.015,15.9719],[104.1086,15.9819],[104.1191,16.0375],[104.1044,16.0911],[104.2328,16.1672],[104.2719,16.2367],[104.3236,16.2553],[104.3503,16.2894],[104.3559,16.3233],[104.3269,16.3336],[104.3144,16.4642],[104.2961,16.4719],[104.244,16.4329],[104.1572,16.4431],[104.0464,16.3892],[104.0403,16.4411],[103.9792,16.4358],[103.8219,16.4664],[103.7019,16.3817],[103.7514,16.3039],[103.7536,16.2651],[103.724,16.2192],[103.6653,16.2225],[103.6714,16.1986],[103.6422,16.1911],[103.6147,16.2175],[103.6005,16.1964],[103.5372,16.2214],[103.5111,16.1983]]]},"properties":{"iso3":"THA","shapeId":"36821470B96343765829948","regionId":"THA.54_1","name":"Roi Et"}},{"type":"Feature","geometry":{"type":"Polygon","coordinates":[[[99.6872,19.4298],[99.7092,19.3386],[99.706,19.2403],[99.7743,19.0641],[99.8208,19.042],[99.8386,18.9997],[99.9069,18.9831],[99.9929,18.9086],[100.0644,18.88],[100.0659,18.8167],[100.0877,18.8276],[100.1125,18.8083],[100.1561,18.8346],[100.1768,18.8115],[100.2262,18.826],[100.3402,18.8066],[100.4046,18.9451],[100.4545,18.9343],[100.5019,18.9783],[100.4486,19.0006],[100.4725,19.0469],[100.5083,19.0517],[100.5711,19.0258],[100.5508,19.0647],[100.563,19.0956],[100.6336,19.1281],[100.5953,19.2497],[100.608,19.3239],[100.5744,19.3486],[100.5355,19.3431],[100.5114,19.3797],[100.5719,19.4678],[100.4819,19.4915],[100.4832,19.6092],[100.443,19.6348],[100.4279,19.6727],[100.4461,19.7071],[100.4066,19.7355],[100.3838,19.7087],[100.3377,19.7087],[100.317,19.6487],[100.2175,19.6356],[100.1831,19.6126],[100.1369,19.4733],[100.0866,19.4522],[100.0764,19.4261],[100.0236,19.4375],[99.9264,19.385],[99.91,19.4058],[99.9222,19.4669],[99.9017,19.4847],[99.6872,19.4298]]]},"properties":{"iso3":"THA","shapeId":"36821470B12194119812739","regionId":"THA.41_1","name":"Phayao"}},{"type":"Feature","geometry":{"type":"Polygon","coordinates":[[[99.089,15.8875],[99.0975,15.833],[99.128,15.8122],[99.1364,15.7778],[99.2171,15.7664],[99.2473,15.7224],[99.3549,15.6808],[99.3843,15.6208],[99.4284,15.6105],[99.4789,15.5656],[99.522,15.5638],[99.6953,15.6789],[99.738,15.6775],[99.8086,15.625],[99.8606,15.6345],[99.8703,15.565],[99.9108,15.515],[99.9722,15.5089],[100.0455,15.4511],[100.0579,15.4196],[100.1244,15.4183],[100.2164,15.3503],[100.2695,15.2973],[100.2685,15.2546],[100.3064,15.1694],[100.3492,15.155],[100.3705,15.0878],[100.4427,15.0603],[100.4808,15.1103],[100.493,15.1733],[100.53,15.1967],[100.563,15.2706],[100.7433,15.4347],[100.7386,15.5094],[100.7891,15.5433],[100.835,15.6328],[100.7891,15.8053],[100.7978,15.8714],[100.7569,15.8958],[100.755,15.9306],[100.6025,15.9525],[100.5061,15.9247],[100.4144,15.9231],[100.3153,15.945],[100.2919,15.9114],[100.2636,15.9089],[100.1678,15.9556],[100.0883,16.1181],[100.0944,16.1408],[100.0389,16.1839],[100.0219,16.3108],[99.9944,16.3378],[99.945,16.2847],[99.9469,16.2217],[99.8997,16.1289],[99.8941,16.0772],[99.8114,16.0058],[99.7305,15.8264],[99.6719,15.7825],[99.6397,15.8114],[99.6139,15.8811],[99.5374,15.9249],[99.4793,15.9222],[99.4663,15.9008],[99.3577,15.9269],[99.3302,15.9115],[99.32,15.9275],[99.2897,15.8917],[99.2086,15.9484],[99.089,15.8875]]]},"properties":{"iso3":"THA","shapeId":"36821470B58837026258254","regionId":"THA.30_1","name":"Nakhon Sawan"}},{"type":"Feature","geometry":{"type":"Polygon","coordinates":[[[102.0808,17.6433],[102.1439,17.5114],[102.0789,17.4519],[101.9886,17.4514],[101.9844,17.4175],[102.0217,17.3669],[102.0255,17.3242],[101.945,17.2061],[101.9775,17.1464],[102.0886,17.1053],[102.1103,17.0572],[102.1539,17.0217],[102.0333,16.9558],[102.0525,16.9128],[102.0708,16.8852],[102.1047,16.8974],[102.1883,16.8575],[102.2543,16.8948],[102.2952,16.8919],[102.3437,16.8178],[102.3504,16.8309],[102.4211,16.7892],[102.5217,16.7903],[102.5617,16.7597],[102.6098,16.7691],[102.6884,16.987],[102.5746,17.0376],[102.508,17.1355],[102.525,17.1431],[102.5195,17.2163],[102.5766,17.2326],[102.5957,17.2625],[102.4441,17.2796],[102.446,17.3391],[102.3436,17.5515],[102.3325,17.6782],[102.2766,17.6703],[102.2877,17.6548],[102.1718,17.6752],[102.138,17.6408],[102.1146,17.6567],[102.0808,17.6433]]]},"properties":{"iso3":"THA","shapeId":"36821470B48254980905782","regionId":"THA.34_1","name":"Nongbua Lamphu"}},{"type":"Feature","geometry":{"type":"Polygon","coordinates":[[[100.849,13.4791],[100.9972,13.4633],[101.0535,13.509],[101.0508,13.545],[101.1205,13.5639],[101.1405,13.5903],[101.2839,13.5489],[101.3661,13.4553],[101.4039,13.4589],[101.4464,13.4094],[101.4894,13.4172],[101.5264,13.3975],[101.5619,13.3322],[101.6827,13.2481],[101.7175,13.1716],[101.7703,13.1808],[101.8553,13.2383],[101.8889,13.22],[101.9111,13.2783],[101.9952,13.3362],[101.9439,13.4744],[101.9983,13.5],[101.9917,13.5783],[101.9164,13.5856],[101.9225,13.6314],[101.8889,13.6592],[101.8761,13.7231],[101.8139,13.7206],[101.7492,13.8039],[101.7028,13.7914],[101.6789,13.7522],[101.5944,13.7847],[101.56,13.7494],[101.5447,13.7756],[101.3586,13.8608],[101.2436,13.8625],[101.2214,13.8778],[101.148,13.8494],[101.1583,13.9286],[101.1402,13.9684],[101.1011,13.9743],[100.9142,13.9612],[100.9022,13.8488],[100.9384,13.8144],[100.8552,13.6994],[100.9558,13.6624],[100.9639,13.6446],[100.9072,13.5921],[100.915,13.571],[100.9041,13.5541],[100.89,13.5646],[100.8677,13.4817],[100.849,13.4791]]]},"properties":{"iso3":"THA","shapeId":"36821470B91271468807469","regionId":"THA.6_1","name":"Chachoengsao"}},{"type":"Feature","geometry":{"type":"Polygon","coordinates":[[[103.4048,15.4369],[103.3412,15.4059],[103.2695,15.4233],[103.2154,15.4613],[103.1143,15.4829],[103.0904,15.4245],[103.1175,15.4019],[103.1386,15.4121],[103.1563,15.3527],[103.1944,15.3657],[103.1967,15.3355],[103.2526,15.3207],[103.2484,15.307],[103.2755,15.3194],[103.2896,15.2986],[103.3495,15.3473],[103.4273,15.3084],[103.4437,15.3442],[103.4677,15.3473],[103.4721,15.3205],[103.5038,15.3114],[103.5053,15.2923],[103.4805,15.2957],[103.4592,15.2568],[103.4415,15.2634],[103.4362,15.2068],[103.419,15.201],[103.4261,15.1059],[103.4422,15.1063],[103.4227,15.0659],[103.4483,15.0457],[103.4095,15.0034],[103.4307,14.9788],[103.426,14.9287],[103.402,14.9196],[103.4049,14.8975],[103.3462,14.8309],[103.3083,14.8139],[103.2741,14.6783],[103.2297,14.5922],[103.228,14.5294],[103.2578,14.4414],[103.2427,14.3375],[103.402,14.3578],[103.436,14.3909],[103.4677,14.3647],[103.4982,14.4121],[103.5366,14.4258],[103.6104,14.4253],[103.6214,14.4041],[103.6544,14.4133],[103.6414,14.4255],[103.6539,14.4386],[103.6889,14.4404],[103.7082,14.4311],[103.7058,14.3816],[103.7747,14.3608],[103.8023,14.3697],[103.8297,14.3532],[103.8422,14.3716],[103.8817,14.338],[103.9422,14.3302],[103.9499,14.3504],[103.9795,14.3545],[104.0462,14.3411],[104.063,14.4464],[104.0417,14.515],[104.0661,14.6408],[104.0067,14.7286],[104.0,14.8039],[103.915,14.8508],[104.0203,15.0292],[103.9952,15.1411],[103.9705,15.1592],[103.9919,15.2353],[103.9766,15.2642],[104.0789,15.3514],[104.0633,15.3864],[104.0167,15.4094],[103.98,15.4044],[103.9714,15.4244],[103.9386,15.4183],[103.9372,15.4392],[103.9005,15.4389],[103.8861,15.4694],[103.7753,15.435],[103.5997,15.4661],[103.5294,15.4339],[103.4048,15.4369]]]},"properties":{"iso3":"THA","shapeId":"36821470B33660676013176","regionId":"THA.68_1","name":"Surin"}},{"type":"Feature","geometry":{"type":"Polygon","coordinates":[[[101.4098,15.0],[101.4505,14.9208],[101.4517,14.8661],[101.3458,14.8047],[101.3364,14.7722],[101.2792,14.7289],[101.1886,14.7489],[101.2156,14.5893],[101.185,14.5436],[101.2428,14.4797],[101.2636,14.4728],[101.2775,14.5061],[101.4092,14.4248],[101.4441,14.4247],[101.4455,14.4475],[101.4742,14.4614],[101.5414,14.4258],[101.6008,14.4383],[101.7511,14.3133],[101.7636,14.3486],[101.8697,14.3653],[101.8867,14.395],[101.928,14.3589],[101.9594,14.3811],[101.9864,14.3525],[101.9472,14.2883],[101.9603,14.2561],[102.0792,14.1603],[102.1658,14.1372],[102.1711,14.1714],[102.1955,14.1881],[102.2244,14.1422],[102.2905,14.1267],[102.36,14.1572],[102.3939,14.145],[102.4275,14.1572],[102.4928,14.1439],[102.5089,14.0872],[102.5464,14.0903],[102.5389,14.1208],[102.5941,14.1486],[102.5831,14.2039],[102.6205,14.2794],[102.5919,14.3025],[102.5658,14.4467],[102.4983,14.5008],[102.4844,14.5722],[102.5114,14.6478],[102.4369,14.8578],[102.5036,14.8078],[102.5678,14.8142],[102.5783,14.8308],[102.5467,14.895],[102.5603,14.9372],[102.5205,14.9656],[102.6247,14.9386],[102.7072,14.9525],[102.7608,14.9922],[102.7864,15.0494],[102.7772,15.0719],[102.8533,15.1539],[102.9833,15.1889],[102.9728,15.3261],[103.0014,15.3572],[102.9589,15.3725],[102.9536,15.4017],[103.0189,15.445],[102.9222,15.5117],[102.8275,15.5114],[102.798,15.5469],[102.789,15.6394],[102.7239,15.6667],[102.7005,15.7194],[102.6583,15.7075],[102.6178,15.7206],[102.5711,15.7019],[102.5111,15.7178],[102.4255,15.6928],[102.3705,15.7319],[102.3697,15.7639],[102.3189,15.8081],[102.243,15.7481],[102.1667,15.7419],[102.1111,15.6317],[102.0817,15.62],[102.0345,15.6509],[102.0042,15.5928],[101.9556,15.5528],[101.9628,15.4706],[101.9086,15.4411],[101.8783,15.3772],[101.813,15.3867],[101.638,15.3106],[101.5655,15.2533],[101.4278,15.2153],[101.3975,15.2175],[101.365,15.2736],[101.3002,15.302],[101.2786,15.2444],[101.2747,15.0917],[101.3786,15.0639],[101.4098,15.0]]]},"properties":{"iso3":"THA","shapeId":"36821470B25997690360286","regionId":"THA.29_1","name":"Nakhon Ratchasima"}},{"type":"Feature","geometry":{"type":"Polygon","coordinates":[[[99.316,17.2689],[99.3253,17.125],[99.278,17.0603],[99.2672,16.9589],[99.278,16.9289],[99.375,16.865],[99.5061,16.8858],[99.5425,16.8608],[99.5553,16.8147],[99.6866,16.7336],[99.855,16.7369],[99.9044,16.688],[99.9408,16.7133],[99.8869,16.7353],[99.8883,16.7544],[99.9317,16.7864],[99.9489,16.8625],[100.0214,16.8547],[100.0325,16.8911],[100.1294,16.8939],[100.1278,16.9694],[99.9841,17.0625],[99.9144,17.1464],[99.9197,17.1647],[99.9828,17.1656],[99.9686,17.2483],[100.0175,17.3211],[100.0161,17.3825],[99.998,17.4058],[100.0375,17.4361],[99.9278,17.5714],[99.9697,17.6139],[99.9797,17.6647],[99.9014,17.8025],[99.8075,17.7969],[99.7264,17.7211],[99.6675,17.7933],[99.6205,17.8128],[99.5214,17.7897],[99.4733,17.7289],[99.478,17.6747],[99.4497,17.6375],[99.4556,17.5997],[99.42,17.5914],[99.4397,17.5269],[99.4175,17.5072],[99.4097,17.4606],[99.4422,17.4281],[99.4336,17.3892],[99.4805,17.3422],[99.4544,17.2906],[99.4575,17.2542],[99.4436,17.2281],[99.3892,17.2022],[99.3394,17.2669],[99.316,17.2689]]]},"properties":{"iso3":"THA","shapeId":"36821470B85895478064474","regionId":"THA.65_1","name":"Sukhothai"}},{"type":"Feature","geometry":{"type":"Polygon","coordinates":[[[99.2042,13.2041],[99.1234,13.1949],[99.1311,13.0973],[99.0995,13.0727],[99.1949,12.9906],[99.1936,12.9525],[99.1623,12.9283],[99.1825,12.9112],[99.186,12.8502],[99.2221,12.8221],[99.2386,12.7266],[99.2895,12.715],[99.2946,12.6778],[99.3381,12.6623],[99.3789,12.616],[99.4138,12.6146],[99.4445,12.5771],[99.5219,12.5858],[99.5753,12.5722],[99.6003,12.5425],[99.6789,12.5792],[99.7622,12.5814],[99.8208,12.6299],[99.9558,12.6341],[99.9666,12.7395],[100.0292,12.9348],[100.1061,13.0586],[100.0657,13.0846],[100.0669,13.1575],[99.9441,13.265],[99.952,13.2898],[99.9025,13.275],[99.8922,13.2367],[99.8553,13.2692],[99.8625,13.3297],[99.7491,13.3308],[99.6719,13.2783],[99.665,13.2161],[99.6358,13.1989],[99.5264,13.1992],[99.5044,13.1789],[99.4797,13.1908],[99.4556,13.1786],[99.3472,13.2297],[99.3228,13.2039],[99.3205,13.1658],[99.2703,13.1417],[99.2486,13.1839],[99.2042,13.2041]]]},"properties":{"iso3":"THA","shapeId":"36821470B90667358259218","regionId":"THA.43_1","name":"Phetchaburi"}},{"type":"Feature","geometry":{"type":"Polygon","coordinates":[[[102.3347,15.8055],[102.3333,15.8597],[102.3928,15.9911],[102.2639,16.0697],[102.3278,16.1269],[102.4005,16.2325],[102.4503,16.3508],[102.4614,16.3967],[102.4194,16.4261],[102.4126,16.4605],[102.375,16.4348],[102.3652,16.453],[102.3006,16.445],[102.2557,16.4609],[102.2038,16.5044],[102.0682,16.4936],[102.0315,16.5211],[102.0235,16.5585],[101.9904,16.5642],[101.9561,16.6333],[101.8486,16.6589],[101.7742,16.6287],[101.7791,16.6469],[101.7504,16.668],[101.7244,16.6544],[101.6922,16.6839],[101.6286,16.6833],[101.5986,16.705],[101.5575,16.6714],[101.5103,16.6756],[101.5194,16.6331],[101.4961,16.6097],[101.495,16.5758],[101.5147,16.5492],[101.4688,16.5198],[101.4745,16.4773],[101.4008,16.4013],[101.4084,16.3793],[101.3744,16.3481],[101.345,16.2603],[101.3686,16.2375],[101.3417,16.1989],[101.3244,16.0333],[101.3406,15.9811],[101.3864,15.9564],[101.3708,15.8936],[101.3283,15.8564],[101.3194,15.7742],[101.3961,15.6869],[101.3647,15.5819],[101.3719,15.4064],[101.3002,15.302],[101.365,15.2736],[101.3975,15.2175],[101.4278,15.2153],[101.5655,15.2533],[101.638,15.3106],[101.813,15.3867],[101.8783,15.3772],[101.9086,15.4411],[101.9628,15.4706],[101.9556,15.5528],[102.0042,15.5928],[102.0345,15.6509],[102.0817,15.62],[102.1111,15.6317],[102.1667,15.7419],[102.243,15.7481],[102.2672,15.7814],[102.3347,15.8055]]]},"properties":{"iso3":"THA","shapeId":"36821470B61102131347890","regionId":"THA.8_1","name":"Chaiyaphum"}},{"type":"Feature","geometry":{"type":"Polygon","coordinates":[[[100.7394,15.4975],[100.88,15.4653],[100.9736,15.4831],[101.1322,15.3919],[101.2397,15.3975],[101.2555,15.3361],[101.3002,15.302],[101.3372,15.3383],[101.3719,15.4064],[101.3647,15.5819],[101.3961,15.6869],[101.3194,15.7742],[101.3283,15.8564],[101.3708,15.8936],[101.3864,15.9564],[101.3406,15.9811],[101.3244,16.0333],[101.3417,16.1989],[101.3686,16.2375],[101.345,16.2603],[101.3744,16.3481],[101.4084,16.3793],[101.4008,16.4013],[101.4745,16.4773],[101.4688,16.5198],[101.5147,16.5492],[101.495,16.5758],[101.4961,16.6097],[101.5194,16.6331],[101.5103,16.6756],[101.5575,16.6714],[101.5986,16.705],[101.6286,16.6833],[101.6922,16.6839],[101.7289,16.6542],[101.7964,16.7334],[101.7879,16.7641],[101.7248,16.7549],[101.6867,16.799],[101.7183,16.8098],[101.718,16.9136],[101.6489,17.0464],[101.6025,17.0042],[101.5536,16.9933],[101.5319,17.055],[101.4621,17.095],[101.4408,17.0729],[101.3728,17.0892],[101.3183,17.0631],[101.2219,17.1161],[101.1983,17.1128],[101.17,17.045],[101.1255,17.0311],[101.1239,16.9367],[101.1058,16.903],[101.0375,16.9072],[100.9367,16.7972],[100.8933,16.7908],[100.9275,16.6844],[100.8544,16.6433],[100.8369,16.5956],[100.8436,16.5453],[100.7953,16.4817],[100.795,16.4528],[100.695,16.4069],[100.698,16.3831],[100.6681,16.3471],[100.6977,16.2425],[100.6336,16.1472],[100.6289,16.0478],[100.7069,16.03],[100.7711,15.9856],[100.7539,15.9069],[100.7978,15.8714],[100.7891,15.8053],[100.8308,15.6872],[100.8172,15.6611],[100.8308,15.6222],[100.7891,15.5433],[100.7394,15.4975]]]},"properties":{"iso3":"THA","shapeId":"36821470B55463016005684","regionId":"THA.42_1","name":"Phetchabun"}},{"type":"Feature","geometry":{"type":"MultiPolygon","coordinates":[[[[99.9584,9.3688],[99.9506,9.3949],[99.9284,9.3588],[99.9584,9.3688]]],[[[99.6688,9.3791],[99.6712,9.386],[99.6768,9.3907],[99.674,9.4027],[99.672,9.4055],[99.6672,9.4031],[99.6648,9.3989],[99.6634,9.3954],[99.664,9.388],[99.662,9.3849],[99.6662,9.3781],[99.6688,9.3791]]],[[[99.9728,9.7883],[99.9609,9.7575],[99.9814,9.7132],[100.0766,9.6663],[100.0808,9.7388],[100.0624,9.7862],[100.026,9.8041],[99.9728,9.7883]]],[[[99.8439,10.0729],[99.8497,10.112],[99.8236,10.1269],[99.8153,10.068],[99.8288,10.058],[99.8439,10.0729]]],[[[98.5108,9.3063],[98.5308,9.2964],[98.535,9.2478],[98.5022,9.1847],[98.498,9.0794],[98.4811,9.0636],[98.5167,8.9858],[98.4569,8.9547],[98.4544,8.8903],[98.5047,8.8756],[98.5728,8.7972],[98.6075,8.7914],[98.6014,8.7078],[98.545,8.6556],[98.5911,8.6231],[98.66,8.6475],[98.7244,8.6253],[98.7703,8.6736],[98.8,8.6439],[98.8519,8.6422],[98.8958,8.6083],[98.9294,8.5608],[98.8836,8.515],[98.9083,8.4717],[98.89,8.4131],[98.9172,8.3089],[98.9427,8.3247],[99.0308,8.3219],[99.0667,8.355],[99.1825,8.3214],[99.2658,8.3414],[99.2397,8.39],[99.2878,8.4722],[99.2805,8.5417],[99.3289,8.5194],[99.4494,8.5994],[99.4483,8.6394],[99.4897,8.6658],[99.4922,8.6967],[99.5205,8.7228],[99.5272,8.8461],[99.5553,8.8492],[99.5867,8.9153],[99.6239,8.9053],[99.6939,8.9297],[99.6889,8.9611],[99.7303,8.9739],[99.7455,9.055],[99.7869,9.0603],[99.7717,9.1108],[99.7289,9.1503],[99.7684,9.3224],[99.7451,9.3297],[99.7239,9.3126],[99.6815,9.3382],[99.6872,9.31],[99.641,9.3012],[99.6102,9.2677],[99.534,9.2866],[99.4991,9.221],[99.4662,9.1984],[99.4138,9.2059],[99.3777,9.1884],[99.3631,9.2159],[99.3153,9.2227],[99.3201,9.2463],[99.2635,9.2167],[99.2422,9.2328],[99.2238,9.2569],[99.2193,9.3387],[99.2928,9.4027],[99.3136,9.3913],[99.2438,9.481],[99.2099,9.6018],[99.162,9.6796],[99.1402,9.7952],[99.0508,9.76],[99.0303,9.73],[98.9025,9.7306],[98.7819,9.6858],[98.7486,9.5928],[98.7753,9.5381],[98.6755,9.4608],[98.6794,9.4189],[98.6555,9.4258],[98.6733,9.3572],[98.6233,9.3422],[98.5914,9.3644],[98.5517,9.3539],[98.5108,9.3063]]],[[[99.6725,9.4639],[99.6785,9.462],[99.681,9.4629],[99.6814,9.4692],[99.6778,9.4687],[99.6743,9.4731],[99.6703,9.4732],[99.6671,9.4674],[99.6725,9.4639]]],[[[99.7007,9.5132],[99.7078,9.5465],[99.6893,9.5529],[99.6619,9.514],[99.7007,9.5132]]],[[[99.6764,9.6325],[99.6616,9.6378],[99.6749,9.6067],[99.6764,9.6325]]],[[[99.9346,9.5011],[99.9188,9.4915],[99.9293,9.4171],[100.0129,9.4207],[100.0491,9.4678],[100.0738,9.4709],[100.0566,9.5128],[100.0903,9.5702],[100.0688,9.5938],[100.0508,9.5573],[99.983,9.5874],[99.9185,9.5769],[99.9346,9.5011]]]]},"properties":{"iso3":"THA","shapeId":"36821470B94320894939793","regionId":"THA.67_1","name":"Surat Thani"}},{"type":"Feature","geometry":{"type":"Polygon","coordinates":[[[103.9828,15.4034],[104.045,15.4008],[104.0797,15.3578],[103.9766,15.2642],[103.9919,15.2353],[103.9705,15.1592],[103.9952,15.1411],[104.0203,15.0292],[103.915,14.8508],[104.0,14.8039],[104.0067,14.7286],[104.0661,14.6408],[104.0417,14.515],[104.063,14.4464],[104.0462,14.3411],[104.0845,14.348],[104.1081,14.3784],[104.1454,14.3546],[104.1868,14.3848],[104.232,14.3713],[104.2754,14.4085],[104.33,14.3707],[104.3762,14.3836],[104.4611,14.3602],[104.4632,14.3452],[104.499,14.3762],[104.5352,14.3556],[104.5789,14.3582],[104.6409,14.4232],[104.6851,14.3984],[104.7124,14.4342],[104.7237,14.4033],[104.8058,14.4374],[104.8379,14.3979],[104.8717,14.4182],[104.9073,14.3994],[104.895,14.4403],[104.8547,14.4406],[104.8736,14.4933],[104.8311,14.5522],[104.8603,14.6503],[104.9175,14.6486],[104.8158,14.8122],[104.8331,14.8483],[104.8136,14.8919],[104.7242,14.9275],[104.6977,14.9572],[104.6879,15.1373],[104.7383,15.1578],[104.7078,15.1694],[104.6944,15.2356],[104.6653,15.2572],[104.6628,15.2356],[104.6478,15.2508],[104.6011,15.2556],[104.5775,15.2378],[104.4678,15.2592],[104.3972,15.2931],[104.388,15.3206],[104.2944,15.3422],[104.2475,15.3708],[104.1489,15.5033],[104.1293,15.5645],[104.0794,15.5347],[103.9828,15.4034]]]},"properties":{"iso3":"THA","shapeId":"36821470B45378358106724","regionId":"THA.62_1","name":"Si Sa Ket"}},{"type":"Feature","geometry":{"type":"Polygon","coordinates":[[[102.0583,18.0882],[102.1478,18.0339],[102.1531,17.9919],[102.2042,18.0219],[102.3272,17.9497],[102.3922,17.8919],[102.4628,17.7586],[102.5353,17.7553],[102.6105,17.69],[102.6053,17.6175],[102.6503,17.6117],[102.6672,17.5908],[102.7769,17.6192],[102.7878,17.6617],[102.8455,17.6925],[102.8655,17.7697],[102.8483,17.8069],[102.89,17.8897],[102.9436,17.8844],[102.9847,17.82],[103.0577,17.8892],[103.1719,17.7997],[103.2019,17.8539],[103.2639,17.8814],[103.3155,17.83],[103.4094,17.8767],[103.3883,17.925],[103.4044,17.9339],[103.3744,17.9697],[103.3997,17.9861],[103.2587,18.2622],[103.2953,18.2744],[103.2982,18.304],[103.1661,18.2545],[103.1489,18.1735],[103.08,18.1232],[103.0786,18.0337],[103.0358,17.977],[102.959,18.0049],[102.8551,17.9708],[102.7847,17.9334],[102.7583,17.8937],[102.6884,17.87],[102.677,17.8443],[102.6981,17.8188],[102.6825,17.8033],[102.5894,17.8426],[102.6134,17.9103],[102.6034,17.9553],[102.46,17.971],[102.3465,18.0446],[102.295,18.0551],[102.1855,18.1479],[102.1633,18.2044],[102.1052,18.2137],[102.1066,18.1725],[102.0736,18.1489],[102.0583,18.0882]]]},"properties":{"iso3":"THA","shapeId":"36821470B10823236588148","regionId":"THA.35_1","name":"Nong Khai"}},{"type":"Feature","geometry":{"type":"Polygon","coordinates":[[[100.9141,13.9462],[100.6868,13.9163],[100.6898,13.931],[100.574,13.9546],[100.5437,13.8497],[100.5011,13.801],[100.4663,13.7892],[100.3279,13.8042],[100.3394,13.655],[100.3755,13.6188],[100.3947,13.5572],[100.4203,13.5454],[100.409,13.4934],[100.4534,13.5041],[100.4539,13.606],[100.4946,13.5876],[100.521,13.6051],[100.5204,13.6756],[100.548,13.6728],[100.5561,13.7061],[100.5861,13.6942],[100.5795,13.6693],[100.6358,13.6487],[100.6554,13.6723],[100.6982,13.6559],[100.7163,13.7184],[100.788,13.7167],[100.8593,13.6898],[100.9384,13.8144],[100.9022,13.8488],[100.9141,13.9462]]]},"properties":{"iso3":"THA","shapeId":"36821470B28205534186964","regionId":null,"name":"Bangkok"}},{"type":"Feature","geometry":{"type":"Polygon","coordinates":[[[102.0708,16.8852],[102.04,16.8584],[102.0103,16.8705],[101.9942,16.8401],[101.9439,16.853],[101.9493,16.8404],[101.865,16.7922],[101.7879,16.7641],[101.7964,16.7334],[101.75,16.6561],[101.7791,16.6469],[101.7742,16.6287],[101.8486,16.6589],[101.9561,16.6333],[101.9904,16.5642],[102.0235,16.5585],[102.0315,16.5211],[102.0682,16.4936],[102.2038,16.5044],[102.2557,16.4609],[102.3006,16.445],[102.3652,16.453],[102.375,16.4348],[102.4126,16.4605],[102.4194,16.4261],[102.4614,16.3967],[102.4503,16.3508],[102.4005,16.2325],[102.2636,16.0656],[102.3928,15.9911],[102.3314,15.8536],[102.3705,15.7319],[102.4255,15.6928],[102.5111,15.7178],[102.5711,15.7019],[102.6178,15.7206],[102.6583,15.7075],[102.7005,15.7194],[102.7239,15.6667],[102.7569,15.665],[102.8064,15.6239],[102.8675,15.6356],[102.8894,15.6703],[102.8955,15.7631],[102.9464,15.7892],[102.9405,15.8581],[102.9053,15.9286],[102.9144,15.9906],[102.8989,16.0278],[102.8622,16.0519],[102.8716,16.1217],[102.8511,16.2722],[102.9564,16.3972],[102.9357,16.4436],[103.0811,16.5044],[103.1647,16.615],[103.1608,16.7525],[103.1891,16.7858],[103.1858,16.8583],[103.1564,16.8625],[103.1511,16.8375],[103.1214,16.8294],[103.1342,16.8922],[103.113,16.9126],[102.9636,16.8414],[102.8778,16.8817],[102.8361,16.8697],[102.8208,16.9578],[102.8336,16.9756],[102.7322,17.0403],[102.7203,17.0764],[102.6925,17.0383],[102.6853,16.9642],[102.6098,16.7691],[102.5617,16.7597],[102.5217,16.7903],[102.4211,16.7892],[102.3504,16.8309],[102.3437,16.8178],[102.2952,16.8919],[102.2543,16.8948],[102.1883,16.8575],[102.1047,16.8974],[102.0708,16.8852]]]},"properties":{"iso3":"THA","shapeId":"36821470B82174860486434","regionId":"THA.17_1","name":"Khon Kaen"}},{"type":"Feature","geometry":{"type":"Polygon","coordinates":[[[102.0808,17.6433],[102.0705,17.6914],[102.0542,17.6583],[102.0375,17.6653],[102.0228,17.7403],[102.048,17.7858],[102.0536,17.8597],[102.0219,17.9819],[102.0394,17.9875],[102.0736,18.1489],[102.1066,18.1725],[102.1052,18.2137],[102.0883,18.2203],[102.045,18.1984],[102.027,18.1508],[101.9585,18.1012],[101.9069,18.0309],[101.7808,18.0673],[101.7238,17.9115],[101.6167,17.8936],[101.5932,17.8492],[101.5748,17.8696],[101.5515,17.821],[101.5746,17.7848],[101.5217,17.7765],[101.4908,17.7241],[101.4821,17.7606],[101.4472,17.7288],[101.4039,17.7356],[101.4312,17.7176],[101.4097,17.6892],[101.3821,17.6978],[101.3458,17.6592],[101.3065,17.6507],[101.2295,17.5364],[101.1751,17.5244],[101.1833,17.4984],[101.1635,17.4916],[101.1608,17.4672],[101.1099,17.4799],[101.0938,17.4961],[101.1032,17.5093],[101.0618,17.5121],[101.0244,17.5574],[100.927,17.5699],[100.9294,17.5381],[100.8817,17.4669],[100.9103,17.4119],[100.9036,17.3292],[100.9911,17.3256],[101.0341,17.2753],[101.0714,17.265],[101.0953,17.22],[101.0641,17.1528],[101.0583,17.0295],[101.0304,17.0075],[101.0514,16.956],[101.027,16.9378],[101.071,16.9242],[101.0669,16.8998],[101.1058,16.903],[101.1239,16.9367],[101.1255,17.0311],[101.17,17.045],[101.1925,17.1092],[101.2128,17.1169],[101.3183,17.0631],[101.3728,17.0892],[101.4408,17.0729],[101.4621,17.095],[101.5319,17.055],[101.5536,16.9933],[101.6025,17.0042],[101.6489,17.0464],[101.718,16.9136],[101.7183,16.8098],[101.6867,16.799],[101.7248,16.7549],[101.865,16.7922],[101.9493,16.8404],[101.9439,16.853],[101.9942,16.8401],[102.0103,16.8705],[102.0565,16.8678],[102.0708,16.8889],[102.0333,16.9558],[102.1539,17.0217],[102.1103,17.0572],[102.0886,17.1053],[101.9775,17.1464],[101.945,17.2061],[102.0255,17.3242],[102.0217,17.3669],[101.9844,17.4175],[101.9886,17.4514],[102.0789,17.4519],[102.1439,17.5114],[102.0808,17.6433]]]},"properties":{"iso3":"THA","shapeId":"36821470B29302790580634","regionId":"THA.21_1","name":"Loei"}},{"type":"Feature","geometry":{"type":"Polygon","coordinates":[[[101.4098,15.0],[101.0925,14.8517],[101.0244,14.8392],[100.9839,14.8147],[100.9855,14.7831],[100.9508,14.7475],[100.92,14.7442],[100.8188,14.8052],[100.7468,14.8076],[100.724,14.7582],[100.6125,14.6986],[100.5714,14.6033],[100.5983,14.5536],[100.7686,14.5653],[100.7689,14.5258],[100.7486,14.5136],[100.7678,14.4869],[100.7617,14.4103],[100.7917,14.3844],[100.7778,14.3242],[100.8208,14.315],[100.8231,14.2434],[100.8916,14.276],[100.8916,14.2436],[100.9517,14.2719],[100.9483,14.2986],[100.9878,14.2856],[101.0294,14.3136],[101.0605,14.3706],[101.0566,14.4108],[101.1608,14.3469],[101.2086,14.375],[101.2142,14.4297],[101.2461,14.4756],[101.185,14.5436],[101.2156,14.5893],[101.1886,14.7489],[101.2792,14.7289],[101.3364,14.7722],[101.3458,14.8047],[101.4517,14.8661],[101.4505,14.9208],[101.4098,15.0]]]},"properties":{"iso3":"THA","shapeId":"36821470B39713231642809","regionId":"THA.60_1","name":"Saraburi"}},{"type":"Feature","geometry":{"type":"Polygon","coordinates":[[[99.133,15.7828],[99.1161,15.628],[99.0878,15.5759],[99.0489,15.5537],[99.0785,15.4934],[99.0565,15.4419],[99.0687,15.3979],[99.0452,15.3729],[99.0387,15.287],[99.0169,15.2657],[99.002,15.1851],[98.9853,15.1808],[99.0047,15.1414],[99.002,15.0709],[99.0279,15.0495],[99.0758,15.0352],[99.1414,15.0478],[99.1578,15.0135],[99.1934,15.0213],[99.2575,14.9839],[99.3136,15.0229],[99.3005,15.036],[99.3238,15.0758],[99.3517,15.0489],[99.4053,15.0369],[99.4253,14.9919],[99.5103,14.9839],[99.6318,14.9379],[99.6267,14.9846],[99.6408,14.9925],[99.7258,14.9611],[99.7308,15.0081],[99.7914,15.045],[99.8122,15.0817],[99.7347,15.2033],[99.7161,15.2739],[99.7294,15.2972],[99.76,15.3181],[99.8878,15.2842],[100.0,15.2936],[100.0675,15.265],[100.0542,15.2806],[100.0703,15.3433],[100.0272,15.3908],[100.0583,15.4008],[100.0455,15.4511],[99.9722,15.5089],[99.9108,15.515],[99.8703,15.565],[99.8583,15.6358],[99.8086,15.625],[99.738,15.6775],[99.6953,15.6789],[99.522,15.5638],[99.4789,15.5656],[99.4284,15.6105],[99.3843,15.6208],[99.3549,15.6808],[99.291,15.6959],[99.1924,15.7785],[99.133,15.7828]]]},"properties":{"iso3":"THA","shapeId":"36821470B292137368164","regionId":"THA.74_1","name":"Uthai Thani"}},{"type":"Feature","geometry":{"type":"MultiPolygon","coordinates":[[[[99.1402,9.7952],[99.1387,9.8249],[99.1659,9.8593],[99.1713,9.9513],[99.1591,9.9469],[99.1726,9.9528],[99.1607,9.9482],[99.151,9.993],[99.1761,10.0073],[99.1824,10.0366],[99.1539,10.0658],[99.1491,10.1279],[99.196,10.2164],[99.2279,10.215],[99.2473,10.2354],[99.2208,10.2271],[99.2053,10.274],[99.1629,10.2796],[99.1463,10.3439],[99.1567,10.3674],[99.2004,10.3736],[99.2389,10.3438],[99.2839,10.3626],[99.2774,10.4266],[99.2288,10.4723],[99.2324,10.4961],[99.2675,10.5154],[99.249,10.5047],[99.2381,10.5335],[99.274,10.5429],[99.2815,10.6022],[99.3192,10.6692],[99.3412,10.6831],[99.3658,10.6704],[99.3591,10.6895],[99.4135,10.7619],[99.4411,10.8714],[99.4798,10.8875],[99.4969,10.8614],[99.5095,10.8725],[99.52,10.8985],[99.4961,10.9259],[99.4911,10.9961],[99.4042,10.9536],[99.2711,10.9561],[99.1614,11.0],[99.1362,11.0313],[99.1045,11.0139],[99.0793,10.955],[99.0185,10.9648],[98.9977,10.9112],[99.0115,10.8567],[98.9588,10.812],[98.9228,10.8257],[98.8964,10.7786],[98.9269,10.7456],[98.9044,10.6836],[98.9408,10.6697],[98.9783,10.6017],[98.953,10.5625],[98.9694,10.5369],[98.9025,10.4617],[98.9058,10.4131],[98.9464,10.3817],[98.9519,10.3375],[98.9,10.2904],[98.9005,10.2445],[98.8731,10.1887],[98.8889,10.1607],[98.8703,10.1515],[98.8642,10.0959],[98.8396,10.0679],[98.8931,10.0639],[98.9066,10.032],[98.8696,9.9934],[98.8427,9.9915],[98.8133,9.9363],[98.7814,9.9503],[98.7545,9.9316],[98.7206,9.8932],[98.7206,9.8667],[98.6336,9.7876],[98.6288,9.7572],[98.6625,9.6553],[98.7297,9.6278],[98.7497,9.6011],[98.7819,9.6858],[98.9025,9.7306],[99.0303,9.73],[99.0508,9.76],[99.1402,9.7952]]],[[[99.2971,10.4345],[99.303,10.4395],[99.3017,10.4427],[99.2989,10.4408],[99.2983,10.4525],[99.2938,10.4469],[99.2941,10.4432],[99.296,10.444],[99.2933,10.4424],[99.2892,10.4427],[99.2883,10.4404],[99.2901,10.4399],[99.2886,10.44],[99.2881,10.4367],[99.2899,10.4368],[99.2921,10.4347],[99.2957,10.4368],[99.2971,10.4365],[99.2957,10.4362],[99.2971,10.4345]]],[[[99.4898,10.859],[99.4865,10.8603],[99.4836,10.8571],[99.4809,10.8506],[99.4736,10.8437],[99.4704,10.8362],[99.4727,10.8365],[99.4762,10.8402],[99.4763,10.8388],[99.4778,10.8391],[99.4802,10.8436],[99.4829,10.8448],[99.4822,10.8468],[99.4844,10.846],[99.485,10.8492],[99.49,10.8521],[99.4904,10.8558],[99.4936,10.8586],[99.4898,10.859]]]]},"properties":{"iso3":"THA","shapeId":"36821470B15538290209832","regionId":"THA.13_1","name":"Chumphon"}},{"type":"Feature","geometry":{"type":"Polygon","coordinates":[[[104.244,16.4329],[104.2405,16.5214],[104.1861,16.6047],[104.1869,16.6689],[104.0697,16.8383],[104.0241,16.8583],[103.9597,16.8178],[103.943,16.7761],[103.7944,16.8914],[103.7783,16.9669],[103.6941,17.0244],[103.6441,17.0236],[103.6497,17.0474],[103.6094,17.0933],[103.5472,17.0906],[103.5061,17.045],[103.4825,16.903],[103.4341,16.8247],[103.4244,16.8794],[103.3689,16.9181],[103.2314,16.9628],[103.1255,16.9431],[103.1214,16.8294],[103.1441,16.8314],[103.1636,16.8642],[103.1858,16.8583],[103.1947,16.8308],[103.1594,16.7064],[103.1625,16.6434],[103.2028,16.6308],[103.1805,16.6017],[103.1955,16.5497],[103.1753,16.4858],[103.1977,16.4392],[103.1775,16.3989],[103.1841,16.3667],[103.2764,16.3778],[103.3008,16.4056],[103.3108,16.3672],[103.3464,16.3603],[103.3708,16.3081],[103.4197,16.2814],[103.4536,16.1867],[103.4758,16.2053],[103.5208,16.2011],[103.5372,16.2214],[103.6005,16.1964],[103.6147,16.2175],[103.6422,16.1911],[103.6714,16.1986],[103.6653,16.2225],[103.724,16.2192],[103.7536,16.2651],[103.7514,16.3039],[103.7019,16.3817],[103.8219,16.4664],[103.9792,16.4358],[104.0403,16.4411],[104.0464,16.3892],[104.1644,16.445],[104.244,16.4329]]]},"properties":{"iso3":"THA","shapeId":"36821470B98454587472110","regionId":"THA.14_1","name":"Kalasin"}},{"type":"Feature","geometry":{"type":"Polygon","coordinates":[[[99.9044,16.688],[99.8903,16.6386],[99.918,16.5833],[100.0058,16.5558],[100.032,16.496],[100.115,16.5131],[100.2351,16.5986],[100.2492,16.5331],[100.3114,16.5408],[100.3433,16.5211],[100.4197,16.5381],[100.5478,16.5344],[100.5842,16.4214],[100.6681,16.3471],[100.6994,16.4119],[100.795,16.4528],[100.7953,16.4817],[100.8436,16.5453],[100.8369,16.5956],[100.8544,16.6433],[100.9275,16.6844],[100.8933,16.7908],[100.9367,16.7972],[101.0294,16.9006],[101.0669,16.8998],[101.073,16.9178],[101.027,16.9378],[101.0517,16.9573],[101.0304,17.0075],[101.0583,17.0295],[101.0641,17.1528],[101.0953,17.22],[101.0714,17.265],[101.0341,17.2753],[100.9911,17.3256],[100.9036,17.3292],[100.9103,17.4119],[100.8817,17.4669],[100.9294,17.5381],[100.927,17.5699],[100.9676,17.5715],[100.9914,17.6191],[101.007,17.7319],[100.9866,17.7481],[100.9311,17.6906],[100.8672,17.7028],[100.7415,17.5447],[100.6429,17.495],[100.647,17.4769],[100.6103,17.4664],[100.5797,17.4178],[100.5149,17.4051],[100.5017,17.4301],[100.4484,17.4247],[100.2531,17.3444],[100.2592,17.2414],[100.1914,17.188],[100.1672,17.2039],[100.0325,17.1617],[100.0144,17.1808],[99.9728,17.1603],[99.9128,17.1611],[99.9841,17.0625],[100.1278,16.9694],[100.1322,16.9011],[100.0325,16.8911],[100.0214,16.8547],[99.9489,16.8625],[99.9317,16.7864],[99.8883,16.7544],[99.8869,16.7353],[99.9408,16.7133],[99.9044,16.688]]]},"properties":{"iso3":"THA","shapeId":"36821470B89877881758540","regionId":"THA.45_1","name":"Phitsanulok"}},{"type":"Feature","geometry":{"type":"MultiPolygon","coordinates":[[[[98.5586,9.8958],[98.564,9.9056],[98.569,9.9082],[98.5703,9.9104],[98.5675,9.9191],[98.563,9.9188],[98.5619,9.9208],[98.5578,9.9145],[98.557,9.9004],[98.5586,9.8958]]],[[[98.5026,9.7097],[98.4973,9.7059],[98.4971,9.7019],[98.5018,9.7028],[98.5069,9.6993],[98.5078,9.6932],[98.511,9.6974],[98.5145,9.6981],[98.5151,9.7029],[98.5083,9.7049],[98.5026,9.7097]]],[[[98.4223,9.7371],[98.4153,9.777],[98.3798,9.7323],[98.3899,9.7039],[98.4223,9.7371]]],[[[98.4422,9.8437],[98.4332,9.8049],[98.4524,9.79],[98.4707,9.8621],[98.4513,9.8742],[98.4422,9.8437]]],[[[98.4679,9.8925],[98.4736,9.8967],[98.4753,9.8961],[98.4779,9.8977],[98.4827,9.8969],[98.4865,9.9037],[98.4899,9.906],[98.4914,9.9111],[98.4902,9.9126],[98.4816,9.914],[98.4756,9.9111],[98.4763,9.9081],[98.4749,9.9031],[98.472,9.8988],[98.4668,9.8959],[98.4679,9.8925]]],[[[98.5105,9.9155],[98.5076,9.9097],[98.5084,9.9065],[98.5116,9.9086],[98.513,9.9126],[98.5162,9.9119],[98.5211,9.9173],[98.5218,9.9212],[98.5184,9.92],[98.514,9.9211],[98.5105,9.9155]]],[[[98.7497,9.6011],[98.7297,9.6278],[98.6625,9.6553],[98.6287,9.762],[98.7545,9.9316],[98.7814,9.9503],[98.8133,9.9363],[98.8427,9.9915],[98.8696,9.9934],[98.9066,10.032],[98.8931,10.0639],[98.8396,10.0679],[98.8642,10.0959],[98.8703,10.1515],[98.8889,10.1607],[98.8731,10.1887],[98.9005,10.2445],[98.9,10.2904],[98.9519,10.3375],[98.9464,10.3817],[98.9058,10.4131],[98.9025,10.4617],[98.9694,10.5369],[98.953,10.5625],[98.9783,10.6017],[98.9408,10.6697],[98.9044,10.6836],[98.9269,10.7456],[98.8785,10.7886],[98.7799,10.6787],[98.7711,10.621],[98.8113,10.5922],[98.7987,10.5596],[98.8219,10.5297],[98.8088,10.469],[98.7555,10.3932],[98.7002,10.2132],[98.6523,10.161],[98.5795,9.9863],[98.5697,9.9585],[98.5922,9.9316],[98.5158,9.8531],[98.5396,9.8041],[98.5065,9.7826],[98.5005,9.7386],[98.554,9.7483],[98.5578,9.7292],[98.5269,9.6785],[98.4847,9.6863],[98.5082,9.6442],[98.4941,9.6224],[98.4622,9.6287],[98.4666,9.567],[98.4259,9.4282],[98.3967,9.4004],[98.3917,9.3459],[98.4372,9.3553],[98.4955,9.3061],[98.5839,9.3628],[98.6108,9.3428],[98.6644,9.3478],[98.6783,9.3794],[98.6566,9.3839],[98.6536,9.4186],[98.6794,9.4189],[98.6755,9.4608],[98.7753,9.5381],[98.7497,9.6011]]]]},"properties":{"iso3":"THA","shapeId":"36821470B8565245416798","regionId":"THA.51_1","name":"Ranong"}},{"type":"Feature","geometry":{"type":"Polygon","coordinates":[[[102.6884,16.987],[102.6925,17.0383],[102.7203,17.0764],[102.7322,17.0403],[102.8336,16.9756],[102.8208,16.9578],[102.8397,16.8683],[102.8778,16.8817],[102.9636,16.8414],[103.1075,16.9075],[103.1339,16.9542],[103.2314,16.9628],[103.3983,16.9047],[103.4244,16.8794],[103.4341,16.8247],[103.4825,16.903],[103.5061,17.045],[103.5322,17.0764],[103.5833,17.1006],[103.6586,17.0461],[103.6564,17.1034],[103.6269,17.1109],[103.5881,17.1647],[103.5564,17.1609],[103.4639,17.2315],[103.4022,17.2167],[103.2739,17.2628],[103.2461,17.3086],[103.2925,17.3842],[103.27,17.4306],[103.2911,17.5025],[103.3369,17.5792],[103.4036,17.5945],[103.405,17.7292],[103.365,17.7803],[103.3781,17.8334],[103.4122,17.8356],[103.3936,17.8453],[103.3995,17.8665],[103.3155,17.83],[103.2639,17.8814],[103.2019,17.8539],[103.1719,17.7997],[103.0577,17.8892],[102.9847,17.82],[102.9436,17.8844],[102.89,17.8897],[102.8483,17.8069],[102.8655,17.7697],[102.8455,17.6925],[102.7878,17.6617],[102.7769,17.6192],[102.6672,17.5908],[102.6503,17.6117],[102.6053,17.6175],[102.6105,17.69],[102.5353,17.7553],[102.4628,17.7586],[102.3922,17.8919],[102.3272,17.9497],[102.2042,18.0219],[102.1531,17.9919],[102.1478,18.0339],[102.0583,18.0882],[102.0394,17.9875],[102.0219,17.9819],[102.0536,17.8597],[102.048,17.7858],[102.0228,17.7403],[102.0375,17.6653],[102.0542,17.6583],[102.0705,17.6914],[102.0808,17.6433],[102.1146,17.6567],[102.138,17.6408],[102.1718,17.6752],[102.2877,17.6548],[102.2766,17.6703],[102.3325,17.6782],[102.3436,17.5515],[102.446,17.3391],[102.4441,17.2796],[102.5957,17.2625],[102.5766,17.2326],[102.5195,17.2163],[102.525,17.1431],[102.508,17.1355],[102.5203,17.1002],[102.5746,17.0376],[102.6884,16.987]]]},"properties":{"iso3":"THA","shapeId":"36821470B31576844110237","regionId":"THA.73_1","name":"Udon Thani"}},{"type":"Feature","geometry":{"type":"Polygon","coordinates":[[[103.3995,17.8665],[103.3936,17.8453],[103.4122,17.8356],[103.3781,17.8334],[103.365,17.7803],[103.405,17.7292],[103.4036,17.5945],[103.3369,17.5792],[103.2808,17.4803],[103.27,17.4306],[103.2925,17.3842],[103.2464,17.3156],[103.2692,17.2664],[103.4022,17.2167],[103.4639,17.2315],[103.5564,17.1609],[103.5908,17.1628],[103.6269,17.1109],[103.6581,17.1],[103.6441,17.0236],[103.6941,17.0244],[103.7783,16.9669],[103.7944,16.8914],[103.943,16.7761],[103.9597,16.8178],[104.0241,16.8583],[104.1011,16.8333],[104.13,16.8919],[104.2053,16.8828],[104.2464,16.8989],[104.3105,16.9411],[104.3247,16.9794],[104.3919,17.0142],[104.3955,17.0382],[104.3547,17.0664],[104.4,17.1222],[104.4014,17.1744],[104.4433,17.2367],[104.4111,17.3669],[104.4191,17.415],[104.1575,17.4111],[104.1344,17.3814],[104.0964,17.4008],[104.093,17.3772],[104.0511,17.3864],[104.0086,17.4764],[104.0494,17.5792],[104.0292,17.6322],[104.08,17.6781],[104.0644,17.6867],[104.0636,17.7355],[104.0153,17.7611],[104.0147,17.7975],[103.9966,17.8028],[103.9686,17.7653],[103.9419,17.7792],[103.92,17.8517],[103.8947,17.845],[103.8972,17.8772],[103.8661,17.8553],[103.8516,17.8769],[103.7969,17.8703],[103.8061,17.8456],[103.7905,17.8408],[103.76,17.8719],[103.7781,17.8942],[103.7617,17.9486],[103.7422,17.9089],[103.6861,17.9478],[103.6655,17.9408],[103.6583,17.9631],[103.6205,17.9711],[103.6347,18.0114],[103.5386,18.0628],[103.4778,18.0469],[103.4764,18.0114],[103.4327,17.9783],[103.3786,17.9778],[103.4044,17.9339],[103.3883,17.925],[103.4083,17.8933],[103.3995,17.8665]]]},"properties":{"iso3":"THA","shapeId":"36821470B62746704581928","regionId":"THA.56_1","name":"Sakon Nakhon"}},{"type":"Feature","geometry":{"type":"Polygon","coordinates":[[[100.4066,19.7355],[100.4493,19.8473],[100.4966,19.8646],[100.5203,19.9034],[100.5785,20.1678],[100.5512,20.1748],[100.5181,20.1439],[100.456,20.1987],[100.4534,20.2302],[100.4144,20.2537],[100.3749,20.3507],[100.3305,20.3982],[100.2497,20.3864],[100.2212,20.3177],[100.1675,20.2981],[100.1806,20.2634],[100.1603,20.2441],[100.0958,20.2628],[100.0786,20.3803],[100.0035,20.4128],[99.9603,20.4648],[99.865,20.4461],[99.8091,20.3378],[99.7301,20.3501],[99.6815,20.3162],[99.6434,20.3433],[99.6127,20.3318],[99.4584,20.3928],[99.4557,20.3624],[99.5071,20.3258],[99.5226,20.2334],[99.5638,20.2059],[99.5386,20.1477],[99.5114,20.1517],[99.5669,20.1172],[99.5064,20.0831],[99.5031,20.0603],[99.5872,20.0172],[99.5883,19.9655],[99.5603,19.9144],[99.5033,19.9728],[99.4191,19.958],[99.4197,19.9186],[99.3833,19.8842],[99.4191,19.8133],[99.3844,19.8011],[99.3469,19.705],[99.3242,19.7056],[99.2628,19.6486],[99.2665,19.6113],[99.3253,19.5406],[99.2933,19.4983],[99.3181,19.4529],[99.3342,19.3664],[99.3171,19.3517],[99.3439,19.2642],[99.3031,19.1938],[99.3235,19.1201],[99.3844,19.0631],[99.4013,19.0],[99.437,19.0079],[99.4831,19.069],[99.5389,19.084],[99.5597,19.1396],[99.5353,19.1633],[99.5822,19.2956],[99.5722,19.4233],[99.6158,19.505],[99.6447,19.5036],[99.6872,19.4298],[99.9061,19.4842],[99.9222,19.4669],[99.913,19.3953],[99.953,19.3861],[100.0236,19.4375],[100.0814,19.4294],[100.0866,19.4522],[100.1369,19.4733],[100.1831,19.6126],[100.2175,19.6356],[100.317,19.6487],[100.3377,19.7087],[100.3838,19.7087],[100.4066,19.7355]]]},"properties":{"iso3":"THA","shapeId":"36821470B41943429581493","regionId":"THA.11_1","name":"Chiang Rai"}},{"type":"Feature","geometry":{"type":"Polygon","coordinates":[[[99.089,15.8875],[99.0825,16.0083],[99.118,16.0718],[99.1061,16.1034],[99.0509,16.1359],[99.083,16.2125],[99.049,16.2574],[99.0417,16.3749],[99.0149,16.3868],[99.0219,16.4272],[98.9844,16.489],[99.0009,16.4993],[99.0221,16.4746],[99.103,16.4717],[99.2544,16.5631],[99.2461,16.6467],[99.2989,16.7239],[99.2958,16.7847],[99.3269,16.8103],[99.3458,16.8878],[99.278,16.9289],[99.2672,16.9589],[99.278,17.0603],[99.3253,17.1292],[99.3186,17.2627],[99.2775,17.3236],[99.2664,17.3981],[99.218,17.3958],[99.1726,17.3358],[99.0678,17.3697],[99.0097,17.4117],[99.0225,17.47],[98.9375,17.4691],[98.912,17.5322],[98.881,17.4895],[98.8287,17.5118],[98.7156,17.4561],[98.6908,17.4238],[98.6815,17.4535],[98.7059,17.4867],[98.7053,17.5417],[98.6839,17.594],[98.6848,17.6645],[98.7486,17.6926],[98.7044,17.7519],[98.655,17.7314],[98.6478,17.6953],[98.6111,17.6658],[98.6272,17.6056],[98.6128,17.5733],[98.5553,17.5556],[98.5353,17.5147],[98.5344,17.4611],[98.5664,17.423],[98.5489,17.3633],[98.5708,17.3481],[98.5678,17.2922],[98.4219,17.2483],[98.3369,17.3008],[98.3394,17.3475],[98.3105,17.4019],[98.3367,17.4275],[98.3116,17.445],[98.3242,17.5261],[98.3042,17.5708],[98.2592,17.5775],[98.2619,17.6567],[98.3025,17.6958],[98.2378,17.6819],[98.1964,17.6428],[98.1158,17.645],[97.9744,17.57],[97.9116,17.5668],[97.9232,17.5395],[97.9926,17.5099],[98.0801,17.3903],[98.1191,17.3749],[98.1052,17.3377],[98.1354,17.2924],[98.2136,17.2284],[98.2442,17.227],[98.2279,17.2049],[98.2477,17.2101],[98.2502,17.1823],[98.2805,17.1729],[98.2724,17.1512],[98.2985,17.1474],[98.2801,17.1158],[98.2986,17.1278],[98.3018,17.1073],[98.3234,17.1109],[98.3002,17.0926],[98.323,17.0643],[98.3468,17.0478],[98.4125,17.0535],[98.4382,17.036],[98.4304,17.0218],[98.4551,17.0227],[98.4476,16.9976],[98.4735,16.9957],[98.4693,16.9711],[98.5085,16.948],[98.4826,16.9366],[98.5069,16.9108],[98.5215,16.9176],[98.5127,16.9021],[98.5358,16.8985],[98.5401,16.8615],[98.5092,16.88],[98.5162,16.8586],[98.4995,16.8631],[98.4921,16.842],[98.5474,16.8135],[98.4853,16.7894],[98.4632,16.7302],[98.4709,16.7125],[98.5019,16.7146],[98.4956,16.6907],[98.5158,16.6948],[98.512,16.6449],[98.5714,16.6318],[98.5871,16.5886],[98.5768,16.5585],[98.6519,16.4715],[98.6376,16.4125],[98.6561,16.4],[98.675,16.2718],[98.7032,16.2708],[98.7268,16.3288],[98.7454,16.3474],[98.7773,16.3441],[98.8298,16.4219],[98.8814,16.423],[98.918,16.3873],[98.9094,16.3468],[98.9317,16.3289],[98.9028,16.2537],[98.852,16.2196],[98.8485,16.1279],[98.8054,16.1046],[98.7792,16.126],[98.6991,16.1357],[98.6662,16.1108],[98.6614,16.0733],[98.6264,16.0624],[98.6279,16.0438],[98.6083,16.0419],[98.5892,16.0762],[98.5671,16.0569],[98.5615,16.032],[98.6063,15.9863],[98.584,15.9181],[98.5957,15.8749],[98.6108,15.8768],[98.5483,15.6852],[98.5581,15.655],[98.5837,15.663],[98.6262,15.6269],[98.6446,15.6375],[98.6636,15.6211],[98.7341,15.5119],[98.7197,15.4942],[98.7672,15.4664],[98.8919,15.2725],[98.9566,15.2344],[98.9853,15.1808],[99.002,15.1851],[99.0169,15.2657],[99.0387,15.287],[99.0452,15.3729],[99.0687,15.3979],[99.0565,15.4419],[99.0785,15.4934],[99.0489,15.5537],[99.0878,15.5759],[99.1161,15.628],[99.1373,15.7276],[99.1358,15.7964],[99.0975,15.833],[99.089,15.8875]]]},"properties":{"iso3":"THA","shapeId":"36821470B1341269906223","regionId":"THA.69_1","name":"Tak"}},{"type":"Feature","geometry":{"type":"Polygon","coordinates":[[[100.3279,13.8042],[100.2655,13.9207],[100.2983,13.9634],[100.2624,13.9981],[100.2847,14.1636],[100.2269,14.1778],[100.1575,14.1389],[99.9803,14.145],[99.8728,14.0617],[99.8114,14.0617],[99.8097,14.0281],[99.828,13.9961],[99.8522,13.9942],[99.8589,13.9614],[99.9514,13.9114],[99.9483,13.7417],[99.9772,13.7108],[100.0288,13.7544],[100.0248,13.7072],[100.0615,13.6834],[100.058,13.651],[100.1224,13.6537],[100.1237,13.6828],[100.2157,13.6877],[100.225,13.6715],[100.2748,13.6859],[100.289,13.7129],[100.3362,13.723],[100.3279,13.8042]]]},"properties":{"iso3":"THA","shapeId":"36821470B57969901614599","regionId":"THA.27_1","name":"Nakhon Pathom"}},{"type":"Feature","geometry":{"type":"Polygon","coordinates":[[[98.912,17.5322],[98.9082,17.5743],[98.8806,17.6033],[98.8948,17.6368],[98.9611,17.6422],[99.0133,17.6097],[99.05,17.6144],[99.0806,17.7289],[99.1241,17.7697],[99.1058,17.8067],[99.1653,17.8108],[99.1589,17.8458],[99.1817,17.8506],[99.0914,17.9533],[99.0578,18.1356],[99.0142,18.25],[99.0803,18.2778],[99.1053,18.2694],[99.2397,18.4822],[99.313,18.5042],[99.3147,18.5297],[99.2147,18.5961],[99.2278,18.6358],[99.1767,18.7072],[99.0728,18.6761],[99.0511,18.6536],[99.0133,18.67],[98.9339,18.5418],[98.8669,18.5148],[98.7648,18.4347],[98.7087,18.4414],[98.6813,18.3686],[98.7041,18.3338],[98.671,18.3254],[98.6676,18.3061],[98.7936,18.2375],[98.8217,18.0825],[98.8003,18.0089],[98.8128,17.9706],[98.8575,17.9619],[98.9114,17.8197],[98.8805,17.7264],[98.83,17.7155],[98.7583,17.7575],[98.7056,17.7576],[98.7486,17.6926],[98.6848,17.6645],[98.6839,17.594],[98.7053,17.5417],[98.7059,17.4867],[98.6815,17.4535],[98.6908,17.4238],[98.7156,17.4561],[98.8287,17.5118],[98.881,17.4895],[98.912,17.5322]]]},"properties":{"iso3":"THA","shapeId":"36821470B42817227172980","regionId":"THA.20_1","name":"Lamphun"}},{"type":"Feature","geometry":{"type":"MultiPolygon","coordinates":[[[[102.4111,11.9034],[102.4064,11.9015],[102.3976,11.9088],[102.3931,11.9059],[102.3989,11.9036],[102.4016,11.8999],[102.4013,11.8989],[102.3977,11.899],[102.3974,11.897],[102.4012,11.8965],[102.4059,11.898],[102.4077,11.8957],[102.4073,11.8938],[102.412,11.8987],[102.4168,11.901],[102.4126,11.904],[102.4111,11.9034]]],[[[102.3637,11.9282],[102.3603,11.9234],[102.3584,11.9242],[102.3548,11.9225],[102.3503,11.9172],[102.3483,11.9168],[102.3434,11.9067],[102.3446,11.901],[102.3489,11.9027],[102.3541,11.9103],[102.3558,11.9104],[102.3625,11.9183],[102.3663,11.9269],[102.3651,11.9291],[102.3637,11.9282]]],[[[102.4694,11.9308],[102.4706,11.9297],[102.4727,11.9304],[102.4752,11.9321],[102.4766,11.9369],[102.4796,11.9377],[102.4803,11.9418],[102.4785,11.9427],[102.48,11.9465],[102.4816,11.9459],[102.4808,11.9469],[102.4824,11.9514],[102.4793,11.9527],[102.4828,11.9555],[102.4815,11.9594],[102.4774,11.9605],[102.4745,11.9568],[102.4698,11.954],[102.4672,11.9458],[102.4667,11.9345],[102.4678,11.9312],[102.4694,11.9308]]],[[[102.3756,11.9986],[102.4363,11.9524],[102.4468,11.9764],[102.407,12.0297],[102.3858,12.0211],[102.3991,12.0446],[102.353,12.1129],[102.2508,12.1571],[102.2935,12.0448],[102.2937,11.9818],[102.3166,11.956],[102.3176,11.9745],[102.3684,11.962],[102.3756,11.9986]]],[[[102.5316,11.682],[102.524,11.657],[102.5456,11.6228],[102.5273,11.6036],[102.5665,11.594],[102.5932,11.5615],[102.6086,11.6895],[102.5791,11.712],[102.5645,11.7004],[102.554,11.7623],[102.5316,11.682]]],[[[102.5206,11.7084],[102.5247,11.7138],[102.5241,11.7203],[102.5199,11.726],[102.5177,11.725],[102.5132,11.7263],[102.5123,11.7257],[102.5152,11.7217],[102.5159,11.7159],[102.5206,11.7084]]],[[[102.3883,11.7788],[102.3893,11.7856],[102.3918,11.7859],[102.3901,11.793],[102.3932,11.7967],[102.3902,11.7975],[102.3917,11.8003],[102.391,11.8024],[102.3846,11.8116],[102.382,11.8105],[102.3805,11.8073],[102.3818,11.8002],[102.386,11.7918],[102.3843,11.7873],[102.3849,11.7796],[102.3868,11.7774],[102.388,11.7772],[102.3883,11.7788]]],[[[102.4558,11.8129],[102.4872,11.79],[102.4875,11.8124],[102.5116,11.8269],[102.4688,11.84],[102.4667,11.8214],[102.4447,11.8198],[102.4558,11.8129]]],[[[102.5276,11.8337],[102.5306,11.8342],[102.5299,11.8369],[102.5331,11.8425],[102.5284,11.8535],[102.525,11.8567],[102.5255,11.8496],[102.5239,11.849],[102.5192,11.8322],[102.5276,11.8337]]],[[[102.2576,12.297],[102.2912,12.189],[102.3261,12.1799],[102.3445,12.1994],[102.3982,12.1679],[102.4602,12.1636],[102.5362,12.1089],[102.5467,12.0588],[102.584,12.0431],[102.5895,12.0622],[102.5596,12.0968],[102.5549,12.162],[102.5744,12.1639],[102.5603,12.1828],[102.5915,12.2103],[102.6403,12.1806],[102.6471,12.1625],[102.6282,12.1459],[102.7668,12.0212],[102.7847,11.9432],[102.7739,11.9124],[102.8858,11.7631],[102.9131,11.6539],[102.9049,11.7671],[102.8328,11.8563],[102.78,11.9913],[102.7703,12.0745],[102.7035,12.1727],[102.7258,12.3643],[102.7845,12.3999],[102.7842,12.4267],[102.7203,12.4866],[102.7285,12.5127],[102.6779,12.5389],[102.6453,12.6111],[102.5789,12.6538],[102.5111,12.6699],[102.5064,12.7513],[102.4444,12.7303],[102.3928,12.6706],[102.4033,12.6117],[102.3907,12.5999],[102.4147,12.5644],[102.3633,12.5933],[102.3275,12.5544],[102.35,12.4764],[102.3255,12.4276],[102.372,12.3872],[102.3049,12.3008],[102.2576,12.297]]]]},"properties":{"iso3":"THA","shapeId":"36821470B56570402043943","regionId":"THA.71_1","name":"Trat"}},{"type":"Feature","geometry":{"type":"Polygon","coordinates":[[[99.8586,13.3283],[99.9125,13.5064],[99.9744,13.4908],[100.0378,13.5044],[100.0478,13.5961],[100.0783,13.6311],[100.058,13.651],[100.0615,13.6834],[100.0248,13.7072],[100.0288,13.7544],[99.9772,13.7108],[99.9483,13.7417],[99.9617,13.8442],[99.9314,13.9328],[99.8703,13.9417],[99.8058,13.8153],[99.6494,13.8161],[99.5817,13.7925],[99.5403,13.7544],[99.4711,13.8006],[99.3505,13.75],[99.2539,13.7686],[99.2011,13.7278],[99.167,13.7261],[99.1788,13.5858],[99.1636,13.5742],[99.1924,13.545],[99.2102,13.4153],[99.1869,13.2911],[99.2116,13.2619],[99.1964,13.2551],[99.2042,13.2041],[99.2486,13.1839],[99.2703,13.1417],[99.3205,13.1658],[99.3228,13.2039],[99.3472,13.2297],[99.4556,13.1786],[99.4797,13.1908],[99.5044,13.1789],[99.5264,13.1992],[99.6358,13.1989],[99.665,13.2161],[99.668,13.2728],[99.7033,13.3119],[99.7605,13.3331],[99.8586,13.3283]]]},"properties":{"iso3":"THA","shapeId":"36821470B93544771177010","regionId":"THA.52_1","name":"Ratchaburi"}},{"type":"Feature","geometry":{"type":"Polygon","coordinates":[[[104.1293,15.5645],[104.1489,15.5033],[104.2475,15.3708],[104.388,15.3206],[104.4181,15.2847],[104.443,15.3447],[104.4341,15.3806],[104.42,15.3683],[104.3842,15.3981],[104.3989,15.5228],[104.4917,15.5311],[104.52,15.5589],[104.5086,15.5881],[104.463,15.6008],[104.4614,15.6328],[104.443,15.6308],[104.4241,15.7144],[104.4603,15.9019],[104.5736,16.0933],[104.6158,16.1208],[104.8055,16.1561],[104.808,16.1958],[104.7119,16.2108],[104.6825,16.2419],[104.6369,16.2114],[104.5869,16.2517],[104.5591,16.31],[104.5211,16.3136],[104.5019,16.3414],[104.3953,16.3447],[104.3559,16.3233],[104.3236,16.2553],[104.2719,16.2367],[104.2328,16.1672],[104.1044,16.0911],[104.1191,16.0375],[104.1086,15.9819],[104.015,15.9719],[104.0361,15.9397],[104.015,15.8864],[104.0367,15.8683],[104.0197,15.8671],[104.0142,15.8174],[103.9977,15.8142],[104.0003,15.7957],[104.035,15.7961],[104.077,15.8189],[104.0742,15.8394],[104.134,15.7996],[104.1418,15.7512],[104.1182,15.7021],[104.1481,15.7123],[104.1874,15.6656],[104.1701,15.6325],[104.1914,15.6322],[104.1869,15.6094],[104.2134,15.616],[104.1293,15.5645]]]},"properties":{"iso3":"THA","shapeId":"36821470B86493246441872","regionId":"THA.77_1","name":"Yasothon"}},{"type":"Feature","geometry":{"type":"Polygon","coordinates":[[[100.1125,18.8083],[100.1255,18.7861],[100.0978,18.7314],[100.1153,18.5653],[100.0619,18.5528],[100.0525,18.4897],[100.005,18.405],[99.9647,18.3797],[99.9144,18.2931],[99.8644,18.2736],[99.8139,18.2208],[99.7216,18.0664],[99.6441,18.0217],[99.598,18.0333],[99.5883,18.0008],[99.51,17.9392],[99.375,17.7789],[99.3125,17.77],[99.315,17.7319],[99.3522,17.6811],[99.4489,17.7014],[99.5214,17.7897],[99.5614,17.8103],[99.6625,17.7972],[99.7264,17.7211],[99.8075,17.7969],[99.9139,17.8064],[99.9594,17.7819],[99.9972,17.8314],[100.1411,17.8619],[100.2494,17.9556],[100.2855,17.9608],[100.3358,17.8942],[100.3519,17.8989],[100.37,17.9278],[100.3655,17.9805],[100.4169,18.0305],[100.398,18.1349],[100.46,18.1611],[100.5061,18.2786],[100.495,18.3414],[100.5217,18.3664],[100.5419,18.4547],[100.4894,18.4933],[100.4094,18.4936],[100.3853,18.5678],[100.4075,18.63],[100.3535,18.683],[100.3933,18.7405],[100.3624,18.7489],[100.3386,18.8132],[100.2262,18.826],[100.1768,18.8115],[100.1561,18.8346],[100.1125,18.8083]]]},"properties":{"iso3":"THA","shapeId":"36821470B82770800477257","regionId":"THA.47_1","name":"Phrae"}},{"type":"Feature","geometry":{"type":"Polygon","coordinates":[[[100.8417,6.3018],[100.8537,6.2319],[100.8723,6.2646],[100.8989,6.2347],[100.9447,6.2433],[100.969,6.2831],[101.0153,6.2467],[101.1124,6.2516],[101.1267,6.1926],[101.0858,6.1787],[101.0587,6.1423],[101.1266,6.1069],[101.1003,6.0502],[101.1144,6.0391],[101.107,5.9904],[101.1244,5.977],[101.0951,5.9505],[101.085,5.9092],[101.0258,5.913],[101.0119,5.8375],[100.984,5.8072],[101.0339,5.738],[101.0602,5.7443],[101.0829,5.7204],[101.1423,5.6135],[101.26,5.7115],[101.2496,5.7624],[101.2763,5.8118],[101.3461,5.8084],[101.3914,5.8757],[101.4854,5.8697],[101.5023,5.8897],[101.4866,6.0525],[101.3797,6.2064],[101.4038,6.2225],[101.4397,6.4217],[101.5433,6.4444],[101.6169,6.5386],[101.6016,6.5554],[101.5558,6.5431],[101.5114,6.5978],[101.4566,6.5669],[101.3303,6.5497],[101.3052,6.5928],[101.2964,6.6794],[101.2616,6.625],[101.2108,6.5942],[101.1505,6.6],[101.1011,6.6378],[101.1072,6.5889],[101.0569,6.5428],[101.0303,6.4769],[100.9811,6.4739],[100.93,6.4286],[100.9227,6.3158],[100.8669,6.2894],[100.8417,6.3018]]]},"properties":{"iso3":"THA","shapeId":"36821470B19626602766038","regionId":"THA.76_1","name":"Yala"}},{"type":"Feature","geometry":{"type":"Polygon","coordinates":[[[99.9828,17.1656],[100.0144,17.1808],[100.0325,17.1617],[100.1672,17.2039],[100.1914,17.188],[100.2592,17.2414],[100.2531,17.3444],[100.4484,17.4247],[100.5017,17.4301],[100.5149,17.4051],[100.5797,17.4178],[100.6103,17.4664],[100.647,17.4769],[100.6429,17.495],[100.7415,17.5447],[100.8672,17.7028],[100.8922,17.7067],[100.9103,17.6872],[100.9542,17.705],[100.9866,17.7481],[100.978,17.763],[101.0066,17.7843],[100.9986,17.8208],[101.0321,17.8333],[101.0187,17.891],[101.1167,17.9511],[101.1216,18.0001],[101.184,18.0651],[101.1609,18.1236],[101.1927,18.213],[101.1654,18.2177],[101.1442,18.2586],[101.1822,18.3405],[101.0857,18.3803],[101.0731,18.3567],[100.9836,18.3088],[100.9192,18.2421],[100.9129,18.157],[100.8848,18.1506],[100.8498,18.0837],[100.8125,18.08],[100.7727,18.0268],[100.6928,18.0242],[100.6704,18.0447],[100.6101,18.0496],[100.55,18.0333],[100.5442,18.0155],[100.4125,18.0194],[100.3655,17.9805],[100.37,17.9278],[100.3436,17.8933],[100.2855,17.9608],[100.2494,17.9556],[100.1411,17.8619],[99.9972,17.8314],[99.9594,17.7819],[99.8964,17.8037],[99.9797,17.6647],[99.9697,17.6139],[99.9278,17.5714],[100.0375,17.4361],[99.998,17.4058],[100.0161,17.3825],[100.0175,17.3211],[99.9686,17.2483],[99.9828,17.1656]]]},"properties":{"iso3":"THA","shapeId":"36821470B55067065784454","regionId":"THA.75_1","name":"Uttaradit"}},{"type":"Feature","geometry":{"type":"Polygon","coordinates":[[[103.1114,15.4813],[103.0728,15.4976],[103.0906,15.5334],[103.046,15.5644],[103.0528,15.5927],[102.9745,15.6608],[103.0079,15.7012],[102.9464,15.7892],[102.9089,15.7778],[102.8775,15.6439],[102.8219,15.6206],[102.789,15.6394],[102.7828,15.6211],[102.798,15.5469],[102.8275,15.5114],[102.9222,15.5117],[103.0189,15.445],[102.9536,15.4017],[102.9589,15.3725],[103.0014,15.3572],[102.9728,15.3261],[102.9833,15.1889],[102.8533,15.1539],[102.7772,15.0719],[102.7864,15.0494],[102.7608,14.9922],[102.7072,14.9525],[102.6247,14.9386],[102.5205,14.9656],[102.5603,14.9372],[102.5467,14.895],[102.5783,14.8308],[102.5678,14.8142],[102.5036,14.8078],[102.4369,14.8578],[102.5114,14.6478],[102.4844,14.5722],[102.4983,14.5008],[102.5658,14.4467],[102.5919,14.3025],[102.6205,14.2794],[102.5831,14.2039],[102.6116,14.1339],[102.6286,14.1544],[102.6555,14.1342],[102.7225,14.1317],[102.8244,14.1675],[102.8778,14.1525],[102.9358,14.1681],[102.9388,14.1954],[103.0221,14.2285],[103.0573,14.285],[103.1241,14.3027],[103.1419,14.3263],[103.1536,14.3139],[103.168,14.3348],[103.2189,14.3236],[103.2427,14.3375],[103.2578,14.4414],[103.228,14.5294],[103.2297,14.5922],[103.2741,14.6783],[103.3083,14.8139],[103.3462,14.8309],[103.4049,14.8975],[103.402,14.9196],[103.426,14.9287],[103.4307,14.9788],[103.4095,15.0034],[103.4483,15.0457],[103.4227,15.0659],[103.4422,15.1063],[103.4261,15.1059],[103.419,15.201],[103.4362,15.2068],[103.4415,15.2634],[103.4592,15.2568],[103.4805,15.2957],[103.5053,15.2923],[103.5038,15.3114],[103.4721,15.3205],[103.4677,15.3473],[103.4437,15.3442],[103.4273,15.3084],[103.3495,15.3473],[103.2896,15.2986],[103.2755,15.3194],[103.2484,15.307],[103.2526,15.3207],[103.1967,15.3355],[103.1944,15.3657],[103.1563,15.3527],[103.1386,15.4121],[103.1175,15.4019],[103.0899,15.4195],[103.1114,15.4813]]]},"properties":{"iso3":"THA","shapeId":"36821470B4901960309299","regionId":"THA.5_1","name":"Buri Ram"}},{"type":"Feature","geometry":{"type":"Polygon","coordinates":[[[99.9944,16.3378],[99.9767,16.3697],[100.0331,16.5006],[100.0058,16.5558],[99.918,16.5833],[99.8903,16.6386],[99.9044,16.688],[99.855,16.7369],[99.6866,16.7336],[99.5553,16.8147],[99.5425,16.8608],[99.4947,16.8886],[99.3789,16.8647],[99.3458,16.8878],[99.3269,16.8103],[99.2958,16.7847],[99.2989,16.7239],[99.2461,16.6467],[99.245,16.5456],[99.1761,16.5258],[99.103,16.4717],[99.0221,16.4746],[99.0009,16.4993],[98.9844,16.489],[99.0219,16.4272],[99.0149,16.3868],[99.0417,16.3749],[99.049,16.2574],[99.083,16.2125],[99.0509,16.1359],[99.1061,16.1034],[99.118,16.0718],[99.0825,16.0083],[99.089,15.8875],[99.2086,15.9484],[99.2897,15.8917],[99.32,15.9275],[99.3302,15.9115],[99.3577,15.9269],[99.4663,15.9008],[99.4793,15.9222],[99.5374,15.9249],[99.6139,15.8811],[99.6678,15.7825],[99.7305,15.8264],[99.8114,16.0058],[99.8941,16.0772],[99.8997,16.1289],[99.9469,16.2217],[99.945,16.2847],[99.9944,16.3378]]]},"properties":{"iso3":"THA","shapeId":"36821470B22142474761729","regionId":"THA.15_1","name":"Kam Phaeng Phet"}},{"type":"Feature","geometry":{"type":"Polygon","coordinates":[[[99.6872,19.4298],[99.6447,19.5036],[99.6158,19.505],[99.5872,19.4686],[99.5697,19.4028],[99.5822,19.2956],[99.5353,19.1633],[99.5597,19.1396],[99.5389,19.084],[99.4831,19.069],[99.437,19.0079],[99.3721,18.9812],[99.3906,18.883],[99.3516,18.8458],[99.3667,18.7619],[99.3211,18.6317],[99.3564,18.6061],[99.3279,18.5702],[99.313,18.5042],[99.2397,18.4822],[99.1053,18.2694],[99.0803,18.2778],[99.0142,18.25],[99.0578,18.1356],[99.0914,17.9533],[99.1817,17.8544],[99.1589,17.8458],[99.1683,17.8131],[99.1072,17.8092],[99.1241,17.7697],[99.0806,17.7289],[99.05,17.6144],[99.0133,17.6097],[98.9844,17.6364],[98.9366,17.6442],[98.905,17.6435],[98.8795,17.6114],[98.9082,17.5743],[98.9328,17.4723],[99.0225,17.47],[99.0056,17.4208],[99.0389,17.3842],[99.1726,17.3358],[99.218,17.3958],[99.2664,17.3981],[99.3022,17.2747],[99.3394,17.2669],[99.3892,17.2022],[99.4436,17.2281],[99.4772,17.3203],[99.4775,17.3578],[99.4336,17.3892],[99.4422,17.4281],[99.4089,17.4644],[99.4397,17.5269],[99.42,17.5914],[99.4556,17.5997],[99.4497,17.6375],[99.4775,17.6711],[99.4808,17.7094],[99.4733,17.7289],[99.4489,17.7014],[99.3628,17.6767],[99.315,17.7319],[99.3125,17.77],[99.375,17.7789],[99.51,17.9392],[99.5883,18.0008],[99.598,18.0333],[99.6441,18.0217],[99.7216,18.0664],[99.8139,18.2208],[99.8644,18.2736],[99.9144,18.2931],[99.9647,18.3797],[100.005,18.405],[100.0525,18.4897],[100.0619,18.5528],[100.1189,18.5714],[100.0978,18.7314],[100.1202,18.7982],[100.0877,18.8276],[100.0659,18.8167],[100.0644,18.88],[99.9929,18.9086],[99.9069,18.9831],[99.8386,18.9997],[99.8208,19.042],[99.7743,19.0641],[99.706,19.2403],[99.7092,19.3386],[99.6872,19.4298]]]},"properties":{"iso3":"THA","shapeId":"36821470B50506304331769","regionId":"THA.19_1","name":"Lampang"}},{"type":"Feature","geometry":{"type":"Polygon","coordinates":[[[100.5676,13.9514],[100.5019,13.9361],[100.4579,13.9777],[100.3647,13.9923],[100.3316,14.0563],[100.3446,14.1166],[100.3039,14.1403],[100.2796,14.1265],[100.2624,13.9981],[100.2983,13.9634],[100.2655,13.9207],[100.3279,13.8042],[100.4663,13.7892],[100.5011,13.801],[100.5437,13.8497],[100.5676,13.9514]]]},"properties":{"iso3":"THA","shapeId":"36821470B99224408335371","regionId":"THA.36_1","name":"Nonthaburi"}},{"type":"Feature","geometry":{"type":"Polygon","coordinates":[[[103.3997,17.9861],[103.4553,17.9922],[103.4764,18.0114],[103.4755,18.0447],[103.5067,18.0639],[103.5855,18.0447],[103.6383,18.0069],[103.6186,17.9983],[103.6205,17.9711],[103.6583,17.9631],[103.6655,17.9408],[103.6861,17.9478],[103.7422,17.9089],[103.7617,17.9486],[103.7781,17.8942],[103.76,17.8719],[103.7905,17.8408],[103.8061,17.8456],[103.7969,17.8703],[103.8516,17.8769],[103.8661,17.8553],[103.9005,17.8764],[103.8961,17.8422],[103.92,17.8517],[103.9197,17.8122],[103.9686,17.7653],[104.0161,17.8158],[103.9864,17.8647],[104.0,17.9194],[104.0441,17.9347],[104.0694,17.88],[104.11,17.8622],[104.1347,17.9094],[104.1194,17.9955],[104.1683,17.9981],[104.1879,18.0248],[104.1053,18.1154],[104.0606,18.2186],[103.973,18.3369],[103.9292,18.3304],[103.8581,18.2838],[103.8181,18.3383],[103.6976,18.3432],[103.6105,18.4032],[103.4057,18.4486],[103.307,18.4315],[103.2436,18.3541],[103.2974,18.3154],[103.2953,18.2744],[103.2587,18.2622],[103.3997,17.9861]]]},"properties":{"iso3":"THA","shapeId":"36821470B57809552794573","regionId":"THA.4_1","name":"Bueng Kan"}},{"type":"Feature","geometry":{"type":"Polygon","coordinates":[[[101.5023,5.8897],[101.5818,5.9344],[101.6154,5.9109],[101.6233,5.8771],[101.6593,5.8747],[101.6583,5.8125],[101.6913,5.7551],[101.7144,5.7634],[101.7181,5.7878],[101.7541,5.797],[101.8244,5.7331],[101.8364,5.7893],[101.8664,5.7907],[101.8843,5.8377],[101.9172,5.8427],[101.944,5.872],[101.9214,5.9182],[101.9481,5.9908],[102.0539,6.08],[102.093,6.146],[102.0774,6.1904],[102.0913,6.2442],[101.9525,6.338],[101.8741,6.4248],[101.8149,6.4533],[101.7266,6.5751],[101.68,6.5739],[101.6331,6.6364],[101.578,6.6067],[101.6087,6.5835],[101.6016,6.5554],[101.6169,6.5386],[101.5433,6.4444],[101.4397,6.4217],[101.4038,6.2225],[101.3797,6.2064],[101.4866,6.0525],[101.5023,5.8897]]]},"properties":{"iso3":"THA","shapeId":"36821470B28924551841133","regionId":"THA.33_1","name":"Narathiwat"}},{"type":"Feature","geometry":{"type":"Polygon","coordinates":[[[104.9073,14.3994],[104.9944,14.3797],[104.9845,14.3183],[105.0266,14.2648],[105.0228,14.2413],[105.0825,14.2096],[105.1465,14.2422],[105.1758,14.3455],[105.2282,14.3335],[105.2513,14.3616],[105.3035,14.3661],[105.3203,14.3975],[105.3424,14.3843],[105.3867,14.3961],[105.4075,14.429],[105.4291,14.4161],[105.4807,14.5063],[105.5348,14.5579],[105.5423,14.6198],[105.5175,14.6521],[105.5152,14.6963],[105.5199,14.7271],[105.5466,14.7314],[105.5126,14.7532],[105.5251,14.7824],[105.5112,14.7991],[105.5193,14.8231],[105.5599,14.8396],[105.5492,14.8749],[105.58,14.8789],[105.5453,14.9264],[105.5522,14.9503],[105.5832,14.9413],[105.6242,14.9757],[105.5748,14.9983],[105.547,15.0384],[105.5542,15.0637],[105.5134,15.0634],[105.5153,15.0846],[105.4796,15.0995],[105.4665,15.1308],[105.4944,15.2047],[105.5398,15.2521],[105.591,15.2712],[105.5849,15.3145],[105.5746,15.329],[105.4962,15.3207],[105.4674,15.3477],[105.4941,15.3864],[105.5889,15.4205],[105.5928,15.5099],[105.6249,15.5635],[105.6347,15.6626],[105.5959,15.7245],[105.504,15.7672],[105.4666,15.7456],[105.4355,15.7543],[105.3943,15.8024],[105.3422,15.9222],[105.3769,15.9835],[105.4251,15.9907],[105.4179,16.0121],[105.06,16.0979],[105.0047,16.0198],[105.023,15.977],[104.9649,15.8579],[104.9578,15.7911],[104.9026,15.7577],[104.8925,15.653],[104.9298,15.6409],[104.9276,15.6074],[104.8845,15.5574],[104.7401,15.6562],[104.6356,15.6876],[104.6046,15.6721],[104.6277,15.6558],[104.5825,15.6043],[104.5855,15.5674],[104.5471,15.5502],[104.52,15.5589],[104.4917,15.5311],[104.4031,15.5292],[104.3839,15.4406],[104.3875,15.3931],[104.42,15.3683],[104.4372,15.3753],[104.4181,15.2847],[104.5775,15.2378],[104.6011,15.2556],[104.6628,15.2356],[104.6681,15.2569],[104.6961,15.2333],[104.7078,15.1694],[104.7375,15.1683],[104.7203,15.1389],[104.6879,15.1373],[104.6933,14.9753],[104.7242,14.9275],[104.8136,14.8919],[104.8331,14.8483],[104.8158,14.8122],[104.9175,14.6486],[104.8603,14.6503],[104.8311,14.5522],[104.8736,14.4933],[104.8547,14.4406],[104.895,14.4403],[104.9073,14.3994]]]},"properties":{"iso3":"THA","shapeId":"36821470B8778739097958","regionId":"THA.72_1","name":"Ubon Ratchathani"}},{"type":"Feature","geometry":{"type":"MultiPolygon","coordinates":[[[[99.5457,11.0681],[99.5597,11.0701],[99.5618,11.0716],[99.5643,11.0846],[99.5624,11.0854],[99.5608,11.0834],[99.5601,11.0792],[99.5558,11.0761],[99.556,11.0735],[99.5457,11.0681]]],[[[99.4405,12.5815],[99.4215,12.5519],[99.4252,12.4914],[99.401,12.4599],[99.4459,12.4071],[99.4338,12.3428],[99.4845,12.2738],[99.471,12.2347],[99.4964,12.1975],[99.4733,12.1316],[99.5713,12.1445],[99.5341,12.066],[99.5365,12.0169],[99.5922,11.9925],[99.588,11.8722],[99.61,11.8685],[99.622,11.8331],[99.6649,11.8231],[99.6411,11.7898],[99.6363,11.7272],[99.5881,11.6885],[99.5655,11.6267],[99.5078,11.6366],[99.4678,11.6151],[99.4744,11.5332],[99.4443,11.4803],[99.3937,11.4612],[99.4022,11.3889],[99.3124,11.3164],[99.3246,11.2822],[99.2636,11.2148],[99.2545,11.1694],[99.2257,11.1421],[99.2284,11.1121],[99.1794,11.083],[99.172,11.0445],[99.1434,11.03],[99.1614,11.0],[99.2711,10.9561],[99.4042,10.9536],[99.4758,10.9972],[99.5032,10.9905],[99.4889,11.1425],[99.5251,11.1989],[99.5552,11.2053],[99.5667,11.1831],[99.5848,11.1995],[99.5534,11.2558],[99.5539,11.3147],[99.6387,11.518],[99.7312,11.6887],[99.7893,11.7443],[99.8112,11.738],[99.7956,11.7708],[99.8184,11.7844],[99.7985,11.8177],[99.8165,11.8388],[99.8334,11.8312],[99.812,11.8802],[99.8424,11.9611],[99.9629,12.087],[99.9752,12.1468],[100.0199,12.1888],[99.9747,12.2646],[100.0032,12.3363],[99.9558,12.6341],[99.8208,12.6299],[99.7622,12.5814],[99.6789,12.5792],[99.618,12.5425],[99.5219,12.5858],[99.4405,12.5815]]]]},"properties":{"iso3":"THA","shapeId":"36821470B69255687394343","regionId":null,"name":"Prachuap Khiri Khan Province"}},{"type":"Feature","geometry":{"type":"Polygon","coordinates":[[[101.1011,6.6378],[101.0625,6.6533],[101.0361,6.7392],[101.0637,6.8546],[100.9817,6.8653],[100.8489,6.9622],[100.8097,6.9542],[100.7741,6.9776],[100.5078,7.3181],[100.4441,7.4801],[100.334,7.9358],[100.1491,7.8714],[100.1293,7.8015],[100.2043,7.7711],[100.2546,7.5066],[100.3009,7.489],[100.3506,7.5309],[100.3782,7.5243],[100.4286,7.3069],[100.4049,7.2632],[100.3767,7.3084],[100.3386,7.2444],[100.2989,7.2353],[100.2833,7.205],[100.1472,7.1781],[100.0664,7.1336],[100.0305,7.0916],[100.0677,7.0394],[100.0811,6.9747],[100.1219,6.9294],[100.1902,6.9075],[100.2172,6.8797],[100.1916,6.7978],[100.2186,6.7024],[100.293,6.7078],[100.2943,6.6798],[100.3275,6.6641],[100.326,6.6214],[100.3052,6.6052],[100.3659,6.5401],[100.4182,6.5187],[100.4902,6.5255],[100.5188,6.4886],[100.5625,6.496],[100.6521,6.4426],[100.7094,6.4709],[100.7386,6.5104],[100.7532,6.4578],[100.8126,6.4422],[100.8218,6.3565],[100.8417,6.3018],[100.8669,6.2894],[100.925,6.32],[100.9383,6.4408],[100.9811,6.4739],[101.0303,6.4769],[101.0569,6.5428],[101.0803,6.5481],[101.1091,6.5967],[101.1011,6.6378]]]},"properties":{"iso3":"THA","shapeId":"36821470B65611179255944","regionId":"THA.64_1","name":"Songkhla"}},{"type":"Feature","geometry":{"type":"MultiPolygon","coordinates":[[[[98.3317,7.5204],[98.3298,7.5201],[98.3287,7.5174],[98.3251,7.5153],[98.3267,7.514],[98.3262,7.5105],[98.3239,7.5071],[98.322,7.506],[98.3206,7.5069],[98.3201,7.5019],[98.3159,7.5012],[98.3158,7.4958],[98.32,7.4933],[98.3199,7.4887],[98.3241,7.492],[98.3233,7.4992],[98.3297,7.5044],[98.332,7.5091],[98.3329,7.5161],[98.3353,7.52],[98.3317,7.5204]]],[[[98.3724,7.6109],[98.3684,7.6108],[98.3678,7.6149],[98.3652,7.6156],[98.3628,7.6134],[98.3677,7.6085],[98.3673,7.6071],[98.3592,7.6079],[98.3585,7.6057],[98.3549,7.6036],[98.3535,7.5982],[98.3547,7.5958],[98.3543,7.5915],[98.3562,7.5887],[98.3629,7.5881],[98.364,7.5906],[98.3665,7.5913],[98.3696,7.5973],[98.3753,7.6006],[98.3768,7.6081],[98.379,7.6111],[98.3761,7.6172],[98.3723,7.6127],[98.3724,7.6109]]],[[[98.3723,7.7428],[98.3856,7.7451],[98.358,7.7345],[98.3723,7.7428]]],[[[98.4605,8.0505],[98.4703,8.0393],[98.4675,8.0618],[98.4605,8.0505]]],[[[98.4374,7.9134],[98.4166,7.8693],[98.4386,7.8661],[98.4374,7.9134]]],[[[98.4376,7.945],[98.4165,7.9299],[98.4322,7.9263],[98.4376,7.945]]],[[[98.359,7.7847],[98.3896,7.7803],[98.3794,7.795],[98.359,7.7847]]],[[[98.4374,8.0933],[98.3861,8.0853],[98.3731,8.1189],[98.3457,8.1157],[98.3371,8.1726],[98.2855,8.1997],[98.3017,8.1092],[98.2704,8.0714],[98.2924,8.0014],[98.2704,7.987],[98.2821,7.9531],[98.258,7.9356],[98.2966,7.9088],[98.2898,7.8866],[98.261,7.8858],[98.2902,7.8559],[98.2989,7.8043],[98.2847,7.7879],[98.3078,7.7747],[98.3029,7.7584],[98.3374,7.7775],[98.3458,7.8238],[98.3663,7.8392],[98.4125,7.8015],[98.3917,7.852],[98.4259,7.8967],[98.3931,7.9787],[98.426,7.9873],[98.4087,8.0095],[98.4168,8.0481],[98.4327,8.0402],[98.4433,8.0658],[98.4374,8.0933]]]]},"properties":{"iso3":"THA","shapeId":"36821470B89498504013794","regionId":"THA.48_1","name":"Phuket"}},{"type":"Feature","geometry":{"type":"Polygon","coordinates":[[[100.2317,14.7894],[100.2097,14.7544],[100.2266,14.655],[100.2022,14.6094],[100.2189,14.5886],[100.195,14.5658],[100.2172,14.5103],[100.2539,14.4864],[100.4144,14.51],[100.4272,14.4439],[100.4714,14.4381],[100.5031,14.4569],[100.4894,14.5653],[100.5155,14.6858],[100.4769,14.7248],[100.4278,14.7289],[100.4133,14.7517],[100.3569,14.7667],[100.3364,14.7975],[100.2317,14.7894]]]},"properties":{"iso3":"THA","shapeId":"36821470B13392591504269","regionId":"THA.2_1","name":"Ang Thong"}},{"type":"Feature","geometry":{"type":"Polygon","coordinates":[[[103.5111,16.1983],[103.4758,16.2053],[103.4508,16.188],[103.4197,16.2814],[103.3708,16.3081],[103.3464,16.3603],[103.3108,16.3672],[103.3008,16.4056],[103.2764,16.3778],[103.1841,16.3667],[103.1775,16.3989],[103.1977,16.4392],[103.1753,16.4858],[103.1955,16.5497],[103.1805,16.6017],[103.2003,16.6375],[103.1625,16.6434],[103.1647,16.615],[103.0811,16.5044],[102.9357,16.4436],[102.9564,16.3972],[102.8483,16.2608],[102.8716,16.1217],[102.8575,16.08],[102.9144,15.9906],[102.9053,15.9286],[102.9405,15.8581],[102.9464,15.7892],[103.0079,15.7012],[102.9745,15.6608],[103.0528,15.5927],[103.046,15.5644],[103.0906,15.5334],[103.0787,15.4934],[103.2154,15.4613],[103.2695,15.4233],[103.3412,15.4059],[103.4197,15.4467],[103.4405,15.52],[103.3803,15.525],[103.323,15.5617],[103.2953,15.6058],[103.3544,15.7019],[103.4397,15.7172],[103.4597,15.8406],[103.4972,15.9267],[103.4686,16.1183],[103.5111,16.1983]]]},"properties":{"iso3":"THA","shapeId":"36821470B32359336681268","regionId":"THA.24_1","name":"Maha Sarakham"}},{"type":"Feature","geometry":{"type":"MultiPolygon","coordinates":[[[[99.3151,7.3746],[99.2805,7.3871],[99.2972,7.3535],[99.3151,7.3746]]],[[[99.4499,7.2556],[99.3854,7.2803],[99.3651,7.2234],[99.3889,7.2069],[99.4087,7.2414],[99.4499,7.2556]]],[[[99.2476,7.3319],[99.2489,7.3191],[99.253,7.309],[99.2514,7.3053],[99.2527,7.3033],[99.2519,7.302],[99.2552,7.2975],[99.2549,7.3005],[99.26,7.308],[99.2534,7.3175],[99.25,7.3301],[99.2481,7.3328],[99.2476,7.3319]]],[[[100.0305,7.0916],[99.9666,7.1697],[99.9389,7.2475],[99.9441,7.2961],[99.8844,7.3814],[99.8853,7.4147],[99.7958,7.5953],[99.7969,7.6394],[99.8236,7.6675],[99.7353,7.8589],[99.748,7.9778],[99.7269,7.9933],[99.6086,7.9814],[99.5403,7.8778],[99.5108,7.8706],[99.4714,7.8897],[99.4005,7.8897],[99.3714,7.9369],[99.338,7.9431],[99.3436,7.9042],[99.2917,7.8467],[99.343,7.7406],[99.308,7.6892],[99.2635,7.6636],[99.2531,7.6295],[99.2327,7.6326],[99.2612,7.6165],[99.2787,7.6313],[99.3146,7.5383],[99.2842,7.5164],[99.3265,7.4959],[99.3462,7.4436],[99.3378,7.3795],[99.3947,7.3075],[99.4066,7.3171],[99.4711,7.2855],[99.4905,7.3123],[99.5266,7.2963],[99.5221,7.2495],[99.5852,7.147],[99.599,7.1563],[99.607,7.1365],[99.6546,7.1793],[99.6655,7.1153],[99.8197,7.1461],[99.8314,7.1011],[99.8775,7.0656],[99.9261,7.1406],[99.9989,7.0597],[100.0464,7.0633],[100.0305,7.0916]]]]},"properties":{"iso3":"THA","shapeId":"36821470B70022128015779","regionId":"THA.70_1","name":"Trang"}},{"type":"Feature","geometry":{"type":"Polygon","coordinates":[[[99.2865,14.9924],[99.3213,14.9473],[99.3142,14.8843],[99.2752,14.8758],[99.2788,14.8568],[99.328,14.8294],[99.3705,14.7658],[99.4378,14.7658],[99.4497,14.7453],[99.4333,14.7211],[99.4611,14.6883],[99.5272,14.725],[99.5436,14.7969],[99.6,14.7844],[99.6625,14.8022],[99.7844,14.6772],[99.8708,14.6333],[99.8447,14.6033],[99.8922,14.5583],[99.8222,14.5117],[99.8194,14.22],[99.7628,14.1653],[99.7744,14.0956],[99.8072,14.0833],[99.8114,14.0617],[99.8728,14.0617],[99.9803,14.145],[100.1575,14.1389],[100.2422,14.1981],[100.2841,14.3956],[100.2539,14.4864],[100.2172,14.5103],[100.1953,14.5619],[100.2189,14.5886],[100.2022,14.6094],[100.2266,14.655],[100.2097,14.7544],[100.2317,14.7894],[100.2097,14.8189],[100.2283,14.9087],[100.1914,14.9194],[100.2113,14.955],[100.1464,14.9206],[100.1083,14.9519],[100.048,14.965],[100.0375,14.9178],[99.978,14.9072],[99.8789,14.9194],[99.6483,14.9942],[99.6267,14.9846],[99.6318,14.9379],[99.5103,14.9839],[99.4253,14.9919],[99.4053,15.0369],[99.3517,15.0489],[99.3238,15.0758],[99.3005,15.036],[99.3136,15.0229],[99.2865,14.9924]]]},"properties":{"iso3":"THA","shapeId":"36821470B33883534921707","regionId":"THA.66_1","name":"Suphan Buri"}},{"type":"Feature","geometry":{"type":"Polygon","coordinates":[[[100.3091,15.1675],[100.2729,15.1111],[100.3004,15.0597],[100.2639,15.0308],[100.3047,14.9961],[100.2733,14.9569],[100.2113,14.955],[100.1919,14.9236],[100.2014,14.9061],[100.2283,14.9087],[100.2097,14.8189],[100.2317,14.7894],[100.3364,14.7975],[100.3875,14.7481],[100.4769,14.7248],[100.4936,14.7494],[100.4825,14.8122],[100.4327,14.9186],[100.4608,14.9647],[100.4427,15.0603],[100.3705,15.0878],[100.3492,15.155],[100.3091,15.1675]]]},"properties":{"iso3":"THA","shapeId":"36821470B69138836783186","regionId":"THA.63_1","name":"Singburi"}},{"type":"Feature","geometry":{"type":"Polygon","coordinates":[[[99.952,13.2898],[99.9516,13.3082],[100.035,13.3721],[100.0476,13.4085],[100.0881,13.4282],[100.0423,13.5032],[99.9744,13.4908],[99.9125,13.5064],[99.8553,13.2692],[99.8922,13.2367],[99.9025,13.275],[99.952,13.2898]]]},"properties":{"iso3":"THA","shapeId":"36821470B82153023326894","regionId":"THA.59_1","name":"Samut Songkhram"}},{"type":"Feature","geometry":{"type":"MultiPolygon","coordinates":[[[[101.4463,12.549],[101.4432,12.5217],[101.4702,12.5678],[101.4513,12.583],[101.4463,12.549]]],[[[101.6925,13.1339],[101.6378,13.1531],[101.5825,13.1292],[101.5544,13.0694],[101.5039,13.0719],[101.4664,13.0306],[101.4367,13.0422],[101.4019,13.0167],[101.323,13.0717],[101.2761,13.0456],[101.1927,13.0789],[101.1608,13.0608],[101.175,13.0206],[101.093,13.0289],[101.0667,13.0036],[101.0903,12.9769],[101.0947,12.9072],[101.0405,12.8197],[101.0017,12.7942],[100.9914,12.6558],[101.1169,12.6783],[101.1479,12.6468],[101.1358,12.666],[101.1516,12.6734],[101.1666,12.6395],[101.158,12.6722],[101.2351,12.6653],[101.368,12.6201],[101.4185,12.5831],[101.4239,12.6153],[101.4495,12.6309],[101.5565,12.6272],[101.5937,12.6536],[101.6458,12.6423],[101.6908,12.6948],[101.748,12.7076],[101.7845,12.6927],[101.82,12.7622],[101.8267,12.8942],[101.8044,12.8961],[101.7861,12.9508],[101.7531,12.9467],[101.7386,12.9647],[101.7528,13.0094],[101.7122,13.0344],[101.6925,13.1339]]]]},"properties":{"iso3":"THA","shapeId":"36821470B65269516307076","regionId":"THA.53_1","name":"Rayong"}},{"type":"Feature","geometry":{"type":"Polygon","coordinates":[[[101.9878,13.5872],[102.1197,14.1439],[101.9622,14.2531],[101.9472,14.2883],[101.9864,14.3525],[101.9594,14.3811],[101.928,14.3589],[101.8867,14.395],[101.8697,14.3653],[101.7636,14.3486],[101.7511,14.3133],[101.6322,14.4267],[101.5414,14.4258],[101.4908,14.4594],[101.4592,14.4578],[101.4441,14.4247],[101.4092,14.4248],[101.5,14.3403],[101.5086,14.2717],[101.4347,14.2547],[101.3961,14.2719],[101.3883,14.2186],[101.2969,14.1478],[101.3214,14.0586],[101.2222,14.0547],[101.1966,14.0192],[101.1327,13.9955],[101.1583,13.9286],[101.148,13.8494],[101.2214,13.8778],[101.2436,13.8625],[101.3586,13.8608],[101.5447,13.7756],[101.56,13.7494],[101.5944,13.7847],[101.6789,13.7522],[101.7028,13.7914],[101.7572,13.8019],[101.8139,13.7206],[101.88,13.7181],[101.8889,13.6592],[101.9225,13.6314],[101.9164,13.5856],[101.9878,13.5872]]]},"properties":{"iso3":"THA","shapeId":"36821470B81436549800024","regionId":"THA.49_1","name":"Prachin Buri"}},{"type":"Feature","geometry":{"type":"Polygon","coordinates":[[[100.5939,14.6558],[100.5155,14.6858],[100.4894,14.5653],[100.505,14.4606],[100.4714,14.4381],[100.4272,14.4439],[100.4144,14.51],[100.2539,14.4864],[100.2841,14.3956],[100.2536,14.2189],[100.221,14.1773],[100.2847,14.1636],[100.2796,14.1265],[100.3039,14.1403],[100.3446,14.1166],[100.4894,14.1094],[100.5249,14.1251],[100.5535,14.1112],[100.8231,14.2456],[100.8208,14.315],[100.7778,14.3242],[100.7917,14.3844],[100.7617,14.4103],[100.7678,14.4869],[100.7486,14.5136],[100.7689,14.5258],[100.7686,14.5653],[100.6044,14.5503],[100.5711,14.5953],[100.5939,14.6558]]]},"properties":{"iso3":"THA","shapeId":"36821470B14521381139968","regionId":null,"name":"Phra Nakhon Si Ayutthaya Province"}},{"type":"Feature","geometry":{"type":"Polygon","coordinates":[[[100.755,15.9306],[100.7669,15.9908],[100.7069,16.03],[100.6272,16.0508],[100.6372,16.1581],[100.6994,16.2497],[100.6681,16.3471],[100.5842,16.4214],[100.5533,16.5311],[100.2492,16.5331],[100.2414,16.5956],[100.225,16.5987],[100.115,16.5131],[100.032,16.496],[99.9769,16.3619],[100.0219,16.3108],[100.0389,16.1839],[100.0944,16.1408],[100.0883,16.1181],[100.1678,15.9556],[100.2636,15.9089],[100.2919,15.9114],[100.3153,15.945],[100.4144,15.9231],[100.5061,15.9247],[100.6025,15.9525],[100.755,15.9306]]]},"properties":{"iso3":"THA","shapeId":"36821470B91401445526671","regionId":"THA.44_1","name":"Phichit"}},{"type":"Feature","geometry":{"type":"Polygon","coordinates":[[[100.1293,7.8015],[100.0508,7.8169],[100.0039,7.8839],[99.9519,7.9056],[99.8122,7.8867],[99.7911,7.8617],[99.7442,7.8507],[99.7961,7.6994],[99.8236,7.6675],[99.7969,7.6394],[99.7958,7.5953],[99.8853,7.4147],[99.8844,7.3814],[99.9441,7.2961],[99.9389,7.2475],[99.9666,7.1697],[100.0305,7.0916],[100.0664,7.1336],[100.1472,7.1781],[100.2833,7.205],[100.2989,7.2353],[100.3386,7.2444],[100.3767,7.3084],[100.4006,7.2625],[100.428,7.2839],[100.3914,7.5033],[100.3605,7.5331],[100.3009,7.489],[100.2601,7.4956],[100.2043,7.7711],[100.1293,7.8015]]]},"properties":{"iso3":"THA","shapeId":"36821470B28496430357074","regionId":"THA.40_1","name":"Phatthalung"}},{"type":"Feature","geometry":{"type":"MultiPolygon","coordinates":[[[[98.5792,8.0762],[98.5279,8.1167],[98.5543,8.0271],[98.5865,8.0113],[98.5649,7.9595],[98.5792,7.8956],[98.5894,7.915],[98.597,7.8876],[98.6107,8.0436],[98.5924,8.065],[98.6005,8.0824],[98.5792,8.0762]]],[[[97.6419,8.664],[97.64,8.664],[97.64,8.6615],[97.6374,8.66],[97.6398,8.6562],[97.6393,8.6511],[97.6451,8.6445],[97.6438,8.6359],[97.6476,8.6283],[97.6529,8.6286],[97.6534,8.6337],[97.6508,8.6358],[97.6496,8.6391],[97.6519,8.6437],[97.6487,8.6471],[97.6517,8.6616],[97.6509,8.6678],[97.6458,8.6684],[97.6482,8.6667],[97.6474,8.6642],[97.6419,8.664]]],[[[98.3115,8.9097],[98.3029,8.9405],[98.2868,8.8955],[98.3115,8.9097]]],[[[98.635,8.1579],[98.6342,8.1872],[98.5903,8.1194],[98.5632,8.1175],[98.6174,8.0804],[98.635,8.1579]]],[[[98.4894,8.3045],[98.4874,8.3012],[98.4869,8.2846],[98.4942,8.278],[98.4982,8.2775],[98.4977,8.2833],[98.5008,8.2849],[98.5009,8.2862],[98.4981,8.2935],[98.4991,8.296],[98.4917,8.3014],[98.4911,8.306],[98.4894,8.3045]]],[[[97.8628,9.4241],[97.8404,9.4136],[97.8826,9.3808],[97.8628,9.4241]]],[[[97.8681,9.4545],[97.8519,9.4308],[97.88,9.4143],[97.8787,9.4434],[97.9039,9.4254],[97.9029,9.4526],[97.8681,9.4545]]],[[[98.2708,8.8712],[98.2948,8.9672],[98.3058,8.9417],[98.3233,8.9877],[98.2653,9.0149],[98.2476,9.0096],[98.2629,8.9538],[98.2487,8.9127],[98.2708,8.8712]]],[[[98.5108,9.3063],[98.468,9.3161],[98.4372,9.3553],[98.3917,9.3459],[98.3607,9.2808],[98.3776,9.2666],[98.3682,9.276],[98.3442,9.2387],[98.3687,9.2283],[98.3829,9.249],[98.3659,9.2112],[98.3955,9.1799],[98.3445,9.2193],[98.338,9.1912],[98.3546,9.1779],[98.3376,9.1771],[98.3328,9.2179],[98.3211,9.2132],[98.352,9.0952],[98.3639,9.1068],[98.3819,9.1007],[98.369,9.0791],[98.3987,9.0857],[98.3783,9.0856],[98.3913,9.083],[98.3752,9.0717],[98.3852,9.0568],[98.3453,9.0684],[98.318,9.0329],[98.3454,9.003],[98.3802,9.0423],[98.41,9.0495],[98.3957,9.0307],[98.4158,9.0239],[98.381,9.0237],[98.4074,8.9908],[98.3814,9.0163],[98.36,8.9995],[98.3844,8.9938],[98.3877,8.9511],[98.3792,8.9883],[98.358,8.9871],[98.3909,8.9113],[98.3805,8.9411],[98.3858,8.9087],[98.3619,8.9016],[98.3796,8.9117],[98.3731,8.9431],[98.3521,8.9128],[98.3638,8.9562],[98.3594,8.9425],[98.3528,8.9626],[98.3492,8.9303],[98.35,8.9654],[98.3226,8.9713],[98.3046,8.9308],[98.3235,8.8921],[98.3009,8.9035],[98.2872,8.8681],[98.2631,8.8594],[98.2613,8.7618],[98.2217,8.7367],[98.2467,8.6392],[98.23,8.6212],[98.2393,8.5891],[98.2161,8.5873],[98.2052,8.5531],[98.2824,8.2044],[98.3358,8.1798],[98.3596,8.1925],[98.3867,8.1265],[98.4064,8.162],[98.4272,8.1355],[98.4434,8.151],[98.4438,8.1905],[98.4683,8.2199],[98.4549,8.2431],[98.4746,8.3444],[98.5157,8.3253],[98.5948,8.3625],[98.6058,8.3903],[98.6345,8.3747],[98.6573,8.3877],[98.6459,8.4166],[98.6712,8.4588],[98.6589,8.5503],[98.7122,8.5883],[98.7103,8.6311],[98.66,8.6475],[98.6147,8.62],[98.5472,8.6525],[98.6014,8.7078],[98.6075,8.7914],[98.5728,8.7972],[98.5047,8.8756],[98.4553,8.8864],[98.4569,8.9547],[98.5167,8.9858],[98.4811,9.0636],[98.498,9.0794],[98.5022,9.1847],[98.535,9.2478],[98.5308,9.2964],[98.5108,9.3063]]],[[[98.3504,8.9784],[98.3502,8.9767],[98.3612,8.9681],[98.369,8.9576],[98.3729,8.9547],[98.3691,8.9681],[98.3643,8.9745],[98.358,8.9774],[98.3504,8.9784]]],[[[97.8143,9.0616],[97.8178,9.0687],[97.8129,9.073],[97.8083,9.0833],[97.8081,9.0813],[97.8068,9.081],[97.8073,9.0785],[97.8094,9.0777],[97.8077,9.0742],[97.8103,9.0728],[97.8065,9.0699],[97.811,9.0623],[97.8126,9.061],[97.8143,9.0616]]],[[[98.3056,9.2623],[98.2638,9.2044],[98.2601,9.1682],[98.2946,9.196],[98.3171,9.252],[98.3056,9.2623]]],[[[98.3323,9.0844],[98.3124,9.1263],[98.3059,9.1088],[98.3047,9.142],[98.2793,9.088],[98.2988,9.1512],[98.2872,9.1583],[98.2802,9.1356],[98.2914,9.1654],[98.2619,9.1661],[98.2475,9.0323],[98.2874,9.0287],[98.2734,9.0495],[98.2858,9.0546],[98.3028,9.0378],[98.3017,9.0744],[98.3126,9.0498],[98.3323,9.0844]]]]},"properties":{"iso3":"THA","shapeId":"36821470B99917015254292","regionId":"THA.39_1","name":"Phangnga"}},{"type":"Feature","geometry":{"type":"Polygon","coordinates":[[[101.6016,6.5554],[101.6087,6.5835],[101.578,6.6067],[101.6331,6.6364],[101.68,6.5739],[101.7266,6.5751],[101.558,6.8456],[101.5268,6.864],[101.3541,6.9056],[101.2818,6.9521],[101.2341,6.9301],[101.2816,6.9472],[101.3239,6.9273],[101.346,6.8901],[101.3293,6.8727],[101.2458,6.905],[101.1898,6.8656],[101.0568,6.8568],[101.0361,6.7392],[101.0594,6.66],[101.1505,6.6],[101.2341,6.6022],[101.2922,6.68],[101.3303,6.5497],[101.4566,6.5669],[101.5114,6.5978],[101.5558,6.5431],[101.6016,6.5554]]]},"properties":{"iso3":"THA","shapeId":"36821470B57629606152034","regionId":"THA.38_1","name":"Pattani"}},{"type":"Feature","geometry":{"type":"Polygon","coordinates":[[[100.9142,13.9612],[100.914,14.2215],[100.9467,14.2371],[100.9517,14.2719],[100.8916,14.2436],[100.8916,14.276],[100.5535,14.1112],[100.5249,14.1251],[100.4894,14.1094],[100.3446,14.1166],[100.3323,14.0669],[100.3611,13.9945],[100.4579,13.9777],[100.5019,13.9361],[100.5394,13.9557],[100.6128,13.9552],[100.6409,13.9314],[100.6898,13.931],[100.6868,13.9163],[100.7527,13.9185],[100.9141,13.9462],[100.9142,13.9612]]]},"properties":{"iso3":"THA","shapeId":"36821470B26201996409674","regionId":"THA.37_1","name":"Pathum Thani"}},{"type":"Feature","geometry":{"type":"Polygon","coordinates":[[[99.2658,8.3414],[99.3203,8.2834],[99.3178,8.201],[99.2919,8.1567],[99.3017,8.1189],[99.2841,8.1011],[99.3475,7.9933],[99.3219,7.9589],[99.3714,7.9369],[99.4069,7.8872],[99.5403,7.8778],[99.6058,7.9797],[99.7269,7.9933],[99.7505,7.9714],[99.7294,7.9025],[99.7442,7.8507],[99.7911,7.8617],[99.8122,7.8867],[99.9519,7.9056],[100.0039,7.8839],[100.0508,7.8169],[100.1293,7.8015],[100.1491,7.8714],[100.2897,7.93],[100.3361,7.9312],[100.2826,8.2296],[100.2153,8.4413],[100.1704,8.5015],[100.114,8.5198],[100.1639,8.4874],[100.1494,8.4286],[100.1726,8.3885],[100.0877,8.4142],[100.0096,8.5777],[99.9605,8.608],[99.9167,8.894],[99.929,9.0066],[99.9093,9.0993],[99.8757,9.1407],[99.8788,9.2188],[99.8318,9.308],[99.8088,9.2992],[99.8012,9.3193],[99.7806,9.3095],[99.7694,9.3231],[99.7508,9.2867],[99.7556,9.2186],[99.7289,9.1503],[99.7717,9.1108],[99.7869,9.0603],[99.7455,9.055],[99.7303,8.9739],[99.6889,8.9611],[99.6939,8.9297],[99.6239,8.9053],[99.5867,8.9153],[99.5553,8.8492],[99.5272,8.8461],[99.5205,8.7228],[99.4922,8.6967],[99.4897,8.6658],[99.4483,8.6394],[99.4494,8.5994],[99.3289,8.5194],[99.2805,8.5417],[99.2878,8.4722],[99.2397,8.39],[99.2658,8.3414]]]},"properties":{"iso3":"THA","shapeId":"36821470B62527593836558","regionId":"THA.31_1","name":"Nakhon Si Thammarat"}},{"type":"Feature","geometry":{"type":"Polygon","coordinates":[[[101.1402,13.9684],[101.1327,13.9955],[101.1966,14.0192],[101.213,14.0503],[101.3214,14.0586],[101.2969,14.1478],[101.3883,14.2186],[101.3961,14.2719],[101.4475,14.2558],[101.5011,14.2656],[101.5153,14.2889],[101.478,14.3692],[101.2775,14.5061],[101.2636,14.4728],[101.2294,14.4681],[101.2086,14.375],[101.1841,14.3533],[101.1608,14.3469],[101.0566,14.4108],[101.0414,14.3253],[100.9914,14.2864],[100.9483,14.2986],[100.9467,14.2371],[100.914,14.2215],[100.9142,13.9612],[101.1402,13.9684]]]},"properties":{"iso3":"THA","shapeId":"36821470B61535785460971","regionId":"THA.26_1","name":"Nakhon Nayok"}},{"type":"Feature","geometry":{"type":"Polygon","coordinates":[[[104.3559,16.3233],[104.3953,16.3447],[104.5019,16.3414],[104.5211,16.3136],[104.5591,16.31],[104.5869,16.2517],[104.6369,16.2114],[104.6825,16.2419],[104.7119,16.2108],[104.8219,16.1897],[104.8886,16.2111],[104.9777,16.2793],[104.8902,16.3482],[104.8437,16.4527],[104.7734,16.4952],[104.7367,16.5418],[104.764,16.7],[104.737,16.8054],[104.2464,16.8989],[104.2053,16.8828],[104.1336,16.8936],[104.1064,16.8367],[104.0725,16.8261],[104.1869,16.6689],[104.1861,16.6047],[104.2405,16.5214],[104.244,16.4329],[104.31,16.4694],[104.3278,16.3294],[104.3559,16.3233]]]},"properties":{"iso3":"THA","shapeId":"36821470B23119655123949","regionId":"THA.25_1","name":"Mukdahan"}},{"type":"Feature","geometry":{"type":"Polygon","coordinates":[[[100.4427,15.0603],[100.4608,14.9647],[100.4327,14.9186],[100.4825,14.8122],[100.4936,14.7494],[100.4769,14.7248],[100.5219,14.6775],[100.5939,14.6558],[100.6125,14.6986],[100.724,14.7582],[100.7468,14.8076],[100.8188,14.8052],[100.92,14.7442],[100.9508,14.7475],[100.9855,14.7831],[100.9839,14.8147],[101.0244,14.8392],[101.0925,14.8517],[101.4098,15.0],[101.3786,15.0639],[101.2747,15.0917],[101.2786,15.2444],[101.3028,15.29],[101.2555,15.3361],[101.25,15.3886],[101.1964,15.4056],[101.1322,15.3919],[100.9736,15.4831],[100.88,15.4653],[100.7394,15.4975],[100.7433,15.4347],[100.563,15.2706],[100.53,15.1967],[100.493,15.1733],[100.4808,15.1103],[100.4427,15.0603]]]},"properties":{"iso3":"THA","shapeId":"36821470B25269958791686","regionId":"THA.22_1","name":"Lop Buri"}},{"type":"Feature","geometry":{"type":"MultiPolygon","coordinates":[[[[99.2004,7.4341],[99.197,7.4004],[99.2166,7.401],[99.2004,7.4341]]],[[[99.0812,7.5484],[99.0802,7.5981],[99.0476,7.6441],[99.0201,7.6491],[99.0352,7.5642],[99.0985,7.4672],[99.11,7.4982],[99.0812,7.5484]]],[[[98.9575,8.0213],[98.9536,8.0498],[98.9234,8.0611],[98.9183,8.0358],[98.9522,8.0048],[98.9575,8.0213]]],[[[99.1097,7.7345],[99.1104,7.7256],[99.1126,7.7347],[99.1118,7.7392],[99.1159,7.7527],[99.1127,7.7558],[99.1076,7.757],[99.102,7.7526],[99.1034,7.7475],[99.1079,7.7418],[99.1097,7.7345]]],[[[98.7568,7.7345],[98.7692,7.7171],[98.7693,7.7385],[98.7927,7.7279],[98.7577,7.7861],[98.7741,7.7442],[98.7568,7.7345]]],[[[98.7684,7.6854],[98.7652,7.6989],[98.7654,7.671],[98.7684,7.6854]]],[[[99.0897,7.6801],[99.0408,7.6845],[99.0395,7.6533],[99.0567,7.635],[99.0719,7.6548],[99.0595,7.6212],[99.0775,7.6362],[99.1192,7.587],[99.1292,7.6541],[99.1098,7.686],[99.0897,7.6801]]],[[[98.7133,8.625],[98.7066,8.5758],[98.6589,8.5503],[98.6712,8.4588],[98.6459,8.4166],[98.6573,8.3877],[98.6345,8.3747],[98.6245,8.2982],[98.6479,8.2723],[98.7022,8.3119],[98.7197,8.2594],[98.7081,8.2235],[98.729,8.2476],[98.7503,8.2056],[98.7353,8.136],[98.7583,8.1297],[98.7396,8.0766],[98.7651,8.0235],[98.8015,8.0461],[98.8432,8.0017],[98.9226,8.0635],[98.955,8.0497],[98.959,8.0038],[98.9423,7.9878],[98.9726,7.9328],[99.0007,7.9409],[99.0272,7.8897],[99.0636,7.9033],[99.0659,7.8691],[99.0172,7.8219],[99.0405,7.703],[99.099,7.6928],[99.1008,7.7526],[99.1353,7.7716],[99.1768,7.7048],[99.204,7.6961],[99.1967,7.671],[99.2381,7.6797],[99.2598,7.6574],[99.343,7.7406],[99.2917,7.8467],[99.3461,7.9111],[99.3219,7.9589],[99.3475,7.9933],[99.2841,8.1011],[99.3178,8.201],[99.3161,8.2933],[99.2658,8.3414],[99.1825,8.3214],[99.075,8.3553],[99.0308,8.3219],[98.9139,8.31],[98.89,8.4131],[98.9083,8.4717],[98.8836,8.515],[98.9294,8.5608],[98.9178,8.585],[98.855,8.6408],[98.8,8.6439],[98.7703,8.6736],[98.7133,8.625]]]]},"properties":{"iso3":"THA","shapeId":"36821470B15753947122052","regionId":"THA.18_1","name":"Krabi"}},{"type":"Feature","geometry":{"type":"MultiPolygon","coordinates":[[[[100.9565,12.5091],[100.9584,12.509],[100.9578,12.5122],[100.9603,12.5155],[100.9565,12.53],[100.9529,12.5299],[100.9547,12.5234],[100.9524,12.5148],[100.9547,12.5137],[100.9565,12.5091]]],[[[100.9529,12.55],[100.9581,12.5568],[100.9619,12.558],[100.9631,12.5635],[100.9593,12.5644],[100.9583,12.5662],[100.9579,12.5714],[100.9543,12.5796],[100.9545,12.5868],[100.9502,12.5861],[100.9476,12.588],[100.9454,12.5821],[100.943,12.5816],[100.9428,12.5784],[100.948,12.5672],[100.9504,12.5659],[100.9495,12.5625],[100.9523,12.5557],[100.9511,12.5518],[100.9529,12.55]]],[[[100.6714,12.9473],[100.663,12.9457],[100.6636,12.9426],[100.6652,12.9399],[100.6671,12.9396],[100.6681,12.9312],[100.6716,12.9233],[100.6729,12.9241],[100.6751,12.9198],[100.6767,12.9217],[100.6804,12.9202],[100.6851,12.9278],[100.6823,12.9305],[100.68,12.9383],[100.6786,12.937],[100.6762,12.9391],[100.6767,12.9438],[100.6792,12.9445],[100.6783,12.9515],[100.6714,12.9473]]],[[[100.81,13.1254],[100.8225,13.1412],[100.8072,13.1801],[100.81,13.1254]]],[[[100.7761,12.6738],[100.8054,12.6949],[100.8031,12.7178],[100.7654,12.7147],[100.7761,12.6738]]],[[[100.7678,12.9134],[100.7802,12.9006],[100.7902,12.9375],[100.7678,12.9134]]],[[[100.9735,13.4643],[100.9865,13.3818],[100.9701,13.3523],[100.9022,13.3168],[100.9364,13.2031],[100.8718,13.0835],[100.8825,13.0635],[100.8975,13.0719],[100.893,13.0389],[100.9146,13.045],[100.9278,13.0079],[100.8559,12.9184],[100.9133,12.8066],[100.8932,12.7659],[100.8564,12.7641],[100.8341,12.7333],[100.8379,12.6975],[100.8552,12.694],[100.8407,12.6757],[100.8622,12.6671],[100.851,12.6495],[100.9178,12.6583],[100.9245,12.6073],[100.9633,12.5949],[100.9683,12.6444],[100.9914,12.6558],[101.0017,12.7942],[101.0405,12.8197],[101.0947,12.9072],[101.0903,12.9769],[101.0667,13.0036],[101.093,13.0289],[101.175,13.0206],[101.1608,13.0608],[101.1927,13.0789],[101.2761,13.0456],[101.323,13.0717],[101.3897,13.0175],[101.4367,13.0422],[101.4664,13.0306],[101.5039,13.0719],[101.5672,13.0792],[101.5825,13.1292],[101.6417,13.1542],[101.6925,13.1339],[101.7178,13.1825],[101.6827,13.2481],[101.5619,13.3322],[101.5264,13.3975],[101.4894,13.4172],[101.4464,13.4094],[101.4039,13.4589],[101.3661,13.4553],[101.2839,13.5489],[101.1405,13.5903],[101.1205,13.5639],[101.0508,13.545],[101.0535,13.509],[101.0181,13.4742],[100.9735,13.4643]]]]},"properties":{"iso3":"THA","shapeId":"36821470B74825096412992","regionId":"THA.12_1","name":"Chon Buri"}},{"type":"Feature","geometry":{"type":"Polygon","coordinates":[[[99.5133,20.1475],[99.4982,20.1162],[99.4006,20.086],[99.2104,20.1309],[99.1592,20.1328],[99.1259,20.1173],[99.1304,20.104],[99.077,20.1011],[99.0444,20.0383],[99.0426,19.9313],[99.0218,19.9272],[99.0307,19.8344],[98.9916,19.7829],[98.9869,19.7395],[98.9516,19.7688],[98.8984,19.7658],[98.8396,19.8136],[98.7789,19.7528],[98.7114,19.7688],[98.6262,19.715],[98.59,19.7158],[98.566,19.6721],[98.5097,19.7176],[98.4677,19.6949],[98.4905,19.6528],[98.5505,19.6089],[98.5764,19.5139],[98.6094,19.4753],[98.5905,19.3875],[98.6122,19.2775],[98.5867,19.2053],[98.6497,19.1275],[98.6397,19.0567],[98.5455,19.0239],[98.4797,19.0361],[98.4642,19.0042],[98.4161,19.0278],[98.3466,19.0303],[98.208,19.1644],[98.1575,19.1506],[98.1483,19.1092],[98.1158,19.0808],[98.1336,19.0428],[98.1066,18.99],[98.1244,18.93],[98.0808,18.8236],[98.0983,18.7767],[98.1225,18.7636],[98.0986,18.6381],[98.1194,18.5986],[98.1125,18.5419],[98.2125,18.4494],[98.1714,18.4408],[98.0994,18.3486],[98.1211,18.3106],[98.0908,18.2286],[98.1297,18.1],[98.0939,18.0606],[98.0861,17.9967],[98.2441,17.8361],[98.2108,17.7708],[98.2347,17.7211],[98.3025,17.6958],[98.2619,17.6567],[98.2578,17.5858],[98.3042,17.5708],[98.3242,17.5261],[98.3116,17.445],[98.3367,17.4275],[98.3105,17.4019],[98.3394,17.3475],[98.3339,17.3069],[98.4172,17.2483],[98.5678,17.2922],[98.5708,17.3481],[98.5489,17.3633],[98.5664,17.423],[98.5344,17.4611],[98.5353,17.5147],[98.5553,17.5556],[98.6069,17.5692],[98.6247,17.5942],[98.6086,17.6547],[98.6478,17.6953],[98.655,17.7314],[98.7056,17.7576],[98.7583,17.7575],[98.8392,17.7147],[98.8983,17.7453],[98.91,17.8267],[98.8575,17.9619],[98.8128,17.9706],[98.8003,18.0089],[98.8217,18.0825],[98.7936,18.2375],[98.6676,18.3061],[98.6722,18.3267],[98.7041,18.3338],[98.6813,18.3686],[98.7049,18.4368],[98.7648,18.4347],[98.8669,18.5148],[98.9339,18.5418],[99.0133,18.67],[99.0511,18.6536],[99.1428,18.7042],[99.1833,18.7039],[99.2278,18.6358],[99.2147,18.5961],[99.2922,18.5408],[99.3147,18.5297],[99.3486,18.5825],[99.3564,18.6108],[99.3211,18.6317],[99.3667,18.7619],[99.3516,18.8458],[99.3906,18.883],[99.3721,18.9812],[99.4013,19.0],[99.3844,19.0631],[99.3456,19.0854],[99.3051,19.1763],[99.3097,19.2247],[99.3439,19.2642],[99.3171,19.3517],[99.3342,19.3664],[99.3181,19.4529],[99.2933,19.4983],[99.3253,19.5406],[99.26,19.6333],[99.2703,19.6606],[99.3633,19.7258],[99.3844,19.8011],[99.4191,19.8133],[99.3833,19.8842],[99.4197,19.9186],[99.4191,19.958],[99.5033,19.9728],[99.5667,19.9175],[99.5908,20.0117],[99.5,20.0711],[99.5667,20.1217],[99.5133,20.1475]]]},"properties":{"iso3":"THA","shapeId":"36821470B31171150995182","regionId":"THA.10_1","name":"Chiang Mai"}},{"type":"Feature","geometry":{"type":"Polygon","coordinates":[[[100.0579,15.4196],[100.0569,15.3978],[100.0272,15.3908],[100.0703,15.3433],[100.065,15.2639],[100.0,15.2936],[99.8878,15.2842],[99.76,15.3181],[99.7222,15.2914],[99.7347,15.2033],[99.8122,15.0817],[99.7914,15.045],[99.7308,15.0081],[99.7258,14.9611],[99.978,14.9072],[100.0375,14.9178],[100.048,14.965],[100.1083,14.9519],[100.1464,14.9206],[100.2855,14.9681],[100.3064,15.0033],[100.2639,15.0267],[100.2719,15.0514],[100.3004,15.0597],[100.2729,15.1111],[100.3091,15.1675],[100.2685,15.2546],[100.2695,15.2973],[100.1244,15.4183],[100.0579,15.4196]]]},"properties":{"iso3":"THA","shapeId":"36821470B25586803673597","regionId":"THA.7_1","name":"Chai Nat"}},{"type":"Feature","geometry":{"type":"Polygon","coordinates":[[[104.52,15.5589],[104.5471,15.5502],[104.5855,15.5674],[104.5825,15.6043],[104.6277,15.6558],[104.6046,15.6721],[104.6356,15.6876],[104.7401,15.6562],[104.8761,15.5559],[104.9276,15.6074],[104.9298,15.6409],[104.8925,15.653],[104.9026,15.7577],[104.9578,15.7911],[104.9649,15.8579],[105.023,15.977],[105.0047,16.0198],[105.06,16.0979],[105.0126,16.1895],[105.0149,16.2438],[104.9777,16.2793],[104.8886,16.2111],[104.8128,16.1905],[104.8055,16.1561],[104.6158,16.1208],[104.5633,16.0794],[104.4603,15.9019],[104.4608,15.8489],[104.4272,15.7569],[104.443,15.6308],[104.4614,15.6328],[104.463,15.6008],[104.5086,15.5881],[104.52,15.5589]]]},"properties":{"iso3":"THA","shapeId":"36821470B2573550131326","regionId":null,"name":"Amnat Charoen Province"}},{"type":"Feature","geometry":{"type":"Polygon","coordinates":[[[100.333,13.7211],[100.289,13.7129],[100.2442,13.6745],[100.1816,13.689],[100.1135,13.679],[100.1224,13.6537],[100.1069,13.6491],[100.0705,13.6566],[100.0783,13.6311],[100.0478,13.5961],[100.0347,13.5136],[100.0881,13.4282],[100.2511,13.4755],[100.2754,13.5065],[100.3302,13.4863],[100.409,13.4934],[100.4203,13.5454],[100.3947,13.5572],[100.3755,13.6188],[100.3394,13.655],[100.333,13.7211]]]},"properties":{"iso3":"THA","shapeId":"36821470B38183153164097","regionId":"THA.58_1","name":"Samut Sakhon"}},{"type":"Feature","geometry":{"type":"Polygon","coordinates":[[[100.8608,13.697],[100.7163,13.7184],[100.6982,13.6559],[100.6554,13.6723],[100.6358,13.6487],[100.5795,13.6693],[100.5861,13.6942],[100.5561,13.7061],[100.548,13.6728],[100.5204,13.6756],[100.521,13.6051],[100.4946,13.5876],[100.4539,13.606],[100.4534,13.5041],[100.6324,13.5205],[100.8677,13.4817],[100.8794,13.5481],[100.89,13.5646],[100.9041,13.5541],[100.9072,13.5921],[100.9639,13.6446],[100.9558,13.6624],[100.8608,13.697]]]},"properties":{"iso3":"THA","shapeId":"36821470B35369831436030","regionId":"THA.57_1","name":"Samut Prakan"}},{"type":"Feature","geometry":{"type":"Polygon","coordinates":[[[100.3402,18.8066],[100.3624,18.7489],[100.3933,18.7405],[100.3535,18.683],[100.4075,18.63],[100.3853,18.5678],[100.4094,18.4936],[100.4894,18.4933],[100.5419,18.4547],[100.5217,18.3664],[100.495,18.3414],[100.5061,18.2786],[100.46,18.1611],[100.398,18.1349],[100.3922,18.1165],[100.4125,18.0194],[100.5442,18.0155],[100.55,18.0333],[100.6101,18.0496],[100.6704,18.0447],[100.6928,18.0242],[100.7727,18.0268],[100.8125,18.08],[100.8498,18.0837],[100.8848,18.1506],[100.9129,18.157],[100.9192,18.2421],[100.9836,18.3088],[101.0731,18.3567],[101.0837,18.3963],[101.0541,18.4421],[101.0933,18.4791],[101.1036,18.5215],[101.1833,18.5605],[101.1819,18.6122],[101.2261,18.6243],[101.2727,18.6886],[101.2238,18.7319],[101.2585,18.8087],[101.2458,18.8886],[101.2953,18.9395],[101.2926,18.9809],[101.3355,19.004],[101.3572,19.0499],[101.2567,19.1245],[101.245,19.1812],[101.2595,19.2308],[101.2273,19.3047],[101.2419,19.3246],[101.2051,19.3502],[101.187,19.3979],[101.2152,19.4314],[101.2105,19.4733],[101.2664,19.4704],[101.2811,19.5819],[101.2075,19.6054],[101.1982,19.577],[101.1228,19.5721],[101.0353,19.6285],[100.8928,19.6341],[100.8599,19.5733],[100.7701,19.4873],[100.7576,19.5116],[100.6518,19.5563],[100.6093,19.5483],[100.5805,19.4989],[100.4829,19.5476],[100.4842,19.4884],[100.5719,19.4678],[100.5114,19.3797],[100.5355,19.3431],[100.5744,19.3486],[100.608,19.3239],[100.5953,19.2497],[100.6336,19.1281],[100.563,19.0956],[100.5508,19.0647],[100.5711,19.0258],[100.5083,19.0517],[100.4725,19.0469],[100.4486,19.0006],[100.5019,18.9783],[100.4545,18.9343],[100.4046,18.9451],[100.3402,18.8066]]]},"properties":{"iso3":"THA","shapeId":"36821470B5914712447243","regionId":"THA.32_1","name":"Nan"}},{"type":"Feature","geometry":{"type":"Polygon","coordinates":[[[101.7175,13.1716],[101.6853,13.1117],[101.7122,13.0344],[101.7528,13.0094],[101.7386,12.9647],[101.7531,12.9467],[101.7861,12.9508],[101.8044,12.8961],[101.8267,12.8942],[101.82,12.7622],[101.7845,12.6927],[101.8629,12.6418],[101.8841,12.5876],[101.8829,12.602],[101.902,12.6007],[101.9092,12.577],[101.8859,12.5754],[101.9488,12.5163],[101.9621,12.5427],[102.0167,12.5249],[102.0428,12.473],[102.0931,12.4621],[102.1198,12.4075],[102.164,12.3963],[102.2576,12.297],[102.3049,12.3008],[102.3723,12.3903],[102.3255,12.4276],[102.35,12.4764],[102.3275,12.5544],[102.3633,12.5933],[102.4147,12.5644],[102.3907,12.5999],[102.4033,12.6117],[102.3928,12.6706],[102.4444,12.7303],[102.5175,12.7519],[102.5356,12.7784],[102.4979,12.8588],[102.5091,12.8951],[102.4855,12.948],[102.5007,12.9614],[102.4873,12.9832],[102.5301,13.0025],[102.4944,13.0134],[102.4595,13.0822],[102.4338,13.0909],[102.3528,13.2973],[102.3403,13.3042],[102.2655,13.1981],[102.2222,13.1994],[102.1764,13.2461],[102.1328,13.1922],[102.0436,13.1578],[102.0347,13.2661],[101.9952,13.3362],[101.9111,13.2783],[101.8889,13.22],[101.8553,13.2383],[101.7703,13.1808],[101.7175,13.1716]]]},"properties":{"iso3":"THA","shapeId":"36821470B14101604973013","regionId":"THA.9_1","name":"Chanthaburi"}},{"type":"Feature","geometry":{"type":"Polygon","coordinates":[[[104.2464,16.8989],[104.737,16.8054],[104.7594,16.8445],[104.7295,17.0083],[104.8015,17.1647],[104.8039,17.3715],[104.7078,17.5208],[104.4618,17.6611],[104.3551,17.8226],[104.2734,17.8659],[104.1879,18.0248],[104.1683,17.9981],[104.1194,17.9955],[104.1347,17.9094],[104.11,17.8622],[104.0694,17.88],[104.0441,17.9347],[103.9978,17.9128],[103.9864,17.8647],[104.0142,17.8278],[104.0119,17.7697],[104.0636,17.7355],[104.0644,17.6867],[104.08,17.6781],[104.0292,17.6322],[104.0494,17.5792],[104.0086,17.4719],[104.0511,17.3864],[104.08,17.3778],[104.098,17.3817],[104.0964,17.4008],[104.1344,17.3814],[104.1575,17.4111],[104.4155,17.4208],[104.4111,17.3669],[104.4444,17.2486],[104.4014,17.1744],[104.4,17.1222],[104.3547,17.0664],[104.3955,17.0382],[104.3919,17.0142],[104.3247,16.9794],[104.3105,16.9411],[104.2464,16.8989]]]},"properties":{"iso3":"THA","shapeId":"36821470B33387239802611","regionId":"THA.28_1","name":"Nakhon Phanom"}},{"type":"Feature","geometry":{"type":"Polygon","coordinates":[[[98.9853,15.1808],[98.9566,15.2344],[98.8919,15.2725],[98.7672,15.4664],[98.7197,15.4942],[98.7341,15.5119],[98.6636,15.6211],[98.6446,15.6375],[98.6262,15.6269],[98.5837,15.663],[98.5581,15.655],[98.5529,15.6017],[98.5854,15.4712],[98.5803,15.3756],[98.5596,15.336],[98.5,15.3893],[98.47,15.3711],[98.457,15.3853],[98.455,15.3681],[98.4171,15.3654],[98.3896,15.3346],[98.4017,15.3082],[98.3866,15.2999],[98.4073,15.302],[98.4175,15.272],[98.4039,15.2551],[98.2977,15.3135],[98.3038,15.2809],[98.2586,15.2237],[98.1977,15.2335],[98.2134,15.182],[98.1817,15.1084],[98.2314,15.0444],[98.2083,14.9846],[98.251,14.916],[98.2298,14.8903],[98.2593,14.8585],[98.2539,14.8138],[98.3236,14.7098],[98.4372,14.6131],[98.4616,14.5309],[98.4919,14.5406],[98.565,14.3849],[98.5769,14.3684],[98.5939,14.3762],[98.6016,14.3217],[98.6998,14.2738],[98.7053,14.253],[98.8348,14.172],[98.8992,14.1091],[98.959,14.097],[98.9713,14.034],[98.9988,14.0192],[99.0208,13.9456],[99.0593,13.9293],[99.0773,13.894],[99.1077,13.8932],[99.0994,13.8381],[99.1214,13.8136],[99.1214,13.773],[99.1537,13.7555],[99.1608,13.7264],[99.2011,13.7278],[99.2539,13.7686],[99.3505,13.75],[99.4711,13.8006],[99.5403,13.7544],[99.5817,13.7925],[99.6494,13.8161],[99.8097,13.8167],[99.8808,13.9519],[99.8589,13.9614],[99.8522,13.9942],[99.823,14.0011],[99.8122,14.0747],[99.7744,14.0956],[99.7628,14.1653],[99.8194,14.22],[99.8222,14.5117],[99.8922,14.5583],[99.8447,14.6033],[99.8708,14.6333],[99.7844,14.6772],[99.6625,14.8022],[99.6,14.7844],[99.5436,14.7969],[99.5272,14.725],[99.4611,14.6883],[99.4333,14.7211],[99.4497,14.7453],[99.4378,14.7658],[99.3705,14.7658],[99.328,14.8294],[99.2788,14.8568],[99.2752,14.8758],[99.3142,14.8843],[99.3125,14.9673],[99.2865,14.9924],[99.2575,14.9839],[99.1934,15.0213],[99.1578,15.0135],[99.1414,15.0478],[99.0758,15.0352],[99.0279,15.0495],[99.002,15.0709],[99.0047,15.1414],[98.9853,15.1808]]]},"properties":{"iso3":"THA","shapeId":"36821470B15979952926255","regionId":null,"name":"Kanchanaburi Province"}},{"type":"Feature","geometry":{"type":"Polygon","coordinates":[[[98.3025,17.6958],[98.2347,17.7211],[98.2105,17.775],[98.2441,17.8361],[98.0861,17.9967],[98.0939,18.0606],[98.1297,18.1],[98.0908,18.2286],[98.1211,18.3106],[98.0994,18.3486],[98.1714,18.4408],[98.2125,18.4494],[98.1125,18.5419],[98.1194,18.5986],[98.0986,18.6381],[98.1225,18.7636],[98.0983,18.7767],[98.0808,18.8236],[98.1244,18.93],[98.1066,18.99],[98.1336,19.0428],[98.1158,19.0808],[98.1483,19.1092],[98.1575,19.1506],[98.208,19.1644],[98.2475,19.1419],[98.3361,19.0347],[98.4642,19.0042],[98.4797,19.0361],[98.5455,19.0239],[98.6161,19.0425],[98.6489,19.0667],[98.6553,19.1014],[98.5867,19.2053],[98.6122,19.2775],[98.5905,19.3875],[98.6094,19.4753],[98.5764,19.5139],[98.5505,19.6089],[98.4604,19.6978],[98.3232,19.6988],[98.2485,19.6764],[98.2288,19.7277],[98.193,19.7379],[98.1683,19.7708],[98.1354,19.7882],[98.1006,19.7721],[98.0834,19.8103],[98.048,19.8142],[98.0247,19.7221],[98.0443,19.6535],[97.9726,19.6344],[97.9607,19.5927],[97.8617,19.5758],[97.8552,19.5314],[97.8882,19.5006],[97.7854,19.3984],[97.8429,19.2929],[97.8016,19.2891],[97.7827,19.2675],[97.8452,19.2159],[97.837,19.095],[97.769,19.0732],[97.769,19.045],[97.7356,19.0405],[97.7383,18.9787],[97.6655,18.9379],[97.7413,18.8816],[97.7635,18.7589],[97.7516,18.7371],[97.774,18.6892],[97.7692,18.5788],[97.6511,18.5772],[97.6141,18.5612],[97.6199,18.5393],[97.546,18.5295],[97.5344,18.4911],[97.4818,18.5111],[97.444,18.495],[97.4032,18.5667],[97.3631,18.5599],[97.3619,18.5995],[97.3462,18.5461],[97.4521,18.3898],[97.4476,18.3303],[97.5018,18.2674],[97.5366,18.2862],[97.5594,18.3394],[97.6202,18.3179],[97.6395,18.2877],[97.6093,18.2379],[97.6759,18.1617],[97.6818,18.0641],[97.7079,18.0566],[97.7365,17.9866],[97.7352,17.957],[97.6874,17.925],[97.6758,17.8678],[97.6994,17.8192],[97.7181,17.8194],[97.7742,17.753],[97.7627,17.7255],[97.7938,17.6794],[97.9116,17.5668],[97.9744,17.57],[98.1158,17.645],[98.1964,17.6428],[98.2378,17.6819],[98.3025,17.6958]]]},"properties":{"iso3":"THA","shapeId":"36821470B62325531860543","regionId":"THA.23_1","name":"Mae Hong Son"}},{"type":"Feature","geometry":{"type":"Polygon","coordinates":[[[101.9952,13.3362],[102.0347,13.2661],[102.0436,13.1578],[102.1328,13.1922],[102.1764,13.2461],[102.2222,13.1994],[102.2703,13.2019],[102.3596,13.3137],[102.3451,13.3469],[102.3635,13.505],[102.3338,13.5375],[102.3401,13.5597],[102.3666,13.5779],[102.4388,13.5598],[102.5268,13.5645],[102.5799,13.6061],[102.6242,13.6087],[102.5754,13.6297],[102.5506,13.6651],[102.591,13.7068],[102.732,13.7709],[102.7232,13.7933],[102.7663,13.8564],[102.7829,13.9328],[102.8666,14.0043],[102.9113,14.0173],[102.9007,14.0834],[102.9232,14.106],[102.9358,14.1681],[102.8778,14.1525],[102.8244,14.1675],[102.7225,14.1317],[102.6555,14.1342],[102.6286,14.1544],[102.6116,14.1339],[102.5941,14.1486],[102.5389,14.1208],[102.5542,14.0964],[102.5225,14.0867],[102.5044,14.0922],[102.4928,14.1439],[102.4275,14.1572],[102.3939,14.145],[102.3642,14.1581],[102.2819,14.1275],[102.2244,14.1422],[102.1955,14.1881],[102.1711,14.1714],[102.1658,14.1372],[102.1197,14.1439],[101.9878,13.5872],[101.9983,13.5],[101.9439,13.4744],[101.9952,13.3362]]]},"properties":{"iso3":"THA","shapeId":"36821470B21581797364135","regionId":null,"name":"Sa Kaeo Province"}},{"type":"Feature","geometry":{"type":"MultiPolygon","coordinates":[[[[99.2878,6.4866],[99.3111,6.4825],[99.3067,6.4958],[99.2878,6.4866]]],[[[99.1753,6.5164],[99.1802,6.5179],[99.1853,6.5225],[99.1809,6.5248],[99.1778,6.5236],[99.1777,6.5251],[99.1745,6.5268],[99.1737,6.5305],[99.1672,6.5325],[99.1645,6.5378],[99.1625,6.5373],[99.1583,6.5418],[99.1572,6.5411],[99.1571,6.5384],[99.1538,6.5331],[99.1553,6.5258],[99.1591,6.5221],[99.1651,6.5244],[99.168,6.52],[99.1722,6.5193],[99.1753,6.5164]]],[[[99.2764,6.5773],[99.2843,6.5086],[99.3152,6.5093],[99.3255,6.5522],[99.2764,6.5773]]],[[[99.188,6.5602],[99.164,6.5476],[99.218,6.5379],[99.2591,6.5641],[99.2473,6.5829],[99.1931,6.5773],[99.188,6.5602]]],[[[99.5439,6.8313],[99.5405,6.8347],[99.5377,6.8324],[99.5356,6.8346],[99.5343,6.8342],[99.5344,6.8321],[99.5324,6.8308],[99.5281,6.8336],[99.5251,6.828],[99.5263,6.8262],[99.5316,6.8246],[99.5321,6.8226],[99.5341,6.8228],[99.5342,6.8258],[99.5368,6.826],[99.5377,6.8241],[99.5439,6.8313]]],[[[99.6942,6.532],[99.6848,6.6838],[99.6466,6.7395],[99.6414,6.7051],[99.6565,6.7036],[99.6148,6.6599],[99.5966,6.5967],[99.6533,6.5033],[99.6771,6.5395],[99.6942,6.532]]],[[[100.0464,7.0633],[99.9989,7.0597],[99.9261,7.1406],[99.8775,7.0656],[99.8314,7.1011],[99.8197,7.1461],[99.7341,7.1292],[99.6696,7.0412],[99.6887,6.952],[99.6779,6.9001],[99.6975,6.8557],[99.7766,6.8404],[99.8073,6.7734],[99.8427,6.7768],[99.877,6.7209],[99.9147,6.7144],[99.926,6.6674],[99.9747,6.6288],[99.9499,6.6166],[99.951,6.5832],[99.9851,6.6068],[100.0586,6.517],[100.0887,6.5506],[100.0991,6.5184],[100.0842,6.4965],[100.1021,6.4971],[100.1238,6.4229],[100.1591,6.4807],[100.1568,6.5793],[100.1836,6.5728],[100.1715,6.6934],[100.2051,6.7261],[100.1916,6.7978],[100.2203,6.8692],[100.1961,6.9039],[100.1219,6.9294],[100.0811,6.9747],[100.0464,7.0633]]]]},"properties":{"iso3":"THA","shapeId":"36821470B18098062997541","regionId":"THA.61_1","name":"Satun"}}]}