{"type":"FeatureCollection","features":[{"type":"Feature","geometry":{"type":"Polygon","coordinates":[[[34.9115,36.7287],[35.019,36.7035],[35.3392,36.5388],[35.4217,36.5907],[35.5673,36.5654],[35.6293,36.6099],[35.6446,36.6683],[35.7245,36.7184],[35.6776,36.6938],[35.702,36.7093],[35.6302,36.6962],[35.6158,36.7156],[35.5972,36.7013],[35.6028,36.7277],[35.6667,36.7669],[35.7957,36.7663],[35.8861,36.8373],[35.9065,36.8342],[35.9143,36.8665],[35.9329,36.8514],[35.9179,36.8719],[35.9408,36.8823],[35.9474,36.9336],[36.0576,37.0082],[36.0571,37.0459],[36.0923,37.0581],[36.0992,37.0845],[36.078,37.1055],[36.0962,37.155],[36.0768,37.1655],[36.0737,37.1999],[35.9724,37.2201],[35.8813,37.1748],[35.917,37.2432],[35.9034,37.2846],[35.9203,37.3457],[35.9157,37.4664],[35.9472,37.4886],[35.9716,37.5663],[36.0694,37.6409],[36.1466,37.7327],[36.2673,37.7557],[36.2555,37.7898],[36.2923,37.9066],[36.2354,37.9466],[36.2013,37.943],[36.2654,38.0533],[36.3322,38.0676],[36.3493,38.0535],[36.3517,38.1484],[36.3941,38.2131],[36.3807,38.2108],[36.3788,38.2572],[36.3977,38.2431],[36.4096,38.2629],[36.4091,38.281],[36.3563,38.2999],[36.3878,38.3486],[36.3727,38.3796],[36.292,38.3841],[36.2808,38.4046],[36.1795,38.3837],[36.1846,38.349],[36.1495,38.3239],[36.1241,38.3407],[35.9904,38.2234],[36.0209,38.1897],[35.9635,38.1092],[35.8352,38.0761],[35.7897,38.0812],[35.8158,38.1085],[35.8006,38.1209],[35.7699,38.1024],[35.7767,38.0535],[35.7617,38.0708],[35.7639,38.0438],[35.7484,38.0407],[35.7225,38.0626],[35.69,37.9736],[35.6047,37.968],[35.5757,37.9414],[35.5973,37.8601],[35.6236,37.8408],[35.5788,37.7887],[35.5187,37.801],[35.5299,37.7761],[35.5128,37.7183],[35.4825,37.708],[35.4744,37.7242],[35.4051,37.6914],[35.3111,37.7176],[35.091,37.6496],[34.9365,37.6936],[34.8796,37.682],[34.8477,37.6087],[34.8695,37.5608],[34.8321,37.4823],[34.7697,37.414],[34.7875,37.3758],[34.7788,37.3309],[34.9746,37.2677],[34.9623,37.2189],[34.9309,37.2054],[34.9529,37.1471],[35.0119,37.0648],[35.0815,37.0646],[35.081,37.0508],[35.1225,37.0407],[35.1208,36.9848],[35.0882,36.967],[35.1308,36.9076],[35.1453,36.9102],[35.1371,36.8621],[35.1516,36.8579],[35.1244,36.8224],[35.1441,36.811],[35.1404,36.7908],[35.0956,36.7832],[35.0738,36.7986],[35.0422,36.7642],[35.0267,36.7784],[35.0284,36.758],[34.9712,36.7597],[34.9115,36.7287]]]},"properties":{"iso3":"TUR","shapeId":"25984515B95172477822815","regionId":"TUR.1_1","name":"Adana"}},{"type":"Feature","geometry":{"type":"Polygon","coordinates":[[[37.861,37.4667],[38.0417,37.4729],[38.1811,37.4102],[38.199,37.4511],[38.2474,37.4435],[38.2712,37.4757],[38.3055,37.4726],[38.3102,37.4875],[38.4994,37.4986],[38.6514,37.6242],[38.8569,37.651],[38.8169,37.6696],[38.8103,37.6936],[38.9126,37.7129],[38.9053,37.7412],[38.9586,37.753],[38.9508,37.805],[38.9016,37.7917],[38.8982,37.8046],[38.9208,37.8264],[38.9767,37.8239],[38.9924,37.8851],[38.9737,37.9001],[39.0393,37.9305],[39.0672,37.9922],[39.112,38.018],[39.1594,38.0181],[39.2223,38.0718],[39.2629,38.1461],[39.2568,38.1779],[39.2201,38.2078],[39.1267,38.1867],[39.0687,38.1426],[39.0237,38.0753],[38.9358,38.0589],[38.933,38.0883],[38.8631,38.076],[38.9008,38.0523],[38.7606,37.987],[38.7637,38.0192],[38.7318,38.0539],[38.6825,38.0509],[38.5668,38.1391],[38.4964,38.1582],[38.492,38.1903],[38.4417,38.1751],[38.4151,38.1026],[38.3781,38.1187],[38.3036,38.1051],[38.3243,38.1199],[38.3039,38.1317],[38.3213,38.1647],[38.2909,38.1601],[38.3114,38.1573],[38.3018,38.1326],[38.2755,38.1402],[38.2911,38.1495],[38.2556,38.184],[38.2632,38.2101],[38.1938,38.1408],[38.1876,38.1037],[38.1593,38.1193],[38.1318,38.1052],[38.1103,38.0476],[38.1477,37.9932],[38.0386,37.8991],[37.9755,37.8704],[37.7668,37.8876],[37.7563,37.9346],[37.6845,37.9108],[37.6913,37.9615],[37.6708,37.943],[37.6184,37.9493],[37.5829,37.9026],[37.5357,37.9196],[37.4876,37.8876],[37.5122,37.8648],[37.5209,37.7868],[37.4836,37.7499],[37.4533,37.7482],[37.4694,37.6822],[37.436,37.6409],[37.4507,37.574],[37.4957,37.5609],[37.5538,37.6104],[37.5863,37.5832],[37.5814,37.5211],[37.6038,37.4835],[37.6292,37.488],[37.6401,37.5166],[37.7315,37.5271],[37.861,37.4667]]]},"properties":{"iso3":"TUR","shapeId":"25984515B90872828599679","regionId":"TUR.2_1","name":"Adıyaman"}},{"type":"Feature","geometry":{"type":"Polygon","coordinates":[[[30.4806,38.199],[30.6437,38.2283],[30.7826,38.3013],[30.8112,38.3785],[30.9582,38.4273],[30.9994,38.506],[31.1324,38.5016],[31.1382,38.4619],[31.2021,38.4353],[31.1857,38.3858],[31.2672,38.3785],[31.2759,38.4282],[31.3019,38.4395],[31.3222,38.4877],[31.4809,38.5683],[31.5778,38.6422],[31.5408,38.6876],[31.5406,38.7211],[31.6169,38.8109],[31.6162,38.85],[31.5644,38.8587],[31.621,38.9202],[31.6077,38.9737],[31.6627,38.9696],[31.6738,38.9838],[31.706,38.9583],[31.7293,38.9713],[31.7278,38.9926],[31.6688,39.0214],[31.6067,39.0132],[31.5925,39.0433],[31.5446,39.0441],[31.5411,39.0764],[31.4475,39.1132],[31.4522,39.1654],[31.3363,39.193],[31.3176,39.2207],[31.322,39.267],[31.2585,39.2357],[31.1104,39.2599],[31.0708,39.2388],[31.1031,39.2044],[31.0249,39.1847],[30.9393,39.217],[30.8915,39.2134],[30.8779,39.1792],[30.9208,39.1387],[30.918,39.1203],[30.7971,39.1161],[30.7846,39.0714],[30.7348,39.0476],[30.6934,39.0554],[30.6688,39.0896],[30.5903,39.0926],[30.5481,39.1146],[30.4962,39.2276],[30.43,39.2124],[30.378,39.1535],[30.3081,39.1532],[30.2423,39.0594],[30.2607,38.9798],[30.2282,38.9704],[30.1035,38.8334],[30.007,38.806],[29.9967,38.736],[29.9039,38.7088],[29.8982,38.6606],[29.9277,38.6378],[29.8939,38.6282],[29.8118,38.4849],[29.8812,38.4595],[29.9321,38.4094],[29.9782,38.421],[30.0056,38.4041],[29.9697,38.3382],[30.0643,38.2792],[30.093,38.2359],[30.08,38.1978],[30.0581,38.1842],[30.02,38.195],[29.9989,38.1771],[29.9993,38.1415],[29.9686,38.1349],[29.9584,38.1637],[29.9294,38.1702],[29.885,38.1505],[29.8702,38.1156],[29.8938,38.0932],[29.812,38.0706],[29.8118,38.0507],[29.7786,38.036],[29.7456,37.9879],[29.707,37.9795],[29.6681,38.0154],[29.6668,37.9632],[29.7227,37.9433],[29.6694,37.8981],[29.7418,37.8582],[29.7474,37.8216],[29.7703,37.8126],[29.8869,37.8254],[29.8971,37.7775],[29.9939,37.8069],[30.0479,37.7905],[30.0926,37.7992],[30.1553,37.8596],[30.1566,37.9222],[30.1917,37.9793],[30.3826,38.0601],[30.417,38.1411],[30.4806,38.199]]]},"properties":{"iso3":"TUR","shapeId":"25984515B26209284550223","regionId":null,"name":"Afyonkarahisar"}},{"type":"Feature","geometry":{"type":"Polygon","coordinates":[[[43.7754,39.25],[43.9098,39.3492],[43.983,39.371],[44.0377,39.3613],[44.0704,39.4123],[44.1301,39.4054],[44.1301,39.3896],[44.2234,39.418],[44.2949,39.3765],[44.422,39.4116],[44.4329,39.4427],[44.4084,39.4711],[44.4404,39.5051],[44.4162,39.5564],[44.4801,39.6104],[44.4822,39.6707],[44.4672,39.6841],[44.4413,39.6625],[44.32,39.6672],[44.1346,39.7429],[43.9988,39.7278],[43.9764,39.7476],[43.8258,39.7803],[43.7455,39.7668],[43.6089,39.8008],[43.5492,39.8409],[43.5161,39.8349],[43.4925,39.7884],[43.4537,39.771],[43.4246,39.7872],[43.4047,39.871],[43.3663,39.925],[43.3785,39.9817],[43.2843,40.0023],[42.7929,39.9725],[42.5567,39.9346],[42.4947,39.904],[42.4357,39.9243],[42.4315,39.8983],[42.3566,39.8641],[42.3055,39.8754],[42.3164,39.8573],[42.2802,39.831],[42.3022,39.7713],[42.4588,39.7186],[42.5203,39.6359],[42.5005,39.6243],[42.505,39.5881],[42.4763,39.5748],[42.4834,39.5488],[42.4196,39.5347],[42.4661,39.4781],[42.5113,39.4859],[42.5006,39.4219],[42.5203,39.3662],[42.5813,39.3623],[42.5809,39.3368],[42.6249,39.3113],[42.6017,39.2766],[42.6526,39.2682],[42.6815,39.2306],[42.6782,39.1788],[42.694,39.1659],[42.6804,39.1541],[42.7126,39.1506],[42.693,39.125],[42.6907,39.084],[42.7099,39.0776],[42.6844,39.0115],[42.7102,38.9858],[42.6946,38.9576],[42.7147,38.9351],[42.9096,38.9308],[42.9552,39.0217],[43.0008,39.0188],[42.9876,39.0484],[43.0029,39.0825],[43.1482,39.1803],[43.2162,39.3312],[43.2686,39.3534],[43.3264,39.3666],[43.4335,39.3555],[43.5127,39.3199],[43.6441,39.2003],[43.7345,39.2005],[43.7754,39.25]]]},"properties":{"iso3":"TUR","shapeId":"25984515B39003465173278","regionId":"TUR.4_1","name":"Ağrı"}},{"type":"Feature","geometry":{"type":"Polygon","coordinates":[[[36.3878,40.6623],[36.397,40.7328],[36.5122,40.7705],[36.4154,40.8127],[36.427,40.8654],[36.3959,40.865],[36.4105,40.8928],[36.3965,40.92],[36.3508,40.9408],[36.3335,40.9794],[36.1998,40.9811],[36.1619,40.8908],[36.1,40.8922],[36.0828,40.8446],[36.0187,40.822],[35.7889,40.8863],[35.7666,40.8683],[35.7338,40.8798],[35.6946,40.8637],[35.6638,40.8966],[35.6345,40.8955],[35.6439,40.9149],[35.6267,40.9366],[35.5016,40.9596],[35.4462,41.0203],[35.3583,41.0053],[35.3396,41.0361],[35.2676,41.0332],[35.2106,41.0759],[35.0814,41.076],[35.1013,41.0621],[35.0879,41.0311],[35.014,40.9941],[35.0645,40.9463],[35.0654,40.9107],[35.0082,40.8639],[35.0075,40.8261],[34.9788,40.7921],[35.0428,40.718],[35.2937,40.6984],[35.3292,40.6839],[35.3237,40.6488],[35.4564,40.622],[35.4855,40.5971],[35.4869,40.5694],[35.5214,40.5655],[35.5305,40.5372],[35.4349,40.4877],[35.3958,40.4057],[35.3539,40.3857],[35.3799,40.332],[35.4104,40.3321],[35.3851,40.2862],[35.3373,40.2583],[35.3624,40.233],[35.4326,40.2427],[35.5217,40.3105],[35.7084,40.3642],[35.7388,40.4261],[35.8058,40.4245],[35.8328,40.4697],[35.8266,40.4973],[35.9777,40.5015],[36.0173,40.4845],[36.014,40.468],[36.1068,40.4414],[36.1381,40.4731],[36.2682,40.5239],[36.2977,40.5804],[36.3878,40.6623]]]},"properties":{"iso3":"TUR","shapeId":"25984515B32583172380009","regionId":"TUR.6_1","name":"Amasya"}},{"type":"Feature","geometry":{"type":"MultiPolygon","coordinates":[[[[30.4031,36.1836],[30.4059,36.1789],[30.4051,36.1773],[30.4078,36.1755],[30.4084,36.1798],[30.406,36.182],[30.4074,36.1821],[30.406,36.1831],[30.4069,36.1924],[30.4055,36.191],[30.4032,36.1923],[30.405,36.1905],[30.4057,36.1854],[30.4031,36.1836]]],[[[29.262,36.2932],[29.3533,36.2301],[29.3696,36.2632],[29.4141,36.2631],[29.4127,36.2244],[29.6315,36.2051],[29.5843,36.1863],[29.644,36.1975],[29.6512,36.1738],[29.6313,36.1693],[29.6552,36.1477],[29.6781,36.1536],[29.684,36.131],[29.7211,36.1634],[29.7876,36.1592],[29.7567,36.1423],[29.7931,36.1434],[29.8294,36.1678],[29.8008,36.1658],[29.85,36.1921],[29.8278,36.1886],[29.8869,36.1939],[29.9222,36.2341],[29.9837,36.2117],[30.0698,36.2602],[30.1144,36.2469],[30.1526,36.2746],[30.1496,36.3016],[30.1912,36.3147],[30.2742,36.3182],[30.3694,36.2693],[30.4087,36.2746],[30.4046,36.2097],[30.4875,36.2793],[30.4668,36.3141],[30.5291,36.3347],[30.4761,36.3975],[30.4917,36.4218],[30.481,36.4349],[30.5093,36.4402],[30.5065,36.4676],[30.5925,36.5919],[30.5606,36.6111],[30.5547,36.6465],[30.5751,36.6993],[30.5619,36.727],[30.5762,36.7984],[30.6339,36.8587],[30.7025,36.8851],[30.7579,36.8454],[31.0041,36.8576],[31.3406,36.8065],[31.3885,36.7786],[31.3862,36.7636],[31.5598,36.7113],[31.6722,36.6441],[31.7355,36.6417],[31.7774,36.6036],[31.9611,36.5587],[31.9857,36.5273],[32.0207,36.541],[32.1652,36.4177],[32.2138,36.3389],[32.2751,36.2888],[32.2953,36.2351],[32.3515,36.2084],[32.3896,36.1636],[32.5345,36.0935],[32.5624,36.1007],[32.5929,36.1456],[32.5375,36.2254],[32.6067,36.2505],[32.6215,36.2772],[32.5762,36.3563],[32.5237,36.3632],[32.5109,36.3983],[32.6236,36.471],[32.5854,36.5127],[32.5103,36.5381],[32.4982,36.5915],[32.5188,36.6271],[32.4843,36.6524],[32.4991,36.6596],[32.4698,36.7532],[32.3492,36.8155],[32.271,36.9163],[32.1814,36.9873],[32.0626,37.0416],[31.9652,37.1159],[31.9233,37.2018],[31.9386,37.2222],[31.7719,37.3368],[31.769,37.37],[31.7273,37.3726],[31.6794,37.3373],[31.6834,37.3186],[31.6474,37.306],[31.6498,37.2851],[31.5532,37.2793],[31.3736,37.368],[31.3155,37.4158],[31.2489,37.4261],[31.1786,37.3861],[30.9922,37.3425],[30.9138,37.3724],[30.8939,37.2986],[30.8459,37.2387],[30.7717,37.2309],[30.674,37.2511],[30.427,37.2359],[30.4144,37.2823],[30.3548,37.3059],[30.1722,37.3195],[30.1149,37.2999],[30.0673,37.2453],[29.8866,37.2084],[29.8489,37.186],[29.8118,37.1069],[29.881,37.039],[29.7308,36.9589],[29.7605,36.9393],[29.7671,36.8415],[29.7397,36.7426],[29.6953,36.7042],[29.6674,36.6192],[29.4893,36.4752],[29.4538,36.4616],[29.3933,36.4736],[29.3237,36.4391],[29.3355,36.3956],[29.3129,36.3879],[29.3149,36.3205],[29.262,36.2932]]],[[[30.4001,36.1973],[30.4036,36.1976],[30.4045,36.2024],[30.4034,36.2008],[30.4026,36.202],[30.4012,36.2011],[30.4001,36.1973]]]]},"properties":{"iso3":"TUR","shapeId":"25984515B97476213604692","regionId":"TUR.8_1","name":"Antalya"}},{"type":"Feature","geometry":{"type":"Polygon","coordinates":[[[41.8702,40.9035],[41.8986,40.9381],[41.9308,40.9339],[41.9651,40.9804],[42.0056,40.9908],[42.0214,40.9747],[42.0755,40.9875],[42.1211,40.9643],[42.1509,40.9795],[42.2185,40.973],[42.2303,40.945],[42.2772,40.9228],[42.3389,40.9321],[42.3763,40.995],[42.3579,41.0787],[42.5129,41.1826],[42.5702,41.2601],[42.5911,41.3492],[42.52,41.4075],[42.5202,41.4367],[42.4483,41.4384],[42.285,41.4928],[42.2054,41.4909],[42.1782,41.5146],[42.0407,41.4939],[41.9553,41.5233],[41.8236,41.4306],[41.7869,41.4612],[41.7078,41.4745],[41.7098,41.4962],[41.6354,41.4867],[41.5471,41.5207],[41.4125,41.3885],[41.2462,41.3235],[41.2872,41.2499],[41.3342,41.2157],[41.3758,41.1208],[41.3213,41.0158],[41.2452,40.9797],[41.216,40.9081],[41.1513,40.8665],[41.1293,40.8257],[41.1627,40.8093],[41.218,40.8384],[41.232,40.8272],[41.2019,40.8093],[41.2316,40.7694],[41.307,40.7602],[41.3782,40.7139],[41.291,40.6819],[41.3154,40.6359],[41.3172,40.5572],[41.4114,40.5694],[41.4752,40.6318],[41.5767,40.6904],[41.7976,40.6667],[41.8196,40.7563],[41.8304,40.7481],[41.8681,40.7878],[41.8692,40.8342],[41.8363,40.8595],[41.8702,40.9035]]]},"properties":{"iso3":"TUR","shapeId":"25984515B1602304411378","regionId":"TUR.10_1","name":"Artvin"}},{"type":"Feature","geometry":{"type":"MultiPolygon","coordinates":[[[[27.332,37.3231],[27.332,37.3279],[27.3339,37.3296],[27.3274,37.3307],[27.3262,37.3256],[27.3293,37.3229],[27.332,37.3231]]],[[[27.3924,37.3563],[27.4902,37.402],[27.4894,37.4269],[27.444,37.4703],[27.4626,37.5009],[27.4909,37.5037],[27.515,37.5413],[27.5816,37.5237],[27.6258,37.5567],[27.6292,37.5052],[27.6678,37.4906],[27.7273,37.5213],[27.7734,37.5106],[27.7655,37.4794],[27.8205,37.4467],[27.8419,37.476],[27.8888,37.4798],[27.9033,37.5011],[27.9388,37.4969],[27.9632,37.4593],[28.0405,37.4783],[28.102,37.4492],[28.1575,37.4687],[28.1553,37.4878],[28.1911,37.4664],[28.2311,37.4938],[28.223,37.53],[28.251,37.5365],[28.2573,37.6007],[28.2883,37.575],[28.2808,37.5121],[28.3462,37.5304],[28.467,37.5091],[28.5075,37.4688],[28.6078,37.4811],[28.5996,37.5137],[28.5707,37.5313],[28.6514,37.5426],[28.6961,37.5904],[28.7478,37.6089],[28.7903,37.6447],[28.8096,37.7074],[28.8551,37.7229],[28.9045,37.7136],[28.7444,37.8136],[28.7379,37.9491],[28.8198,37.93],[28.8414,37.9449],[28.8442,37.9767],[28.7702,37.9826],[28.7156,38.0594],[28.6596,38.0637],[28.6352,38.0919],[28.5965,38.0858],[28.4851,38.1226],[28.4363,38.0877],[28.3754,38.1078],[28.366,38.1293],[28.3317,38.1222],[28.3318,38.101],[28.3012,38.078],[28.3098,38.0548],[28.2793,38.0332],[28.1582,38.0493],[28.1414,38.0225],[28.0516,38.039],[28.0074,37.9658],[27.9659,37.9994],[27.9003,37.9933],[27.9062,38.0149],[27.8796,38.0123],[27.8561,37.9704],[27.7776,37.975],[27.7553,37.9492],[27.7332,37.9812],[27.653,37.9625],[27.6227,37.9723],[27.6223,38.0075],[27.524,38.0078],[27.4732,37.9665],[27.5021,37.9375],[27.456,37.9265],[27.4592,37.8963],[27.427,37.8786],[27.4406,37.8387],[27.3897,37.8152],[27.3787,37.8781],[27.3169,37.8722],[27.2661,37.9216],[27.2634,37.8666],[27.236,37.8399],[27.2678,37.8158],[27.2671,37.7909],[27.2368,37.7271],[27.1028,37.6812],[27.0307,37.6898],[27.003,37.6595],[27.2041,37.6102],[27.227,37.5824],[27.1715,37.5411],[27.2108,37.5328],[27.1957,37.5339],[27.2012,37.4953],[27.2276,37.4865],[27.2302,37.4056],[27.21,37.399],[27.1919,37.3538],[27.2608,37.3335],[27.2817,37.3563],[27.3302,37.3429],[27.3288,37.3779],[27.3597,37.3728],[27.3761,37.405],[27.4181,37.4153],[27.4325,37.3825],[27.3924,37.3563]]],[[[27.4103,37.409],[27.4116,37.4133],[27.4078,37.4104],[27.4103,37.409]]],[[[27.1872,37.4884],[27.1898,37.4912],[27.1904,37.4951],[27.1895,37.4936],[27.1891,37.4954],[27.1908,37.4966],[27.1895,37.4961],[27.1892,37.5025],[27.1872,37.4884]]],[[[27.1879,37.5095],[27.1889,37.5223],[27.1807,37.4782],[27.1879,37.5095]]],[[[27.1927,37.5092],[27.1943,37.51],[27.1921,37.511],[27.1927,37.5092]]],[[[27.1892,37.5234],[27.1868,37.5285],[27.1878,37.5313],[27.1857,37.5316],[27.1841,37.5352],[27.1874,37.5244],[27.1892,37.5234]]],[[[27.1867,37.5318],[27.1928,37.5375],[27.1951,37.5375],[27.1922,37.538],[27.1867,37.5318]]],[[[27.1841,37.5586],[27.1851,37.5591],[27.1829,37.5598],[27.1841,37.5586]]],[[[27.1379,37.6118],[27.1408,37.6051],[27.1558,37.5897],[27.1545,37.5938],[27.1526,37.5938],[27.1497,37.5989],[27.1471,37.5994],[27.1465,37.602],[27.1436,37.6031],[27.1391,37.6128],[27.1379,37.6118]]],[[[27.2004,37.6004],[27.201,37.6019],[27.1997,37.6014],[27.1988,37.6032],[27.1993,37.6014],[27.2004,37.6004]]],[[[27.1994,37.6037],[27.1991,37.605],[27.1981,37.6043],[27.1994,37.6037]]],[[[27.159,37.5863],[27.16,37.5871],[27.1584,37.5884],[27.159,37.5863]]],[[[27.1711,37.5614],[27.1603,37.5854],[27.1664,37.5439],[27.1711,37.5614]]],[[[27.0024,37.6489],[27.0058,37.6513],[27.0061,37.6533],[27.0013,37.652],[26.9999,37.6495],[27.0024,37.6489]]],[[[27.0115,37.6524],[27.0156,37.6545],[27.0139,37.6552],[27.009,37.653],[27.0115,37.6524]]],[[[27.0173,37.6909],[27.0169,37.6929],[27.0158,37.6916],[27.0173,37.6909]]]]},"properties":{"iso3":"TUR","shapeId":"25984515B63739470532168","regionId":"TUR.11_1","name":"Aydın"}},{"type":"Feature","geometry":{"type":"MultiPolygon","coordinates":[[[[26.7224,39.2232],[26.7281,39.2221],[26.7226,39.2233],[26.7207,39.2262],[26.7224,39.2232]]],[[[26.9056,39.2661],[26.9315,39.2916],[26.9988,39.2746],[27.0109,39.3086],[27.0665,39.3243],[27.0788,39.3508],[27.1747,39.3798],[27.2177,39.368],[27.2248,39.3399],[27.2937,39.3765],[27.3765,39.3855],[27.4,39.371],[27.4714,39.4071],[27.5656,39.3458],[27.649,39.329],[27.7473,39.3622],[27.7692,39.3209],[27.8022,39.3072],[27.909,39.3642],[27.9344,39.3366],[27.9438,39.2529],[28.0705,39.1976],[28.092,39.1271],[28.1434,39.1056],[28.1542,39.0824],[28.2667,39.0764],[28.3136,39.0855],[28.3621,39.1257],[28.5728,39.1344],[28.5922,39.1728],[28.6325,39.1682],[28.654,39.1944],[28.6186,39.2463],[28.6283,39.2791],[28.7586,39.2846],[28.8905,39.3688],[28.8918,39.4007],[28.9503,39.4076],[28.9263,39.5244],[28.9995,39.5871],[28.9948,39.6108],[28.9407,39.6231],[28.7963,39.6244],[28.7566,39.6559],[28.7793,39.6963],[28.7264,39.6908],[28.7321,39.7616],[28.7184,39.7502],[28.6694,39.7759],[28.5274,39.7539],[28.488,39.7775],[28.4835,39.8095],[28.4511,39.8133],[28.4357,39.8595],[28.3507,39.8627],[28.266,39.9289],[28.2528,39.9683],[28.2056,39.9936],[28.1919,40.0743],[28.1129,40.1473],[28.1314,40.1852],[28.1098,40.2632],[28.1754,40.2571],[28.1648,40.3129],[28.1832,40.3358],[28.179,40.3974],[27.9596,40.3519],[27.8968,40.3906],[28.006,40.4398],[28.0325,40.4808],[27.8706,40.5164],[27.7945,40.5198],[27.7834,40.5063],[27.7772,40.5261],[27.7367,40.5259],[27.684,40.5022],[27.6871,40.4726],[27.7505,40.4504],[27.7458,40.4304],[27.7956,40.3841],[27.821,40.4003],[27.8794,40.3729],[27.7618,40.3065],[27.6329,40.3268],[27.517,40.3037],[27.5073,40.2633],[27.4445,40.2213],[27.3794,40.1333],[27.5036,40.1262],[27.4792,40.0354],[27.4478,39.9912],[27.5168,39.9777],[27.5487,39.9259],[27.4895,39.8708],[27.4764,39.7846],[27.4536,39.7517],[27.3834,39.7455],[27.3725,39.7111],[27.3142,39.6782],[27.2024,39.6841],[27.1122,39.7471],[26.9484,39.7867],[26.783,39.7573],[26.6778,39.7039],[26.6529,39.6626],[26.656,39.5538],[26.7725,39.5714],[26.838,39.5576],[26.8799,39.5856],[26.9223,39.5836],[26.953,39.5503],[26.93,39.4847],[26.8581,39.4776],[26.8541,39.4393],[26.8009,39.4349],[26.8059,39.3915],[26.7,39.342],[26.6897,39.3135],[26.6621,39.3032],[26.6708,39.2789],[26.6305,39.297],[26.6566,39.3041],[26.6522,39.3233],[26.6085,39.2759],[26.7216,39.2569],[26.7404,39.2224],[26.729,39.2153],[26.7676,39.1661],[26.8307,39.234],[26.8786,39.2361],[26.9056,39.2661]]],[[[26.5908,39.2835],[26.6003,39.3033],[26.5768,39.278],[26.5908,39.2835]]],[[[26.5294,39.3209],[26.5297,39.322],[26.5253,39.3215],[26.5294,39.3209]]],[[[26.5372,39.3222],[26.543,39.3255],[26.5411,39.3295],[26.539,39.3316],[26.5368,39.3297],[26.5313,39.3313],[26.5307,39.3254],[26.5372,39.3222]]],[[[26.6585,39.3233],[26.6596,39.3244],[26.6566,39.3242],[26.6585,39.3233]]],[[[26.5733,39.3352],[26.5756,39.3346],[26.5796,39.3395],[26.5775,39.3446],[26.5749,39.3412],[26.5761,39.3382],[26.5733,39.3352]]],[[[26.6447,39.3632],[26.6223,39.3802],[26.6613,39.3755],[26.6703,39.3899],[26.5987,39.3864],[26.6172,39.3801],[26.6228,39.3268],[26.6908,39.3334],[26.6447,39.3632]]],[[[26.6084,39.333],[26.6126,39.3338],[26.6131,39.3359],[26.6103,39.3403],[26.6026,39.3428],[26.5958,39.3366],[26.6011,39.3335],[26.6084,39.333]]],[[[26.6676,39.3537],[26.664,39.3514],[26.6734,39.354],[26.6676,39.3537]]],[[[26.697,39.3483],[26.6952,39.3492],[26.6864,39.3459],[26.6834,39.3467],[26.6835,39.3454],[26.6887,39.3422],[26.694,39.3434],[26.6987,39.3422],[26.6956,39.3446],[26.697,39.3483]]],[[[26.586,39.3437],[26.5915,39.346],[26.5929,39.3447],[26.6016,39.3442],[26.5996,39.3489],[26.5954,39.3503],[26.5917,39.3484],[26.5898,39.3497],[26.5864,39.3492],[26.586,39.3437]]],[[[26.6958,39.3724],[26.6938,39.371],[26.6963,39.3678],[26.6984,39.3707],[26.6958,39.3724]]],[[[26.7084,39.4057],[26.7111,39.4066],[26.7121,39.41],[26.7066,39.408],[26.7064,39.4057],[26.7084,39.4057]]],[[[26.7615,39.3738],[26.7691,39.3756],[26.7699,39.3786],[26.7681,39.3795],[26.7599,39.3749],[26.7612,39.3718],[26.7615,39.3738]]],[[[26.706,39.3821],[26.7037,39.3797],[26.7028,39.3748],[26.7075,39.373],[26.709,39.3735],[26.7095,39.3794],[26.7082,39.3822],[26.706,39.3821]]],[[[26.7242,39.3771],[26.7272,39.3774],[26.7276,39.3788],[26.7252,39.3787],[26.7242,39.3771]]],[[[26.5707,39.3786],[26.575,39.382],[26.5716,39.3851],[26.5684,39.3843],[26.5707,39.3786]]],[[[26.6026,39.3951],[26.5763,39.3906],[26.5888,39.3682],[26.6026,39.3951]]],[[[27.7833,40.3758],[27.7816,40.3755],[27.7824,40.3728],[27.7876,40.3742],[27.7902,40.3774],[27.7881,40.3781],[27.7833,40.3758]]],[[[28.0931,40.4502],[28.0908,40.4537],[28.0918,40.4554],[28.086,40.4526],[28.0931,40.4502]]],[[[28.0773,40.4542],[28.0746,40.4559],[28.0747,40.4572],[28.0775,40.4576],[28.0748,40.4585],[28.075,40.4609],[28.0724,40.4619],[28.0728,40.4599],[28.0702,40.4587],[28.0665,40.4629],[28.0645,40.4621],[28.0627,40.4582],[28.064,40.4573],[28.0719,40.4558],[28.0758,40.4535],[28.0773,40.4542]]],[[[28.1047,40.4671],[28.1056,40.4686],[28.0971,40.4691],[28.0985,40.4658],[28.1047,40.4671]]],[[[27.5664,40.4668],[27.5697,40.4666],[27.5655,40.4698],[27.5613,40.4685],[27.5643,40.4652],[27.5664,40.4668]]],[[[27.623,40.4984],[27.5984,40.509],[27.6078,40.4811],[27.5827,40.4827],[27.5778,40.4631],[27.6665,40.4459],[27.6636,40.4667],[27.6503,40.4528],[27.6327,40.4693],[27.6512,40.4928],[27.623,40.4984]]],[[[27.4971,40.4707],[27.5369,40.4884],[27.5237,40.5014],[27.553,40.5215],[27.5083,40.5392],[27.4784,40.4944],[27.4971,40.4707]]],[[[27.5891,40.4931],[27.5898,40.4945],[27.5879,40.4947],[27.5891,40.4931]]],[[[27.5832,40.5218],[27.5816,40.5195],[27.5769,40.5176],[27.5772,40.5136],[27.5751,40.5124],[27.5771,40.5049],[27.5718,40.4982],[27.582,40.4942],[27.5823,40.5008],[27.5868,40.5066],[27.5828,40.5055],[27.5808,40.5076],[27.5819,40.5114],[27.5853,40.5127],[27.5833,40.5147],[27.5864,40.5174],[27.5832,40.5218]]],[[[27.5844,40.5224],[27.5874,40.5243],[27.5877,40.5264],[27.5853,40.5258],[27.5827,40.5282],[27.5812,40.5259],[27.5844,40.5224]]],[[[27.5049,40.5525],[27.4977,40.5538],[27.4888,40.5515],[27.483,40.5518],[27.4783,40.549],[27.4677,40.5478],[27.4653,40.5394],[27.4677,40.537],[27.4873,40.5472],[27.494,40.5463],[27.5015,40.5498],[27.5069,40.548],[27.5049,40.5525]]],[[[27.7585,40.6332],[27.7563,40.6319],[27.7591,40.6321],[27.7585,40.6332]]],[[[27.5641,40.6439],[27.5494,40.6566],[27.5264,40.6417],[27.5278,40.606],[27.5752,40.5753],[27.6323,40.5798],[27.7439,40.633],[27.6346,40.6684],[27.5641,40.6439]]],[[[27.4857,40.6406],[27.4896,40.6448],[27.4892,40.6465],[27.4847,40.6469],[27.483,40.6434],[27.4802,40.6423],[27.4825,40.6393],[27.4878,40.637],[27.4857,40.6406]]],[[[27.6167,40.6603],[27.617,40.6615],[27.6147,40.6615],[27.6167,40.6603]]],[[[27.6803,40.6628],[27.6776,40.664],[27.6765,40.6588],[27.6803,40.6628]]]]},"properties":{"iso3":"TUR","shapeId":"25984515B55384476443375","regionId":"TUR.12_1","name":"Balıkesir"}},{"type":"Feature","geometry":{"type":"Polygon","coordinates":[[[31.9667,38.9999],[32.1093,38.9472],[32.1318,38.9551],[32.1184,39.0231],[32.1303,39.0102],[32.1735,39.0303],[32.1698,39.0127],[32.2163,39.0108],[32.2281,38.9854],[32.3104,39.0121],[32.32,39.0315],[32.3669,39.0267],[32.3974,38.9728],[32.4407,38.9546],[32.5097,39.006],[32.5104,39.0368],[32.5996,39.022],[32.6201,39.0981],[32.792,39.1241],[32.8038,39.1455],[32.7908,39.1549],[32.8423,39.1861],[32.7808,39.2071],[32.7979,39.217],[32.783,39.2259],[32.7902,39.2453],[32.8893,39.2721],[32.9059,39.2269],[32.9749,39.2916],[33.0343,39.2713],[33.0018,39.2326],[32.9994,39.2123],[33.023,39.1959],[33.1164,39.248],[33.1638,39.3049],[33.185,39.2967],[33.196,39.2398],[33.1585,39.2345],[33.1615,39.2097],[33.1227,39.1751],[33.1715,39.1277],[33.2122,39.117],[33.2336,39.0825],[33.3085,39.0745],[33.3248,39.0892],[33.2996,39.1052],[33.341,39.0941],[33.3897,39.0312],[33.3878,38.9407],[33.3443,38.865],[33.3237,38.6619],[33.6436,38.6888],[33.7346,38.7405],[33.7777,38.7937],[33.7671,38.8215],[33.803,38.8828],[33.7864,38.9101],[33.7378,38.9266],[33.7205,38.9797],[33.7954,38.978],[33.8493,39.0269],[33.8852,39.0279],[33.8642,39.0625],[33.7579,39.0764],[33.74,39.1054],[33.5585,39.2083],[33.5061,39.2911],[33.4432,39.3186],[33.466,39.3395],[33.4542,39.3537],[33.4063,39.3652],[33.4215,39.4],[33.3827,39.4131],[33.3937,39.4564],[33.3478,39.4634],[33.3451,39.5081],[33.2894,39.5508],[33.3245,39.5469],[33.315,39.6443],[33.2618,39.6775],[33.2381,39.6444],[33.1861,39.6597],[33.2292,39.6952],[33.2269,39.7226],[33.256,39.7123],[33.2642,39.7385],[33.284,39.7385],[33.2859,39.7604],[33.2663,39.7465],[33.2672,39.763],[33.2983,39.8218],[33.2633,39.8329],[33.2581,39.8539],[33.2985,39.845],[33.306,39.9001],[33.3747,39.9234],[33.3994,39.973],[33.4191,39.9473],[33.4444,39.9857],[33.5058,39.9753],[33.515,40.0281],[33.4629,40.0488],[33.6178,40.1083],[33.611,40.1312],[33.6322,40.1358],[33.6368,40.1605],[33.5933,40.1874],[33.611,40.258],[33.6468,40.2956],[33.5612,40.3465],[33.4834,40.3153],[33.4858,40.3409],[33.4273,40.3552],[33.4372,40.3723],[33.4177,40.3897],[33.4021,40.3749],[33.3929,40.3915],[33.3153,40.4087],[33.3171,40.3751],[33.3457,40.3502],[33.3382,40.3322],[33.265,40.3187],[33.2063,40.3758],[33.2098,40.4135],[33.1316,40.4643],[33.129,40.4889],[33.0434,40.4678],[32.9652,40.5447],[32.9196,40.5171],[32.8799,40.5175],[32.8798,40.5592],[32.9188,40.5863],[32.8832,40.5996],[32.892,40.6431],[32.7793,40.6604],[32.667,40.7539],[32.5241,40.7346],[32.5103,40.6734],[32.4266,40.6849],[32.4146,40.6416],[32.4379,40.6239],[32.4294,40.5902],[32.4619,40.581],[32.4484,40.5594],[32.3605,40.5402],[32.3728,40.585],[32.3211,40.5913],[32.2948,40.5668],[32.2542,40.5627],[32.2516,40.5446],[32.1567,40.5489],[32.0907,40.5004],[32.0299,40.507],[31.9923,40.4825],[32.0306,40.4643],[32.0196,40.4311],[32.0336,40.413],[32.0111,40.3784],[31.9108,40.3459],[31.8528,40.3048],[31.7495,40.3318],[31.5912,40.2686],[31.5087,40.3073],[31.5017,40.2882],[31.4518,40.2954],[31.4538,40.2611],[31.415,40.2675],[31.4159,40.2899],[31.3867,40.3128],[31.42,40.3348],[31.4488,40.3278],[31.4352,40.3653],[31.3795,40.3701],[31.3734,40.3499],[31.3272,40.3537],[31.3123,40.3301],[31.2135,40.3366],[31.1995,40.3521],[31.0689,40.3496],[31.0558,40.2704],[31.0744,40.2612],[31.074,40.2301],[30.9552,40.2118],[30.9368,40.1733],[30.8522,40.1579],[30.8733,40.1107],[30.8361,40.0979],[30.8547,40.0613],[30.9381,40.0294],[31.101,40.054],[31.1154,40.0716],[31.1885,40.0466],[31.2676,40.0632],[31.3418,40.0459],[31.3919,40.0617],[31.4015,40.0169],[31.4631,40.045],[31.505,40.0206],[31.5347,40.037],[31.613,40.0222],[31.6691,40.0521],[31.6592,40.0087],[31.7126,40.0215],[31.699,39.9775],[31.7356,39.9717],[31.7397,39.9339],[31.7901,39.8821],[31.8598,39.8824],[31.8725,39.8709],[31.8507,39.8495],[31.9001,39.8559],[31.8801,39.8321],[31.8516,39.8417],[31.8298,39.7845],[31.7888,39.7832],[31.7647,39.7226],[31.8391,39.672],[31.9212,39.6643],[31.9436,39.6345],[31.8855,39.5986],[31.9061,39.5804],[31.8919,39.5749],[31.8984,39.5437],[31.9469,39.5397],[31.9479,39.5629],[31.9735,39.5317],[31.9664,39.5124],[31.998,39.497],[31.9931,39.4278],[31.9708,39.3944],[31.9921,39.3754],[31.9724,39.3569],[32.0115,39.3252],[31.9475,39.2757],[32.0088,39.2261],[31.961,39.2446],[31.8857,39.1819],[31.8299,39.1783],[31.8196,39.1595],[31.8955,39.1267],[31.9227,39.0716],[31.9418,39.0668],[31.9301,39.0246],[31.9667,38.9999]]]},"properties":{"iso3":"TUR","shapeId":"25984515B47806653651907","regionId":"TUR.7_1","name":"Ankara"}},{"type":"Feature","geometry":{"type":"Polygon","coordinates":[[[33.3237,38.6619],[33.3093,38.5078],[33.2528,38.448],[33.2089,38.3199],[33.1712,38.2729],[33.2021,38.2437],[33.2688,38.2437],[33.2881,38.1259],[33.3161,38.0788],[33.2892,38.0329],[33.2962,38.0093],[33.3364,38.0491],[33.3974,38.0292],[33.4227,37.9828],[33.5729,37.9933],[33.5527,38.0635],[33.6826,38.1018],[33.779,38.0708],[33.8158,38.0794],[33.8493,38.1151],[33.9521,38.1253],[33.9811,38.1145],[33.9975,38.0815],[34.0607,38.0614],[34.1398,38.0849],[34.166,38.1266],[34.275,38.1135],[34.3439,38.2161],[34.4369,38.2339],[34.4216,38.3131],[34.5006,38.3866],[34.4353,38.4492],[34.4382,38.4891],[34.4167,38.5172],[34.4285,38.5422],[34.3569,38.5936],[34.2403,38.6263],[34.2886,38.6994],[34.2808,38.747],[34.2646,38.752],[34.2932,38.8143],[34.2412,38.8325],[34.1675,38.823],[34.0804,38.8756],[34.0441,38.954],[33.9692,38.9745],[34.0082,39.0392],[33.9698,39.0314],[33.9479,39.0509],[33.8493,39.0269],[33.7954,38.978],[33.7214,38.9814],[33.7378,38.9266],[33.7864,38.9101],[33.7987,38.8576],[33.7671,38.8215],[33.7777,38.7937],[33.7346,38.7405],[33.6532,38.6924],[33.3237,38.6619]]]},"properties":{"iso3":"TUR","shapeId":"25984515B40051660631000","regionId":"TUR.5_1","name":"Aksaray"}},{"type":"Feature","geometry":{"type":"Polygon","coordinates":[[[42.3389,40.9321],[42.35,40.9211],[42.3159,40.8826],[42.3641,40.8954],[42.3294,40.8261],[42.3567,40.826],[42.3354,40.8215],[42.3414,40.8065],[42.3936,40.7882],[42.4247,40.8166],[42.4775,40.8217],[42.5001,40.8037],[42.4881,40.786],[42.5638,40.7771],[42.6202,40.6801],[42.6024,40.6292],[42.8514,40.7313],[42.8614,40.81],[42.8938,40.8181],[42.9064,40.8833],[42.9504,40.8773],[43.0144,40.9476],[43.0783,40.9751],[43.2055,40.9846],[43.3436,41.0952],[43.4247,41.0698],[43.4683,41.0333],[43.4715,41.0675],[43.4471,41.0988],[43.4741,41.123],[43.4485,41.1764],[43.3751,41.203],[43.2296,41.1723],[43.2376,41.1841],[43.1944,41.254],[43.128,41.2535],[43.2119,41.2898],[43.2126,41.3062],[43.1354,41.3187],[43.0962,41.3571],[43.0187,41.3757],[42.967,41.4515],[42.8994,41.479],[42.9009,41.5003],[42.8758,41.5023],[42.8514,41.4706],[42.8024,41.4958],[42.7976,41.5172],[42.8394,41.5897],[42.7809,41.5769],[42.6841,41.5998],[42.6009,41.5849],[42.5737,41.558],[42.5729,41.5099],[42.5128,41.4721],[42.52,41.4075],[42.5911,41.3492],[42.5702,41.2601],[42.5016,41.1722],[42.3579,41.0787],[42.3763,40.995],[42.3389,40.9321]]]},"properties":{"iso3":"TUR","shapeId":"25984515B60965754972902","regionId":"TUR.9_1","name":"Ardahan"}},{"type":"Feature","geometry":{"type":"MultiPolygon","coordinates":[[[[32.6936,41.3729],[32.6423,41.4893],[32.6964,41.5295],[32.7344,41.5051],[32.8021,41.513],[32.7682,41.5514],[32.8748,41.5756],[32.939,41.715],[32.9153,41.7405],[32.8424,41.7247],[32.787,41.7458],[32.7771,41.8038],[32.7468,41.8299],[32.7578,41.8486],[32.5803,41.827],[32.5724,41.8112],[32.5001,41.8021],[32.4162,41.7391],[32.3859,41.7506],[32.3406,41.723],[32.2842,41.7201],[32.2232,41.6875],[32.2379,41.6841],[32.1536,41.6087],[32.0951,41.5896],[32.1562,41.5459],[32.1684,41.5157],[32.2216,41.5396],[32.2364,41.4723],[32.2884,41.4253],[32.2742,41.4053],[32.2947,41.3842],[32.2797,41.3324],[32.3024,41.3074],[32.4646,41.3085],[32.4786,41.3601],[32.5906,41.3257],[32.6807,41.3266],[32.6965,41.338],[32.6936,41.3729]]],[[[32.3849,41.751],[32.384,41.7538],[32.3801,41.7512],[32.3817,41.75],[32.3849,41.751]]],[[[32.3884,41.752],[32.3891,41.7548],[32.3876,41.7536],[32.3884,41.752]]]]},"properties":{"iso3":"TUR","shapeId":"25984515B74564265494308","regionId":"TUR.13_1","name":"Bartın"}},{"type":"Feature","geometry":{"type":"Polygon","coordinates":[[[41.3666,38.4833],[41.3558,38.4616],[41.2927,38.4493],[41.2401,38.4101],[41.2396,38.3715],[41.1748,38.3142],[41.1872,38.2891],[41.1751,38.2441],[41.2261,38.1967],[41.2088,38.0816],[41.1768,38.0634],[41.155,37.9914],[41.1226,37.9751],[41.0103,37.979],[41.0449,37.9295],[40.9864,37.8058],[41.0281,37.7965],[41.018,37.7759],[41.0633,37.7686],[41.0432,37.7364],[41.0776,37.6426],[41.1284,37.5414],[41.1868,37.4959],[41.3171,37.5138],[41.4915,37.5042],[41.5679,37.5262],[41.656,37.6302],[41.6856,37.6163],[41.7286,37.6828],[41.8084,37.6718],[41.8214,37.7062],[41.7748,37.7155],[41.7746,37.7328],[41.7195,37.7266],[41.7157,37.708],[41.6761,37.7267],[41.6647,37.7428],[41.7028,37.831],[41.6562,37.8773],[41.5226,37.8623],[41.3692,37.9476],[41.3634,37.9733],[41.4817,38.0397],[41.5222,38.0098],[41.5469,38.0611],[41.6097,38.0839],[41.6074,38.1108],[41.6433,38.1577],[41.631,38.2273],[41.6607,38.2673],[41.6383,38.2973],[41.6413,38.3297],[41.589,38.3542],[41.6096,38.4414],[41.6678,38.4882],[41.5365,38.5216],[41.4937,38.5509],[41.4637,38.5083],[41.3666,38.4833]]]},"properties":{"iso3":"TUR","shapeId":"25984515B679661827679","regionId":"TUR.14_1","name":"Batman"}},{"type":"Feature","geometry":{"type":"Polygon","coordinates":[[[40.1033,40.5415],[40.0686,40.5025],[39.9623,40.4894],[39.8873,40.445],[39.802,40.3064],[39.8492,40.2766],[39.8537,40.2171],[39.663,40.0968],[39.6908,40.0024],[39.8047,39.9307],[39.9179,40.0364],[40.0614,40.0831],[40.1125,40.0761],[40.1406,40.0289],[40.244,40.0257],[40.3507,40.0476],[40.4526,40.0251],[40.4894,40.0342],[40.5193,40.0849],[40.6491,40.1113],[40.6693,40.141],[40.7111,40.1527],[40.6675,40.1879],[40.6935,40.2023],[40.6937,40.2269],[40.6398,40.2125],[40.5835,40.259],[40.5433,40.2525],[40.4997,40.272],[40.5376,40.2995],[40.4839,40.3621],[40.5038,40.3741],[40.5776,40.3547],[40.6053,40.3759],[40.5756,40.4047],[40.54,40.4017],[40.565,40.489],[40.5948,40.5137],[40.5739,40.5555],[40.5046,40.516],[40.4762,40.5285],[40.2773,40.5146],[40.2549,40.5196],[40.2427,40.5586],[40.2062,40.5506],[40.183,40.5684],[40.1033,40.5415]]]},"properties":{"iso3":"TUR","shapeId":"25984515B37590323286202","regionId":"TUR.15_1","name":"Bayburt"}},{"type":"Feature","geometry":{"type":"Polygon","coordinates":[[[30.4848,40.036],[30.5368,40.102],[30.5337,40.1219],[30.6624,40.1677],[30.6284,40.1724],[30.6421,40.1985],[30.6089,40.219],[30.5924,40.2827],[30.5115,40.2957],[30.4825,40.3175],[30.4744,40.3834],[30.307,40.3812],[30.2302,40.3589],[30.2169,40.3356],[30.1504,40.3616],[30.0709,40.4581],[30.0387,40.4212],[30.0114,40.4302],[29.967,40.5514],[29.9053,40.5301],[29.8994,40.4999],[29.8513,40.466],[29.8863,40.4459],[29.886,40.4155],[29.7981,40.3698],[29.8525,40.328],[29.8286,40.2433],[29.7775,40.1888],[29.7261,40.1645],[29.7216,40.0995],[29.7541,40.0018],[29.7402,39.9868],[29.7981,39.9319],[29.7473,39.9023],[29.7416,39.8855],[29.781,39.8409],[29.7348,39.79],[29.7299,39.7495],[29.7988,39.7099],[29.8809,39.7035],[29.9539,39.666],[30.0316,39.6648],[29.9884,39.716],[30.0162,39.7801],[30.0985,39.8403],[30.1555,39.8584],[30.2207,39.8626],[30.2946,39.8405],[30.3194,39.867],[30.2912,39.9027],[30.2907,39.9532],[30.3524,39.9397],[30.3643,39.9613],[30.3413,39.9781],[30.3831,40.0247],[30.3807,40.0126],[30.4313,40.0071],[30.4848,40.036]]]},"properties":{"iso3":"TUR","shapeId":"25984515B39892287187022","regionId":"TUR.16_1","name":"Bilecik"}},{"type":"Feature","geometry":{"type":"Polygon","coordinates":[[[39.9346,39.101],[40.0242,39.0953],[40.1023,39.1517],[40.2234,39.1912],[40.2733,39.181],[40.301,39.149],[40.3021,39.1315],[40.241,39.0873],[40.2192,39.0174],[40.1802,38.9733],[40.2145,38.9357],[40.224,38.8925],[40.2639,38.8651],[40.2359,38.8593],[40.2358,38.8367],[40.318,38.813],[40.3334,38.7708],[40.2874,38.7384],[40.2291,38.7384],[40.1687,38.6753],[40.0915,38.6506],[40.1106,38.6168],[40.2328,38.5516],[40.2936,38.4767],[40.3549,38.4892],[40.3544,38.5325],[40.4433,38.5812],[40.4574,38.6184],[40.6034,38.5633],[40.672,38.6013],[40.7673,38.6001],[40.8115,38.5611],[41.0004,38.6706],[41.1526,38.722],[41.1769,38.766],[41.1155,38.8113],[41.1201,38.9285],[41.1775,38.9694],[41.1888,39.0038],[41.2641,39.0353],[41.2487,39.0656],[41.266,39.0848],[41.1901,39.1707],[41.1772,39.2242],[41.1327,39.2369],[41.1399,39.3436],[41.1829,39.3872],[41.1666,39.4129],[41.1289,39.4324],[41.0612,39.4261],[41.0504,39.4527],[41.0025,39.4741],[40.9818,39.4563],[40.6792,39.4136],[40.5739,39.4526],[40.5898,39.4966],[40.634,39.5276],[40.4487,39.5111],[40.4038,39.565],[40.2821,39.4941],[40.2903,39.4451],[40.2372,39.3678],[40.1558,39.3468],[40.1152,39.3017],[40.0422,39.3224],[40.0215,39.3101],[40.0303,39.27],[39.9819,39.208],[39.9441,39.1898],[39.9523,39.1217],[39.9346,39.101]]]},"properties":{"iso3":"TUR","shapeId":"25984515B43512589741592","regionId":"TUR.17_1","name":"Bingöl"}},{"type":"Feature","geometry":{"type":"Polygon","coordinates":[[[42.6946,38.9576],[42.6592,38.926],[42.6349,38.9364],[42.5848,38.9083],[42.5628,38.9328],[42.5033,38.923],[42.4556,38.9548],[42.422,38.9574],[42.3778,38.9264],[42.3277,38.9485],[42.2622,38.8862],[42.1703,38.8763],[42.1657,38.8443],[42.119,38.8362],[42.1121,38.7908],[42.0883,38.7784],[42.0954,38.7567],[42.1168,38.7632],[42.1158,38.737],[42.037,38.6992],[42.0389,38.661],[41.931,38.6343],[41.9541,38.5696],[41.909,38.5407],[41.8428,38.5965],[41.7047,38.6183],[41.5174,38.5878],[41.4937,38.5509],[41.5365,38.5216],[41.6655,38.4938],[41.6421,38.4552],[41.6096,38.4414],[41.589,38.3542],[41.6413,38.3297],[41.6383,38.2973],[41.6828,38.2437],[41.7853,38.2357],[41.824,38.2028],[41.9314,38.1851],[41.9703,38.1577],[42.0407,38.1731],[42.1163,38.2167],[42.246,38.2326],[42.2363,38.1802],[42.2871,38.1194],[42.3315,38.11],[42.3897,38.1274],[42.3748,38.0888],[42.3915,38.0691],[42.4489,38.0702],[42.4404,38.0569],[42.4896,38.0203],[42.4835,37.9995],[42.5019,37.9816],[42.5483,37.9692],[42.6141,37.9811],[42.6833,38.0305],[42.6904,38.0869],[42.6636,38.1097],[42.6721,38.1439],[42.7325,38.1893],[42.7404,38.2152],[42.6702,38.2675],[42.6622,38.3131],[42.7139,38.3285],[42.7744,38.3194],[42.7953,38.3482],[42.753,38.4676],[42.8787,38.5466],[43.0264,38.7339],[43.1346,38.7827],[43.1839,38.8291],[43.1991,38.8955],[43.0836,38.9204],[43.0353,39.0016],[42.965,39.0241],[42.9241,38.9795],[42.9096,38.9308],[42.7147,38.9351],[42.6946,38.9576]]]},"properties":{"iso3":"TUR","shapeId":"25984515B19802935753104","regionId":"TUR.18_1","name":"Bitlis"}},{"type":"Feature","geometry":{"type":"Polygon","coordinates":[[[32.5935,40.7454],[32.5692,40.7656],[32.5958,40.8135],[32.5349,40.8466],[32.5197,40.8792],[32.4194,40.8537],[32.331,40.8686],[32.4029,40.9267],[32.4009,40.9624],[32.3666,40.9485],[32.3447,40.967],[32.3719,41.0084],[32.1713,41.0487],[32.0839,41.0078],[31.9625,41.0443],[31.927,41.0119],[31.8536,41.0083],[31.7807,40.9608],[31.7491,40.9879],[31.6501,40.9555],[31.6369,40.9136],[31.533,40.8612],[31.5456,40.8027],[31.4152,40.7628],[31.3858,40.6709],[31.3557,40.6482],[31.3028,40.629],[31.2473,40.644],[31.2263,40.6231],[31.0924,40.6548],[30.9693,40.6248],[30.9186,40.6599],[30.8705,40.5986],[30.8713,40.5747],[30.8868,40.5753],[30.864,40.5111],[30.5718,40.4909],[30.5914,40.463],[30.5648,40.3571],[30.6086,40.3367],[30.5708,40.3266],[30.5667,40.3087],[30.6036,40.2685],[30.6089,40.219],[30.6421,40.1985],[30.6336,40.1672],[30.6804,40.1873],[30.7156,40.1562],[30.819,40.1419],[30.8361,40.0979],[30.8733,40.1107],[30.8522,40.1579],[30.9368,40.1733],[30.9552,40.2118],[31.074,40.2301],[31.0744,40.2612],[31.0558,40.2704],[31.0689,40.3496],[31.1995,40.3521],[31.2135,40.3366],[31.3123,40.3301],[31.3272,40.3537],[31.3734,40.3499],[31.3795,40.3701],[31.4352,40.3653],[31.4488,40.3278],[31.42,40.3348],[31.3867,40.3128],[31.4159,40.2899],[31.415,40.2675],[31.4538,40.2611],[31.4518,40.2954],[31.5017,40.2882],[31.5087,40.3073],[31.5912,40.2686],[31.7495,40.3318],[31.8528,40.3048],[31.9108,40.3459],[32.0111,40.3784],[32.0336,40.413],[32.0196,40.4311],[32.0306,40.4643],[31.9923,40.4825],[32.0299,40.507],[32.0907,40.5004],[32.1567,40.5489],[32.2516,40.5446],[32.2542,40.5627],[32.2948,40.5668],[32.3211,40.5913],[32.3728,40.585],[32.3605,40.5402],[32.4484,40.5594],[32.4619,40.581],[32.4294,40.5902],[32.4379,40.6239],[32.4146,40.6416],[32.4266,40.6849],[32.5103,40.6734],[32.5241,40.7346],[32.5935,40.7454]]]},"properties":{"iso3":"TUR","shapeId":"25984515B96039700866385","regionId":"TUR.19_1","name":"Bolu"}},{"type":"Feature","geometry":{"type":"Polygon","coordinates":[[[29.8971,37.7775],[29.8202,37.6855],[29.6946,37.7171],[29.6832,37.6553],[29.7307,37.6234],[29.7102,37.6074],[29.6231,37.6341],[29.5065,37.5859],[29.5696,37.5695],[29.5866,37.5408],[29.5008,37.5053],[29.5623,37.4404],[29.623,37.4381],[29.6236,37.3684],[29.5807,37.2921],[29.5242,37.2931],[29.4431,37.1963],[29.4295,37.0398],[29.4014,37.0653],[29.3713,37.0511],[29.3726,36.9887],[29.3914,36.9818],[29.35,36.9456],[29.3257,36.8836],[29.3952,36.8049],[29.4281,36.7996],[29.453,36.8326],[29.5177,36.8557],[29.5428,36.9278],[29.5826,36.9609],[29.6491,36.9805],[29.7585,36.9634],[29.8656,37.0246],[29.8781,37.0501],[29.8123,37.099],[29.8489,37.186],[29.9174,37.2195],[30.0673,37.2453],[30.1454,37.3171],[30.3548,37.3059],[30.4144,37.2823],[30.416,37.2402],[30.4409,37.2354],[30.674,37.2511],[30.7717,37.2309],[30.8459,37.2387],[30.8939,37.2986],[30.9131,37.3899],[30.8628,37.4333],[30.8391,37.4318],[30.7407,37.668],[30.6493,37.6716],[30.572,37.7069],[30.4979,37.6939],[30.4413,37.7327],[30.4408,37.7944],[30.3808,37.8454],[30.3266,37.8363],[30.3241,37.8102],[30.2579,37.7888],[30.0479,37.7905],[29.9939,37.8069],[29.8971,37.7775]]]},"properties":{"iso3":"TUR","shapeId":"25984515B90474549897215","regionId":"TUR.20_1","name":"Burdur"}},{"type":"Feature","geometry":{"type":"MultiPolygon","coordinates":[[[[28.9976,39.5987],[29.0423,39.6121],[29.1964,39.5993],[29.2486,39.6907],[29.2858,39.7148],[29.2644,39.7494],[29.3132,39.7641],[29.314,39.7828],[29.402,39.7938],[29.4238,39.8269],[29.4717,39.8384],[29.5089,39.8716],[29.7605,39.8678],[29.7473,39.9023],[29.7981,39.9319],[29.7402,39.9868],[29.7541,40.0018],[29.7216,40.0995],[29.7261,40.1645],[29.7775,40.1888],[29.8286,40.2433],[29.8525,40.328],[29.7981,40.3698],[29.886,40.4155],[29.8863,40.4459],[29.8513,40.466],[29.9034,40.5077],[29.9026,40.5707],[29.7047,40.6144],[29.6255,40.5457],[29.5604,40.5415],[29.5522,40.5263],[29.4983,40.5248],[29.47,40.5679],[29.4452,40.5417],[29.3475,40.5691],[29.3144,40.5244],[29.2672,40.5365],[29.2291,40.5206],[29.1668,40.5429],[29.1487,40.576],[29.0619,40.5616],[29.0319,40.5797],[28.995,40.4865],[29.0112,40.4703],[29.093,40.4738],[29.1558,40.4244],[29.0802,40.4178],[29.0512,40.3623],[28.9254,40.356],[28.7965,40.3942],[28.6574,40.361],[28.5103,40.3958],[28.179,40.3974],[28.1832,40.3358],[28.1648,40.3129],[28.1754,40.2571],[28.1098,40.2632],[28.1314,40.1852],[28.1129,40.1473],[28.1919,40.0743],[28.2056,39.9936],[28.2528,39.9683],[28.266,39.9289],[28.3625,39.8577],[28.4357,39.8595],[28.4511,39.8133],[28.4835,39.8095],[28.488,39.7775],[28.5274,39.7539],[28.6694,39.7759],[28.7184,39.7502],[28.7321,39.7616],[28.7264,39.6908],[28.7793,39.6963],[28.7566,39.6559],[28.7963,39.6244],[28.9407,39.6231],[28.9976,39.5987]]],[[[28.5264,40.5115],[28.5543,40.5654],[28.5182,40.5654],[28.5264,40.5115]]]]},"properties":{"iso3":"TUR","shapeId":"25984515B5155931768473","regionId":"TUR.21_1","name":"Bursa"}},{"type":"Feature","geometry":{"type":"MultiPolygon","coordinates":[[[[27.517,40.3037],[27.3225,40.374],[27.3046,40.4014],[27.3322,40.4236],[27.285,40.4751],[27.2056,40.4346],[27.1426,40.4561],[27.0903,40.4421],[27.0392,40.412],[27.0539,40.4088],[27.0335,40.3898],[26.7803,40.406],[26.7057,40.3845],[26.7365,40.3908],[26.6071,40.2814],[26.5688,40.2769],[26.5621,40.2655],[26.58,40.2693],[26.5246,40.2172],[26.4012,40.1963],[26.4096,40.1179],[26.3648,40.0983],[26.3563,40.0571],[26.3206,40.017],[26.2493,39.9984],[26.1981,40.0087],[26.1783,39.9901],[26.1501,39.9151],[26.1592,39.8836],[26.1341,39.8421],[26.1632,39.8215],[26.1391,39.7584],[26.1633,39.6594],[26.1381,39.607],[26.1042,39.5845],[26.0636,39.4769],[26.1318,39.4533],[26.2415,39.4642],[26.2648,39.4833],[26.3693,39.4809],[26.4469,39.5183],[26.6587,39.5523],[26.6529,39.6626],[26.6778,39.7039],[26.8411,39.7709],[26.9484,39.7867],[27.1122,39.7471],[27.2024,39.6841],[27.3142,39.6782],[27.3725,39.7111],[27.3834,39.7455],[27.4536,39.7517],[27.4764,39.7846],[27.4895,39.8708],[27.5487,39.9259],[27.5168,39.9777],[27.4478,39.9912],[27.4792,40.0354],[27.5036,40.1262],[27.3794,40.1333],[27.4445,40.2213],[27.5073,40.2633],[27.517,40.3037]]],[[[26.0706,39.8397],[25.9624,39.8387],[26.0528,39.7873],[26.083,39.801],[26.0706,39.8397]]],[[[26.0955,39.841],[26.0958,39.842],[26.0945,39.8418],[26.0955,39.841]]],[[[26.0731,39.9181],[26.0774,39.9185],[26.0742,39.9199],[26.0731,39.9181]]],[[[26.0839,39.9175],[26.0869,39.9182],[26.0862,39.9203],[26.082,39.9184],[26.0839,39.9175]]],[[[26.0583,39.9358],[26.0587,39.9338],[26.0686,39.9316],[26.0794,39.9378],[26.074,39.9363],[26.0681,39.939],[26.0604,39.9403],[26.0576,39.938],[26.0583,39.9358]]],[[[26.7255,40.6425],[26.8074,40.654],[26.8361,40.582],[26.7714,40.5459],[26.7471,40.5581],[26.7042,40.5104],[26.6254,40.5081],[26.456,40.441],[26.215,40.3161],[26.2457,40.3089],[26.2284,40.2891],[26.2785,40.2539],[26.2786,40.2161],[26.1708,40.0463],[26.2218,40.0495],[26.3812,40.144],[26.3594,40.2043],[26.4236,40.2212],[26.5126,40.2904],[26.5914,40.3222],[26.6328,40.3643],[26.6405,40.4023],[26.7001,40.4199],[26.6953,40.4514],[26.9071,40.5383],[26.9149,40.6456],[27.0145,40.6839],[27.0495,40.7466],[26.9613,40.762],[26.7888,40.7106],[26.7091,40.7062],[26.7079,40.6856],[26.7357,40.6842],[26.7196,40.672],[26.7359,40.6594],[26.7255,40.6425]]],[[[25.7371,40.1867],[25.6711,40.1533],[25.6654,40.125],[25.7385,40.0914],[25.973,40.1254],[26.0143,40.148],[26.0114,40.1629],[25.9666,40.149],[25.9764,40.2164],[25.9456,40.2404],[25.7371,40.1867]]],[[[26.7322,40.6163],[26.7336,40.6132],[26.7374,40.6139],[26.7371,40.6117],[26.7409,40.614],[26.7397,40.6185],[26.7322,40.6163]]],[[[26.7558,40.6191],[26.7582,40.6206],[26.7575,40.6215],[26.7548,40.6211],[26.7558,40.6191]]]]},"properties":{"iso3":"TUR","shapeId":"25984515B45885295326030","regionId":"TUR.22_1","name":"Çanakkale"}},{"type":"Feature","geometry":{"type":"Polygon","coordinates":[[[33.6468,40.2956],[33.6791,40.3314],[33.7581,40.3192],[33.8018,40.3349],[33.8104,40.2807],[33.9613,40.2548],[34.0031,40.2921],[34.0728,40.2959],[34.1091,40.3273],[34.134,40.3917],[34.1657,40.397],[34.1374,40.4517],[34.0837,40.4441],[34.1311,40.5229],[34.0852,40.5895],[34.1303,40.6484],[34.0587,40.7132],[34.0782,40.8223],[33.9951,40.8259],[33.9927,40.8463],[33.9345,40.8587],[33.8485,40.8429],[33.7953,40.8825],[33.8094,40.9098],[33.7675,40.9384],[33.7747,40.9765],[33.7967,40.9786],[33.8221,41.0343],[33.8532,41.0502],[33.8515,41.0818],[33.7787,41.0853],[33.6319,41.023],[33.5281,41.0278],[33.5255,41.0456],[33.4936,41.0558],[33.4193,41.0271],[33.413,40.9869],[33.3353,40.9799],[33.2969,41.0366],[33.1911,41.0716],[33.0739,41.0627],[33.0404,41.0339],[33.0528,40.9921],[32.8928,40.9482],[32.8339,40.9644],[32.7862,40.9531],[32.7501,40.8771],[32.572,40.8254],[32.5958,40.8135],[32.5692,40.7656],[32.5971,40.7433],[32.6799,40.7519],[32.7085,40.7043],[32.7793,40.6604],[32.892,40.6431],[32.8832,40.5996],[32.9188,40.5863],[32.8798,40.5592],[32.8799,40.5175],[32.9196,40.5171],[32.9652,40.5447],[33.0434,40.4678],[33.129,40.4889],[33.1316,40.4643],[33.2098,40.4135],[33.2063,40.3758],[33.265,40.3187],[33.3382,40.3322],[33.3457,40.3502],[33.3171,40.3751],[33.3153,40.4087],[33.3929,40.3915],[33.4021,40.3749],[33.4177,40.3897],[33.4372,40.3723],[33.4273,40.3552],[33.4858,40.3409],[33.4834,40.3153],[33.5612,40.3465],[33.6468,40.2956]]]},"properties":{"iso3":"TUR","shapeId":"25984515B3524648625362","regionId":"TUR.23_1","name":"Çankırı"}},{"type":"Feature","geometry":{"type":"Polygon","coordinates":[[[35.0814,41.076],[34.9231,41.0963],[34.9841,41.1436],[34.9587,41.1962],[34.9326,41.1966],[34.927,41.2235],[34.8787,41.2569],[34.8464,41.202],[34.7887,41.2379],[34.7267,41.2494],[34.7082,41.2994],[34.5476,41.2962],[34.4907,41.3509],[34.4094,41.2555],[34.3977,41.2804],[34.3364,41.293],[34.2938,41.2127],[34.2176,41.1825],[34.2331,41.1496],[34.2054,41.1448],[34.2332,41.1187],[34.2291,41.0814],[34.3263,41.0769],[34.3225,41.0364],[34.373,40.9947],[34.3422,40.9693],[34.2674,40.9747],[34.2304,40.8599],[34.0782,40.8223],[34.0587,40.7132],[34.1303,40.6484],[34.0852,40.5895],[34.1311,40.5229],[34.0837,40.4441],[34.1374,40.4517],[34.1657,40.397],[34.134,40.3917],[34.1091,40.3273],[34.0728,40.2959],[34.0031,40.2921],[33.9613,40.2548],[33.9947,40.1901],[34.0684,40.1887],[34.0902,40.0707],[34.2498,39.9452],[34.3207,39.9394],[34.3588,39.9433],[34.4261,39.9955],[34.5298,39.9784],[34.5417,39.9518],[34.5844,39.9436],[34.6344,39.9628],[34.6582,40.0109],[34.7965,39.9938],[34.834,40.0042],[34.8768,40.0491],[34.8987,40.0308],[34.8976,39.9885],[35.1661,40.0283],[35.1955,40.0816],[35.143,40.0986],[35.2027,40.1432],[35.1559,40.151],[35.1361,40.2117],[35.1482,40.2309],[35.1722,40.2391],[35.1922,40.2043],[35.2427,40.1931],[35.3851,40.2862],[35.4104,40.3321],[35.3799,40.332],[35.3539,40.3857],[35.3958,40.4057],[35.4349,40.4877],[35.502,40.513],[35.5309,40.5487],[35.4869,40.5694],[35.4855,40.5971],[35.4564,40.622],[35.3237,40.6488],[35.3292,40.6839],[35.2937,40.6984],[35.2215,40.7118],[35.1754,40.6992],[35.0301,40.7289],[34.98,40.8005],[35.0075,40.8261],[35.0082,40.8639],[35.0654,40.9107],[35.0645,40.9463],[35.014,40.9941],[35.0879,41.0311],[35.1013,41.0621],[35.0814,41.076]]]},"properties":{"iso3":"TUR","shapeId":"25984515B57743432888015","regionId":"TUR.24_1","name":"Çorum"}},{"type":"Feature","geometry":{"type":"Polygon","coordinates":[[[29.8143,38.4741],[29.7972,38.4594],[29.6763,38.4592],[29.6566,38.4345],[29.6703,38.4206],[29.6183,38.4209],[29.6137,38.3886],[29.6484,38.3747],[29.6151,38.3458],[29.632,38.2909],[29.6144,38.2441],[29.5307,38.2891],[29.4821,38.2728],[29.4157,38.3227],[29.3603,38.3234],[29.2981,38.2991],[29.2453,38.2425],[29.2149,38.2407],[29.2068,38.1659],[29.1826,38.1858],[29.182,38.2148],[29.1248,38.2351],[29.045,38.2193],[29.0357,38.236],[28.9446,38.2304],[28.9104,38.2481],[28.8288,38.2126],[28.8069,38.1722],[28.7306,38.1743],[28.7189,38.1177],[28.639,38.0906],[28.6596,38.0637],[28.7156,38.0594],[28.7702,37.9826],[28.8442,37.9767],[28.8414,37.9449],[28.8198,37.93],[28.7379,37.9491],[28.7444,37.8136],[28.9045,37.7136],[28.8551,37.7229],[28.8096,37.7074],[28.7903,37.6447],[28.7478,37.6089],[28.6961,37.5904],[28.6514,37.5426],[28.569,37.5265],[28.6286,37.4772],[28.6157,37.4287],[28.6401,37.372],[28.701,37.3657],[28.7407,37.3238],[28.7348,37.2735],[28.7823,37.2407],[28.7849,37.1963],[28.8282,37.1675],[28.8341,37.1401],[28.9421,37.1426],[29.0125,37.0705],[29.1232,37.0234],[29.1437,36.9828],[29.1016,36.9768],[29.0978,36.9433],[29.1675,36.8824],[29.1939,36.8823],[29.2231,36.9149],[29.3452,36.9261],[29.3914,36.9818],[29.3662,37.0127],[29.3827,37.0665],[29.4295,37.0398],[29.4431,37.1963],[29.5242,37.2931],[29.577,37.29],[29.6182,37.345],[29.623,37.4381],[29.5623,37.4404],[29.5008,37.5053],[29.5866,37.5408],[29.5696,37.5695],[29.5065,37.5859],[29.6231,37.6341],[29.7102,37.6074],[29.7307,37.6234],[29.6832,37.6553],[29.6946,37.7171],[29.8202,37.6855],[29.8966,37.7727],[29.8869,37.8254],[29.7703,37.8126],[29.7474,37.8216],[29.7352,37.8631],[29.68,37.8793],[29.6685,37.9122],[29.7227,37.9433],[29.6668,37.9632],[29.6609,38.0092],[29.707,37.9795],[29.7456,37.9879],[29.7786,38.036],[29.8118,38.0507],[29.812,38.0706],[29.8938,38.0932],[29.8702,38.1156],[29.885,38.1505],[29.9294,38.1702],[29.9584,38.1637],[29.9686,38.1349],[29.9993,38.1415],[29.9989,38.1771],[30.02,38.195],[30.0581,38.1842],[30.08,38.1978],[30.093,38.2359],[30.0643,38.2792],[29.9697,38.3382],[30.0056,38.4041],[29.9782,38.421],[29.9321,38.4094],[29.8812,38.4595],[29.8143,38.4741]]]},"properties":{"iso3":"TUR","shapeId":"25984515B90258821264291","regionId":"TUR.25_1","name":"Denizli"}},{"type":"Feature","geometry":{"type":"Polygon","coordinates":[[[39.1375,38.018],[39.1456,37.9969],[39.2234,37.9972],[39.4891,37.9097],[39.5429,37.8515],[39.6035,37.8456],[39.6441,37.7964],[39.6754,37.7959],[39.7019,37.8367],[39.7449,37.8567],[39.799,37.8589],[39.8445,37.731],[39.8287,37.7136],[39.8354,37.5806],[39.8953,37.5064],[39.9464,37.5371],[40.0189,37.5185],[40.1226,37.5624],[40.2329,37.5188],[40.3209,37.5218],[40.4436,37.555],[40.4468,37.6039],[40.6742,37.5337],[40.6821,37.606],[40.6486,37.6557],[40.6646,37.7307],[40.711,37.6809],[40.8695,37.6375],[41.0432,37.7364],[41.0633,37.7686],[41.018,37.7759],[41.0281,37.7965],[40.9864,37.8058],[41.0449,37.9295],[41.0103,37.979],[41.1226,37.9751],[41.155,37.9914],[41.1768,38.0634],[41.2088,38.0816],[41.2261,38.1967],[41.1751,38.2441],[41.1872,38.2891],[41.1748,38.3142],[41.2396,38.3715],[41.2401,38.4101],[41.2927,38.4493],[41.3558,38.4616],[41.3666,38.4833],[41.296,38.5122],[41.311,38.5365],[41.2893,38.5443],[41.2626,38.6498],[41.1193,38.6632],[41.1118,38.7014],[41.1392,38.7146],[41.0004,38.6706],[40.8115,38.5611],[40.7673,38.6001],[40.672,38.6013],[40.6034,38.5633],[40.4574,38.6184],[40.4433,38.5812],[40.3544,38.5325],[40.3549,38.4892],[40.1838,38.4554],[39.9374,38.4733],[39.8606,38.3622],[39.8045,38.3819],[39.7049,38.3401],[39.685,38.3507],[39.6594,38.3179],[39.5849,38.2917],[39.5395,38.24],[39.4684,38.3129],[39.3575,38.3275],[39.3125,38.3557],[39.2327,38.3028],[39.1514,38.2993],[39.1389,38.2311],[39.1117,38.1956],[39.1625,38.1835],[39.2201,38.2078],[39.2633,38.1528],[39.2223,38.0718],[39.1375,38.018]]]},"properties":{"iso3":"TUR","shapeId":"25984515B99670107521163","regionId":"TUR.26_1","name":"Diyarbakır"}},{"type":"Feature","geometry":{"type":"Polygon","coordinates":[[[31.8536,41.0083],[31.6323,41.051],[31.3231,41.0228],[31.293,41.1158],[30.9675,41.0748],[30.9548,41.0627],[31.0091,41.0482],[31.0041,41.0302],[30.9514,41.0011],[30.9627,40.986],[30.8969,40.9338],[30.8993,40.9167],[30.8243,40.9001],[30.8238,40.8839],[30.8794,40.87],[30.8684,40.8406],[30.9179,40.8313],[30.8395,40.8045],[30.8223,40.7739],[30.8395,40.7399],[30.8857,40.7495],[30.8924,40.7293],[30.941,40.711],[30.9186,40.6599],[30.9408,40.6504],[30.9399,40.6316],[31.0924,40.6548],[31.1895,40.6242],[31.2263,40.6231],[31.2473,40.644],[31.3028,40.629],[31.3858,40.6709],[31.4152,40.7628],[31.5456,40.8027],[31.533,40.8612],[31.6369,40.9136],[31.6501,40.9555],[31.7491,40.9879],[31.7807,40.9608],[31.8536,41.0083]]]},"properties":{"iso3":"TUR","shapeId":"25984515B87415935832289","regionId":"TUR.27_1","name":"Düzce"}},{"type":"Feature","geometry":{"type":"Polygon","coordinates":[[[26.8049,40.7266],[26.8111,40.7521],[26.7538,40.8135],[26.742,40.8608],[26.7117,40.88],[26.7148,40.9181],[26.7641,40.9446],[26.7196,40.9593],[26.7444,41.0184],[26.6933,41.0476],[26.7078,41.0746],[26.7974,41.0618],[26.8107,41.1072],[26.9517,41.1777],[26.93,41.2199],[26.9622,41.2376],[26.9231,41.2789],[26.9337,41.3094],[26.9174,41.3358],[26.8846,41.3434],[26.9081,41.3826],[26.8943,41.4372],[26.9797,41.5204],[26.9711,41.5347],[27.0067,41.5967],[26.9999,41.6313],[26.9561,41.6347],[26.9353,41.6043],[26.9042,41.6175],[26.9073,41.6573],[26.985,41.7037],[27.0263,41.791],[26.9651,41.879],[26.9865,41.9728],[26.9314,42.0028],[26.8423,41.969],[26.7872,41.9897],[26.7509,41.9583],[26.6237,41.9796],[26.5613,41.9257],[26.5843,41.9034],[26.5669,41.8858],[26.581,41.8737],[26.5387,41.8235],[26.3689,41.8208],[26.3295,41.7519],[26.3581,41.7081],[26.4918,41.6729],[26.4884,41.6541],[26.5295,41.6216],[26.5952,41.6102],[26.5977,41.4799],[26.6295,41.4175],[26.6323,41.3643],[26.5838,41.3221],[26.5183,41.3395],[26.405,41.2533],[26.3237,41.2539],[26.331,41.2188],[26.3066,41.1746],[26.3368,41.1434],[26.303,41.1135],[26.3354,41.1084],[26.3124,41.0715],[26.3666,41.0204],[26.3255,40.9846],[26.359,40.9453],[26.2854,40.9307],[26.2926,40.894],[26.2616,40.9152],[26.2498,40.8815],[26.2226,40.8903],[26.2042,40.8508],[26.22,40.8341],[26.1564,40.8088],[26.125,40.7427],[26.0364,40.7301],[26.0687,40.625],[26.1578,40.5895],[26.4145,40.599],[26.4585,40.6165],[26.5331,40.5919],[26.6096,40.6374],[26.7255,40.6425],[26.7359,40.6594],[26.7196,40.672],[26.7357,40.6842],[26.7079,40.6856],[26.7091,40.7062],[26.7888,40.7106],[26.8049,40.7266]]]},"properties":{"iso3":"TUR","shapeId":"25984515B68163725002210","regionId":"TUR.28_1","name":"Edirne"}},{"type":"Feature","geometry":{"type":"Polygon","coordinates":[[[39.9346,39.101],[39.8631,39.0537],[39.9016,39.0031],[39.8678,38.9394],[39.874,38.9156],[39.7979,38.8482],[39.7984,38.8211],[39.7181,38.834],[39.6939,38.82],[39.7037,38.8003],[39.6849,38.7993],[39.5834,38.8251],[39.5312,38.8175],[39.5086,38.7686],[39.4837,38.7632],[39.4368,38.7861],[39.3936,38.7732],[39.3708,38.8045],[39.3108,38.8182],[39.2608,38.8584],[39.0703,38.8895],[38.9157,38.8939],[38.8128,38.8748],[38.7414,38.8864],[38.7514,38.9288],[38.7924,38.9577],[38.7889,38.9969],[38.7568,39.0164],[38.7084,39.0133],[38.6698,39.0523],[38.6484,39.0395],[38.6525,39.0183],[38.6068,38.9994],[38.6242,38.9917],[38.5893,38.9816],[38.5992,38.9471],[38.57,38.9227],[38.6474,38.8202],[38.6536,38.7961],[38.6273,38.7743],[38.6455,38.7564],[38.6248,38.7442],[38.5332,38.7651],[38.4712,38.7502],[38.4672,38.6971],[38.4125,38.6843],[38.3658,38.6324],[38.3574,38.5518],[38.4686,38.4748],[38.5867,38.4445],[38.7083,38.4157],[38.8131,38.4435],[38.8902,38.3582],[38.9678,38.3189],[39.1063,38.3479],[39.1514,38.2993],[39.2327,38.3028],[39.3125,38.3557],[39.3575,38.3275],[39.4684,38.3129],[39.5395,38.24],[39.5849,38.2917],[39.6594,38.3179],[39.685,38.3507],[39.7049,38.3401],[39.8045,38.3819],[39.8606,38.3622],[39.9374,38.4733],[40.1838,38.4554],[40.2893,38.4737],[40.2328,38.5516],[40.1106,38.6168],[40.0915,38.6506],[40.1687,38.6753],[40.2291,38.7384],[40.2874,38.7384],[40.3334,38.7708],[40.318,38.813],[40.2358,38.8367],[40.2359,38.8593],[40.2639,38.8651],[40.224,38.8925],[40.2145,38.9357],[40.1802,38.9733],[40.2192,39.0174],[40.241,39.0873],[40.3021,39.1315],[40.301,39.149],[40.2733,39.181],[40.2234,39.1912],[40.1023,39.1517],[40.0242,39.0953],[39.9346,39.101]]]},"properties":{"iso3":"TUR","shapeId":"25984515B73855241915553","regionId":"TUR.29_1","name":"Elazığ"}},{"type":"Feature","geometry":{"type":"Polygon","coordinates":[[[39.8047,39.9307],[39.8167,39.9195],[39.7982,39.8971],[39.6943,39.886],[39.6531,39.8627],[39.6135,39.8975],[39.5589,39.8856],[39.5974,39.8362],[39.5539,39.8362],[39.5244,39.8792],[39.4471,39.8623],[39.1612,39.9416],[39.0892,40.0098],[38.9539,40.0589],[38.9214,40.0458],[38.768,40.0665],[38.763,40.0149],[38.7301,39.9935],[38.6434,40.003],[38.5499,39.9568],[38.4581,39.9857],[38.3889,39.918],[38.4067,39.8708],[38.4515,39.8267],[38.3566,39.7638],[38.352,39.7025],[38.3105,39.6467],[38.3479,39.5878],[38.2786,39.5429],[38.3001,39.4912],[38.3952,39.4186],[38.3664,39.3943],[38.3806,39.3717],[38.3306,39.3587],[38.3658,39.3036],[38.3679,39.2515],[38.3242,39.1528],[38.3888,39.1154],[38.4996,39.143],[38.5981,39.113],[38.7084,39.0133],[38.7656,39.0124],[38.7319,39.1286],[38.7735,39.1752],[38.7487,39.2041],[38.8847,39.2259],[38.9425,39.2579],[38.7947,39.2857],[38.7893,39.3216],[38.8135,39.348],[38.8671,39.3479],[38.9062,39.325],[38.9335,39.3242],[38.9554,39.3525],[38.9803,39.3382],[39.0436,39.3841],[39.075,39.4529],[39.2647,39.4885],[39.2845,39.4868],[39.2985,39.4544],[39.4285,39.5016],[39.4934,39.5],[39.5568,39.5232],[39.5364,39.4902],[39.5552,39.459],[39.582,39.4412],[39.625,39.4492],[39.8054,39.5271],[39.7888,39.5792],[39.8019,39.615],[40.0633,39.5506],[40.1718,39.5802],[40.2411,39.5698],[40.3626,39.5901],[40.4001,39.5722],[40.4487,39.5111],[40.5444,39.5299],[40.7559,39.5269],[40.743,39.5592],[40.7015,39.5578],[40.6531,39.5964],[40.6799,39.6608],[40.5394,39.7652],[40.5261,39.794],[40.5551,39.8106],[40.5697,39.8497],[40.5444,39.8437],[40.5205,39.8844],[40.4772,39.9026],[40.3644,39.935],[40.2898,39.9255],[40.2631,39.9405],[40.246,39.9603],[40.3011,40.0323],[40.1406,40.0289],[40.1125,40.0761],[40.0614,40.0831],[39.9179,40.0364],[39.8047,39.9307]]]},"properties":{"iso3":"TUR","shapeId":"25984515B21238382887484","regionId":"TUR.30_1","name":"Erzincan"}},{"type":"Feature","geometry":{"type":"Polygon","coordinates":[[[42.5567,39.9346],[42.5435,39.9618],[42.5613,39.9839],[42.5457,40.0047],[42.4437,40.057],[42.3633,40.1753],[42.3413,40.1621],[42.2988,40.1764],[42.2781,40.2148],[42.2253,40.2029],[42.1893,40.2421],[42.1551,40.2487],[42.1361,40.2329],[42.1007,40.2605],[42.1205,40.2675],[42.1087,40.2951],[42.134,40.3524],[42.2447,40.3474],[42.3258,40.3873],[42.3959,40.3631],[42.4464,40.3969],[42.4882,40.3918],[42.4792,40.4915],[42.4622,40.5132],[42.5096,40.5431],[42.5448,40.6042],[42.6024,40.6292],[42.6202,40.6801],[42.5808,40.7317],[42.5937,40.7464],[42.5638,40.7771],[42.4881,40.786],[42.5001,40.8037],[42.4775,40.8217],[42.4247,40.8166],[42.3936,40.7882],[42.3603,40.7924],[42.3354,40.8215],[42.3567,40.826],[42.3294,40.8261],[42.3641,40.8954],[42.3159,40.8826],[42.35,40.9211],[42.3316,40.9385],[42.2772,40.9228],[42.2303,40.945],[42.2185,40.973],[42.1509,40.9795],[42.1211,40.9643],[42.0755,40.9875],[42.0214,40.9747],[42.0056,40.9908],[41.9651,40.9804],[41.9308,40.9339],[41.8986,40.9381],[41.8496,40.8947],[41.8363,40.8595],[41.8692,40.8342],[41.8735,40.8059],[41.8453,40.7605],[41.8196,40.7563],[41.7976,40.6667],[41.5767,40.6904],[41.4752,40.6318],[41.4114,40.5694],[41.3172,40.5572],[41.3154,40.6359],[41.291,40.6819],[41.3782,40.7139],[41.307,40.7602],[41.2316,40.7694],[41.2019,40.8093],[41.232,40.8272],[41.218,40.8384],[41.1627,40.8093],[41.1224,40.8271],[41.1181,40.79],[41.0583,40.7691],[40.8747,40.7355],[40.8883,40.7125],[40.8269,40.6595],[40.8615,40.6284],[40.862,40.5921],[40.8274,40.573],[40.7944,40.5804],[40.7763,40.5528],[40.7652,40.5665],[40.7856,40.585],[40.7163,40.6055],[40.6466,40.5639],[40.5739,40.5555],[40.5948,40.5137],[40.565,40.489],[40.54,40.4017],[40.5756,40.4047],[40.6053,40.3759],[40.5776,40.3547],[40.5038,40.3741],[40.4839,40.3621],[40.5376,40.2995],[40.4997,40.272],[40.5433,40.2525],[40.5835,40.259],[40.6398,40.2125],[40.6937,40.2269],[40.6935,40.2023],[40.6675,40.1879],[40.7111,40.1527],[40.6693,40.141],[40.6491,40.1113],[40.5193,40.0849],[40.4766,40.029],[40.3008,40.0387],[40.2976,40.0103],[40.246,39.9603],[40.2898,39.9255],[40.3644,39.935],[40.4772,39.9026],[40.5205,39.8844],[40.5444,39.8437],[40.5697,39.8497],[40.5551,39.8106],[40.5261,39.794],[40.5394,39.7652],[40.6799,39.6608],[40.6531,39.5964],[40.7015,39.5578],[40.743,39.5592],[40.7559,39.5269],[40.634,39.5276],[40.5898,39.4966],[40.5739,39.4526],[40.7131,39.4077],[40.9091,39.4566],[40.9818,39.4563],[41.0025,39.4741],[41.0504,39.4527],[41.0612,39.4261],[41.1289,39.4324],[41.1666,39.4129],[41.1829,39.3872],[41.1676,39.3725],[41.2001,39.3616],[41.415,39.3534],[41.6167,39.2533],[41.6041,39.1834],[41.6182,39.1566],[41.7087,39.1677],[41.7325,39.1521],[41.8012,39.1731],[41.8186,39.2089],[41.96,39.2112],[42.0255,39.2526],[42.0504,39.2486],[42.0647,39.2728],[42.1457,39.2835],[42.1752,39.3249],[42.1984,39.3092],[42.2325,39.3454],[42.1989,39.3581],[42.1793,39.3944],[42.2125,39.4277],[42.3259,39.4752],[42.373,39.5061],[42.384,39.5379],[42.4834,39.5488],[42.4763,39.5748],[42.505,39.5881],[42.5005,39.6243],[42.5203,39.6359],[42.4588,39.7186],[42.3022,39.7713],[42.2802,39.831],[42.3164,39.8573],[42.3013,39.8677],[42.3119,39.8786],[42.3566,39.8641],[42.4315,39.8983],[42.4357,39.9243],[42.4947,39.904],[42.5567,39.9346]]]},"properties":{"iso3":"TUR","shapeId":"25984515B50530672954016","regionId":"TUR.31_1","name":"Erzurum"}},{"type":"Feature","geometry":{"type":"Polygon","coordinates":[[[31.5925,39.0433],[31.6625,39.0634],[31.7277,39.0551],[31.7683,39.1134],[31.8392,39.1342],[31.8196,39.1595],[31.8299,39.1783],[31.8857,39.1819],[31.9674,39.2467],[32.0088,39.2261],[31.9475,39.2757],[32.0115,39.3252],[31.9724,39.3569],[31.9921,39.3754],[31.9708,39.3944],[31.9931,39.4278],[31.998,39.497],[31.9664,39.5124],[31.9735,39.5317],[31.9479,39.5629],[31.9469,39.5397],[31.8984,39.5437],[31.8919,39.5749],[31.9061,39.5804],[31.8855,39.5986],[31.9436,39.6345],[31.9185,39.666],[31.8391,39.672],[31.7647,39.7226],[31.7888,39.7832],[31.8298,39.7845],[31.8516,39.8417],[31.8801,39.8321],[31.9001,39.8559],[31.8507,39.8495],[31.8725,39.8709],[31.8598,39.8824],[31.7901,39.8821],[31.7397,39.9339],[31.7356,39.9717],[31.699,39.9775],[31.7126,40.0215],[31.6592,40.0087],[31.6691,40.0521],[31.613,40.0222],[31.5347,40.037],[31.505,40.0206],[31.4631,40.045],[31.4015,40.0169],[31.3919,40.0617],[31.3418,40.0459],[31.2676,40.0632],[31.1885,40.0466],[31.1154,40.0716],[31.101,40.054],[30.9381,40.0294],[30.8547,40.0613],[30.819,40.1419],[30.7156,40.1562],[30.6804,40.1873],[30.6619,40.164],[30.5337,40.1219],[30.5368,40.102],[30.4495,40.0111],[30.3807,40.0126],[30.3831,40.0247],[30.3413,39.9781],[30.3643,39.9613],[30.3524,39.9397],[30.2907,39.9532],[30.2912,39.9027],[30.3194,39.867],[30.2946,39.8405],[30.2207,39.8626],[30.1239,39.8502],[29.9978,39.7547],[29.992,39.7007],[30.0488,39.6556],[30.2235,39.684],[30.2096,39.6541],[30.2343,39.5938],[30.3401,39.529],[30.3364,39.4357],[30.3906,39.4139],[30.3437,39.3745],[30.3934,39.3161],[30.3937,39.271],[30.4462,39.2205],[30.4962,39.2276],[30.5481,39.1146],[30.5797,39.0967],[30.6688,39.0896],[30.6934,39.0554],[30.7348,39.0476],[30.7846,39.0714],[30.7971,39.1161],[30.918,39.1203],[30.9208,39.1387],[30.8779,39.1792],[30.8915,39.2134],[30.9393,39.217],[31.0249,39.1847],[31.1031,39.2044],[31.0708,39.2388],[31.1104,39.2599],[31.2585,39.2357],[31.322,39.267],[31.3176,39.2207],[31.3363,39.193],[31.4522,39.1654],[31.4475,39.1132],[31.5411,39.0764],[31.5446,39.0441],[31.5925,39.0433]]]},"properties":{"iso3":"TUR","shapeId":"25984515B12971548112787","regionId":"TUR.32_1","name":"Eskişehir"}},{"type":"Feature","geometry":{"type":"Polygon","coordinates":[[[37.6038,37.4835],[37.5712,37.4775],[37.5067,37.4018],[37.4515,37.3927],[37.4451,37.3708],[37.3762,37.3307],[37.2306,37.324],[37.1655,37.254],[37.0698,37.1949],[37.0056,37.181],[37.0095,37.2334],[36.9689,37.2664],[36.9675,37.2929],[36.8906,37.3231],[36.838,37.2434],[36.6931,37.2162],[36.6795,37.184],[36.6257,37.1537],[36.6176,37.1186],[36.5735,37.0925],[36.5623,37.0513],[36.4607,36.9788],[36.4428,36.9331],[36.4942,36.893],[36.6652,36.8268],[36.7113,36.8255],[36.7205,36.8573],[36.8149,36.9199],[36.8826,36.8959],[36.8802,36.9274],[36.9269,36.956],[36.9509,37.0138],[36.9937,37.0346],[37.017,36.996],[37.064,36.996],[37.0491,36.9721],[37.0723,36.964],[37.0614,36.9452],[37.0892,36.9043],[37.2981,36.8597],[37.3059,36.7694],[37.3691,36.7238],[37.3927,36.7285],[37.3844,36.7488],[37.401,36.7688],[37.3826,36.7758],[37.3807,36.8041],[37.4047,36.807],[37.4094,36.8265],[37.4493,36.8135],[37.458,36.7857],[37.493,36.7841],[37.4914,36.752],[37.5393,36.7427],[37.5727,36.7058],[37.6593,36.7494],[37.7823,36.7493],[37.9407,36.8186],[38.025,36.8303],[38.0386,36.8833],[37.9516,37.0336],[37.9813,37.0471],[37.9228,37.0403],[37.8742,37.0643],[37.8757,37.1406],[37.8352,37.2067],[37.8403,37.2239],[37.8824,37.2176],[37.8409,37.2678],[37.8615,37.3151],[37.888,37.3266],[37.8742,37.3426],[37.9751,37.435],[38.0626,37.4291],[38.0797,37.4611],[37.8377,37.4698],[37.7315,37.5271],[37.6401,37.5166],[37.6292,37.488],[37.6038,37.4835]]]},"properties":{"iso3":"TUR","shapeId":"25984515B63001774148772","regionId":"TUR.33_1","name":"Gaziantep"}},{"type":"Feature","geometry":{"type":"MultiPolygon","coordinates":[[[[38.9539,40.0589],[38.9363,40.0866],[38.964,40.1027],[38.887,40.1457],[38.8731,40.1912],[38.9084,40.2227],[38.9077,40.2468],[38.9489,40.2648],[39.0133,40.335],[39.0747,40.3611],[39.0697,40.3785],[39.0273,40.3861],[38.9814,40.456],[38.767,40.4997],[38.7505,40.5298],[38.8333,40.6169],[38.9699,40.5948],[38.9707,40.6636],[38.9301,40.6961],[38.9512,40.7073],[38.9295,40.737],[38.9549,40.7692],[39.0111,40.7621],[39.0087,40.816],[39.0811,40.8373],[39.1374,40.7764],[39.1233,40.8271],[39.1488,40.8452],[39.1544,40.8865],[39.1348,40.9088],[39.1498,40.9547],[39.1315,40.9898],[39.1806,41.0737],[39.0287,41.0332],[38.9209,41.0403],[38.8714,41.0112],[38.7926,41.0012],[38.7143,40.9505],[38.6251,40.9735],[38.5305,40.9174],[38.3899,40.925],[38.3582,40.9092],[38.283,40.9456],[38.1899,40.939],[38.116,40.958],[38.078,40.8997],[38.0184,40.8839],[38.0046,40.8171],[38.0483,40.7832],[37.9604,40.7467],[37.9748,40.7058],[37.9625,40.6832],[38.0129,40.6725],[38.0059,40.6383],[38.0354,40.598],[38.0971,40.5729],[38.1076,40.5125],[38.1289,40.5042],[38.1596,40.5248],[38.1904,40.509],[38.1474,40.3495],[38.1861,40.292],[38.1771,40.2654],[38.2021,40.2611],[38.165,40.2215],[38.3234,40.1862],[38.3248,40.169],[38.4006,40.1502],[38.4152,40.1232],[38.4411,40.1301],[38.4468,40.163],[38.464,40.1666],[38.5345,40.1533],[38.51,40.1199],[38.5568,40.1135],[38.5615,40.0946],[38.6546,40.1081],[38.6577,40.0833],[38.7265,40.0898],[38.7748,40.0647],[38.9214,40.0458],[38.9539,40.0589]]],[[[38.4372,40.9284],[38.4371,40.9307],[38.4353,40.9293],[38.4372,40.9284]]]]},"properties":{"iso3":"TUR","shapeId":"25984515B57211123653900","regionId":"TUR.34_1","name":"Giresun"}},{"type":"Feature","geometry":{"type":"Polygon","coordinates":[[[40.1033,40.5415],[40.0752,40.5844],[40.0902,40.6098],[40.0774,40.632],[40.0558,40.6252],[40.0396,40.6512],[39.9912,40.6468],[40.002,40.5813],[40.0349,40.564],[39.9671,40.5289],[39.9195,40.5589],[39.9185,40.606],[39.8424,40.6115],[39.8238,40.6731],[39.8549,40.7175],[39.8415,40.743],[39.7696,40.7242],[39.7488,40.6552],[39.7115,40.6216],[39.6145,40.6266],[39.5646,40.6001],[39.434,40.6269],[39.417,40.6583],[39.3408,40.6912],[39.3294,40.7237],[39.2415,40.722],[39.1976,40.7518],[39.1536,40.7262],[39.1423,40.7697],[39.0811,40.8373],[39.0087,40.816],[39.0111,40.7621],[38.9549,40.7692],[38.9324,40.7435],[38.9512,40.7073],[38.9301,40.6961],[38.9707,40.6636],[38.9646,40.5896],[38.8333,40.6169],[38.7505,40.5298],[38.767,40.4997],[38.9814,40.456],[39.0273,40.3861],[39.0697,40.3785],[39.0747,40.3611],[39.0133,40.335],[38.9489,40.2648],[38.9077,40.2468],[38.9084,40.2227],[38.8731,40.1912],[38.887,40.1457],[38.964,40.1027],[38.9363,40.0866],[38.957,40.0558],[39.0892,40.0098],[39.1262,39.9862],[39.1405,39.9493],[39.2716,39.9218],[39.2941,39.893],[39.4694,39.859],[39.5244,39.8792],[39.5434,39.8409],[39.5974,39.8362],[39.5589,39.8856],[39.6135,39.8975],[39.6531,39.8627],[39.6943,39.886],[39.7982,39.8971],[39.8167,39.9195],[39.6908,40.0024],[39.663,40.0968],[39.8537,40.2171],[39.8492,40.2766],[39.802,40.3064],[39.8873,40.445],[39.9623,40.4894],[40.0686,40.5025],[40.1033,40.5415]]]},"properties":{"iso3":"TUR","shapeId":"25984515B36227448932647","regionId":"TUR.35_1","name":"Gümüşhane"}},{"type":"Feature","geometry":{"type":"Polygon","coordinates":[[[43.3314,37.3271],[43.3611,37.3276],[43.4985,37.2424],[43.566,37.2576],[43.6425,37.2172],[43.6891,37.2353],[43.7897,37.2291],[43.8304,37.1931],[43.8543,37.2244],[43.9194,37.2248],[43.9578,37.2715],[43.9547,37.2922],[43.9931,37.2988],[44.0185,37.3278],[44.126,37.3228],[44.229,37.2824],[44.2684,37.2444],[44.278,37.167],[44.2227,37.1589],[44.1851,37.0979],[44.2294,37.053],[44.2183,37.0354],[44.2511,36.9828],[44.3095,36.9629],[44.3673,37.0246],[44.3495,37.0402],[44.3586,37.0523],[44.4668,37.0741],[44.6268,37.1898],[44.7596,37.1669],[44.7843,37.1438],[44.7576,37.2283],[44.8148,37.2822],[44.7992,37.3101],[44.7324,37.3422],[44.7215,37.3757],[44.6574,37.3859],[44.6309,37.4316],[44.5798,37.4476],[44.6144,37.6022],[44.5682,37.6448],[44.6304,37.7063],[44.555,37.7805],[44.4525,37.7667],[44.4484,37.8066],[44.3111,37.7773],[44.2119,37.7299],[44.1028,37.7203],[44.082,37.7396],[44.0891,37.7807],[44.0538,37.8106],[43.8454,37.7517],[43.6782,37.7728],[43.4992,37.7418],[43.4755,37.632],[43.3959,37.5438],[43.3079,37.536],[43.3065,37.4902],[43.3419,37.4018],[43.3314,37.3271]]]},"properties":{"iso3":"TUR","shapeId":"25984515B57889067347253","regionId":"TUR.36_1","name":"Hakkari"}},{"type":"Feature","geometry":{"type":"Polygon","coordinates":[[[35.9435,36.8895],[36.007,36.9306],[36.136,36.867],[36.2041,36.7864],[36.187,36.7803],[36.2063,36.7738],[36.1872,36.7266],[36.2023,36.7225],[36.1838,36.7239],[36.2119,36.6423],[36.1892,36.5932],[36.149,36.591],[36.0369,36.5337],[35.9828,36.4745],[35.9018,36.4387],[35.8546,36.3703],[35.8156,36.3605],[35.7802,36.3219],[35.7805,36.2986],[35.8991,36.155],[35.9796,36.0161],[35.9223,35.9551],[35.9225,35.9223],[36.0065,35.9408],[36.0179,35.921],[35.9995,35.88],[36.1129,35.862],[36.1539,35.8077],[36.1939,35.9441],[36.2945,35.9564],[36.2903,36.0106],[36.3392,35.9885],[36.3762,36.0116],[36.3903,36.0821],[36.3705,36.1167],[36.3891,36.146],[36.3654,36.167],[36.4004,36.1926],[36.3818,36.2168],[36.4651,36.1969],[36.5024,36.2423],[36.6247,36.2143],[36.6229,36.2382],[36.6651,36.2289],[36.6949,36.2452],[36.6791,36.2713],[36.6951,36.295],[36.6563,36.2981],[36.6573,36.3376],[36.6297,36.3448],[36.6052,36.3273],[36.5992,36.3496],[36.6187,36.3575],[36.5968,36.3725],[36.606,36.3923],[36.5663,36.419],[36.5437,36.4843],[36.5914,36.5855],[36.5736,36.6591],[36.6287,36.7054],[36.6129,36.7455],[36.6717,36.7995],[36.6715,36.821],[36.6274,36.8539],[36.4942,36.893],[36.4428,36.9331],[36.369,36.9317],[36.2354,36.9647],[36.206,36.9781],[36.2159,37.0044],[36.0428,37.0043],[35.9474,36.9336],[35.9435,36.8895]]]},"properties":{"iso3":"TUR","shapeId":"25984515B95117543422129","regionId":"TUR.37_1","name":"Hatay"}},{"type":"Feature","geometry":{"type":"Polygon","coordinates":[[[44.4672,39.6841],[44.6147,39.7825],[44.6617,39.7181],[44.7151,39.7143],[44.8094,39.6273],[44.8177,39.6517],[44.7991,39.6579],[44.8013,39.6844],[44.7476,39.7164],[44.7444,39.7437],[44.6873,39.772],[44.6944,39.7931],[44.6564,39.7923],[44.6119,39.8146],[44.6172,39.8282],[44.5945,39.8244],[44.592,39.8591],[44.4814,39.9663],[44.2744,40.0494],[44.1731,40.0273],[43.8967,40.0214],[43.7671,40.0836],[43.6783,40.0961],[43.6487,40.1312],[43.4787,40.1057],[43.3755,40.1306],[43.3464,40.1177],[43.358,40.0439],[43.3213,40.043],[43.2843,40.0023],[43.3785,39.9817],[43.3663,39.925],[43.4047,39.871],[43.4246,39.7872],[43.4537,39.771],[43.4925,39.7884],[43.5161,39.8349],[43.5492,39.8409],[43.6089,39.8008],[43.7455,39.7668],[43.8258,39.7803],[43.9764,39.7476],[43.9988,39.7278],[44.1346,39.7429],[44.32,39.6672],[44.4413,39.6625],[44.4672,39.6841]]]},"properties":{"iso3":"TUR","shapeId":"25984515B20089439873245","regionId":"TUR.38_1","name":"Iğdır"}},{"type":"Feature","geometry":{"type":"Polygon","coordinates":[[[30.0926,37.7992],[30.2579,37.7888],[30.3241,37.8102],[30.3266,37.8363],[30.3808,37.8454],[30.4408,37.7944],[30.4413,37.7327],[30.4979,37.6939],[30.572,37.7069],[30.6493,37.6716],[30.7346,37.6737],[30.8391,37.4318],[30.8628,37.4333],[30.9089,37.3998],[30.9138,37.3724],[30.9819,37.3439],[31.1786,37.3861],[31.2489,37.4261],[31.3155,37.4158],[31.3448,37.5445],[31.3345,37.5842],[31.2729,37.6334],[31.3791,37.702],[31.4317,37.7056],[31.4228,37.7453],[31.4581,37.8205],[31.439,37.9145],[31.5024,37.9663],[31.5088,38.0035],[31.5394,38.031],[31.5224,38.1038],[31.5314,38.1597],[31.4925,38.1953],[31.3959,38.1902],[31.3487,38.2155],[31.3272,38.2405],[31.3197,38.3079],[31.2586,38.3769],[31.1857,38.3858],[31.2021,38.4353],[31.1382,38.4619],[31.1324,38.5016],[30.9994,38.506],[30.9582,38.4273],[30.8112,38.3785],[30.7826,38.3013],[30.6437,38.2283],[30.4742,38.1978],[30.417,38.1411],[30.3826,38.0601],[30.1917,37.9793],[30.1566,37.9222],[30.1553,37.8596],[30.0926,37.7992]]]},"properties":{"iso3":"TUR","shapeId":"25984515B9026957888422","regionId":"TUR.39_1","name":"Isparta"}},{"type":"Feature","geometry":{"type":"MultiPolygon","coordinates":[[[[29.2729,40.7907],[29.2753,40.791],[29.2744,40.7922],[29.2758,40.7927],[29.2731,40.792],[29.2729,40.7907]]],[[[29.1122,40.8195],[29.1137,40.818],[29.1135,40.8205],[29.1113,40.8205],[29.1122,40.8195]]],[[[29.9182,41.1415],[29.846,41.1386],[29.6074,41.1821],[29.564,41.1736],[29.2564,41.2353],[29.1654,41.2245],[29.0735,41.1646],[29.0712,41.1432],[29.0973,41.1206],[29.0662,41.1027],[29.052,41.0481],[29.0095,41.026],[29.0067,41.0073],[29.0322,40.9668],[29.0948,40.952],[29.1442,40.9017],[29.2871,40.8548],[29.2822,40.8343],[29.2678,40.8497],[29.2798,40.8265],[29.2571,40.8027],[29.34,40.8107],[29.363,40.8171],[29.3673,40.8629],[29.4534,40.9092],[29.4374,40.938],[29.5065,40.9881],[29.4929,41.0083],[29.5086,41.0417],[29.5978,41.0285],[29.6059,40.9827],[29.6767,40.9644],[29.7184,41.0036],[29.6964,41.0226],[29.7044,41.0345],[29.832,41.0147],[29.8804,41.042],[29.8915,41.093],[29.9545,41.0801],[29.955,41.0987],[29.915,41.101],[29.9182,41.1415]]],[[[29.1265,40.8471],[29.1343,40.875],[29.1072,40.8609],[29.1127,40.8391],[29.1265,40.8471]]],[[[29.1482,40.848],[29.1432,40.8557],[29.1408,40.8501],[29.1458,40.8468],[29.1482,40.848]]],[[[28.9956,40.8656],[28.9902,40.8663],[28.9935,40.8632],[28.9966,40.8647],[28.9956,40.8656]]],[[[28.9712,40.8743],[28.9742,40.8747],[28.9732,40.8771],[28.9694,40.8756],[28.9695,40.8741],[28.9712,40.8743]]],[[[29.0832,40.8769],[29.076,40.874],[29.0752,40.8685],[29.0833,40.8675],[29.0825,40.8704],[29.0853,40.8716],[29.0884,40.8704],[29.0872,40.8681],[29.0972,40.8695],[29.104,40.8734],[29.1015,40.8735],[29.1022,40.8751],[29.1041,40.874],[29.0972,40.8847],[29.0888,40.8832],[29.0903,40.8804],[29.0832,40.8769]]],[[[29.0556,40.9088],[29.056,40.9108],[29.0512,40.9145],[29.0433,40.9139],[29.0392,40.9118],[29.0419,40.9076],[29.0458,40.9053],[29.0455,40.9026],[29.054,40.9032],[29.0573,40.9066],[29.0556,40.9088]]],[[[29.0574,40.8841],[29.0523,40.8782],[29.0563,40.8752],[29.0639,40.8739],[29.0724,40.8789],[29.0697,40.8804],[29.0695,40.8846],[29.0563,40.8867],[29.0574,40.8841]]],[[[29.0772,40.8823],[29.0764,40.8812],[29.0781,40.8826],[29.0787,40.8848],[29.0773,40.8857],[29.0761,40.8847],[29.0772,40.8823]]],[[[28.0134,41.0343],[28.2362,41.0775],[28.4132,41.0435],[28.5415,40.9845],[28.5723,41.0242],[28.5996,41.0092],[28.6003,40.9621],[28.6719,40.9572],[28.7748,40.977],[28.7702,40.9898],[28.83,40.9547],[28.892,40.9893],[28.9855,41.0058],[28.94,41.0423],[28.9438,41.0648],[28.939,41.0493],[28.9699,41.0224],[29.0328,41.0497],[29.0719,41.1234],[29.0364,41.1569],[29.104,41.2052],[29.1162,41.234],[29.078,41.2546],[29.0011,41.2471],[28.8737,41.277],[28.7696,41.3245],[28.6195,41.3569],[28.2723,41.4962],[28.1443,41.5906],[28.118,41.5634],[28.1195,41.5342],[28.0703,41.5089],[28.1112,41.4658],[28.1222,41.4099],[28.1008,41.4039],[28.0811,41.2988],[27.9997,41.2391],[28.0233,41.1813],[27.9787,41.1524],[27.9742,41.0426],[28.0134,41.0343]]],[[[28.9363,41.0524],[28.9366,41.0512],[28.9385,41.0525],[28.9374,41.0534],[28.9363,41.0524]]],[[[28.9402,41.0536],[28.9417,41.055],[28.9399,41.055],[28.9402,41.0536]]],[[[29.2269,41.2337],[29.2282,41.2341],[29.2271,41.2349],[29.2269,41.2337]]]]},"properties":{"iso3":"TUR","shapeId":"25984515B18786507826220","regionId":"TUR.40_1","name":"İstanbul"}},{"type":"Feature","geometry":{"type":"MultiPolygon","coordinates":[[[[28.4851,38.1226],[28.4334,38.1758],[28.4895,38.2007],[28.4815,38.255],[28.4052,38.2673],[28.3749,38.2547],[28.3565,38.2981],[28.3129,38.3222],[28.284,38.3117],[28.2338,38.3298],[28.2108,38.3133],[28.189,38.3688],[28.1434,38.3616],[28.083,38.4069],[27.9601,38.3786],[27.9099,38.4186],[27.8665,38.3816],[27.8884,38.3397],[27.8589,38.308],[27.8179,38.3067],[27.7962,38.3388],[27.755,38.3287],[27.7357,38.3627],[27.7092,38.3654],[27.7001,38.4501],[27.6205,38.5039],[27.5478,38.4536],[27.4511,38.549],[27.3956,38.5596],[27.3521,38.5338],[27.243,38.5757],[27.2278,38.6408],[27.2399,38.6496],[27.2026,38.6819],[27.2235,38.7118],[27.1479,38.7443],[27.1127,38.8002],[27.1846,38.8212],[27.1587,38.8531],[27.1687,38.8744],[27.1886,38.8803],[27.2245,38.8518],[27.2304,38.9032],[27.3013,38.9281],[27.3338,38.9171],[27.3463,38.9513],[27.3939,38.9428],[27.4022,38.9229],[27.4548,38.9302],[27.4877,39.007],[27.5309,39.0325],[27.5638,39.026],[27.495,39.1163],[27.5054,39.1306],[27.4393,39.1577],[27.4485,39.1856],[27.4796,39.1999],[27.4804,39.2681],[27.4635,39.3069],[27.4079,39.3288],[27.4019,39.3706],[27.3765,39.3855],[27.2937,39.3765],[27.2248,39.3399],[27.2177,39.368],[27.1841,39.378],[27.1058,39.3652],[27.0665,39.3243],[27.0109,39.3086],[26.9988,39.2746],[26.9315,39.2916],[26.8786,39.2361],[26.8307,39.234],[26.7686,39.1667],[26.8383,39.1398],[26.8877,39.0754],[26.7991,39.0318],[26.7993,39.0156],[26.8165,39.0254],[26.7972,38.996],[26.8021,38.9509],[26.859,38.9143],[26.9191,38.9398],[27.0191,38.9133],[27.0029,38.9176],[27.0435,38.9412],[27.0573,38.9143],[27.037,38.8954],[27.066,38.8792],[27.0327,38.8549],[27.0259,38.8727],[26.9704,38.8464],[26.9734,38.8058],[26.9422,38.8123],[26.9445,38.836],[26.8926,38.8242],[26.9394,38.7646],[26.9073,38.7664],[26.8955,38.7341],[26.8575,38.7529],[26.8367,38.7422],[26.8238,38.7622],[26.7808,38.7364],[26.7399,38.7415],[26.7287,38.6952],[26.7549,38.669],[26.7228,38.6521],[26.7662,38.641],[26.7567,38.6159],[26.7998,38.6111],[26.8305,38.5781],[26.8402,38.5877],[26.8468,38.5602],[26.8323,38.5674],[26.8139,38.5437],[26.9085,38.4867],[26.9521,38.4437],[26.9439,38.4279],[26.9675,38.45],[26.9722,38.4338],[26.9736,38.4549],[27.0595,38.4741],[27.1121,38.4487],[27.1589,38.467],[27.1681,38.4412],[27.1488,38.4472],[27.0868,38.3987],[27.0175,38.4181],[26.8032,38.3551],[26.7648,38.368],[26.7355,38.4293],[26.7069,38.4344],[26.6755,38.3922],[26.6887,38.3514],[26.673,38.3465],[26.7037,38.3197],[26.6745,38.3113],[26.6437,38.3399],[26.6443,38.3721],[26.611,38.4227],[26.584,38.4274],[26.604,38.4515],[26.5863,38.4693],[26.6401,38.4658],[26.6246,38.5313],[26.5692,38.559],[26.5619,38.602],[26.5236,38.6296],[26.5228,38.6499],[26.4171,38.6806],[26.3606,38.6596],[26.3532,38.638],[26.3717,38.5308],[26.4121,38.494],[26.3931,38.4474],[26.4352,38.4775],[26.5158,38.4278],[26.4913,38.4007],[26.451,38.4279],[26.4832,38.376],[26.3962,38.3204],[26.3852,38.3493],[26.3753,38.3089],[26.3446,38.3337],[26.3185,38.3303],[26.3153,38.3766],[26.3015,38.3553],[26.2845,38.3768],[26.3033,38.3209],[26.2813,38.3229],[26.2726,38.2904],[26.234,38.2938],[26.2303,38.2739],[26.2862,38.265],[26.3354,38.2259],[26.3666,38.2276],[26.3917,38.2608],[26.3893,38.224],[26.4303,38.1983],[26.4195,38.2215],[26.4431,38.2184],[26.4583,38.1917],[26.4908,38.1954],[26.4968,38.1777],[26.5182,38.1879],[26.5313,38.1281],[26.5606,38.118],[26.5715,38.1439],[26.5924,38.1032],[26.6136,38.1105],[26.6014,38.1471],[26.6236,38.1384],[26.6359,38.2079],[26.7572,38.2221],[26.7889,38.1993],[26.7724,38.197],[26.7747,38.1616],[26.7969,38.1731],[26.8243,38.1584],[26.865,38.0326],[26.9024,38.0629],[26.9835,38.0739],[27.1315,37.9871],[27.2385,37.9857],[27.3169,37.8722],[27.3787,37.8781],[27.3897,37.8152],[27.4406,37.8387],[27.427,37.8786],[27.4592,37.8963],[27.456,37.9265],[27.5021,37.9375],[27.4732,37.9665],[27.524,38.0078],[27.6223,38.0075],[27.6227,37.9723],[27.653,37.9625],[27.7332,37.9812],[27.7553,37.9492],[27.7776,37.975],[27.8561,37.9704],[27.8796,38.0123],[27.9062,38.0149],[27.9003,37.9933],[27.9659,37.9994],[28.0074,37.9658],[28.0516,38.039],[28.1414,38.0225],[28.1582,38.0493],[28.2793,38.0332],[28.3098,38.0548],[28.3012,38.078],[28.3318,38.101],[28.3317,38.1222],[28.366,38.1293],[28.3754,38.1078],[28.4363,38.0877],[28.4851,38.1226]]],[[[26.8643,38.029],[26.8663,38.0285],[26.8669,38.0315],[26.8643,38.029]]],[[[26.8328,38.1256],[26.8301,38.1268],[26.83,38.1242],[26.832,38.1241],[26.8328,38.1256]]],[[[27.0826,38.0133],[27.0829,38.0142],[27.0814,38.0133],[27.0826,38.0133]]],[[[26.8847,38.0224],[26.8811,38.0238],[26.8803,38.021],[26.8819,38.0205],[26.8847,38.0224]]],[[[26.4334,38.1949],[26.4343,38.1973],[26.4322,38.1985],[26.4281,38.195],[26.4334,38.1935],[26.4334,38.1949]]],[[[26.437,38.1871],[26.4375,38.1834],[26.4395,38.1833],[26.4398,38.1866],[26.4377,38.1881],[26.437,38.1871]]],[[[26.8028,38.1584],[26.8054,38.164],[26.8014,38.1617],[26.8007,38.158],[26.8028,38.1584]]],[[[26.4479,38.1965],[26.4515,38.1981],[26.4523,38.201],[26.4424,38.1998],[26.4418,38.1984],[26.445,38.1987],[26.4479,38.1965]]],[[[26.7716,38.1992],[26.7689,38.2008],[26.7701,38.1983],[26.7716,38.1992]]],[[[26.2081,38.2949],[26.2106,38.2907],[26.2092,38.2979],[26.2081,38.2949]]],[[[26.6752,38.3298],[26.6793,38.3303],[26.6781,38.3338],[26.6742,38.3322],[26.6752,38.3298]]],[[[26.4565,38.3602],[26.4579,38.3626],[26.4541,38.3683],[26.4498,38.3675],[26.4461,38.3645],[26.4528,38.3598],[26.4565,38.3602]]],[[[26.7831,38.3672],[26.7876,38.3711],[26.7886,38.3742],[26.7919,38.3752],[26.7893,38.3777],[26.7857,38.3768],[26.7831,38.3672]]],[[[26.4643,38.3752],[26.4665,38.3759],[26.4659,38.3821],[26.4616,38.3744],[26.4643,38.3752]]],[[[26.45,38.3862],[26.4488,38.3901],[26.448,38.3879],[26.45,38.3862]]],[[[26.4482,38.3917],[26.4492,38.3953],[26.4469,38.3915],[26.4482,38.3917]]],[[[26.7883,38.395],[26.7918,38.3961],[26.7894,38.3998],[26.784,38.3948],[26.7856,38.3931],[26.7883,38.395]]],[[[26.4652,38.3871],[26.4681,38.391],[26.4663,38.3925],[26.4643,38.4024],[26.4626,38.4012],[26.462,38.3961],[26.4652,38.3871]]],[[[26.7509,38.4001],[26.7495,38.4],[26.752,38.3978],[26.7552,38.398],[26.7538,38.4005],[26.7509,38.4001]]],[[[26.4915,38.4041],[26.4928,38.4048],[26.4903,38.4055],[26.4901,38.4035],[26.4915,38.4041]]],[[[26.7683,38.4104],[26.7703,38.4045],[26.7734,38.4089],[26.7683,38.4104]]],[[[26.3155,38.4168],[26.3099,38.4188],[26.3086,38.4176],[26.3118,38.4148],[26.3155,38.4168]]],[[[26.3088,38.4201],[26.3106,38.4194],[26.3077,38.4235],[26.3088,38.4201]]],[[[26.3675,38.4285],[26.3681,38.4275],[26.3709,38.4296],[26.3734,38.4349],[26.3695,38.4365],[26.3692,38.438],[26.3676,38.4365],[26.3675,38.4285]]],[[[26.3436,38.4234],[26.3431,38.4214],[26.3447,38.4218],[26.3436,38.4234]]],[[[26.3284,38.4369],[26.354,38.4254],[26.3598,38.4563],[26.3284,38.4369]]],[[[26.3734,38.4309],[26.3747,38.4295],[26.3729,38.4273],[26.3752,38.4283],[26.3775,38.4274],[26.3766,38.4256],[26.3804,38.426],[26.3837,38.4231],[26.3883,38.4224],[26.389,38.4252],[26.385,38.4312],[26.3861,38.4334],[26.3883,38.4332],[26.3866,38.4351],[26.3842,38.4357],[26.3821,38.4351],[26.3822,38.433],[26.3747,38.4325],[26.3734,38.4309]]],[[[26.7935,38.4068],[26.7961,38.4081],[26.7989,38.4071],[26.7958,38.4154],[26.7922,38.41],[26.7935,38.4068]]],[[[26.7855,38.4155],[26.7822,38.4185],[26.781,38.4176],[26.7816,38.4155],[26.7855,38.4155]]],[[[26.9755,38.4431],[26.9766,38.4448],[26.975,38.4449],[26.9755,38.4431]]],[[[26.7608,38.4382],[26.7641,38.4355],[26.7757,38.4407],[26.7746,38.4463],[26.7715,38.4484],[26.7729,38.4525],[26.771,38.4543],[26.7668,38.4553],[26.7598,38.4537],[26.7582,38.4416],[26.7608,38.4382]]],[[[27.0316,38.4647],[27.0327,38.4627],[27.0367,38.4637],[27.0316,38.4647]]],[[[26.6977,38.5472],[26.6951,38.4789],[26.7417,38.459],[26.7279,38.5315],[26.6977,38.5472]]],[[[26.5156,38.6577],[26.5198,38.6587],[26.5173,38.6606],[26.5186,38.6633],[26.511,38.6587],[26.512,38.6567],[26.5156,38.6577]]],[[[26.7101,38.6931],[26.7209,38.6874],[26.7235,38.6837],[26.7271,38.6838],[26.7242,38.6838],[26.7219,38.6866],[26.7253,38.6912],[26.7246,38.6931],[26.7177,38.6931],[26.7081,38.7026],[26.7089,38.6994],[26.7074,38.698],[26.7089,38.6978],[26.7075,38.6969],[26.7088,38.6972],[26.7077,38.6967],[26.7101,38.6931]]],[[[26.7252,38.6767],[26.7238,38.675],[26.7273,38.6709],[26.7294,38.673],[26.7252,38.6767]]],[[[26.714,38.677],[26.7113,38.6752],[26.7122,38.6739],[26.7182,38.6764],[26.7184,38.6777],[26.714,38.677]]],[[[26.7325,38.7325],[26.7338,38.7322],[26.7336,38.7341],[26.7325,38.7325]]],[[[26.8789,38.8534],[26.8765,38.8519],[26.8766,38.848],[26.8788,38.8473],[26.8804,38.8486],[26.883,38.8464],[26.8863,38.8469],[26.8873,38.8541],[26.8831,38.8559],[26.8789,38.8534]]],[[[26.8925,38.8624],[26.894,38.8663],[26.8915,38.8643],[26.8925,38.8624]]],[[[27.0321,38.8792],[27.0336,38.8796],[27.0327,38.8807],[27.0321,38.8792]]],[[[26.9101,38.8895],[26.9118,38.8911],[26.9095,38.8906],[26.9101,38.8895]]],[[[26.8337,38.9077],[26.8329,38.9047],[26.8386,38.9015],[26.8389,38.9039],[26.8328,38.9088],[26.8337,38.9077]]],[[[26.8163,38.9225],[26.8114,38.927],[26.8076,38.9263],[26.8074,38.9239],[26.8124,38.9231],[26.8095,38.9222],[26.8114,38.9219],[26.8112,38.9186],[26.8067,38.9176],[26.8111,38.9148],[26.8151,38.9152],[26.8183,38.9115],[26.8219,38.9115],[26.8214,38.9141],[26.8258,38.9175],[26.8252,38.9225],[26.8235,38.9235],[26.8163,38.9225]]],[[[26.8061,38.9216],[26.8048,38.921],[26.8075,38.9212],[26.8061,38.9216]]],[[[27.0269,38.9204],[27.0222,38.9237],[27.0241,38.9223],[27.0214,38.9221],[27.028,38.92],[27.0269,38.9204]]],[[[26.7957,39.0002],[26.7987,39.011],[26.7928,39.0081],[26.7939,39.0053],[26.7913,39.0008],[26.7915,38.9973],[26.7954,38.9966],[26.7967,38.9978],[26.7957,39.0002]]]]},"properties":{"iso3":"TUR","shapeId":"25984515B59477790330217","regionId":"TUR.41_1","name":"İzmir"}},{"type":"Feature","geometry":{"type":"Polygon","coordinates":[[[36.2607,37.7498],[36.213,37.7158],[36.266,37.6685],[36.2366,37.5203],[36.2734,37.3588],[36.4039,37.3521],[36.4686,37.3761],[36.4653,37.4141],[36.5186,37.4402],[36.5861,37.4118],[36.5247,37.3551],[36.6914,37.3583],[36.6305,37.2979],[36.6594,37.2724],[36.688,37.2782],[36.6711,37.2421],[36.6892,37.2407],[36.6931,37.2162],[36.838,37.2434],[36.8958,37.3238],[36.9675,37.2929],[36.9689,37.2664],[37.0095,37.2334],[37.0056,37.181],[37.0698,37.1949],[37.1655,37.254],[37.2306,37.324],[37.3762,37.3307],[37.4451,37.3708],[37.4515,37.3927],[37.5067,37.4018],[37.5712,37.4775],[37.6038,37.4835],[37.5814,37.5211],[37.5863,37.5832],[37.5632,37.6055],[37.5077,37.586],[37.4957,37.5609],[37.4507,37.574],[37.436,37.6409],[37.4694,37.6822],[37.4533,37.7482],[37.4836,37.7499],[37.5209,37.7868],[37.5122,37.8648],[37.4876,37.8876],[37.5357,37.9196],[37.5699,37.8999],[37.6079,37.9214],[37.5737,37.9909],[37.5805,38.0378],[37.6211,38.0437],[37.6373,38.0801],[37.6648,38.0791],[37.7163,38.117],[37.716,38.146],[37.7519,38.1759],[37.732,38.2098],[37.6805,38.2347],[37.6441,38.3091],[37.269,38.4743],[37.2634,38.5071],[37.3119,38.539],[37.3002,38.5656],[37.0638,38.5861],[36.8806,38.5684],[36.7548,38.5334],[36.6681,38.4995],[36.7245,38.4609],[36.742,38.4226],[36.6743,38.3928],[36.6004,38.3898],[36.5655,38.3438],[36.5837,38.3119],[36.5186,38.2472],[36.4165,38.2662],[36.3891,38.2416],[36.3788,38.2572],[36.3807,38.2108],[36.3941,38.2131],[36.3517,38.1484],[36.3493,38.0535],[36.3322,38.0676],[36.2654,38.0533],[36.2013,37.943],[36.2354,37.9466],[36.2923,37.9066],[36.2555,37.7898],[36.2607,37.7498]]]},"properties":{"iso3":"TUR","shapeId":"25984515B58862484177861","regionId":"TUR.42_1","name":"Kahramanmaraş"}},{"type":"Feature","geometry":{"type":"Polygon","coordinates":[[[32.2841,41.3203],[32.2419,41.2863],[32.249,41.2557],[32.1744,41.2474],[32.1285,41.2186],[32.0964,41.1639],[32.0611,41.1617],[31.9738,41.0574],[32.0067,41.0287],[32.0839,41.0078],[32.1713,41.0487],[32.3277,41.0266],[32.3719,41.0084],[32.3447,40.967],[32.3519,40.95],[32.4009,40.9624],[32.4043,40.9353],[32.331,40.8686],[32.4194,40.8537],[32.5135,40.8818],[32.572,40.8254],[32.7501,40.8771],[32.7862,40.9531],[32.8339,40.9644],[32.8928,40.9482],[33.0528,40.9921],[33.0404,41.0339],[33.0739,41.0627],[33.0596,41.1095],[33.0101,41.1495],[32.9604,41.1524],[32.9662,41.1642],[32.9266,41.1872],[32.9352,41.2484],[33.0063,41.3148],[33.0684,41.3189],[33.1373,41.3723],[33.1253,41.4349],[33.0991,41.4579],[33.1077,41.4754],[33.0649,41.484],[33.0393,41.5128],[33.0589,41.5369],[33.0471,41.5851],[33.0027,41.5684],[32.991,41.5879],[32.9568,41.5862],[32.9226,41.5605],[32.8895,41.5774],[32.7711,41.5543],[32.8039,41.5205],[32.794,41.51],[32.7344,41.5051],[32.6964,41.5295],[32.648,41.4962],[32.6448,41.4548],[32.6965,41.3594],[32.6807,41.3266],[32.5906,41.3257],[32.4786,41.3601],[32.4646,41.3085],[32.2841,41.3203]]]},"properties":{"iso3":"TUR","shapeId":"25984515B55399473509250","regionId":"TUR.43_1","name":"Karabük"}},{"type":"Feature","geometry":{"type":"Polygon","coordinates":[[[32.5585,36.5167],[32.6903,36.5173],[32.7796,36.4871],[32.8606,36.4898],[32.9401,36.4519],[33.0125,36.4611],[33.0725,36.5726],[33.1257,36.5827],[33.1863,36.5304],[33.2202,36.5283],[33.1354,36.6088],[33.0628,36.6289],[33.038,36.7013],[33.0044,36.7097],[32.9973,36.746],[33.0123,36.7647],[32.9843,36.8061],[32.9956,36.8221],[32.9478,36.8305],[32.962,36.8551],[33.0963,36.8812],[33.1227,36.8405],[33.1723,36.9184],[33.2887,36.9102],[33.5144,36.94],[33.5719,37.0139],[33.6411,37.0444],[33.7522,37.0244],[33.8667,37.0561],[34.0028,37.1289],[34.063,37.1317],[34.1325,37.1075],[34.2575,37.1786],[34.2592,37.2467],[34.1724,37.3336],[34.0297,37.3534],[33.9992,37.387],[34.0177,37.4275],[33.9491,37.4296],[33.9343,37.4005],[33.8859,37.4562],[33.9105,37.4649],[33.7522,37.4873],[33.7586,37.5617],[33.3324,37.4619],[33.2108,37.5365],[33.1644,37.5352],[33.123,37.5022],[33.0146,37.4641],[32.9699,37.4143],[32.8096,37.3122],[32.8133,37.255],[32.7742,37.1809],[32.8068,37.1358],[32.8005,37.0745],[32.7759,37.0456],[32.7503,37.0508],[32.8113,36.9783],[32.783,36.8345],[32.7529,36.8162],[32.6937,36.8466],[32.6043,36.8597],[32.5717,36.847],[32.5127,36.8678],[32.5165,36.8195],[32.5522,36.7893],[32.5084,36.7514],[32.4698,36.7532],[32.4991,36.6596],[32.4843,36.6524],[32.5188,36.6271],[32.4982,36.5915],[32.5103,36.5381],[32.5585,36.5167]]]},"properties":{"iso3":"TUR","shapeId":"25984515B55022069390108","regionId":"TUR.44_1","name":"Karaman"}},{"type":"Feature","geometry":{"type":"Polygon","coordinates":[[[43.2843,40.0023],[43.3213,40.043],[43.358,40.0439],[43.3464,40.1177],[43.3755,40.1306],[43.4787,40.1057],[43.6125,40.1197],[43.6612,40.1539],[43.7157,40.1622],[43.6531,40.2249],[43.6837,40.2266],[43.6828,40.2573],[43.6409,40.2724],[43.5908,40.3451],[43.6197,40.4215],[43.5421,40.4769],[43.5713,40.504],[43.6344,40.5193],[43.6284,40.5379],[43.6499,40.5313],[43.6434,40.5617],[43.667,40.5677],[43.7467,40.6758],[43.7353,40.7127],[43.7483,40.7309],[43.677,40.8475],[43.6763,40.9297],[43.5778,40.9933],[43.4841,41.0162],[43.4247,41.0698],[43.3617,41.0965],[43.3142,41.0795],[43.2055,40.9846],[43.0783,40.9751],[43.0144,40.9476],[42.9504,40.8773],[42.9064,40.8833],[42.8938,40.8181],[42.8614,40.81],[42.8514,40.7313],[42.5448,40.6042],[42.5096,40.5431],[42.4622,40.5132],[42.4792,40.4915],[42.4882,40.3918],[42.4464,40.3969],[42.3959,40.3631],[42.3258,40.3873],[42.2447,40.3474],[42.134,40.3524],[42.1087,40.2951],[42.1205,40.2675],[42.1007,40.2605],[42.1361,40.2329],[42.1551,40.2487],[42.1893,40.2421],[42.2165,40.206],[42.2781,40.2148],[42.2988,40.1764],[42.3413,40.1621],[42.3633,40.1753],[42.4437,40.057],[42.5457,40.0047],[42.5613,39.9839],[42.5435,39.9618],[42.5567,39.9346],[42.7929,39.9725],[43.2843,40.0023]]]},"properties":{"iso3":"TUR","shapeId":"25984515B40631498613339","regionId":"TUR.45_1","name":"Kars"}},{"type":"Feature","geometry":{"type":"Polygon","coordinates":[[[32.8748,41.5756],[32.9124,41.5598],[32.9568,41.5862],[32.991,41.5879],[33.0027,41.5684],[33.0471,41.5851],[33.0589,41.5369],[33.0393,41.5128],[33.0649,41.484],[33.1077,41.4754],[33.0991,41.4579],[33.1253,41.4349],[33.1373,41.3723],[33.123,41.3495],[32.9707,41.2892],[32.9352,41.2484],[32.9253,41.1985],[32.9604,41.1524],[33.0101,41.1495],[33.0596,41.1095],[33.0739,41.0627],[33.1911,41.0716],[33.2969,41.0366],[33.3261,40.9804],[33.3712,40.9811],[33.413,40.9869],[33.4193,41.0271],[33.4936,41.0558],[33.5255,41.0456],[33.5281,41.0278],[33.6319,41.023],[33.7787,41.0853],[33.835,41.0892],[33.8532,41.0502],[33.8221,41.0343],[33.7967,40.9786],[33.7747,40.9765],[33.7675,40.9384],[33.8094,40.9098],[33.7953,40.8825],[33.8485,40.8429],[33.9345,40.8587],[33.9927,40.8463],[33.9951,40.8259],[34.0664,40.8197],[34.2304,40.8599],[34.2674,40.9747],[34.3704,40.9835],[34.3225,41.0364],[34.3263,41.0769],[34.2291,41.0814],[34.2332,41.1187],[34.2054,41.1448],[34.2331,41.1496],[34.2176,41.1825],[34.2938,41.2127],[34.3364,41.293],[34.3977,41.2804],[34.4027,41.2522],[34.4609,41.3048],[34.4815,41.3803],[34.4308,41.4905],[34.5384,41.5441],[34.5992,41.612],[34.6063,41.6689],[34.5128,41.7365],[34.2437,41.7425],[34.288,41.7868],[34.2897,41.8566],[34.2247,41.9356],[34.2282,41.9547],[34.0944,41.9794],[33.7818,41.9732],[33.3378,42.0195],[33.1651,41.9543],[33.0283,41.9276],[32.9387,41.8774],[32.7579,41.8499],[32.7468,41.8299],[32.7771,41.8038],[32.787,41.7458],[32.8424,41.7247],[32.9153,41.7405],[32.939,41.715],[32.8748,41.5756]]]},"properties":{"iso3":"TUR","shapeId":"25984515B36972543372669","regionId":"TUR.46_1","name":"Kastamonu"}},{"type":"Feature","geometry":{"type":"Polygon","coordinates":[[[36.4096,38.2629],[36.5186,38.2472],[36.5837,38.3119],[36.5655,38.3438],[36.6004,38.3898],[36.6743,38.3928],[36.742,38.4226],[36.7245,38.4609],[36.6681,38.4995],[36.7804,38.5371],[36.7309,38.5846],[36.78,38.6014],[36.7942,38.641],[36.7486,38.6709],[36.7642,38.7058],[36.7244,38.7249],[36.7577,38.7518],[36.8137,38.7619],[36.8209,38.7863],[36.7926,38.7754],[36.7877,38.7977],[36.8604,38.8541],[36.8494,38.8978],[36.8987,38.9148],[36.9148,38.9422],[36.9538,38.9358],[36.9598,38.9577],[36.925,38.9787],[36.9357,38.9952],[36.8796,39.0425],[36.888,39.0776],[36.8468,39.0989],[36.8462,39.117],[36.7706,39.1023],[36.768,39.1353],[36.7473,39.1384],[36.7361,39.1713],[36.7034,39.1622],[36.6719,39.1817],[36.5992,39.101],[36.518,39.1127],[36.4871,39.0742],[36.4466,39.1301],[36.4108,39.1384],[36.4094,39.0908],[36.3639,39.0861],[36.3346,39.0535],[36.2984,39.1051],[36.263,39.0954],[36.2542,39.0645],[36.159,39.1007],[36.0998,39.0816],[36.0419,39.1374],[35.9611,39.1567],[35.9776,39.1899],[35.9435,39.2071],[35.9367,39.2417],[35.9133,39.2437],[35.9151,39.2663],[35.8538,39.2929],[35.8565,39.3223],[35.7667,39.3073],[35.7743,39.289],[35.7426,39.2738],[35.7482,39.2336],[35.7304,39.2221],[35.6638,39.2288],[35.6101,39.1883],[35.5315,39.1816],[35.506,39.1964],[35.4622,39.1759],[35.4317,39.1257],[35.4348,39.1103],[35.4622,39.1093],[35.4492,39.0909],[35.4689,39.0901],[35.4746,39.0556],[35.4127,39.0618],[35.3691,39.0246],[35.4366,38.9904],[35.3751,38.9901],[35.3536,39.0157],[35.2832,38.9872],[35.245,39.0039],[35.2319,38.9923],[35.1825,39.019],[35.1485,39.0097],[35.0915,39.0291],[35.0685,39.0505],[35.0441,39.0337],[35.0497,38.9542],[35.0016,38.9102],[35.0193,38.8649],[34.9607,38.8443],[34.965,38.8067],[35.0789,38.747],[35.0994,38.7025],[35.0826,38.6839],[35.0893,38.6446],[35.0719,38.6394],[35.0983,38.6118],[35.0923,38.5773],[35.1664,38.5026],[35.1362,38.4685],[35.041,38.4863],[35.0057,38.4724],[34.9907,38.4547],[35.0026,38.4157],[34.9584,38.4143],[34.8802,38.4462],[34.8469,38.4244],[34.8646,38.3703],[35.0356,38.2714],[35.0082,38.2285],[35.0128,38.2091],[35.0383,38.2042],[35.0387,38.1707],[35.0909,38.1599],[35.1064,38.1896],[35.1268,38.1886],[35.1497,38.1613],[35.1944,38.164],[35.2077,38.1417],[35.2322,38.1414],[35.2212,38.0916],[35.2369,38.0568],[35.2183,38.003],[35.2323,37.9895],[35.2007,37.9807],[35.2094,37.8936],[35.1534,37.8141],[35.1611,37.784],[35.3046,37.7532],[35.3207,37.7056],[35.4051,37.6914],[35.4744,37.7242],[35.4825,37.708],[35.5166,37.7208],[35.5187,37.801],[35.5761,37.7881],[35.6037,37.8018],[35.6236,37.8408],[35.5973,37.8601],[35.5757,37.9414],[35.5982,37.9655],[35.69,37.9736],[35.7225,38.0626],[35.7639,38.0438],[35.7699,38.1024],[35.8006,38.1209],[35.8158,38.1085],[35.7897,38.0812],[35.8036,38.0759],[35.9635,38.1092],[36.0209,38.1897],[35.9904,38.2234],[36.1241,38.3407],[36.1495,38.3239],[36.1846,38.349],[36.1795,38.3837],[36.2808,38.4046],[36.292,38.3841],[36.3727,38.3796],[36.3878,38.3486],[36.3563,38.2999],[36.4091,38.281],[36.4096,38.2629]]]},"properties":{"iso3":"TUR","shapeId":"25984515B43172796860329","regionId":"TUR.47_1","name":"Kayseri"}},{"type":"Feature","geometry":{"type":"Polygon","coordinates":[[[36.7124,36.8268],[36.8845,36.7771],[36.9239,36.7863],[36.9975,36.7656],[36.9927,36.7422],[37.0466,36.7262],[37.016,36.6955],[37.0207,36.6662],[37.0862,36.6342],[37.1062,36.6715],[37.1421,36.6773],[37.1626,36.6569],[37.2168,36.6753],[37.4741,36.633],[37.4953,36.6736],[37.5727,36.7058],[37.5393,36.7427],[37.4914,36.752],[37.493,36.7841],[37.458,36.7857],[37.4493,36.8135],[37.4094,36.8265],[37.4047,36.807],[37.3807,36.8041],[37.3826,36.7758],[37.401,36.7688],[37.3844,36.7488],[37.3927,36.7285],[37.3691,36.7238],[37.3059,36.7694],[37.2981,36.8597],[37.0892,36.9043],[37.0614,36.9452],[37.0723,36.964],[37.0491,36.9721],[37.064,36.996],[37.017,36.996],[36.9937,37.0346],[36.9509,37.0138],[36.9269,36.956],[36.8802,36.9274],[36.8826,36.8959],[36.8149,36.9199],[36.7205,36.8573],[36.7124,36.8268]]]},"properties":{"iso3":"TUR","shapeId":"25984515B30869354278170","regionId":"TUR.48_1","name":"Kilis"}},{"type":"Feature","geometry":{"type":"Polygon","coordinates":[[[33.4218,39.3965],[33.4478,39.4308],[33.5155,39.4181],[33.6797,39.5105],[33.7243,39.4688],[33.7453,39.4713],[33.7747,39.5068],[33.7299,39.5139],[33.7321,39.5282],[33.8459,39.5717],[33.8413,39.5958],[33.9067,39.6579],[33.9603,39.6762],[33.9579,39.7054],[33.9985,39.7422],[34.0627,39.7881],[34.1144,39.7924],[34.0607,39.8352],[34.0642,39.8586],[34.0946,39.8764],[34.0952,39.9088],[34.1668,39.9379],[34.2081,39.9776],[34.0902,40.0707],[34.0616,40.1971],[33.9947,40.1901],[33.9482,40.2685],[33.8104,40.2807],[33.8018,40.3349],[33.7835,40.3208],[33.6617,40.3247],[33.6441,40.2795],[33.611,40.258],[33.5933,40.1874],[33.6368,40.1605],[33.6322,40.1358],[33.611,40.1312],[33.6178,40.1083],[33.4592,40.0434],[33.508,40.0365],[33.5139,39.9824],[33.4444,39.9857],[33.4191,39.9473],[33.3994,39.973],[33.3747,39.9234],[33.306,39.9001],[33.2985,39.845],[33.2581,39.8539],[33.2633,39.8329],[33.2983,39.8218],[33.2672,39.763],[33.2663,39.7465],[33.2859,39.7604],[33.284,39.7385],[33.2642,39.7385],[33.256,39.7123],[33.2269,39.7226],[33.2292,39.6952],[33.1926,39.675],[33.1883,39.6532],[33.2381,39.6444],[33.2618,39.6775],[33.3098,39.6504],[33.328,39.627],[33.3131,39.5626],[33.3245,39.5469],[33.2894,39.5508],[33.3451,39.5081],[33.3478,39.4634],[33.3937,39.4564],[33.3846,39.4102],[33.4218,39.3965]]]},"properties":{"iso3":"TUR","shapeId":"25984515B11362042972294","regionId":"TUR.49_1","name":"Kırıkkale"}},{"type":"Feature","geometry":{"type":"Polygon","coordinates":[[[26.9337,41.3094],[26.968,41.3196],[26.9803,41.3629],[27.0758,41.3427],[27.1119,41.3025],[27.1058,41.2869],[27.0597,41.2904],[27.0625,41.2693],[27.1112,41.2603],[27.1319,41.2791],[27.1192,41.3308],[27.147,41.3006],[27.174,41.3102],[27.1688,41.3273],[27.1866,41.3342],[27.1606,41.3521],[27.1746,41.3554],[27.3698,41.2225],[27.4397,41.2171],[27.5206,41.2544],[27.5693,41.249],[27.5965,41.2809],[27.5706,41.3208],[27.6062,41.3692],[27.5822,41.395],[27.6186,41.4287],[27.649,41.4241],[27.6707,41.4527],[27.7622,41.4603],[27.8279,41.5068],[27.8834,41.4808],[27.9433,41.5437],[27.9591,41.5883],[28.0026,41.5557],[28.0417,41.6097],[28.0638,41.5822],[28.1468,41.5917],[28.097,41.6311],[28.0994,41.6801],[28.0472,41.7232],[27.9814,41.8304],[27.9808,41.8684],[28.0016,41.89],[28.0572,41.8851],[28.0437,41.9613],[28.0291,41.9831],[27.9761,41.99],[27.9118,41.9727],[27.8619,42.0065],[27.8186,41.9866],[27.836,41.948],[27.6965,41.9781],[27.6721,41.9564],[27.5743,41.9375],[27.56,41.9051],[27.5108,41.9582],[27.4471,41.9671],[27.3946,42.0052],[27.3643,42.0581],[27.3361,42.0598],[27.2937,42.0972],[27.2213,42.0982],[27.2009,42.0594],[27.1072,42.0861],[27.0243,42.0817],[27.0259,42.0558],[26.9823,42.0378],[26.9655,42.0007],[26.9911,41.945],[26.9702,41.9318],[26.9651,41.879],[27.0263,41.791],[26.985,41.7037],[26.9073,41.6573],[26.9042,41.6175],[26.9353,41.6043],[26.9561,41.6347],[26.9999,41.6313],[27.0067,41.5967],[26.9711,41.5347],[26.9797,41.5204],[26.8943,41.4372],[26.9081,41.3826],[26.8846,41.3434],[26.9174,41.3358],[26.9337,41.3094]]]},"properties":{"iso3":"TUR","shapeId":"25984515B10334298996421","regionId":"TUR.50_1","name":"Kırklareli"}},{"type":"Feature","geometry":{"type":"Polygon","coordinates":[[[33.8852,39.0279],[33.9479,39.0509],[33.9698,39.0314],[34.0082,39.0392],[33.9692,38.9745],[34.0355,38.9609],[34.0804,38.8756],[34.1791,38.8199],[34.2439,38.8332],[34.2473,38.8802],[34.2701,38.8993],[34.3049,38.8927],[34.3502,38.848],[34.3706,38.8596],[34.4337,38.9346],[34.4379,38.9866],[34.487,38.9787],[34.4736,38.9996],[34.5062,39.0093],[34.5423,39.0625],[34.5624,39.0606],[34.5679,39.0238],[34.6004,39.0145],[34.628,39.0362],[34.6095,39.0728],[34.5155,39.0803],[34.5284,39.1023],[34.5501,39.0876],[34.5601,39.0988],[34.5505,39.1067],[34.5772,39.1276],[34.5605,39.145],[34.5896,39.133],[34.6309,39.1667],[34.5868,39.1799],[34.5941,39.2069],[34.6423,39.2366],[34.6945,39.2368],[34.7048,39.2662],[34.676,39.2859],[34.6742,39.3114],[34.6376,39.3037],[34.5808,39.3294],[34.6715,39.3836],[34.6623,39.4036],[34.6067,39.4081],[34.5969,39.4272],[34.4977,39.4674],[34.4979,39.5687],[34.4269,39.6377],[34.4662,39.654],[34.4683,39.6755],[34.3768,39.7028],[34.2924,39.6952],[34.2098,39.7512],[34.184,39.7984],[34.0627,39.7881],[33.9624,39.7123],[33.9603,39.6762],[33.9067,39.6579],[33.8413,39.5958],[33.8551,39.5782],[33.7321,39.5282],[33.7299,39.5139],[33.7747,39.5068],[33.7453,39.4713],[33.7243,39.4688],[33.6797,39.5105],[33.5155,39.4181],[33.4478,39.4308],[33.4063,39.3652],[33.4542,39.3537],[33.466,39.3395],[33.4432,39.3186],[33.5061,39.2911],[33.5585,39.2083],[33.74,39.1054],[33.7579,39.0764],[33.8642,39.0625],[33.8852,39.0279]]]},"properties":{"iso3":"TUR","shapeId":"25984515B83185192232063","regionId":"TUR.51_1","name":"Kırşehir"}},{"type":"Feature","geometry":{"type":"MultiPolygon","coordinates":[[[[29.967,40.5514],[30.1152,40.6079],[30.1532,40.6582],[30.1561,40.7115],[30.2517,40.7265],[30.2153,40.8207],[30.2675,40.866],[30.2346,40.9013],[30.2917,40.9057],[30.2747,40.9183],[30.2905,40.9556],[30.2606,40.987],[30.2373,40.98],[30.2269,41.0153],[30.2662,41.051],[30.244,41.0852],[30.2816,41.089],[30.3234,41.1229],[30.3322,41.1556],[30.3657,41.1684],[30.3491,41.1928],[30.2632,41.2076],[30.2246,41.1868],[30.2217,41.1594],[30.1551,41.1388],[29.9141,41.1403],[29.915,41.101],[29.955,41.0987],[29.9545,41.0801],[29.8915,41.093],[29.8804,41.042],[29.832,41.0147],[29.7044,41.0345],[29.6964,41.0226],[29.7184,41.0036],[29.6633,40.9617],[29.6059,40.9827],[29.5978,41.0285],[29.5086,41.0417],[29.4929,41.0083],[29.5065,40.9881],[29.4374,40.938],[29.4534,40.9092],[29.3673,40.8629],[29.363,40.8171],[29.34,40.8107],[29.3498,40.794],[29.3337,40.7863],[29.3545,40.7554],[29.4905,40.7806],[29.5717,40.7666],[29.6174,40.7837],[29.7329,40.7719],[29.7832,40.7407],[29.8806,40.7599],[29.9421,40.7478],[29.9367,40.7197],[29.9164,40.7143],[29.8128,40.7304],[29.5583,40.6866],[29.5303,40.6662],[29.539,40.6563],[29.4989,40.6457],[29.5015,40.5841],[29.4811,40.5612],[29.4983,40.5248],[29.6255,40.5457],[29.7047,40.6144],[29.8958,40.5741],[29.9053,40.5301],[29.967,40.5514]]],[[[30.2638,41.217],[30.2576,41.2172],[30.2555,41.2116],[30.2578,41.2156],[30.2595,41.2143],[30.2611,41.2152],[30.2608,41.2118],[30.2615,41.2154],[30.2638,41.217]]]]},"properties":{"iso3":"TUR","shapeId":"25984515B86381770870747","regionId":"TUR.52_1","name":"Kocaeli"}},{"type":"Feature","geometry":{"type":"Polygon","coordinates":[[[31.2586,38.3769],[31.3197,38.3079],[31.3272,38.2405],[31.3487,38.2155],[31.3959,38.1902],[31.514,38.1883],[31.5352,38.1335],[31.5224,38.1038],[31.5394,38.031],[31.5088,38.0035],[31.5024,37.9663],[31.439,37.9145],[31.4581,37.8205],[31.4228,37.7453],[31.4317,37.7056],[31.3791,37.702],[31.2729,37.6334],[31.3345,37.5842],[31.3448,37.5445],[31.3155,37.4158],[31.3736,37.368],[31.5532,37.2793],[31.6498,37.2851],[31.6474,37.306],[31.6834,37.3186],[31.6794,37.3373],[31.7273,37.3726],[31.769,37.37],[31.7719,37.3368],[31.9386,37.2222],[31.9233,37.2018],[31.9652,37.1159],[32.0626,37.0416],[32.1814,36.9873],[32.271,36.9163],[32.3492,36.8155],[32.4698,36.7532],[32.5084,36.7514],[32.5522,36.7893],[32.5109,36.8309],[32.5283,36.8746],[32.5717,36.847],[32.6043,36.8597],[32.6937,36.8466],[32.7529,36.8162],[32.783,36.8345],[32.8113,36.9783],[32.7503,37.0508],[32.7759,37.0456],[32.8005,37.0745],[32.8068,37.1358],[32.7742,37.1809],[32.8133,37.255],[32.8096,37.3122],[32.9699,37.4143],[33.0146,37.4641],[33.123,37.5022],[33.1644,37.5352],[33.2108,37.5365],[33.3324,37.4619],[33.7586,37.5617],[33.7522,37.4873],[33.9105,37.4649],[33.8859,37.4562],[33.9343,37.4005],[33.9491,37.4296],[34.0177,37.4275],[33.9992,37.387],[34.0297,37.3534],[34.1724,37.3336],[34.2592,37.2467],[34.345,37.3265],[34.3838,37.3316],[34.4311,37.3071],[34.3952,37.436],[34.3083,37.4958],[34.2972,37.5977],[34.3762,37.6735],[34.3508,37.7649],[34.2878,37.8465],[34.1988,37.8739],[34.1232,37.9552],[34.0829,37.9709],[33.9943,37.9629],[33.984,38.0058],[34.0702,38.0395],[34.0607,38.0614],[33.9975,38.0815],[33.9699,38.1217],[33.8493,38.1151],[33.8158,38.0794],[33.779,38.0708],[33.7025,38.1035],[33.6014,38.0875],[33.5468,38.0552],[33.5729,37.9933],[33.5007,37.9812],[33.4227,37.9828],[33.3698,38.0433],[33.3364,38.0491],[33.3051,38.0105],[33.2892,38.0203],[33.3161,38.0788],[33.2881,38.1259],[33.2688,38.2437],[33.2021,38.2437],[33.1719,38.284],[33.2089,38.3199],[33.2401,38.4249],[33.3173,38.5329],[33.3443,38.865],[33.3878,38.9407],[33.3926,39.0119],[33.341,39.0941],[33.2996,39.1052],[33.3248,39.0892],[33.3085,39.0745],[33.2336,39.0825],[33.2122,39.117],[33.1715,39.1277],[33.1227,39.1751],[33.1615,39.2097],[33.1585,39.2345],[33.195,39.237],[33.1823,39.299],[33.1594,39.3046],[33.1571,39.2816],[33.1369,39.2826],[33.1164,39.248],[33.023,39.1959],[32.9994,39.2123],[33.0018,39.2326],[33.0343,39.2713],[32.9749,39.2916],[32.9059,39.2269],[32.8893,39.2721],[32.7902,39.2453],[32.783,39.2259],[32.7979,39.217],[32.7808,39.2071],[32.8423,39.1861],[32.7908,39.1549],[32.8038,39.1455],[32.792,39.1241],[32.6201,39.0981],[32.5996,39.022],[32.5104,39.0368],[32.5097,39.006],[32.4382,38.9541],[32.3974,38.9728],[32.3669,39.0267],[32.32,39.0315],[32.3104,39.0121],[32.2281,38.9854],[32.2163,39.0108],[32.1698,39.0127],[32.1735,39.0303],[32.1303,39.0102],[32.1184,39.0231],[32.1318,38.9551],[32.1093,38.9472],[32.0139,38.974],[31.9435,39.0104],[31.9279,39.0305],[31.9385,39.0744],[31.9227,39.0716],[31.8955,39.1267],[31.849,39.1467],[31.7683,39.1134],[31.7277,39.0551],[31.6625,39.0634],[31.5925,39.0433],[31.596,39.0165],[31.6764,39.0199],[31.732,38.9848],[31.706,38.9583],[31.6738,38.9838],[31.6627,38.9696],[31.6077,38.9737],[31.621,38.9202],[31.5644,38.8587],[31.6162,38.85],[31.6169,38.8109],[31.5406,38.7211],[31.5408,38.6876],[31.5778,38.6422],[31.4809,38.5683],[31.3222,38.4877],[31.2586,38.3769]]]},"properties":{"iso3":"TUR","shapeId":"25984515B78139731385057","regionId":"TUR.53_1","name":"Konya"}},{"type":"Feature","geometry":{"type":"Polygon","coordinates":[[[30.4462,39.2205],[30.3937,39.271],[30.3934,39.3161],[30.3437,39.3745],[30.3906,39.4139],[30.3364,39.4357],[30.3401,39.529],[30.2343,39.5938],[30.2096,39.6541],[30.2235,39.684],[30.0603,39.6554],[29.9539,39.666],[29.8809,39.7035],[29.7988,39.7099],[29.7299,39.7495],[29.7348,39.79],[29.7776,39.827],[29.7605,39.8678],[29.5262,39.877],[29.4238,39.8269],[29.402,39.7938],[29.314,39.7828],[29.3132,39.7641],[29.2644,39.7494],[29.2858,39.7148],[29.2486,39.6907],[29.1964,39.5993],[29.0423,39.6121],[28.9976,39.5987],[28.9864,39.5662],[28.9525,39.5588],[28.9238,39.5147],[28.9514,39.4589],[28.9503,39.4076],[28.8918,39.4007],[28.8905,39.3688],[28.7586,39.2846],[28.6283,39.2791],[28.6186,39.2463],[28.654,39.1944],[28.6086,39.1101],[28.7803,39.0791],[28.7908,39.0507],[28.8136,39.0648],[28.806,39.0783],[28.9067,39.0714],[28.9407,39.0378],[28.9049,38.9659],[28.9555,38.9403],[28.9488,38.9194],[28.9872,38.868],[29.0068,38.8537],[29.1356,38.8654],[29.2471,38.7929],[29.3087,38.8053],[29.3971,38.8715],[29.4779,38.8508],[29.5058,38.868],[29.5073,38.8995],[29.6399,38.9354],[29.9047,38.9111],[29.9516,38.832],[30.0638,38.8156],[30.1035,38.8334],[30.2282,38.9704],[30.2607,38.9798],[30.2423,39.0594],[30.2657,39.1132],[30.3179,39.1569],[30.378,39.1535],[30.4462,39.2205]]]},"properties":{"iso3":"TUR","shapeId":"25984515B47044460443496","regionId":"TUR.54_1","name":"Kütahya"}},{"type":"Feature","geometry":{"type":"Polygon","coordinates":[[[39.1267,38.1867],[39.1065,38.2038],[39.1389,38.2311],[39.1514,38.2993],[39.1063,38.3479],[38.9678,38.3189],[38.8902,38.3582],[38.8131,38.4435],[38.7083,38.4157],[38.4686,38.4748],[38.3619,38.5418],[38.3658,38.6324],[38.4125,38.6843],[38.4672,38.6971],[38.4712,38.7502],[38.5332,38.7651],[38.6248,38.7442],[38.6455,38.7564],[38.6273,38.7743],[38.6536,38.7961],[38.6474,38.8202],[38.57,38.9227],[38.5992,38.9471],[38.5893,38.9816],[38.6242,38.9917],[38.6068,38.9994],[38.6525,39.0183],[38.6484,39.0395],[38.6698,39.0523],[38.607,39.1091],[38.4996,39.143],[38.3888,39.1154],[38.3242,39.1528],[38.2518,39.1378],[38.1617,39.0832],[38.0609,39.0964],[37.9341,39.0683],[37.8279,39.0897],[37.7783,39.082],[37.7575,39.0403],[37.7836,39.0097],[37.7486,38.9717],[37.613,39.0148],[37.5295,39.0067],[37.5108,39.0349],[37.4807,39.0414],[37.4703,39.0211],[37.5451,38.9297],[37.5352,38.8472],[37.5577,38.7926],[37.4886,38.7194],[37.4294,38.7053],[37.4025,38.6089],[37.3195,38.5971],[37.3002,38.5656],[37.3119,38.539],[37.2608,38.4986],[37.3015,38.4478],[37.4692,38.396],[37.6441,38.3091],[37.6805,38.2347],[37.732,38.2098],[37.7519,38.1759],[37.716,38.146],[37.7228,38.1249],[37.6648,38.0791],[37.6373,38.0801],[37.6211,38.0437],[37.5805,38.0378],[37.5737,37.9909],[37.612,37.9385],[37.6457,37.9537],[37.6708,37.943],[37.6913,37.9615],[37.6892,37.9093],[37.7563,37.9346],[37.7668,37.8876],[37.8847,37.8884],[37.9661,37.8666],[38.0386,37.8991],[38.1509,37.997],[38.1103,38.0476],[38.1318,38.1052],[38.1593,38.1193],[38.1876,38.1037],[38.1938,38.1408],[38.2632,38.2101],[38.2556,38.184],[38.2911,38.1495],[38.2755,38.1402],[38.3018,38.1326],[38.3114,38.1573],[38.2909,38.1601],[38.3213,38.1647],[38.3039,38.1317],[38.3243,38.1199],[38.3036,38.1051],[38.3781,38.1187],[38.4151,38.1026],[38.4417,38.1751],[38.492,38.1903],[38.4964,38.1582],[38.5668,38.1391],[38.6825,38.0509],[38.7318,38.0539],[38.7637,38.0192],[38.7606,37.987],[38.9008,38.0523],[38.8631,38.076],[38.933,38.0883],[38.9358,38.0589],[39.0237,38.0753],[39.0687,38.1426],[39.1267,38.1867]]]},"properties":{"iso3":"TUR","shapeId":"25984515B80837210717778","regionId":"TUR.55_1","name":"Malatya"}},{"type":"Feature","geometry":{"type":"Polygon","coordinates":[[[28.639,38.0906],[28.7189,38.1177],[28.7306,38.1743],[28.8069,38.1722],[28.8288,38.2126],[28.8695,38.2326],[28.8344,38.309],[28.7544,38.3678],[28.8264,38.4585],[28.8037,38.5392],[28.8571,38.6851],[29.0294,38.7371],[29.1356,38.8654],[29.0068,38.8537],[28.9488,38.9194],[28.9555,38.9403],[28.9049,38.9659],[28.94,39.0183],[28.9267,39.0246],[28.936,39.0527],[28.8256,39.0807],[28.7908,39.0507],[28.7803,39.0791],[28.6163,39.1052],[28.6325,39.1682],[28.5922,39.1728],[28.5728,39.1344],[28.436,39.1388],[28.3621,39.1257],[28.3136,39.0855],[28.1939,39.072],[28.092,39.1271],[28.0705,39.1976],[27.9438,39.2529],[27.9344,39.3366],[27.9119,39.3634],[27.8022,39.3072],[27.7358,39.3648],[27.649,39.329],[27.5656,39.3458],[27.485,39.4037],[27.4164,39.3896],[27.4,39.371],[27.4079,39.3288],[27.4635,39.3069],[27.4804,39.2681],[27.4796,39.1999],[27.4362,39.1646],[27.5054,39.1306],[27.495,39.1163],[27.5638,39.026],[27.5309,39.0325],[27.4877,39.007],[27.4548,38.9302],[27.4022,38.9229],[27.3939,38.9428],[27.3463,38.9513],[27.3338,38.9171],[27.3013,38.9281],[27.2304,38.9032],[27.2245,38.8518],[27.1886,38.8803],[27.1687,38.8744],[27.1587,38.8531],[27.1846,38.8212],[27.1127,38.8002],[27.1479,38.7443],[27.2235,38.7118],[27.2026,38.6819],[27.2399,38.6496],[27.2278,38.6408],[27.243,38.5757],[27.3521,38.5338],[27.3956,38.5596],[27.4511,38.549],[27.5478,38.4536],[27.6205,38.5039],[27.7001,38.4501],[27.7092,38.3654],[27.7357,38.3627],[27.755,38.3287],[27.7962,38.3388],[27.8179,38.3067],[27.8589,38.308],[27.8884,38.3397],[27.8665,38.3816],[27.9099,38.4186],[27.9706,38.3769],[28.083,38.4069],[28.1434,38.3616],[28.189,38.3688],[28.2108,38.3133],[28.2338,38.3298],[28.284,38.3117],[28.3129,38.3222],[28.3565,38.2981],[28.3749,38.2547],[28.4052,38.2673],[28.4815,38.255],[28.4895,38.2007],[28.4334,38.1758],[28.462,38.1395],[28.5282,38.1041],[28.639,38.0906]]]},"properties":{"iso3":"TUR","shapeId":"25984515B19932594956901","regionId":"TUR.56_1","name":"Manisa"}},{"type":"Feature","geometry":{"type":"Polygon","coordinates":[[[41.0432,37.7364],[40.8695,37.6375],[40.711,37.6809],[40.6646,37.7307],[40.6486,37.6557],[40.6821,37.606],[40.6742,37.5337],[40.4468,37.6039],[40.4436,37.555],[40.3209,37.5218],[40.2329,37.5188],[40.1226,37.5624],[39.9951,37.5128],[39.9464,37.5371],[39.8861,37.4818],[39.9519,37.4035],[40.0089,37.2706],[40.019,37.202],[40.0802,37.1557],[40.1023,37.1657],[40.0956,37.1354],[40.1355,37.1124],[40.1278,37.0883],[40.1613,37.0691],[40.16,37.0171],[40.1871,36.9928],[40.1753,36.9819],[40.2385,36.9559],[40.2133,36.9356],[40.2334,36.9114],[40.3574,36.963],[40.4121,37.0147],[40.5309,37.0284],[40.7653,37.1274],[40.8346,37.1065],[40.9155,37.1313],[41.1636,37.0947],[41.2181,37.0619],[41.2657,37.0796],[41.5175,37.0779],[41.6646,37.1183],[41.6797,37.1771],[41.6474,37.2469],[41.6579,37.2627],[41.6383,37.2726],[41.5678,37.2381],[41.5455,37.2758],[41.5765,37.2943],[41.5631,37.3371],[41.5745,37.386],[41.5986,37.3812],[41.5872,37.3987],[41.611,37.4067],[41.5892,37.4301],[41.5995,37.4563],[41.6472,37.4042],[41.6895,37.4107],[41.6964,37.4403],[41.7588,37.4102],[41.8417,37.4148],[41.8591,37.3973],[41.8811,37.4106],[41.8465,37.4414],[41.8603,37.4576],[41.8379,37.5205],[41.8529,37.5514],[41.8907,37.5545],[41.8972,37.5782],[41.8308,37.6244],[41.8125,37.6953],[41.8084,37.6718],[41.7286,37.6828],[41.6856,37.6163],[41.656,37.6302],[41.5679,37.5262],[41.4915,37.5042],[41.3171,37.5138],[41.2212,37.4936],[41.1868,37.4959],[41.1284,37.5414],[41.0432,37.7364]]]},"properties":{"iso3":"TUR","shapeId":"25984515B30119007363221","regionId":"TUR.57_1","name":"Mardin"}},{"type":"Feature","geometry":{"type":"MultiPolygon","coordinates":[[[[33.5332,36.1229],[33.5324,36.1251],[33.5294,36.1204],[33.5337,36.1207],[33.5332,36.1229]]],[[[33.5322,36.1252],[33.5299,36.1289],[33.5302,36.1263],[33.5322,36.1252]]],[[[34.7748,37.4209],[34.702,37.4323],[34.5429,37.3514],[34.4365,37.3314],[34.4311,37.3071],[34.3838,37.3316],[34.345,37.3265],[34.2592,37.2467],[34.2575,37.1786],[34.1325,37.1075],[34.063,37.1317],[34.0028,37.1289],[33.8667,37.0561],[33.7522,37.0244],[33.6411,37.0444],[33.5719,37.0139],[33.5144,36.94],[33.2887,36.9102],[33.1723,36.9184],[33.1227,36.8405],[33.0963,36.8812],[32.962,36.8551],[32.9478,36.8305],[32.9956,36.8221],[32.9843,36.8061],[33.0123,36.7647],[32.9973,36.746],[33.0044,36.7097],[33.038,36.7013],[33.0628,36.6289],[33.1354,36.6088],[33.2202,36.5283],[33.1863,36.5304],[33.1257,36.5827],[33.0725,36.5726],[33.0125,36.4611],[32.9401,36.4519],[32.8606,36.4898],[32.7796,36.4871],[32.6903,36.5173],[32.5585,36.5167],[32.6036,36.5014],[32.6236,36.471],[32.5109,36.3983],[32.5237,36.3632],[32.5762,36.3563],[32.6215,36.2772],[32.6067,36.2505],[32.5375,36.2254],[32.5928,36.1481],[32.5624,36.1007],[32.667,36.0444],[32.8048,36.0168],[32.8694,36.0711],[32.9476,36.1034],[33.051,36.0954],[33.0812,36.07],[33.146,36.1381],[33.2892,36.1295],[33.3509,36.1546],[33.3939,36.125],[33.4736,36.1595],[33.5611,36.1258],[33.5929,36.1766],[33.6472,36.1942],[33.6898,36.1351],[33.6955,36.1714],[33.8087,36.2403],[33.813,36.2735],[33.8414,36.2762],[33.8327,36.2859],[33.8688,36.3163],[33.935,36.2891],[33.9649,36.2341],[34.0152,36.3137],[34.0432,36.2929],[34.0743,36.3207],[34.0804,36.4106],[34.1167,36.4475],[34.1678,36.467],[34.2708,36.5798],[34.4297,36.6638],[34.5646,36.7694],[34.6421,36.7847],[34.6242,36.7899],[34.6543,36.8084],[34.6426,36.787],[34.6671,36.8074],[34.7527,36.8109],[34.834,36.7894],[34.9115,36.7287],[34.9712,36.7597],[35.0284,36.758],[35.0267,36.7784],[35.0422,36.7642],[35.0738,36.7986],[35.0956,36.7832],[35.1404,36.7908],[35.1441,36.811],[35.1244,36.8224],[35.1516,36.8579],[35.1371,36.8621],[35.1453,36.9102],[35.1308,36.9076],[35.0882,36.967],[35.1208,36.9848],[35.1225,37.0407],[35.081,37.0508],[35.0815,37.0646],[35.0119,37.0648],[34.9308,37.1986],[34.9623,37.2189],[34.9746,37.2677],[34.7788,37.3309],[34.7748,37.4209]]],[[[33.6977,36.1596],[33.6929,36.1612],[33.6919,36.1604],[33.6977,36.1596]]],[[[33.77,36.1817],[33.779,36.2006],[33.7574,36.1846],[33.77,36.1817]]],[[[33.8264,36.2649],[33.8288,36.2676],[33.8277,36.2691],[33.8259,36.2676],[33.8264,36.2649]]]]},"properties":{"iso3":"TUR","shapeId":"25984515B33535290178113","regionId":"TUR.58_1","name":"Mersin"}},{"type":"Feature","geometry":{"type":"MultiPolygon","coordinates":[[[[29.7308,36.9589],[29.6491,36.9805],[29.5826,36.9609],[29.5428,36.9278],[29.5177,36.8557],[29.453,36.8326],[29.4178,36.7982],[29.327,36.8728],[29.3452,36.9261],[29.2231,36.9149],[29.1939,36.8823],[29.1675,36.8824],[29.0978,36.9433],[29.1016,36.9768],[29.1437,36.9828],[29.1232,37.0234],[29.0125,37.0705],[28.9421,37.1426],[28.8341,37.1401],[28.8282,37.1675],[28.7849,37.1963],[28.7823,37.2407],[28.7348,37.2735],[28.7407,37.3238],[28.701,37.3657],[28.6401,37.372],[28.6157,37.4287],[28.6286,37.4772],[28.5075,37.4688],[28.467,37.5091],[28.3462,37.5304],[28.2808,37.5121],[28.2883,37.575],[28.2573,37.6007],[28.251,37.5365],[28.223,37.53],[28.2311,37.4938],[28.1911,37.4664],[28.1553,37.4878],[28.1575,37.4687],[28.102,37.4492],[28.0405,37.4783],[27.9632,37.4593],[27.9388,37.4969],[27.9033,37.5011],[27.8888,37.4798],[27.8419,37.476],[27.8205,37.4467],[27.7655,37.4794],[27.7734,37.5106],[27.7273,37.5213],[27.6678,37.4906],[27.6292,37.5052],[27.6258,37.5567],[27.5816,37.5237],[27.5078,37.5376],[27.444,37.4703],[27.4894,37.4269],[27.4902,37.402],[27.3827,37.3544],[27.3856,37.3279],[27.4433,37.3029],[27.4711,37.3201],[27.4732,37.3452],[27.4937,37.3313],[27.4878,37.2936],[27.4545,37.2555],[27.5191,37.277],[27.5223,37.2508],[27.4983,37.2379],[27.5108,37.2277],[27.5353,37.2514],[27.5517,37.2445],[27.5405,37.2544],[27.5565,37.2776],[27.613,37.2795],[27.6096,37.2604],[27.6377,37.2539],[27.6107,37.2584],[27.5754,37.2151],[27.6161,37.1892],[27.5702,37.2113],[27.526,37.1943],[27.5464,37.1844],[27.5429,37.1526],[27.5629,37.1534],[27.5497,37.136],[27.5812,37.1359],[27.5373,37.1284],[27.4706,37.0805],[27.4314,37.1276],[27.3863,37.1207],[27.39,37.145],[27.3662,37.1563],[27.3411,37.1317],[27.3439,37.1505],[27.3231,37.1592],[27.313,37.1157],[27.2739,37.1404],[27.2645,37.1205],[27.2531,37.1288],[27.254,37.1117],[27.288,37.1205],[27.2928,37.1067],[27.2541,37.0941],[27.2255,37.0584],[27.2639,36.9643],[27.3033,36.9572],[27.3003,36.9729],[27.3406,36.9982],[27.3324,37.0153],[27.3819,37.0266],[27.3759,36.9987],[27.4242,37.0362],[27.4823,36.9864],[27.5184,36.9951],[27.5654,36.9749],[27.5756,36.9842],[27.561,36.9882],[27.5853,36.9955],[27.6378,36.978],[27.6482,36.9985],[27.6852,37.0037],[27.7988,36.9951],[27.893,37.0287],[27.9454,37.0162],[27.9778,37.0321],[28.0886,37.0292],[28.0995,37.0121],[28.1155,37.0159],[28.101,37.0348],[28.3288,37.0521],[28.3193,37.0225],[28.1965,36.9824],[28.2162,36.9775],[28.2023,36.9488],[28.1581,36.945],[28.1729,36.9267],[28.1633,36.9057],[28.1592,36.9262],[28.1238,36.938],[28.021,36.9254],[28.0441,36.9103],[28.0151,36.9057],[28.0513,36.8974],[28.0409,36.8839],[28.0592,36.8688],[28.015,36.8636],[28.0015,36.8526],[28.0332,36.8391],[28.0025,36.8349],[28.0647,36.8243],[28.0324,36.7871],[27.8163,36.8133],[27.7208,36.7843],[27.6408,36.8111],[27.6088,36.7637],[27.428,36.7486],[27.4219,36.7135],[27.3615,36.7092],[27.3633,36.6847],[27.4772,36.6473],[27.5163,36.678],[27.5742,36.6852],[27.6791,36.6576],[27.6865,36.7256],[27.7263,36.761],[27.9305,36.7426],[27.9553,36.7612],[28.0159,36.7592],[28.0504,36.7873],[28.0508,36.7596],[28.0806,36.7957],[28.128,36.8056],[28.1315,36.753],[28.1125,36.7747],[28.0844,36.748],[28.1288,36.7249],[28.0978,36.7048],[28.0854,36.718],[28.0975,36.7269],[28.0626,36.7231],[27.9642,36.6836],[28.024,36.6683],[28.0416,36.6936],[28.0483,36.6746],[28.073,36.6756],[28.0544,36.6543],[28.0818,36.6611],[28.0953,36.646],[28.0641,36.605],[27.9565,36.601],[27.9794,36.5866],[27.9656,36.5811],[27.9787,36.5536],[28.0182,36.5652],[28.01,36.5764],[28.0348,36.5628],[28.066,36.5952],[28.0887,36.5824],[28.115,36.6004],[28.1635,36.6844],[28.2252,36.6887],[28.2562,36.7319],[28.3035,36.7304],[28.2689,36.7478],[28.2487,36.773],[28.2564,36.7916],[28.2329,36.8052],[28.2623,36.8487],[28.3158,36.8264],[28.2659,36.814],[28.2741,36.7961],[28.3134,36.7946],[28.31,36.8176],[28.3986,36.7853],[28.4267,36.8354],[28.3789,36.8473],[28.4604,36.8795],[28.4614,36.8121],[28.4977,36.8185],[28.4895,36.7996],[28.5375,36.786],[28.5284,36.8066],[28.5494,36.8305],[28.588,36.8159],[28.6297,36.7802],[28.612,36.7593],[28.6335,36.7547],[28.6071,36.7332],[28.6248,36.7286],[28.6176,36.704],[28.6486,36.7229],[28.6744,36.7066],[28.67,36.6917],[28.7235,36.7055],[28.7873,36.6861],[28.8072,36.6687],[28.7939,36.6514],[28.8189,36.6595],[28.8522,36.638],[28.8245,36.6255],[28.846,36.5886],[28.9082,36.6479],[28.8494,36.6428],[28.866,36.654],[28.8504,36.6622],[28.8681,36.6706],[28.8636,36.6959],[28.9005,36.698],[28.9089,36.7079],[28.8913,36.7095],[28.9299,36.7349],[28.9288,36.7555],[28.9648,36.7224],[29.0198,36.7159],[29.0141,36.7042],[29.0331,36.7083],[29.055,36.682],[29.0968,36.6759],[29.122,36.6477],[29.1157,36.6253],[29.0885,36.6204],[29.1014,36.6411],[29.0774,36.6459],[29.0753,36.6141],[29.0407,36.6196],[29.0231,36.5825],[29.0474,36.5586],[29.0087,36.5436],[29.0527,36.5391],[29.049,36.5589],[29.0883,36.5664],[29.0975,36.5457],[29.1177,36.5514],[29.1268,36.4982],[29.101,36.4749],[29.1343,36.4285],[29.1011,36.3877],[29.1476,36.3784],[29.1395,36.3589],[29.2255,36.3285],[29.262,36.2932],[29.3149,36.3205],[29.3129,36.3879],[29.3355,36.3956],[29.3237,36.4391],[29.3933,36.4736],[29.4538,36.4616],[29.4893,36.4752],[29.6674,36.6192],[29.6953,36.7042],[29.7397,36.7426],[29.7671,36.8415],[29.7605,36.9393],[29.7308,36.9589]]],[[[29.0603,36.5397],[29.0619,36.5403],[29.0598,36.5416],[29.0603,36.5397]]],[[[29.0701,36.5515],[29.0759,36.5542],[29.0638,36.5547],[29.0701,36.5515]]],[[[28.1238,36.5995],[28.1221,36.5989],[28.1225,36.5974],[28.1291,36.596],[28.129,36.5999],[28.1267,36.6009],[28.126,36.5994],[28.1238,36.5995]]],[[[28.0558,36.6191],[28.0534,36.6134],[28.0574,36.6171],[28.0558,36.6191]]],[[[28.0592,36.6413],[28.053,36.6422],[28.0578,36.6354],[28.0648,36.6399],[28.069,36.6484],[28.0623,36.6475],[28.0616,36.6423],[28.0592,36.6413]]],[[[28.0526,36.6269],[28.0515,36.6248],[28.0534,36.6239],[28.0526,36.6269]]],[[[28.0504,36.6497],[28.0533,36.6467],[28.0605,36.6482],[28.0504,36.6497]]],[[[27.5094,36.6613],[27.508,36.6594],[27.5097,36.6545],[27.5121,36.6616],[27.5096,36.6629],[27.5094,36.6613]]],[[[29.0989,36.6463],[29.0996,36.6492],[29.107,36.6535],[29.1022,36.6512],[29.0981,36.6522],[29.0992,36.6502],[29.0977,36.6465],[29.0989,36.6463]]],[[[29.0527,36.6567],[29.0518,36.658],[29.0538,36.661],[29.0499,36.6606],[29.046,36.6649],[29.0442,36.6615],[29.041,36.6613],[29.0437,36.6588],[29.0435,36.6522],[29.0452,36.6545],[29.0473,36.6536],[29.0482,36.6556],[29.0527,36.6567]]],[[[28.0358,36.6705],[28.0276,36.6602],[28.0289,36.6579],[28.0333,36.6586],[28.0371,36.6507],[28.0417,36.6499],[28.0461,36.6555],[28.0455,36.6567],[28.0425,36.6564],[28.0436,36.6608],[28.0364,36.6669],[28.0358,36.6705]]],[[[28.1463,36.6523],[28.146,36.6501],[28.1474,36.6505],[28.1463,36.6523]]],[[[28.9074,36.6607],[28.9076,36.6651],[28.9,36.6669],[28.8986,36.6699],[28.8944,36.6701],[28.8923,36.6668],[28.8895,36.6685],[28.8892,36.6707],[28.8864,36.6685],[28.8884,36.6683],[28.8914,36.6635],[28.899,36.6603],[28.9021,36.6525],[28.9067,36.6513],[28.9091,36.6545],[28.9074,36.6607]]],[[[28.0122,36.6704],[28.0117,36.6675],[28.0137,36.6667],[28.0143,36.67],[28.0122,36.6704]]],[[[29.0343,36.667],[29.0368,36.6671],[29.037,36.6683],[29.0331,36.668],[29.0343,36.667]]],[[[28.9162,36.6547],[28.9394,36.6746],[28.9131,36.6816],[28.9162,36.6547]]],[[[28.9065,36.6678],[28.9059,36.6693],[28.9047,36.6689],[28.9065,36.6678]]],[[[29.0304,36.6684],[29.0327,36.6687],[29.0321,36.6716],[29.0293,36.6707],[29.0304,36.6684]]],[[[28.0407,36.6728],[28.0395,36.6694],[28.0416,36.6688],[28.0405,36.6719],[28.0421,36.6727],[28.0407,36.6728]]],[[[28.0433,36.6834],[28.0431,36.682],[28.0452,36.6835],[28.0433,36.6834]]],[[[29.0099,36.6923],[29.0131,36.6952],[29.006,36.6984],[29.0044,36.6971],[29.0065,36.6937],[29.0099,36.6923]]],[[[28.9308,36.6967],[28.9329,36.6942],[28.9337,36.6964],[28.9326,36.6976],[28.9308,36.6967]]],[[[28.6919,36.6914],[28.6994,36.6943],[28.6931,36.6947],[28.6908,36.6924],[28.6919,36.6914]]],[[[28.9258,36.6936],[28.9299,36.6966],[28.9286,36.6999],[28.924,36.6995],[28.9242,36.6951],[28.9258,36.6936]]],[[[28.669,36.6985],[28.6694,36.6999],[28.6679,36.6996],[28.669,36.6985]]],[[[27.9895,36.7019],[27.9881,36.7046],[27.9877,36.7024],[27.9895,36.7019]]],[[[28.9324,36.6985],[28.9354,36.7049],[28.9347,36.7106],[28.9324,36.6985]]],[[[27.9958,36.7077],[27.9978,36.7084],[27.9975,36.7104],[27.9948,36.7088],[27.9958,36.7077]]],[[[28.9329,36.7079],[28.9313,36.7104],[28.9324,36.7121],[28.9299,36.7093],[28.9329,36.7079]]],[[[28.0038,36.7128],[28.005,36.7167],[28.002,36.7203],[28.0001,36.7185],[28.0023,36.7172],[28.0038,36.7128]]],[[[28.2429,36.7142],[28.2432,36.7127],[28.2471,36.7125],[28.2487,36.7141],[28.2429,36.7142]]],[[[28.015,36.7115],[28.0224,36.716],[28.0318,36.7183],[28.033,36.7267],[28.0289,36.7262],[28.0279,36.7243],[28.0215,36.7253],[28.017,36.7243],[28.0157,36.722],[28.0171,36.7199],[28.0123,36.7184],[28.0148,36.7151],[28.015,36.7115]]],[[[28.9394,36.7176],[28.9446,36.7227],[28.9445,36.7252],[28.9493,36.725],[28.9505,36.7261],[28.945,36.7284],[28.9458,36.7318],[28.9436,36.7323],[28.9394,36.7369],[28.9363,36.7342],[28.9373,36.7317],[28.9352,36.7305],[28.9368,36.7231],[28.9335,36.7238],[28.9361,36.719],[28.9394,36.7176]]],[[[28.0447,36.7253],[28.0494,36.7239],[28.0603,36.7271],[28.0637,36.7304],[28.0646,36.7348],[28.0557,36.7334],[28.0516,36.7357],[28.0461,36.7342],[28.0531,36.7301],[28.0447,36.7253]]],[[[27.4121,36.7385],[27.4142,36.7375],[27.4106,36.7402],[27.404,36.7422],[27.4121,36.7385]]],[[[27.463,36.771],[27.4648,36.7711],[27.463,36.7739],[27.4601,36.7752],[27.4584,36.7743],[27.463,36.771]]],[[[27.7734,36.7523],[27.7755,36.7536],[27.7762,36.7566],[27.7729,36.7555],[27.7734,36.7523]]],[[[28.0571,36.7616],[28.0561,36.7606],[28.0574,36.7594],[28.06,36.761],[28.0571,36.7616]]],[[[28.4317,36.7703],[28.434,36.7714],[28.4416,36.7709],[28.4436,36.7739],[28.4415,36.7736],[28.4402,36.7773],[28.4429,36.7793],[28.4364,36.7777],[28.4368,36.7748],[28.4309,36.7711],[28.4317,36.7703]]],[[[28.2865,36.821],[28.2784,36.8201],[28.2795,36.8189],[28.2887,36.8203],[28.2865,36.821]]],[[[28.2588,36.803],[28.2587,36.8047],[28.2612,36.8062],[28.2589,36.8101],[28.253,36.8068],[28.2496,36.8095],[28.2464,36.8076],[28.2437,36.8086],[28.2439,36.8051],[28.253,36.8046],[28.2591,36.7992],[28.2588,36.803]]],[[[28.1208,36.8022],[28.1229,36.8039],[28.1214,36.8041],[28.121,36.8047],[28.1217,36.8032],[28.1208,36.8047],[28.1205,36.8024],[28.1227,36.8038],[28.1208,36.8022]]],[[[28.4451,36.8624],[28.4462,36.8632],[28.4449,36.8652],[28.4451,36.8624]]],[[[28.0224,36.8661],[28.027,36.866],[28.0284,36.8672],[28.0254,36.8689],[28.0186,36.8681],[28.0224,36.8661]]],[[[28.0329,36.8683],[28.0389,36.872],[28.0345,36.8708],[28.0329,36.8683]]],[[[28.0423,36.8732],[28.0452,36.875],[28.0441,36.8766],[28.0414,36.8761],[28.0423,36.8732]]],[[[28.0345,36.8832],[28.0361,36.8837],[28.0339,36.8852],[28.0345,36.8832]]],[[[28.1555,36.9334],[28.1573,36.935],[28.1565,36.937],[28.1536,36.9352],[28.1555,36.9334]]],[[[28.1541,36.944],[28.1566,36.945],[28.1541,36.9453],[28.1541,36.944]]],[[[27.3053,36.9506],[27.3064,36.9517],[27.3047,36.9522],[27.3053,36.9506]]],[[[28.2001,36.9591],[28.1992,36.9636],[28.1966,36.964],[28.1914,36.9598],[28.1898,36.9603],[28.1892,36.9578],[28.1949,36.9573],[28.2001,36.9591]]],[[[27.2323,36.9828],[27.2316,36.9867],[27.2297,36.9834],[27.2323,36.9828]]],[[[27.5939,36.9692],[27.5956,36.9703],[27.5974,36.9678],[27.6024,36.967],[27.5975,36.9699],[27.5985,36.9715],[27.5965,36.9735],[27.6001,36.9755],[27.5953,36.9783],[27.5922,36.9771],[27.5919,36.9795],[27.5896,36.9801],[27.5875,36.9787],[27.5886,36.9733],[27.5922,36.9722],[27.5916,36.9687],[27.5939,36.9692]]],[[[27.4254,36.9898],[27.4604,36.9633],[27.4929,36.9676],[27.4254,36.9898]]],[[[27.5817,36.9784],[27.5795,36.9789],[27.5774,36.9775],[27.5817,36.9784]]],[[[27.1829,37.0055],[27.1802,37.0055],[27.1815,37.0045],[27.1829,37.0055]]],[[[27.2113,37.0051],[27.2123,37.0057],[27.2107,37.0062],[27.2113,37.0051]]],[[[27.362,37.0089],[27.3595,37.0105],[27.3564,37.0093],[27.3592,37.0064],[27.362,37.0089]]],[[[28.2093,36.9907],[28.2107,36.9912],[28.2093,36.9933],[28.2046,36.9918],[28.2056,36.996],[28.2008,36.9913],[28.2093,36.9907]]],[[[27.1967,36.9921],[27.199,36.9928],[27.1971,36.9934],[27.1967,36.9921]]],[[[28.2386,37.0017],[28.2423,37.0016],[28.2398,37.0032],[28.2379,37.0028],[28.2386,37.0017]]],[[[27.3864,36.9979],[27.3869,37.0012],[27.3841,37.0019],[27.3821,36.9961],[27.379,36.9949],[27.3847,36.9901],[27.3864,36.9979]]],[[[28.2086,36.9971],[28.2094,36.9991],[28.205,36.9989],[28.2086,36.9971]]],[[[27.216,37.0098],[27.2166,37.0061],[27.2106,37.0023],[27.211,37.0003],[27.2075,36.9988],[27.2076,36.9971],[27.2115,36.9995],[27.2155,36.999],[27.217,37.0055],[27.224,37.0084],[27.2232,37.011],[27.22,37.0132],[27.216,37.0098]]],[[[27.1503,37.0494],[27.1511,37.0501],[27.1495,37.0503],[27.1503,37.0494]]],[[[27.2034,37.0465],[27.2044,37.0506],[27.1988,37.0497],[27.2008,37.0469],[27.2034,37.0465]]],[[[27.2076,37.0806],[27.2144,37.0846],[27.2139,37.0891],[27.2089,37.0891],[27.205,37.0832],[27.2076,37.0806]]],[[[27.2366,37.0865],[27.2416,37.088],[27.2364,37.0905],[27.232,37.0894],[27.2366,37.0865]]],[[[27.4752,37.1222],[27.4748,37.1238],[27.4721,37.1232],[27.4694,37.1184],[27.4725,37.1186],[27.4752,37.1222]]],[[[27.4804,37.1252],[27.4813,37.1307],[27.4768,37.1268],[27.4804,37.1252]]],[[[27.3854,37.1375],[27.3888,37.1366],[27.3947,37.1395],[27.3878,37.1403],[27.3854,37.1375]]],[[[27.2799,37.1425],[27.2785,37.1427],[27.2795,37.1416],[27.2799,37.1425]]],[[[27.5179,37.1599],[27.4901,37.1415],[27.5285,37.1415],[27.5366,37.1616],[27.5179,37.1599]]],[[[27.3542,37.1729],[27.3597,37.1743],[27.3591,37.1759],[27.3548,37.1765],[27.3542,37.1729]]],[[[27.3622,37.1745],[27.3689,37.1621],[27.3742,37.1619],[27.3784,37.1635],[27.3779,37.1668],[27.3718,37.1688],[27.3687,37.1729],[27.3622,37.1745]]],[[[27.5628,37.2445],[27.5639,37.2457],[27.5565,37.2486],[27.5514,37.253],[27.5476,37.2532],[27.5498,37.2504],[27.5628,37.2445]]],[[[27.364,37.2811],[27.369,37.2827],[27.37,37.2845],[27.3664,37.2844],[27.364,37.2811]]]]},"properties":{"iso3":"TUR","shapeId":"25984515B57226385500606","regionId":"TUR.59_1","name":"Muğla"}},{"type":"Feature","geometry":{"type":"Polygon","coordinates":[[[42.4196,39.5347],[42.384,39.5379],[42.373,39.5061],[42.2437,39.4494],[42.1793,39.3944],[42.1989,39.3581],[42.2329,39.3488],[42.1984,39.3092],[42.1752,39.3249],[42.1457,39.2835],[42.0647,39.2728],[42.0504,39.2486],[42.0255,39.2526],[41.96,39.2112],[41.8186,39.2089],[41.8012,39.1731],[41.7325,39.1521],[41.7087,39.1677],[41.6182,39.1566],[41.6041,39.1834],[41.6167,39.2533],[41.415,39.3534],[41.148,39.3624],[41.1327,39.2369],[41.1772,39.2242],[41.1901,39.1707],[41.2555,39.1136],[41.2641,39.0353],[41.1888,39.0038],[41.1775,38.9694],[41.1201,38.9285],[41.1155,38.8113],[41.1769,38.766],[41.1045,38.6825],[41.1193,38.6632],[41.2626,38.6498],[41.2893,38.5443],[41.311,38.5365],[41.296,38.5122],[41.3666,38.4833],[41.4637,38.5083],[41.5071,38.5818],[41.6083,38.6147],[41.8375,38.5979],[41.909,38.5407],[41.9541,38.5696],[41.931,38.6343],[42.0389,38.661],[42.037,38.6992],[42.1158,38.737],[42.1168,38.7632],[42.0954,38.7567],[42.0883,38.7784],[42.1121,38.7908],[42.119,38.8362],[42.1657,38.8443],[42.1703,38.8763],[42.2622,38.8862],[42.3277,38.9485],[42.3778,38.9264],[42.422,38.9574],[42.4556,38.9548],[42.5033,38.923],[42.5628,38.9328],[42.5848,38.9083],[42.6349,38.9364],[42.6592,38.926],[42.7122,38.9654],[42.6844,39.0115],[42.7099,39.0776],[42.6907,39.084],[42.693,39.125],[42.7126,39.1506],[42.6804,39.1541],[42.694,39.1659],[42.6782,39.1788],[42.6861,39.2203],[42.6526,39.2682],[42.6017,39.2766],[42.6249,39.3113],[42.5809,39.3368],[42.5813,39.3623],[42.5203,39.3662],[42.5006,39.4219],[42.5113,39.4859],[42.4661,39.4781],[42.4196,39.5347]]]},"properties":{"iso3":"TUR","shapeId":"25984515B88478081264350","regionId":"TUR.60_1","name":"Muş"}},{"type":"Feature","geometry":{"type":"Polygon","coordinates":[[[34.5006,38.3866],[34.5233,38.3531],[34.5859,38.3279],[34.5741,38.306],[34.605,38.2812],[34.6833,38.346],[34.7859,38.34],[34.8195,38.3028],[34.8305,38.3514],[34.8781,38.3666],[34.8523,38.3819],[34.8469,38.4244],[34.8688,38.443],[35.0026,38.4157],[34.9907,38.4547],[35.0057,38.4724],[35.041,38.4863],[35.1362,38.4685],[35.1664,38.5026],[35.0923,38.5773],[35.0983,38.6118],[35.0719,38.6394],[35.0893,38.6446],[35.0826,38.6839],[35.0994,38.7025],[35.0789,38.747],[34.965,38.8067],[34.9607,38.8443],[35.0193,38.8649],[35.0016,38.9102],[35.0497,38.9542],[35.0495,38.994],[35.04,39.0577],[35.0238,39.0535],[35.004,39.0852],[35.0085,39.1405],[34.9509,39.1397],[34.9294,39.1724],[34.9681,39.2146],[34.9653,39.2456],[34.9183,39.2587],[34.952,39.3084],[34.9118,39.3386],[34.9225,39.3725],[34.8693,39.356],[34.8564,39.3203],[34.7746,39.3045],[34.6715,39.3836],[34.5903,39.3372],[34.5808,39.3294],[34.6105,39.3103],[34.6742,39.3114],[34.7032,39.2586],[34.6945,39.2368],[34.6423,39.2366],[34.5941,39.2069],[34.5868,39.1799],[34.6309,39.1667],[34.5896,39.133],[34.5605,39.145],[34.5772,39.1276],[34.5505,39.1067],[34.5601,39.0988],[34.5501,39.0876],[34.5284,39.1023],[34.5155,39.0803],[34.6095,39.0728],[34.628,39.0362],[34.6004,39.0145],[34.5679,39.0238],[34.5624,39.0606],[34.5423,39.0625],[34.5062,39.0093],[34.4736,38.9996],[34.487,38.9787],[34.4379,38.9866],[34.4337,38.9346],[34.3546,38.8492],[34.2809,38.9005],[34.2473,38.8802],[34.2475,38.8208],[34.2946,38.812],[34.2646,38.752],[34.2896,38.7125],[34.282,38.6765],[34.2441,38.6513],[34.2403,38.6263],[34.3569,38.5936],[34.4285,38.5422],[34.4167,38.5172],[34.4382,38.4891],[34.4353,38.4492],[34.5006,38.3866]]]},"properties":{"iso3":"TUR","shapeId":"25984515B18723924091225","regionId":"TUR.61_1","name":"Nevşehir"}},{"type":"Feature","geometry":{"type":"Polygon","coordinates":[[[35.3111,37.7176],[35.3046,37.7532],[35.2149,37.7607],[35.1499,37.8051],[35.2094,37.8936],[35.2007,37.9807],[35.2323,37.9895],[35.2183,38.003],[35.2369,38.0568],[35.2212,38.0916],[35.2322,38.1414],[35.2077,38.1417],[35.1944,38.164],[35.1497,38.1613],[35.1268,38.1886],[35.1064,38.1896],[35.0909,38.1599],[35.0387,38.1707],[35.0383,38.2042],[35.0128,38.2091],[35.0082,38.2285],[35.0356,38.2714],[34.8781,38.3666],[34.8305,38.3514],[34.8195,38.3028],[34.7859,38.34],[34.6833,38.346],[34.605,38.2812],[34.5741,38.306],[34.5859,38.3279],[34.5233,38.3531],[34.503,38.3887],[34.4216,38.3131],[34.4374,38.2625],[34.4279,38.2246],[34.3633,38.2267],[34.3202,38.1946],[34.275,38.1135],[34.166,38.1266],[34.1398,38.0849],[34.0526,38.055],[34.0702,38.0395],[34.0608,38.0275],[33.9755,37.9961],[33.9943,37.9629],[34.0829,37.9709],[34.1232,37.9552],[34.1988,37.8739],[34.2878,37.8465],[34.3508,37.7649],[34.3762,37.6735],[34.2972,37.5977],[34.3083,37.4958],[34.3952,37.436],[34.4365,37.3314],[34.5429,37.3514],[34.702,37.4323],[34.7882,37.424],[34.8695,37.5608],[34.8477,37.6087],[34.8918,37.6909],[35.091,37.6496],[35.3111,37.7176]]]},"properties":{"iso3":"TUR","shapeId":"25984515B59741408878569","regionId":"TUR.62_1","name":"Niğde"}},{"type":"Feature","geometry":{"type":"Polygon","coordinates":[[[38.116,40.958],[37.8789,40.9872],[37.8656,41.0149],[37.8087,41.0256],[37.7755,41.0637],[37.7866,41.1162],[37.7044,41.1142],[37.6831,41.1366],[37.6092,41.0481],[37.5373,41.0214],[37.3962,41.1035],[37.2974,41.1219],[37.2933,41.1452],[37.1699,41.1476],[37.1625,41.1211],[37.1206,41.0958],[37.0166,41.1019],[36.989,41.0857],[36.9844,41.0586],[36.9583,41.0645],[36.9546,41.0401],[36.9817,41.022],[36.9143,40.9761],[36.915,40.935],[36.8945,40.9593],[36.8514,40.9446],[36.852,40.9196],[36.781,40.9296],[36.6824,40.8869],[36.7126,40.8394],[36.7696,40.8312],[36.7776,40.8008],[36.8509,40.7667],[36.8407,40.7121],[36.9427,40.7197],[36.9941,40.6861],[37.187,40.7311],[37.2032,40.6788],[37.2382,40.6672],[37.2408,40.6137],[37.3405,40.5991],[37.3934,40.544],[37.4422,40.5652],[37.5178,40.5321],[37.613,40.5488],[37.6022,40.5223],[37.6219,40.5257],[37.6135,40.5055],[37.628,40.499],[37.6138,40.4579],[37.6376,40.4567],[37.6358,40.4346],[37.6654,40.4109],[37.6441,40.3862],[37.6756,40.3733],[37.6945,40.3312],[37.7213,40.3258],[37.7585,40.3335],[37.7562,40.3928],[37.7926,40.3878],[37.8512,40.3439],[37.9321,40.4295],[37.9451,40.4802],[37.9716,40.4637],[38.0676,40.5526],[38.0742,40.5228],[38.1076,40.5125],[38.0971,40.5729],[38.0354,40.598],[38.0059,40.6383],[38.0129,40.6725],[37.9625,40.6832],[37.9748,40.7058],[37.9604,40.7467],[38.0483,40.7832],[38.0046,40.8171],[38.0116,40.8665],[38.0382,40.8992],[38.078,40.8997],[38.116,40.958]]]},"properties":{"iso3":"TUR","shapeId":"25984515B15602000155844","regionId":"TUR.63_1","name":"Ordu"}},{"type":"Feature","geometry":{"type":"Polygon","coordinates":[[[36.0576,37.0082],[36.1581,36.9931],[36.2159,37.0044],[36.206,36.9781],[36.2354,36.9647],[36.369,36.9317],[36.4428,36.9331],[36.4607,36.9788],[36.5623,37.0513],[36.5735,37.0925],[36.6176,37.1186],[36.6257,37.1537],[36.6795,37.184],[36.6965,37.2203],[36.6711,37.2421],[36.688,37.2782],[36.6594,37.2724],[36.6305,37.2979],[36.6914,37.3583],[36.5247,37.3551],[36.5861,37.4118],[36.5186,37.4402],[36.4653,37.4141],[36.4686,37.3761],[36.4039,37.3521],[36.2734,37.3588],[36.2366,37.5203],[36.266,37.6685],[36.213,37.7158],[36.2607,37.7498],[36.1466,37.7327],[36.0694,37.6409],[35.9716,37.5663],[35.9472,37.4886],[35.9157,37.4664],[35.9203,37.3457],[35.9034,37.2846],[35.917,37.2432],[35.8765,37.185],[35.899,37.1746],[35.9724,37.2201],[36.0737,37.1999],[36.0768,37.1655],[36.0962,37.155],[36.078,37.1055],[36.0992,37.0845],[36.0923,37.0581],[36.0571,37.0459],[36.0576,37.0082]]]},"properties":{"iso3":"TUR","shapeId":"25984515B63638727958144","regionId":"TUR.64_1","name":"Osmaniye"}},{"type":"Feature","geometry":{"type":"Polygon","coordinates":[[[41.2462,41.3235],[41.0541,41.2143],[40.9307,41.1766],[40.8281,41.1773],[40.7104,41.0839],[40.5416,41.0272],[40.4954,41.0414],[40.3831,41.0257],[40.33,40.9907],[40.3529,40.967],[40.3987,40.9615],[40.4188,40.9047],[40.4753,40.8555],[40.4186,40.8051],[40.4326,40.7792],[40.4165,40.7564],[40.5075,40.7146],[40.437,40.622],[40.4834,40.5213],[40.5165,40.5185],[40.5626,40.5548],[40.6466,40.5639],[40.7163,40.6055],[40.7856,40.585],[40.7652,40.5665],[40.7763,40.5528],[40.7944,40.5804],[40.8354,40.5753],[40.8689,40.6111],[40.8269,40.6595],[40.8883,40.7125],[40.8747,40.7355],[40.9385,40.7371],[40.9758,40.7626],[41.1181,40.79],[41.1141,40.821],[41.216,40.9081],[41.2452,40.9797],[41.3213,41.0158],[41.3758,41.1208],[41.3342,41.2157],[41.2872,41.2499],[41.2462,41.3235]]]},"properties":{"iso3":"TUR","shapeId":"25984515B47778459062669","regionId":"TUR.65_1","name":"Rize"}},{"type":"Feature","geometry":{"type":"Polygon","coordinates":[[[30.588,40.2861],[30.5708,40.3266],[30.6086,40.3367],[30.5648,40.3571],[30.5914,40.463],[30.5718,40.4909],[30.864,40.5111],[30.8826,40.5385],[30.8705,40.5986],[30.941,40.711],[30.8924,40.7293],[30.8857,40.7495],[30.8302,40.7514],[30.8395,40.8045],[30.9194,40.8375],[30.8684,40.8406],[30.8794,40.87],[30.8238,40.8839],[30.8243,40.9001],[30.8993,40.9167],[30.8969,40.9338],[30.9627,40.986],[30.9514,41.0011],[31.0125,41.0452],[30.9548,41.0627],[30.9675,41.0748],[30.7578,41.0857],[30.6716,41.1204],[30.6841,41.1243],[30.3671,41.1792],[30.291,41.0961],[30.244,41.0852],[30.2662,41.051],[30.2269,41.0153],[30.2373,40.98],[30.2606,40.987],[30.2905,40.9556],[30.2747,40.9183],[30.2917,40.9082],[30.2824,40.8936],[30.2346,40.9013],[30.2675,40.866],[30.2153,40.8207],[30.2517,40.7265],[30.1561,40.7115],[30.1532,40.6582],[30.1152,40.6079],[29.967,40.5514],[29.992,40.5163],[29.9828,40.4745],[30.0114,40.4302],[30.0387,40.4212],[30.0709,40.4581],[30.1504,40.3616],[30.2099,40.3376],[30.307,40.3812],[30.4365,40.3932],[30.4744,40.3834],[30.4721,40.332],[30.5115,40.2957],[30.588,40.2861]]]},"properties":{"iso3":"TUR","shapeId":"25984515B30494634933389","regionId":"TUR.66_1","name":"Sakarya"}},{"type":"Feature","geometry":{"type":"Polygon","coordinates":[[[36.427,40.8654],[36.593,40.9081],[36.6147,40.8933],[36.6402,40.9098],[36.6824,40.8869],[36.781,40.9296],[36.852,40.9196],[36.8514,40.9446],[36.8945,40.9593],[36.915,40.935],[36.9143,40.9761],[36.9817,41.022],[36.9546,41.0401],[36.9583,41.0645],[36.9844,41.0586],[36.989,41.0857],[37.0166,41.1019],[37.1206,41.0958],[37.1625,41.1211],[37.1699,41.1476],[37.0339,41.1869],[37.0247,41.2599],[36.9979,41.2839],[36.8563,41.3437],[36.6625,41.3823],[36.6218,41.3662],[36.5615,41.2863],[36.4917,41.2482],[36.3858,41.2556],[36.35,41.2826],[36.351,41.308],[36.3476,41.2868],[36.3365,41.2961],[36.3557,41.3098],[36.2417,41.3538],[36.1311,41.4622],[36.1148,41.6249],[36.0671,41.68],[35.9556,41.7379],[35.8563,41.6899],[35.5962,41.6337],[35.511,41.6361],[35.4,41.6768],[35.3359,41.6036],[35.3453,41.5937],[35.3146,41.5919],[35.3602,41.5385],[35.3696,41.4813],[35.4343,41.4526],[35.4357,41.3968],[35.4783,41.3407],[35.4376,41.3139],[35.3827,41.3439],[35.3549,41.3395],[35.4042,41.2677],[35.3586,41.2442],[35.3066,41.2339],[35.1916,41.267],[35.1952,41.3047],[35.1496,41.3229],[35.1304,41.3613],[35.0753,41.3292],[35.0136,41.3446],[34.9462,41.3268],[34.9276,41.2797],[34.8787,41.2569],[34.927,41.2235],[34.9326,41.1966],[34.9587,41.1962],[34.9841,41.1436],[34.9231,41.0963],[35.2106,41.0759],[35.2676,41.0332],[35.3396,41.0361],[35.3583,41.0053],[35.4462,41.0203],[35.5016,40.9596],[35.6267,40.9366],[35.6439,40.9149],[35.6345,40.8955],[35.6638,40.8966],[35.6946,40.8637],[35.7338,40.8798],[35.7666,40.8683],[35.7889,40.8863],[36.0232,40.8221],[36.0828,40.8446],[36.1,40.8922],[36.1619,40.8908],[36.1998,40.9811],[36.2254,40.9859],[36.3415,40.975],[36.3508,40.9408],[36.3789,40.9411],[36.4105,40.8928],[36.3959,40.865],[36.427,40.8654]]]},"properties":{"iso3":"TUR","shapeId":"25984515B31080883995775","regionId":"TUR.67_1","name":"Samsun"}},{"type":"Feature","geometry":{"type":"Polygon","coordinates":[[[41.8125,37.6953],[41.9959,37.6257],[42.1475,37.6302],[42.1537,37.6067],[42.2479,37.5818],[42.2827,37.6056],[42.2572,37.6559],[42.3159,37.6398],[42.3626,37.6738],[42.3625,37.7098],[42.4219,37.6922],[42.5293,37.7267],[42.8407,37.6597],[42.8845,37.7669],[42.7721,37.9341],[42.7463,37.9402],[42.736,37.9991],[42.7099,38.0194],[42.6632,38.0245],[42.6495,37.9943],[42.6141,37.9811],[42.5483,37.9692],[42.5019,37.9816],[42.4835,37.9995],[42.4896,38.0203],[42.4404,38.0569],[42.4489,38.0702],[42.3915,38.0691],[42.3748,38.0888],[42.3897,38.1274],[42.3315,38.11],[42.2871,38.1194],[42.2363,38.1802],[42.246,38.2326],[42.1163,38.2167],[42.0407,38.1731],[41.9703,38.1577],[41.9314,38.1851],[41.824,38.2028],[41.7853,38.2357],[41.6828,38.2437],[41.6607,38.2673],[41.631,38.2273],[41.6433,38.1577],[41.6074,38.1108],[41.6097,38.0839],[41.5469,38.0611],[41.5319,38.0142],[41.4817,38.0397],[41.363,37.959],[41.4399,37.8972],[41.5226,37.8623],[41.6562,37.8773],[41.7028,37.831],[41.6647,37.7428],[41.6761,37.7267],[41.7157,37.708],[41.7195,37.7266],[41.7746,37.7328],[41.7748,37.7155],[41.8202,37.7127],[41.8125,37.6953]]]},"properties":{"iso3":"TUR","shapeId":"25984515B34503670046284","regionId":"TUR.69_1","name":"Siirt"}},{"type":"Feature","geometry":{"type":"Polygon","coordinates":[[[34.8787,41.2569],[34.9276,41.2797],[34.9462,41.3268],[35.0136,41.3446],[35.0753,41.3292],[35.1304,41.3613],[35.1496,41.3229],[35.1952,41.3047],[35.1916,41.267],[35.3178,41.2336],[35.4042,41.2677],[35.3549,41.3395],[35.3827,41.3439],[35.4376,41.3139],[35.4783,41.3407],[35.4357,41.3968],[35.4343,41.4526],[35.3696,41.4813],[35.3602,41.5385],[35.3146,41.5919],[35.3453,41.5937],[35.3571,41.6358],[35.4121,41.6842],[35.2765,41.716],[35.2111,41.765],[35.1929,41.7936],[35.2073,41.8021],[35.1319,41.8558],[35.0911,41.9185],[35.1218,42.0138],[35.2045,42.0125],[35.1928,42.0392],[35.0861,42.0253],[35.0467,42.0399],[35.0515,42.0603],[35.0166,42.093],[34.9443,42.098],[34.9495,42.0747],[34.9073,42.0244],[34.7994,41.9548],[34.623,41.9415],[34.5114,41.9572],[34.4901,41.9766],[34.3193,41.942],[34.2282,41.9547],[34.2247,41.9356],[34.2897,41.8566],[34.288,41.7868],[34.2437,41.7425],[34.5128,41.7365],[34.6043,41.6738],[34.5992,41.612],[34.5384,41.5441],[34.4308,41.4905],[34.4833,41.3509],[34.5476,41.2962],[34.7082,41.2994],[34.7267,41.2494],[34.7887,41.2379],[34.8464,41.202],[34.8787,41.2569]]]},"properties":{"iso3":"TUR","shapeId":"25984515B86660708585065","regionId":"TUR.70_1","name":"Sinop"}},{"type":"Feature","geometry":{"type":"Polygon","coordinates":[[[38.7722,40.0671],[38.7265,40.0898],[38.6577,40.0833],[38.6602,40.1074],[38.5615,40.0946],[38.5568,40.1135],[38.51,40.1199],[38.5345,40.1533],[38.4763,40.165],[38.4468,40.163],[38.4411,40.1301],[38.4152,40.1232],[38.4006,40.1502],[38.3248,40.169],[38.3234,40.1862],[38.165,40.2215],[38.2021,40.2611],[38.1771,40.2654],[38.1861,40.292],[38.1474,40.3495],[38.1904,40.509],[38.1596,40.5248],[38.1289,40.5042],[38.0742,40.5228],[38.0676,40.5526],[37.9716,40.4637],[37.9451,40.4802],[37.9321,40.4295],[37.8512,40.3439],[37.7926,40.3878],[37.7562,40.3928],[37.7585,40.3335],[37.7213,40.3258],[37.6772,40.3467],[37.6756,40.3733],[37.6213,40.3883],[37.5927,40.3203],[37.5176,40.2569],[37.4328,40.2233],[37.4604,40.1968],[37.4456,40.1687],[37.3648,40.1742],[37.3483,40.2036],[37.0947,40.2465],[37.0628,40.1936],[37.0048,40.2258],[36.9194,40.2043],[36.8693,40.2359],[36.787,40.2275],[36.7696,40.2215],[36.7424,40.146],[36.6479,40.078],[36.6392,40.06],[36.6612,40.0271],[36.6482,39.9776],[36.6248,39.9894],[36.5122,39.9572],[36.3136,39.9746],[36.226,39.9521],[36.2181,39.935],[36.1345,39.9302],[36.1508,39.895],[36.124,39.8932],[36.0808,39.9007],[36.0669,39.9317],[36.0087,39.9268],[35.978,39.9517],[36.0007,39.8915],[36.0767,39.8585],[36.0496,39.7671],[36.1683,39.6956],[36.1432,39.6546],[36.1548,39.603],[36.1435,39.555],[36.0852,39.5142],[36.0197,39.5073],[35.9419,39.5434],[35.8825,39.5298],[35.8596,39.4592],[35.8864,39.3931],[35.8538,39.2929],[35.9151,39.2663],[35.9133,39.2437],[35.9367,39.2417],[35.9435,39.2071],[35.9776,39.1899],[35.9611,39.1567],[36.0419,39.1374],[36.0998,39.0816],[36.159,39.1007],[36.2542,39.0645],[36.263,39.0954],[36.2984,39.1051],[36.3346,39.0535],[36.3639,39.0861],[36.4094,39.0908],[36.4108,39.1384],[36.4466,39.1301],[36.4871,39.0742],[36.518,39.1127],[36.5992,39.101],[36.6719,39.1817],[36.7034,39.1622],[36.7361,39.1713],[36.7473,39.1384],[36.768,39.1353],[36.7706,39.1023],[36.8462,39.117],[36.8468,39.0989],[36.888,39.0776],[36.8796,39.0425],[36.9278,39.0054],[36.925,38.9787],[36.9587,38.9433],[36.9148,38.9422],[36.8987,38.9148],[36.8494,38.8978],[36.8604,38.8541],[36.7877,38.7977],[36.7926,38.7754],[36.8209,38.7863],[36.8137,38.7619],[36.7577,38.7518],[36.7244,38.7249],[36.7642,38.7058],[36.7486,38.6709],[36.7891,38.6551],[36.7968,38.6311],[36.78,38.6014],[36.7309,38.5846],[36.7804,38.5371],[36.8806,38.5684],[37.0638,38.5861],[37.3002,38.5656],[37.3195,38.5971],[37.4025,38.6089],[37.4294,38.7053],[37.4886,38.7194],[37.5577,38.7926],[37.5352,38.8472],[37.5451,38.9297],[37.4703,39.0211],[37.4807,39.0414],[37.5108,39.0349],[37.5295,39.0067],[37.613,39.0148],[37.7486,38.9717],[37.7836,39.0097],[37.7575,39.0403],[37.7783,39.082],[37.8279,39.0897],[37.9341,39.0683],[38.0609,39.0964],[38.1617,39.0832],[38.2518,39.1378],[38.3242,39.1528],[38.3679,39.2515],[38.3658,39.3036],[38.3306,39.3587],[38.3806,39.3717],[38.3664,39.3943],[38.3952,39.4186],[38.3001,39.4912],[38.2773,39.5348],[38.3479,39.5878],[38.3105,39.6467],[38.352,39.7025],[38.3566,39.7638],[38.4515,39.8267],[38.4067,39.8708],[38.3889,39.918],[38.4581,39.9857],[38.5499,39.9568],[38.6434,40.003],[38.6867,40.0099],[38.7161,39.9878],[38.763,40.0149],[38.7722,40.0671]]]},"properties":{"iso3":"TUR","shapeId":"25984515B33997294820892","regionId":"TUR.72_1","name":"Sivas"}},{"type":"Feature","geometry":{"type":"Polygon","coordinates":[[[26.9071,40.5383],[26.9956,40.5559],[27.0428,40.5983],[27.1783,40.6274],[27.3091,40.7027],[27.3438,40.7655],[27.4555,40.8461],[27.4704,40.9141],[27.5121,40.9745],[27.7569,41.0139],[27.8778,40.966],[27.9634,40.9658],[28.0134,41.0343],[27.9742,41.0426],[27.9787,41.1524],[28.0233,41.1813],[27.9997,41.2391],[28.0767,41.2879],[28.1008,41.4039],[28.1222,41.4099],[28.1112,41.4658],[28.0703,41.5089],[28.1195,41.5342],[28.118,41.5634],[28.1443,41.5906],[28.0638,41.5822],[28.0417,41.6097],[28.0026,41.5557],[27.9591,41.5883],[27.9433,41.5437],[27.8834,41.4808],[27.8279,41.5068],[27.7622,41.4603],[27.6707,41.4527],[27.649,41.4241],[27.6186,41.4287],[27.5822,41.395],[27.6062,41.3692],[27.5706,41.3208],[27.5965,41.2809],[27.5853,41.2646],[27.4397,41.2171],[27.3562,41.2279],[27.2576,41.3118],[27.1746,41.3554],[27.1606,41.3521],[27.1866,41.3342],[27.1688,41.3273],[27.174,41.3102],[27.147,41.3006],[27.1192,41.3308],[27.1319,41.2791],[27.1191,41.2638],[27.0625,41.2693],[27.0597,41.2904],[27.1058,41.2869],[27.1001,41.3267],[26.9727,41.3608],[26.968,41.3196],[26.9429,41.323],[26.9222,41.2891],[26.9622,41.2376],[26.93,41.2199],[26.9517,41.1777],[26.8107,41.1072],[26.7974,41.0618],[26.7078,41.0746],[26.6933,41.0476],[26.7444,41.0184],[26.7196,40.9593],[26.7641,40.9446],[26.7148,40.9181],[26.7117,40.88],[26.742,40.8608],[26.7538,40.8135],[26.8111,40.7521],[26.8049,40.7266],[26.9613,40.762],[27.0495,40.7466],[27.0145,40.6839],[26.9149,40.6456],[26.9071,40.5383]]]},"properties":{"iso3":"TUR","shapeId":"25984515B4318484465943","regionId":"TUR.73_1","name":"Tekirdağ"}},{"type":"Feature","geometry":{"type":"Polygon","coordinates":[[[35.4326,40.2427],[35.5028,40.1948],[35.4891,40.1399],[35.6442,40.1137],[35.6993,40.0688],[35.7596,40.0756],[35.7786,40.0995],[36.0375,40.1046],[36.0273,40.0827],[35.9439,40.0511],[35.96,39.9793],[36.0087,39.9268],[36.0669,39.9317],[36.0808,39.9007],[36.1508,39.895],[36.1345,39.9302],[36.2181,39.935],[36.226,39.9521],[36.3136,39.9746],[36.5122,39.9572],[36.6248,39.9894],[36.6482,39.9776],[36.6612,40.0271],[36.6392,40.06],[36.6479,40.078],[36.7424,40.146],[36.7696,40.2215],[36.787,40.2275],[36.8693,40.2359],[36.9194,40.2043],[37.0048,40.2258],[37.0628,40.1936],[37.0947,40.2465],[37.3483,40.2036],[37.3648,40.1742],[37.4456,40.1687],[37.4604,40.1968],[37.4328,40.2233],[37.5176,40.2569],[37.5927,40.3203],[37.6213,40.3883],[37.6441,40.3862],[37.6654,40.4109],[37.6358,40.4346],[37.6376,40.4567],[37.6138,40.4579],[37.628,40.499],[37.6135,40.5055],[37.6219,40.5257],[37.6022,40.5223],[37.613,40.5488],[37.5178,40.5321],[37.4422,40.5652],[37.3934,40.544],[37.3405,40.5991],[37.2408,40.6137],[37.2382,40.6672],[37.2032,40.6788],[37.187,40.7311],[36.9941,40.6861],[36.9427,40.7197],[36.8407,40.7121],[36.8509,40.7667],[36.7776,40.8008],[36.7696,40.8312],[36.7126,40.8394],[36.6774,40.8939],[36.5979,40.9085],[36.4947,40.8734],[36.4513,40.8816],[36.4151,40.8554],[36.4154,40.8127],[36.5122,40.7705],[36.397,40.7328],[36.3987,40.6758],[36.2417,40.5038],[36.1381,40.4731],[36.1068,40.4414],[36.014,40.468],[36.0173,40.4845],[35.9777,40.5015],[35.8266,40.4973],[35.8328,40.4697],[35.8058,40.4245],[35.7388,40.4261],[35.7084,40.3642],[35.5217,40.3105],[35.4326,40.2427]]]},"properties":{"iso3":"TUR","shapeId":"25984515B20532508270601","regionId":"TUR.74_1","name":"Tokat"}},{"type":"Feature","geometry":{"type":"Polygon","coordinates":[[[40.4762,40.5285],[40.437,40.622],[40.5075,40.7146],[40.4165,40.7564],[40.4326,40.7792],[40.4186,40.8051],[40.4753,40.8555],[40.4188,40.9047],[40.3987,40.9615],[40.3298,40.9884],[40.2324,40.9288],[40.1219,40.9127],[40.0364,40.9589],[39.8728,40.9549],[39.7832,41.0031],[39.7231,41.013],[39.6574,40.9965],[39.5668,41.0247],[39.4859,41.0928],[39.4192,41.1077],[39.2779,41.0498],[39.1806,41.0737],[39.1315,40.9898],[39.1498,40.9547],[39.1348,40.9088],[39.1544,40.8865],[39.1235,40.8177],[39.1422,40.802],[39.1475,40.7309],[39.1976,40.7518],[39.2415,40.722],[39.3294,40.7237],[39.3408,40.6912],[39.417,40.6583],[39.434,40.6269],[39.5646,40.6001],[39.6145,40.6266],[39.707,40.6201],[39.7488,40.6552],[39.7696,40.7242],[39.8327,40.7452],[39.8556,40.7253],[39.8238,40.6731],[39.8424,40.6115],[39.9185,40.606],[39.9195,40.5589],[39.9611,40.5297],[40.0349,40.564],[40.002,40.5813],[39.9912,40.6468],[40.0396,40.6512],[40.0558,40.6252],[40.0774,40.632],[40.0902,40.6098],[40.0752,40.5844],[40.1033,40.5415],[40.183,40.5684],[40.2062,40.5506],[40.2427,40.5586],[40.2549,40.5196],[40.2773,40.5146],[40.4762,40.5285]]]},"properties":{"iso3":"TUR","shapeId":"25984515B1589724669162","regionId":"TUR.75_1","name":"Trabzon"}},{"type":"Feature","geometry":{"type":"Polygon","coordinates":[[[40.4038,39.565],[40.3626,39.5901],[40.2411,39.5698],[40.1718,39.5802],[40.0633,39.5506],[39.8019,39.615],[39.7888,39.5792],[39.8054,39.5271],[39.625,39.4492],[39.582,39.4412],[39.5552,39.459],[39.5364,39.4902],[39.5568,39.5232],[39.4934,39.5],[39.4285,39.5016],[39.2985,39.4544],[39.2845,39.4868],[39.2647,39.4885],[39.075,39.4529],[39.0436,39.3841],[38.9803,39.3382],[38.9554,39.3525],[38.9335,39.3242],[38.9062,39.325],[38.8671,39.3479],[38.8135,39.348],[38.7893,39.3216],[38.7947,39.2857],[38.9425,39.2579],[38.8847,39.2259],[38.7487,39.2041],[38.7735,39.1752],[38.7336,39.1162],[38.7924,38.9577],[38.7514,38.9288],[38.7414,38.8864],[38.8128,38.8748],[38.9157,38.8939],[39.0703,38.8895],[39.2608,38.8584],[39.3108,38.8182],[39.3708,38.8045],[39.3936,38.7732],[39.4368,38.7861],[39.4837,38.7632],[39.5086,38.7686],[39.5312,38.8175],[39.5834,38.8251],[39.6849,38.7993],[39.7037,38.8003],[39.6939,38.82],[39.7181,38.834],[39.7984,38.8211],[39.7979,38.8482],[39.874,38.9156],[39.8678,38.9394],[39.9016,39.0031],[39.8631,39.0537],[39.9523,39.1217],[39.9441,39.1898],[39.9819,39.208],[40.0303,39.27],[40.0215,39.3101],[40.0422,39.3224],[40.1152,39.3017],[40.1558,39.3468],[40.2372,39.3678],[40.2903,39.4451],[40.2821,39.4941],[40.4038,39.565]]]},"properties":{"iso3":"TUR","shapeId":"25984515B47484816256121","regionId":"TUR.76_1","name":"Tunceli"}},{"type":"Feature","geometry":{"type":"Polygon","coordinates":[[[30.0341,38.822],[29.9366,38.8419],[29.9047,38.9111],[29.6399,38.9354],[29.5073,38.8995],[29.5058,38.868],[29.4779,38.8508],[29.3971,38.8715],[29.2734,38.7921],[29.1356,38.8654],[29.0294,38.7371],[28.8571,38.6851],[28.8037,38.5392],[28.8264,38.4585],[28.7549,38.3597],[28.8344,38.309],[28.8695,38.2326],[28.9104,38.2481],[28.9446,38.2304],[29.0357,38.236],[29.045,38.2193],[29.1248,38.2351],[29.182,38.2148],[29.1826,38.1858],[29.2068,38.1659],[29.2149,38.2407],[29.2453,38.2425],[29.2862,38.2906],[29.3538,38.3222],[29.4157,38.3227],[29.4821,38.2728],[29.5307,38.2891],[29.6144,38.2441],[29.632,38.2909],[29.6151,38.3458],[29.6484,38.3747],[29.6137,38.3886],[29.6183,38.4209],[29.6703,38.4206],[29.6566,38.4345],[29.6763,38.4592],[29.7972,38.4594],[29.8143,38.4741],[29.832,38.5404],[29.8939,38.6282],[29.9277,38.6378],[29.8982,38.6606],[29.9039,38.7088],[29.9967,38.736],[30.007,38.806],[30.0341,38.822]]]},"properties":{"iso3":"TUR","shapeId":"25984515B95251525471141","regionId":"TUR.77_1","name":"Uşak"}},{"type":"Feature","geometry":{"type":"Polygon","coordinates":[[[43.0008,39.0188],[43.0353,39.0016],[43.0836,38.9204],[43.1991,38.8955],[43.1839,38.8291],[43.1346,38.7827],[43.0264,38.7339],[42.8787,38.5466],[42.753,38.4676],[42.7946,38.3552],[42.7825,38.3225],[42.6622,38.3131],[42.6702,38.2675],[42.7404,38.2152],[42.7325,38.1893],[42.6721,38.1439],[42.6636,38.1097],[42.6904,38.0869],[42.6786,38.0387],[42.736,37.9991],[42.7463,37.9402],[42.7721,37.9341],[42.8845,37.7669],[43.2111,37.7353],[43.361,37.755],[43.5345,37.7423],[43.6782,37.7728],[43.8454,37.7517],[44.0538,37.8106],[44.0891,37.7807],[44.0953,37.7201],[44.2119,37.7299],[44.4216,37.8044],[44.3935,37.8241],[44.4051,37.8463],[44.3891,37.8621],[44.2628,37.8681],[44.2227,37.8882],[44.2243,37.907],[44.2512,37.9434],[44.2407,37.9651],[44.3013,38.0325],[44.3294,38.0984],[44.3645,38.1039],[44.3512,38.135],[44.3927,38.1464],[44.4117,38.2195],[44.4023,38.252],[44.493,38.3037],[44.5125,38.3413],[44.4627,38.3594],[44.4494,38.3855],[44.3796,38.3586],[44.3,38.3942],[44.3198,38.4086],[44.3019,38.4472],[44.3255,38.5021],[44.3093,38.5302],[44.3216,38.6241],[44.2721,38.6462],[44.2826,38.675],[44.2541,38.7183],[44.2801,38.7329],[44.2865,38.7831],[44.3148,38.8088],[44.301,38.8408],[44.2453,38.8507],[44.2455,38.8702],[44.2114,38.8906],[44.2188,38.9168],[44.1897,38.934],[44.2002,38.948],[44.1803,38.9561],[44.1914,38.9747],[44.1737,39.0003],[44.2117,39.021],[44.1909,39.0746],[44.2259,39.095],[44.1779,39.1698],[44.0973,39.2045],[44.1032,39.2426],[44.0843,39.256],[44.1081,39.2843],[44.0813,39.2941],[44.0565,39.3555],[43.983,39.371],[43.9098,39.3492],[43.8528,39.3199],[43.7345,39.2005],[43.7109,39.1985],[43.6441,39.2003],[43.5127,39.3199],[43.4335,39.3555],[43.3264,39.3666],[43.2686,39.3534],[43.2162,39.3312],[43.1482,39.1803],[43.0029,39.0825],[42.9876,39.0484],[43.0008,39.0188]]]},"properties":{"iso3":"TUR","shapeId":"25984515B28392380114016","regionId":"TUR.78_1","name":"Van"}},{"type":"Feature","geometry":{"type":"Polygon","coordinates":[[[29.4818,40.564],[29.5015,40.5841],[29.4989,40.6457],[29.539,40.6563],[29.5303,40.6662],[29.5583,40.6866],[29.5138,40.7431],[29.457,40.6954],[29.382,40.7015],[29.2807,40.66],[28.9967,40.6459],[28.921,40.5956],[28.7936,40.5518],[28.7809,40.5182],[28.9752,40.4562],[29.0112,40.4703],[28.995,40.4865],[29.0319,40.5797],[29.0619,40.5616],[29.1487,40.576],[29.1668,40.5429],[29.2291,40.5206],[29.2672,40.5365],[29.3144,40.5244],[29.3475,40.5691],[29.4452,40.5417],[29.4572,40.5643],[29.4818,40.564]]]},"properties":{"iso3":"TUR","shapeId":"25984515B60423683749854","regionId":"TUR.79_1","name":"Yalova"}},{"type":"Feature","geometry":{"type":"Polygon","coordinates":[[[35.34,40.2551],[35.2427,40.1931],[35.1922,40.2043],[35.1722,40.2391],[35.1482,40.2309],[35.1361,40.2117],[35.1559,40.151],[35.2027,40.1432],[35.1465,40.1073],[35.1955,40.0816],[35.153,40.0199],[34.8976,39.9885],[34.8987,40.0308],[34.8768,40.0491],[34.834,40.0042],[34.7965,39.9938],[34.6582,40.0109],[34.6344,39.9628],[34.5844,39.9436],[34.4635,39.9923],[34.413,39.9952],[34.3804,39.955],[34.3207,39.9394],[34.2498,39.9452],[34.2081,39.9776],[34.1668,39.9379],[34.0952,39.9088],[34.0946,39.8764],[34.0642,39.8586],[34.0607,39.8352],[34.1144,39.7924],[34.184,39.7984],[34.2098,39.7512],[34.2924,39.6952],[34.3768,39.7028],[34.4683,39.6755],[34.4662,39.654],[34.4269,39.6377],[34.4979,39.5687],[34.4977,39.4674],[34.5969,39.4272],[34.6067,39.4081],[34.6623,39.4036],[34.77,39.3068],[34.8564,39.3203],[34.8693,39.356],[34.9225,39.3725],[34.9118,39.3386],[34.952,39.3084],[34.9183,39.2587],[34.9653,39.2456],[34.9681,39.2146],[34.9294,39.1724],[34.9509,39.1397],[35.0085,39.1405],[35.004,39.0852],[35.0441,39.0337],[35.0685,39.0505],[35.0915,39.0291],[35.1485,39.0097],[35.1825,39.019],[35.2319,38.9923],[35.245,39.0039],[35.2832,38.9872],[35.3536,39.0157],[35.3751,38.9901],[35.4366,38.9904],[35.3691,39.0246],[35.4127,39.0618],[35.4746,39.0556],[35.4689,39.0901],[35.4492,39.0909],[35.4622,39.1093],[35.4348,39.1103],[35.4317,39.1257],[35.4622,39.1759],[35.506,39.1964],[35.5315,39.1816],[35.6101,39.1883],[35.6638,39.2288],[35.7482,39.2336],[35.7394,39.2611],[35.7743,39.289],[35.7667,39.3073],[35.8565,39.3223],[35.8864,39.3931],[35.8596,39.4592],[35.8825,39.5298],[35.9419,39.5434],[36.0197,39.5073],[36.1045,39.5221],[36.1435,39.555],[36.1432,39.6546],[36.1683,39.6956],[36.0496,39.7671],[36.0767,39.8585],[36.0007,39.8915],[35.942,40.0167],[35.9439,40.0511],[36.0455,40.0997],[35.8016,40.1018],[35.7672,40.0963],[35.7596,40.0756],[35.6993,40.0688],[35.6442,40.1137],[35.4891,40.1399],[35.5095,40.1756],[35.491,40.2078],[35.4326,40.2427],[35.3624,40.233],[35.34,40.2551]]]},"properties":{"iso3":"TUR","shapeId":"25984515B19658467647683","regionId":"TUR.80_1","name":"Yozgat"}},{"type":"Feature","geometry":{"type":"Polygon","coordinates":[[[32.0951,41.5896],[31.9015,41.5286],[31.7869,41.4528],[31.7558,41.4547],[31.7476,41.4354],[31.6188,41.3815],[31.3968,41.3133],[31.3957,41.2873],[31.4207,41.2748],[31.4177,41.2624],[31.4031,41.2733],[31.3946,41.2394],[31.4095,41.2131],[31.3418,41.1383],[31.293,41.1158],[31.3231,41.0228],[31.6323,41.051],[31.8937,41.007],[31.9809,41.0463],[31.9801,41.0727],[32.0611,41.1617],[32.0964,41.1639],[32.1285,41.2186],[32.1744,41.2474],[32.249,41.2557],[32.2419,41.2863],[32.2841,41.3203],[32.2947,41.3842],[32.2742,41.4053],[32.2884,41.4253],[32.2364,41.4723],[32.2216,41.5396],[32.1684,41.5157],[32.1562,41.5459],[32.0951,41.5896]]]},"properties":{"iso3":"TUR","shapeId":"25984515B41902751620989","regionId":"TUR.81_1","name":"Zonguldak"}},{"type":"Feature","geometry":{"type":"Polygon","coordinates":[[[43.4992,37.7418],[43.361,37.755],[43.2111,37.7353],[42.8845,37.7669],[42.8407,37.6597],[42.5293,37.7267],[42.4219,37.6922],[42.3625,37.7098],[42.3626,37.6738],[42.3159,37.6398],[42.2572,37.6559],[42.2827,37.6056],[42.2479,37.5818],[42.1537,37.6067],[42.1475,37.6302],[41.9959,37.6257],[41.8125,37.6953],[41.8308,37.6244],[41.8972,37.5782],[41.8907,37.5545],[41.8529,37.5514],[41.8379,37.5205],[41.8603,37.4576],[41.8465,37.4414],[41.8811,37.4106],[41.8591,37.3973],[41.8417,37.4148],[41.7588,37.4102],[41.6964,37.4403],[41.6895,37.4107],[41.6472,37.4042],[41.5995,37.4563],[41.5892,37.4301],[41.611,37.4067],[41.5872,37.3987],[41.5986,37.3812],[41.5745,37.386],[41.5631,37.3371],[41.5765,37.2943],[41.5455,37.2758],[41.5678,37.2381],[41.6383,37.2726],[41.6579,37.2627],[41.6474,37.2469],[41.6797,37.1771],[41.6646,37.1183],[41.6942,37.1144],[42.0349,37.182],[42.2221,37.3181],[42.2048,37.2805],[42.2841,37.2815],[42.3427,37.2324],[42.3474,37.2133],[42.3206,37.1854],[42.3555,37.1053],[42.4641,37.1422],[42.5788,37.1459],[42.6538,37.2667],[42.6976,37.2917],[42.6879,37.3083],[42.7353,37.3185],[42.7333,37.3362],[42.7892,37.3802],[42.8244,37.3711],[42.8353,37.3425],[42.9567,37.3124],[43.0101,37.3324],[43.0227,37.3559],[43.1469,37.3729],[43.311,37.3037],[43.3314,37.3271],[43.3419,37.4018],[43.3065,37.4902],[43.3079,37.536],[43.3959,37.5438],[43.4755,37.632],[43.4992,37.7418]]]},"properties":{"iso3":"TUR","shapeId":"25984515B41137800759750","regionId":"TUR.71_1","name":"Şırnak"}},{"type":"Feature","geometry":{"type":"Polygon","coordinates":[[[38.081,37.4479],[38.0626,37.4291],[37.9751,37.435],[37.8742,37.3426],[37.888,37.3266],[37.8615,37.3151],[37.8409,37.2678],[37.8824,37.2176],[37.8403,37.2239],[37.8352,37.2067],[37.8757,37.1406],[37.8742,37.0643],[37.9228,37.0403],[37.9813,37.0471],[37.9516,37.0336],[38.0386,36.8833],[38.025,36.8303],[38.0364,36.8607],[38.2431,36.924],[38.3907,36.9023],[38.5544,36.8448],[38.7393,36.7081],[39.0206,36.7107],[39.2122,36.6691],[39.8197,36.7564],[40.0312,36.8267],[40.0623,36.8561],[40.1829,36.8777],[40.2334,36.9114],[40.2133,36.9356],[40.2385,36.9559],[40.1753,36.9819],[40.1871,36.9928],[40.16,37.0171],[40.1613,37.0691],[40.1278,37.0883],[40.1355,37.1124],[40.0956,37.1354],[40.1023,37.1657],[40.0802,37.1557],[40.019,37.202],[40.0089,37.2706],[39.9519,37.4035],[39.8913,37.4707],[39.894,37.5211],[39.8663,37.5296],[39.8354,37.5806],[39.8287,37.7136],[39.8445,37.731],[39.799,37.8589],[39.7449,37.8567],[39.7019,37.8367],[39.6754,37.7959],[39.6441,37.7964],[39.6035,37.8456],[39.5429,37.8515],[39.4891,37.9097],[39.112,38.018],[39.0592,37.9844],[39.0249,37.9166],[38.9737,37.9001],[38.9924,37.8851],[38.9767,37.8239],[38.9208,37.8264],[38.8982,37.8046],[38.9016,37.7917],[38.9508,37.805],[38.9586,37.753],[38.9053,37.7412],[38.9126,37.7129],[38.8103,37.6936],[38.8169,37.6696],[38.8569,37.651],[38.6514,37.6242],[38.4994,37.4986],[38.3102,37.4875],[38.3055,37.4726],[38.2712,37.4757],[38.2474,37.4435],[38.199,37.4511],[38.1811,37.4102],[38.081,37.4479]]]},"properties":{"iso3":"TUR","shapeId":"25984515B35512619552530","regionId":"TUR.68_1","name":"Şanlıurfa"}}]}