{"type":"FeatureCollection","features":[{"type":"Feature","geometry":{"type":"MultiPolygon","coordinates":[[[[-88.503,30.2152],[-88.4537,30.1966],[-88.4131,30.2063],[-88.503,30.2152]]],[[[-88.5846,30.3374],[-88.5826,30.3313],[-88.5795,30.3299],[-88.5678,30.3296],[-88.5699,30.3413],[-88.5756,30.3382],[-88.5827,30.3388],[-88.5846,30.3374]]],[[[-88.7701,30.2429],[-88.5868,30.2215],[-88.7181,30.2529],[-88.7701,30.2429]]],[[[-88.8718,30.3857],[-88.8744,30.3851],[-88.8188,30.3606],[-88.8244,30.3679],[-88.8299,30.3716],[-88.8498,30.3787],[-88.8539,30.3786],[-88.8718,30.3857]]],[[[-88.8929,30.2351],[-88.8935,30.2322],[-88.8813,30.2398],[-88.8794,30.2425],[-88.8835,30.2421],[-88.889,30.2393],[-88.8929,30.2351]]],[[[-88.9822,30.2116],[-88.9843,30.2103],[-88.9802,30.208],[-88.9747,30.2074],[-88.9587,30.2085],[-88.9533,30.2098],[-88.9491,30.2126],[-88.9518,30.2135],[-88.9718,30.2124],[-88.9768,30.211],[-88.9822,30.2116]]],[[[-89.1213,30.2317],[-89.1567,30.2307],[-89.0884,30.2101],[-89.0657,30.2457],[-89.1213,30.2317]]],[[[-91.1661,33.0041],[-91.2018,32.9612],[-91.2083,32.9154],[-91.1451,32.9055],[-91.1355,32.9797],[-91.1066,32.9889],[-91.0637,32.9064],[-91.1056,32.8584],[-91.145,32.8429],[-91.1653,32.7513],[-91.0545,32.7223],[-91.1521,32.6415],[-91.1513,32.6159],[-91.1199,32.5848],[-91.0498,32.6072],[-91.0384,32.6364],[-91.0143,32.6405],[-91.0102,32.6019],[-91.0804,32.5564],[-90.9872,32.4957],[-91.0381,32.4904],[-91.0937,32.5491],[-91.116,32.4831],[-91.0529,32.4384],[-90.9696,32.4395],[-91.0045,32.3681],[-90.9936,32.3541],[-90.9124,32.3395],[-90.8756,32.3724],[-90.9222,32.2986],[-90.9478,32.2835],[-90.9795,32.2937],[-90.9694,32.2525],[-90.9952,32.1921],[-91.0029,32.2231],[-91.039,32.2424],[-91.0614,32.2187],[-91.0837,32.2265],[-91.1642,32.1969],[-91.1628,32.1327],[-91.0532,32.1242],[-91.0583,32.181],[-91.0029,32.1621],[-91.0041,32.1462],[-91.0347,32.1011],[-91.0815,32.0778],[-91.0802,32.0484],[-91.1393,32.0818],[-91.1603,32.0704],[-91.1514,32.0493],[-91.0759,32.0168],[-91.1848,31.9656],[-91.1806,31.918],[-91.2677,31.8627],[-91.2451,31.8315],[-91.2556,31.8127],[-91.2822,31.8148],[-91.2934,31.8602],[-91.3457,31.8429],[-91.3655,31.7616],[-91.2861,31.7721],[-91.2634,31.7545],[-91.3718,31.743],[-91.3979,31.7094],[-91.401,31.6204],[-91.4367,31.6127],[-91.4977,31.6454],[-91.5155,31.6304],[-91.4886,31.5875],[-91.4227,31.5971],[-91.4054,31.5765],[-91.4439,31.5425],[-91.5225,31.5221],[-91.5134,31.4444],[-91.4721,31.3959],[-91.4789,31.365],[-91.5218,31.3752],[-91.5416,31.4317],[-91.5763,31.4105],[-91.569,31.3776],[-91.5462,31.3825],[-91.549,31.3473],[-91.5087,31.3151],[-91.5156,31.2782],[-91.654,31.2558],[-91.5889,31.189],[-91.626,31.1169],[-91.5599,31.0541],[-91.5784,31.024],[-91.6369,30.9994],[-89.7296,31.0039],[-89.7271,30.9674],[-89.7563,30.9435],[-89.7448,30.9189],[-89.7731,30.8983],[-89.7717,30.8547],[-89.7925,30.8504],[-89.7812,30.8201],[-89.8304,30.7798],[-89.8161,30.7394],[-89.8369,30.7347],[-89.8519,30.6612],[-89.814,30.6382],[-89.8308,30.6177],[-89.808,30.568],[-89.7869,30.5691],[-89.8039,30.5494],[-89.6834,30.4518],[-89.6837,30.4059],[-89.6297,30.3393],[-89.6472,30.2894],[-89.6159,30.2232],[-89.5702,30.1803],[-89.5387,30.1958],[-89.5245,30.1808],[-89.4682,30.1938],[-89.4636,30.1739],[-89.4443,30.1878],[-89.4194,30.2543],[-89.3226,30.3149],[-89.3653,30.3531],[-89.3359,30.374],[-89.2687,30.3406],[-89.2918,30.3281],[-89.2857,30.3031],[-88.9989,30.3874],[-88.8577,30.3881],[-88.8711,30.4179],[-88.8578,30.4302],[-88.7289,30.3427],[-88.6123,30.3734],[-88.613,30.354],[-88.5882,30.3688],[-88.5795,30.3442],[-88.4801,30.3184],[-88.4466,30.3377],[-88.4468,30.3574],[-88.3908,30.3521],[-88.4732,31.8939],[-88.0979,34.8922],[-88.1546,34.9224],[-88.2001,34.9956],[-90.3093,34.9957],[-90.2445,34.9376],[-90.2501,34.9073],[-90.3135,34.8717],[-90.3074,34.8462],[-90.3404,34.8604],[-90.4224,34.8337],[-90.4366,34.8827],[-90.4799,34.8833],[-90.4569,34.8234],[-90.4746,34.7932],[-90.455,34.7356],[-90.5202,34.7319],[-90.5249,34.7501],[-90.501,34.7712],[-90.5229,34.8023],[-90.5476,34.7846],[-90.5354,34.7501],[-90.5682,34.7274],[-90.539,34.6988],[-90.4752,34.7008],[-90.466,34.6743],[-90.5322,34.6275],[-90.5541,34.6409],[-90.5381,34.6732],[-90.5499,34.6955],[-90.5884,34.671],[-90.5872,34.6157],[-90.5407,34.5481],[-90.5889,34.4911],[-90.5712,34.4203],[-90.6585,34.3757],[-90.6693,34.313],[-90.6931,34.3226],[-90.6763,34.3711],[-90.7658,34.3621],[-90.7431,34.3023],[-90.7652,34.2805],[-90.8283,34.2737],[-90.8478,34.2065],[-90.929,34.2445],[-90.9352,34.2191],[-90.9161,34.1969],[-90.8166,34.183],[-90.8109,34.1559],[-90.8472,34.1369],[-90.91,34.1655],[-90.9543,34.1385],[-90.9463,34.1094],[-90.8705,34.0805],[-90.8924,34.0269],[-90.988,34.019],[-90.9676,33.9633],[-91.0001,33.9664],[-91.0189,34.0032],[-91.0879,33.9753],[-91.0841,33.9562],[-91.0103,33.9294],[-91.073,33.8575],[-91.0469,33.8154],[-90.9885,33.7845],[-91.0233,33.763],[-91.1322,33.7834],[-91.1466,33.7325],[-91.1177,33.7053],[-91.0599,33.7148],[-91.0346,33.673],[-91.094,33.6584],[-91.1609,33.7071],[-91.2279,33.6831],[-91.1305,33.606],[-91.1522,33.5827],[-91.2314,33.5606],[-91.1829,33.5024],[-91.2352,33.439],[-91.1773,33.4436],[-91.1674,33.4983],[-91.1251,33.4728],[-91.1319,33.4301],[-91.2087,33.4087],[-91.154,33.3789],[-91.1072,33.3991],[-91.0865,33.4516],[-91.0576,33.4453],[-91.0753,33.406],[-91.1422,33.349],[-91.1416,33.2995],[-91.1061,33.2418],[-91.0785,33.2833],[-91.0436,33.2746],[-91.0917,33.2208],[-91.0899,33.1397],[-91.1837,33.1417],[-91.2018,33.1251],[-91.2002,33.1069],[-91.1212,33.0592],[-91.1661,33.0041]]]]},"properties":{"iso3":"USA","shapeId":"66186276B69138566591314","regionId":"USA.25_1","name":"Mississippi"}},{"type":"Feature","geometry":{"type":"MultiPolygon","coordinates":[[[[-75.7268,35.9359],[-75.6634,35.8698],[-75.6601,35.8386],[-75.6751,35.8302],[-75.6205,35.8093],[-75.6168,35.8563],[-75.6451,35.9058],[-75.6912,35.9369],[-75.7268,35.9359]]],[[[-75.7561,35.1896],[-75.6022,35.2326],[-75.528,35.2209],[-75.4606,35.577],[-75.4859,35.6985],[-75.5234,35.7736],[-75.469,35.5867],[-75.5218,35.2718],[-75.5955,35.2693],[-75.6413,35.2287],[-75.6772,35.2194],[-75.681,35.2334],[-75.7561,35.1896]]],[[[-76.0153,35.0707],[-75.7702,35.1877],[-75.9582,35.1154],[-75.9822,35.1204],[-76.0153,35.0707]]],[[[-76.2815,35.3173],[-76.2624,35.3139],[-76.2742,35.3302],[-76.2815,35.3173]]],[[[-76.3301,34.8479],[-76.0378,35.0619],[-76.0759,35.0699],[-76.1518,34.9868],[-76.3301,34.8479]]],[[[-76.5476,34.7106],[-76.5469,34.704],[-76.544,34.7013],[-76.5229,34.6991],[-76.5195,34.7071],[-76.5219,34.7097],[-76.5454,34.7124],[-76.5476,34.7106]]],[[[-76.5536,34.6232],[-76.5355,34.5916],[-76.4881,34.671],[-76.3375,34.8388],[-76.4381,34.7613],[-76.5322,34.6105],[-76.5536,34.6232]]],[[[-76.5863,34.714],[-76.5873,34.7118],[-76.5846,34.7018],[-76.5816,34.6991],[-76.5328,34.6868],[-76.5281,34.6839],[-76.5257,34.6852],[-76.5259,34.6919],[-76.5381,34.696],[-76.5554,34.6968],[-76.5554,34.6995],[-76.5642,34.7022],[-76.5649,34.7046],[-76.5616,34.7067],[-76.5606,34.71],[-76.5687,34.713],[-76.5863,34.714]]],[[[-76.6655,34.6897],[-76.5288,34.6315],[-76.5893,34.672],[-76.6655,34.6897]]],[[[-77.0985,34.6469],[-76.8474,34.6908],[-76.676,34.6977],[-76.6989,34.7123],[-76.7026,34.6998],[-76.8222,34.7047],[-77.0985,34.6469]]],[[[-77.1713,34.6257],[-77.1725,34.6233],[-77.1692,34.6224],[-77.1355,34.6346],[-77.1187,34.6386],[-77.1104,34.6452],[-77.1212,34.648],[-77.1254,34.6444],[-77.1481,34.6365],[-77.1713,34.6257]]],[[[-77.2303,34.5984],[-77.2269,34.5967],[-77.203,34.609],[-77.1812,34.6179],[-77.1795,34.6204],[-77.1976,34.6134],[-77.2024,34.6128],[-77.2303,34.5984]]],[[[-81.6775,36.5881],[-81.708,36.5362],[-81.6953,36.4679],[-81.742,36.411],[-81.7074,36.3352],[-81.7649,36.3387],[-81.7936,36.3622],[-81.9081,36.302],[-82.0331,36.1204],[-82.1271,36.1044],[-82.148,36.1495],[-82.2139,36.1591],[-82.2475,36.1309],[-82.3552,36.1156],[-82.4095,36.0834],[-82.4607,36.0078],[-82.5579,35.9539],[-82.6109,35.9674],[-82.6144,36.0035],[-82.591,36.0336],[-82.6372,36.0658],[-82.776,36.0001],[-82.805,35.9272],[-82.8742,35.9527],[-82.92,35.9284],[-82.8973,35.8779],[-82.9921,35.774],[-83.074,35.79],[-83.1592,35.7649],[-83.1857,35.7299],[-83.2513,35.7199],[-83.2972,35.6578],[-83.3516,35.6599],[-83.4983,35.563],[-83.5856,35.5629],[-83.6089,35.5795],[-83.7717,35.5621],[-83.8256,35.5238],[-83.8801,35.5188],[-83.9118,35.476],[-83.9611,35.4641],[-84.023,35.4117],[-84.0076,35.3717],[-84.0383,35.3478],[-84.0214,35.3014],[-84.0526,35.27],[-84.0981,35.2472],[-84.1884,35.24],[-84.2237,35.2691],[-84.2902,35.2256],[-84.3219,34.9884],[-83.1086,35.0007],[-82.7879,35.085],[-82.7774,35.0641],[-82.7577,35.068],[-82.6977,35.0957],[-82.6814,35.1279],[-82.6624,35.1181],[-82.4601,35.1781],[-82.4396,35.1659],[-82.3929,35.2154],[-82.3713,35.1815],[-82.2749,35.2001],[-81.0429,35.1493],[-81.051,35.1317],[-81.0328,35.1081],[-81.058,35.0732],[-81.0415,35.0447],[-80.935,35.1074],[-80.782,34.9358],[-80.7975,34.8198],[-79.6753,34.8048],[-78.542,33.8519],[-78.3871,33.902],[-78.2395,33.9158],[-78.0715,33.9016],[-77.9988,33.8803],[-78.0054,33.8601],[-77.9628,33.8423],[-77.8292,34.1626],[-77.7401,34.2726],[-77.5823,34.4005],[-77.309,34.5433],[-77.1259,34.6852],[-77.0833,34.6732],[-76.8419,34.7294],[-76.6194,34.7042],[-76.6173,34.7879],[-76.6044,34.7899],[-76.5757,34.7684],[-76.5757,34.7217],[-76.5127,34.7203],[-76.4984,34.7321],[-76.5141,34.7543],[-76.4854,34.7549],[-76.4495,34.8148],[-76.4122,34.8322],[-76.4024,34.8866],[-76.3822,34.857],[-76.3141,34.9063],[-76.3368,34.9098],[-76.3408,34.9334],[-76.2976,34.9237],[-76.2795,34.9414],[-76.3057,34.9914],[-76.2508,34.9813],[-76.2493,35.0007],[-76.3641,35.0366],[-76.3195,34.9659],[-76.3815,34.9792],[-76.3874,34.9511],[-76.4031,34.9634],[-76.4228,34.9507],[-76.4404,35.0146],[-76.4226,35.0267],[-76.4635,35.0764],[-76.4775,35.0584],[-76.4647,35.0467],[-76.4858,35.0406],[-76.4975,35.0082],[-76.4842,34.9881],[-76.5116,35.0051],[-76.5647,34.9983],[-76.5785,34.9763],[-76.6574,34.9825],[-76.7608,34.9159],[-76.9358,34.9731],[-76.98,35.0092],[-77.0596,35.1469],[-77.0304,35.1331],[-76.9876,35.0656],[-76.8036,34.9638],[-76.5695,35.0985],[-76.5395,35.1546],[-76.5693,35.1735],[-76.5866,35.1545],[-76.6337,35.1607],[-76.6341,35.1743],[-76.5864,35.202],[-76.5267,35.1848],[-76.521,35.2061],[-76.5655,35.2292],[-76.4961,35.217],[-76.5034,35.2407],[-76.4792,35.2473],[-76.4907,35.2627],[-76.4674,35.2613],[-76.4697,35.2809],[-76.4982,35.2796],[-76.4842,35.3136],[-76.6589,35.3416],[-76.925,35.4488],[-76.9662,35.434],[-76.9864,35.4725],[-77.0451,35.5033],[-77.0213,35.4985],[-77.0532,35.5352],[-76.9792,35.4834],[-76.906,35.4594],[-76.8172,35.452],[-76.7592,35.4189],[-76.6629,35.4255],[-76.6479,35.4034],[-76.5776,35.3876],[-76.607,35.4555],[-76.5974,35.4819],[-76.6379,35.513],[-76.5992,35.5399],[-76.496,35.5336],[-76.4654,35.5584],[-76.4854,35.5066],[-76.5871,35.5089],[-76.5457,35.4609],[-76.5655,35.4495],[-76.5331,35.4323],[-76.5322,35.4013],[-76.4723,35.3714],[-76.4808,35.4046],[-76.4383,35.3883],[-76.3955,35.4317],[-76.396,35.4011],[-76.3615,35.3737],[-76.3682,35.3611],[-76.42,35.3749],[-76.4119,35.3464],[-76.3893,35.3604],[-76.376,35.3356],[-76.3416,35.3423],[-76.3575,35.3836],[-76.3449,35.3925],[-76.2788,35.3429],[-76.2576,35.3444],[-76.2498,35.3677],[-76.2211,35.3404],[-76.1742,35.347],[-76.1574,35.327],[-76.1369,35.358],[-76.0708,35.3706],[-76.0618,35.3832],[-76.0834,35.391],[-76.0518,35.4212],[-76.0585,35.4336],[-76.0212,35.4113],[-75.9957,35.4754],[-75.9619,35.4967],[-75.9784,35.513],[-75.8809,35.5752],[-75.8907,35.6021],[-75.8229,35.5704],[-75.7753,35.5793],[-75.7842,35.5959],[-75.7348,35.6257],[-75.7797,35.685],[-75.7673,35.7056],[-75.7402,35.6819],[-75.7172,35.6937],[-75.7424,35.7749],[-75.728,35.8245],[-75.7825,35.9334],[-75.8363,35.9705],[-75.9473,35.9598],[-75.9216,35.9359],[-75.9861,35.889],[-75.9829,35.7726],[-76.0128,35.6608],[-76.038,35.6458],[-76.0364,35.6884],[-76.0601,35.7087],[-76.0505,35.8067],[-76.0654,35.8339],[-76.0114,35.9542],[-76.0625,35.9908],[-76.1705,35.9945],[-76.3672,35.9344],[-76.3996,35.9821],[-76.5538,35.9402],[-76.7266,35.9432],[-76.6819,35.9896],[-76.7273,36.0632],[-76.7535,36.1767],[-76.7413,36.2292],[-76.725,36.2311],[-76.7,36.2854],[-76.6722,36.272],[-76.7189,36.201],[-76.7214,36.1478],[-76.6886,36.107],[-76.6919,36.0663],[-76.6522,36.0353],[-76.6068,36.0542],[-76.5804,36.0106],[-76.5141,36.0065],[-76.4603,36.0241],[-76.4112,36.0807],[-76.304,36.0945],[-76.382,36.123],[-76.4547,36.1928],[-76.3736,36.1382],[-76.2337,36.0979],[-76.1917,36.1072],[-76.2275,36.1253],[-76.2771,36.1909],[-76.1875,36.1254],[-76.0642,36.1438],[-76.0801,36.1994],[-76.1172,36.2135],[-76.1444,36.2594],[-76.1723,36.2634],[-76.1854,36.3011],[-76.1155,36.2781],[-76.017,36.1864],[-75.9247,36.1636],[-75.9109,36.1645],[-75.956,36.1981],[-75.9454,36.2225],[-75.9646,36.2544],[-75.9223,36.2441],[-75.8629,36.1596],[-75.8478,36.102],[-75.794,36.0717],[-75.7989,36.1178],[-75.8399,36.1771],[-75.8301,36.1968],[-75.8693,36.2463],[-75.856,36.2825],[-75.8822,36.2847],[-75.9233,36.3619],[-75.9236,36.4258],[-75.9563,36.4008],[-75.972,36.4372],[-76.0123,36.4475],[-76.032,36.4825],[-76.0307,36.5388],[-76.0026,36.5371],[-75.981,36.5113],[-75.9898,36.494],[-75.8999,36.4821],[-75.8883,36.4416],[-75.8433,36.42],[-75.8486,36.3802],[-75.8221,36.328],[-75.8508,36.3197],[-75.8068,36.2849],[-75.8119,36.2477],[-75.7673,36.205],[-75.7371,36.0408],[-75.7064,36.0392],[-75.7298,36.0073],[-75.6445,35.9644],[-75.6154,35.9264],[-75.6229,35.8923],[-75.5323,35.7781],[-75.7725,36.2294],[-75.867,36.5508],[-80.2952,36.544],[-81.6775,36.5881]]]]},"properties":{"iso3":"USA","shapeId":"66186276B6801956407400","regionId":"USA.34_1","name":"North Carolina"}},{"type":"Feature","geometry":{"type":"Polygon","coordinates":[[[-103.0022,37.0001],[-103.0024,36.5004],[-100.0004,36.4997],[-100.0004,34.5605],[-99.9232,34.5746],[-99.695,34.3783],[-99.6,34.3747],[-99.5697,34.4184],[-99.403,34.3735],[-99.395,34.4421],[-99.3588,34.4559],[-99.3196,34.4089],[-99.2613,34.4035],[-99.2749,34.3849],[-99.2429,34.3727],[-99.2293,34.3365],[-99.2069,34.3383],[-99.1895,34.2143],[-99.0435,34.1982],[-98.9873,34.2212],[-98.8729,34.1666],[-98.8681,34.1496],[-98.813,34.1584],[-98.757,34.1246],[-98.6906,34.133],[-98.6481,34.1644],[-98.5998,34.1606],[-98.4863,34.0626],[-98.4161,34.0841],[-98.3656,34.157],[-98.1691,34.1142],[-98.1095,34.1541],[-98.0898,34.1282],[-98.1202,34.0721],[-98.0838,34.0417],[-98.1063,34.0342],[-98.0882,34.0055],[-98.0277,33.9934],[-97.9742,34.0067],[-97.9457,33.9898],[-97.9742,33.9428],[-97.9534,33.9365],[-97.9572,33.9145],[-97.9845,33.9007],[-97.9678,33.8824],[-97.8715,33.849],[-97.8343,33.8577],[-97.7978,33.8993],[-97.7823,33.8923],[-97.7851,33.9168],[-97.7638,33.9142],[-97.7628,33.9344],[-97.7253,33.9411],[-97.6718,33.9914],[-97.5904,33.9541],[-97.5971,33.9179],[-97.5811,33.8997],[-97.501,33.9196],[-97.4604,33.904],[-97.4629,33.8418],[-97.4265,33.8194],[-97.3655,33.8238],[-97.3325,33.8843],[-97.3287,33.8554],[-97.3102,33.8885],[-97.2756,33.8582],[-97.2566,33.8633],[-97.245,33.9031],[-97.2109,33.9161],[-97.1809,33.8952],[-97.1666,33.8473],[-97.2035,33.8218],[-97.1928,33.7612],[-97.1261,33.7169],[-97.0862,33.7439],[-97.0921,33.8041],[-97.0482,33.8175],[-97.0895,33.8499],[-97.0681,33.8605],[-97.0413,33.8378],[-97.0179,33.8501],[-96.9856,33.8865],[-96.9962,33.9417],[-96.9813,33.9564],[-96.9738,33.9357],[-96.9163,33.9578],[-96.8753,33.8605],[-96.8506,33.8472],[-96.8322,33.8748],[-96.7943,33.8689],[-96.7616,33.8244],[-96.6996,33.8391],[-96.6672,33.9169],[-96.5879,33.8948],[-96.6293,33.8455],[-96.5729,33.8191],[-96.5267,33.8209],[-96.5003,33.7726],[-96.4227,33.776],[-96.3483,33.6864],[-96.3169,33.699],[-96.2937,33.7694],[-96.229,33.748],[-96.1781,33.7605],[-96.1564,33.8134],[-96.1704,33.7994],[-96.179,33.8106],[-96.1508,33.817],[-96.1481,33.8378],[-96.0488,33.8365],[-96.0239,33.8571],[-96.0196,33.8406],[-95.9959,33.8557],[-96.0034,33.8723],[-95.9843,33.8527],[-95.9443,33.8598],[-95.9296,33.885],[-95.8375,33.8356],[-95.8052,33.8613],[-95.7706,33.8453],[-95.7518,33.8556],[-95.7564,33.8926],[-95.6979,33.8861],[-95.6655,33.909],[-95.6291,33.9059],[-95.5938,33.943],[-95.5545,33.9281],[-95.5452,33.8803],[-95.5107,33.8979],[-95.5023,33.8747],[-95.4617,33.887],[-95.4409,33.8664],[-95.3625,33.8666],[-95.3264,33.8861],[-95.2893,33.8731],[-95.283,33.9074],[-95.2527,33.8942],[-95.2502,33.9385],[-95.2176,33.9627],[-95.1247,33.9347],[-95.122,33.9048],[-95.0824,33.9218],[-95.1002,33.8961],[-95.0896,33.8809],[-95.0657,33.916],[-95.0466,33.8626],[-94.9689,33.8609],[-94.9479,33.8084],[-94.9148,33.8245],[-94.922,33.7916],[-94.8778,33.7589],[-94.8687,33.7698],[-94.8693,33.7459],[-94.8221,33.7331],[-94.8218,33.7688],[-94.8001,33.7334],[-94.7644,33.7602],[-94.7882,33.7363],[-94.7494,33.733],[-94.7529,33.7144],[-94.735,33.7261],[-94.7538,33.7053],[-94.7359,33.6916],[-94.7162,33.6979],[-94.7279,33.7156],[-94.7017,33.7034],[-94.7134,33.6874],[-94.6443,33.7017],[-94.6453,33.6744],[-94.6703,33.6649],[-94.6224,33.6824],[-94.598,33.6634],[-94.5883,33.6858],[-94.5604,33.6654],[-94.5908,33.6456],[-94.5439,33.6571],[-94.5695,33.6278],[-94.5223,33.6406],[-94.5274,33.6158],[-94.5168,33.6321],[-94.4875,33.6289],[-94.4307,35.3925],[-94.6179,36.4994],[-94.618,36.9989],[-103.0022,37.0001]]]},"properties":{"iso3":"USA","shapeId":"66186276B83300161667341","regionId":"USA.37_1","name":"Oklahoma"}},{"type":"Feature","geometry":{"type":"MultiPolygon","coordinates":[[[[-75.7424,37.8084],[-75.7423,37.8063],[-75.7387,37.805],[-75.7405,37.8012],[-75.7352,37.8004],[-75.7331,37.8028],[-75.7352,37.8064],[-75.7415,37.81],[-75.7424,37.8084]]],[[[-75.8565,37.7029],[-75.8541,37.7001],[-75.8502,37.7],[-75.849,37.7018],[-75.8508,37.7055],[-75.8565,37.7029]]],[[[-75.8667,37.6832],[-75.8668,37.6807],[-75.8578,37.6834],[-75.8549,37.6889],[-75.8605,37.6931],[-75.8667,37.6832]]],[[[-75.8951,37.8034],[-75.8964,37.8021],[-75.8918,37.7962],[-75.8942,37.8057],[-75.8951,37.8034]]],[[[-75.9037,37.8975],[-75.9006,37.8938],[-75.8988,37.8976],[-75.9011,37.8991],[-75.9037,37.8975]]],[[[-75.9993,37.8297],[-75.9883,37.8074],[-75.9735,37.8335],[-75.9969,37.8504],[-75.9993,37.8297]]],[[[-76.0081,37.8728],[-76.0023,37.862],[-75.9998,37.8603],[-76.0042,37.8705],[-76.0081,37.8728]]],[[[-75.6482,37.9668],[-75.6431,37.9363],[-75.7149,37.9374],[-75.7362,37.9022],[-75.7569,37.9016],[-75.6884,37.899],[-75.6782,37.8375],[-75.7094,37.8458],[-75.7334,37.7859],[-75.7846,37.8068],[-75.8123,37.7947],[-75.7873,37.7571],[-75.832,37.7281],[-75.795,37.7267],[-75.8377,37.713],[-75.8459,37.6698],[-75.8905,37.6496],[-75.8773,37.6117],[-75.8929,37.6044],[-75.9054,37.6262],[-75.9412,37.5638],[-75.9323,37.5506],[-75.9816,37.4274],[-75.9683,37.3955],[-76.0149,37.3282],[-76.0258,37.2574],[-75.9765,37.1544],[-75.9682,37.0842],[-75.941,37.0948],[-75.9657,37.1181],[-75.9278,37.1303],[-75.9115,37.1229],[-75.921,37.1118],[-75.8973,37.118],[-75.8174,37.1934],[-75.7952,37.2471],[-75.7984,37.2963],[-75.7436,37.3285],[-75.6592,37.4466],[-75.6911,37.4736],[-75.6022,37.5671],[-75.6145,37.6093],[-75.5871,37.6897],[-75.5209,37.7967],[-75.4064,37.8995],[-75.3525,37.8897],[-75.3664,37.8658],[-75.3975,37.8755],[-75.3848,37.8515],[-75.3681,37.8601],[-75.2423,38.0272],[-75.6243,37.9942],[-75.6482,37.9668]]],[[[-76.0465,37.9536],[-76.0289,37.9511],[-76.0284,37.9205],[-75.9939,37.9535],[-76.0465,37.9536]]],[[[-76.4208,37.5979],[-76.4191,37.5919],[-76.4174,37.5917],[-76.4163,37.5936],[-76.4179,37.5986],[-76.4208,37.5979]]],[[[-75.867,36.5508],[-75.9963,36.9221],[-76.0335,36.932],[-76.0935,36.908],[-76.2286,36.942],[-76.2966,36.969],[-76.3013,36.9873],[-76.3005,36.9564],[-76.3257,36.9632],[-76.3302,36.9421],[-76.3181,36.8852],[-76.3494,36.8952],[-76.3564,36.9241],[-76.3841,36.9244],[-76.3907,36.8957],[-76.4416,36.9061],[-76.4834,36.8782],[-76.4802,36.9143],[-76.4998,36.9294],[-76.4892,36.9597],[-76.5794,36.9988],[-76.5865,37.0287],[-76.6663,37.0502],[-76.6638,37.1739],[-76.6866,37.1973],[-76.7153,37.148],[-76.7373,37.1462],[-76.801,37.2061],[-76.8984,37.1992],[-76.9471,37.228],[-76.8722,37.2628],[-76.8695,37.2422],[-76.7989,37.2348],[-76.7505,37.1901],[-76.735,37.2032],[-76.7582,37.2155],[-76.6499,37.2209],[-76.6065,37.1662],[-76.6278,37.1259],[-76.5571,37.0762],[-76.5603,37.1113],[-76.5186,37.0557],[-76.4613,37.0245],[-76.4253,36.9664],[-76.3407,37.0153],[-76.3043,37.0014],[-76.2714,37.0876],[-76.2993,37.1301],[-76.3325,37.1445],[-76.3395,37.1692],[-76.4123,37.1615],[-76.3925,37.1756],[-76.4021,37.2066],[-76.3866,37.2278],[-76.4718,37.216],[-76.509,37.2395],[-76.3546,37.2723],[-76.3947,37.3129],[-76.4386,37.3138],[-76.4037,37.3387],[-76.4696,37.3706],[-76.4548,37.3882],[-76.4099,37.3687],[-76.4129,37.4181],[-76.2762,37.3108],[-76.2729,37.354],[-76.2478,37.3788],[-76.2524,37.4366],[-76.3103,37.4911],[-76.2643,37.4769],[-76.2936,37.5165],[-76.3217,37.4857],[-76.3605,37.5192],[-76.3588,37.5367],[-76.335,37.5425],[-76.3309,37.525],[-76.3286,37.546],[-76.298,37.5599],[-76.4251,37.5844],[-76.4333,37.614],[-76.5427,37.6169],[-76.5897,37.6658],[-76.5794,37.6733],[-76.6197,37.7448],[-76.7239,37.7885],[-76.7946,37.8952],[-76.8896,37.9529],[-76.8774,37.9705],[-76.9272,37.985],[-76.9129,38.0007],[-76.8712,37.9859],[-76.8354,37.9321],[-76.7792,37.9115],[-76.7261,37.8362],[-76.5843,37.7709],[-76.5102,37.6423],[-76.4687,37.6957],[-76.4543,37.6772],[-76.4724,37.6658],[-76.4555,37.6511],[-76.3619,37.609],[-76.3437,37.6238],[-76.2801,37.6152],[-76.3059,37.6411],[-76.3318,37.6298],[-76.3399,37.656],[-76.3344,37.6845],[-76.3024,37.6909],[-76.3221,37.737],[-76.3072,37.7313],[-76.316,37.7636],[-76.2855,37.7841],[-76.3153,37.782],[-76.3122,37.8141],[-76.2661,37.8174],[-76.2367,37.8892],[-76.3439,37.9474],[-76.4731,37.9849],[-76.4693,38.0136],[-76.5551,38.0246],[-76.5208,38.046],[-76.5374,38.0755],[-76.6009,38.1101],[-76.6121,38.1489],[-76.6435,38.1483],[-76.6397,38.122],[-76.7007,38.1602],[-76.7328,38.1318],[-76.7602,38.1666],[-76.8388,38.1635],[-76.9623,38.2141],[-76.9622,38.2565],[-77.0565,38.3171],[-77.0149,38.3328],[-77.0118,38.3746],[-77.0415,38.4002],[-77.0848,38.3683],[-77.1382,38.3679],[-77.1627,38.346],[-77.2401,38.331],[-77.2796,38.3395],[-77.3173,38.3836],[-77.3226,38.4671],[-77.257,38.5605],[-77.2481,38.6323],[-77.2239,38.646],[-77.2359,38.6601],[-77.1943,38.6528],[-77.2157,38.6371],[-77.202,38.6177],[-77.1302,38.635],[-77.122,38.6858],[-77.0433,38.719],[-77.0406,38.8712],[-77.1482,38.965],[-77.2446,38.9825],[-77.2484,39.0269],[-77.3403,39.063],[-77.4582,39.0737],[-77.5199,39.1209],[-77.5164,39.1709],[-77.4786,39.1892],[-77.4577,39.225],[-77.5406,39.265],[-77.5666,39.3061],[-77.6758,39.3242],[-77.7349,39.3124],[-77.8282,39.1323],[-78.3471,39.466],[-78.3599,39.409],[-78.3432,39.3888],[-78.3669,39.3593],[-78.3393,39.3486],[-78.4194,39.2575],[-78.3997,39.2439],[-78.4387,39.1981],[-78.4037,39.1675],[-78.5719,39.032],[-78.5505,39.0181],[-78.6017,38.9646],[-78.6257,38.9826],[-78.6805,38.9253],[-78.7186,38.9046],[-78.7171,38.936],[-78.786,38.8872],[-78.8693,38.763],[-78.9982,38.8474],[-79.0273,38.7921],[-79.055,38.7857],[-79.0928,38.7023],[-79.093,38.6595],[-79.1298,38.655],[-79.2106,38.4929],[-79.283,38.4181],[-79.4766,38.4572],[-79.5369,38.5509],[-79.6491,38.5915],[-79.673,38.5287],[-79.6621,38.5155],[-79.6976,38.4872],[-79.6897,38.4314],[-79.7256,38.3638],[-79.7644,38.3565],[-79.8102,38.3067],[-79.7889,38.2687],[-79.9163,38.1863],[-79.9187,38.1548],[-79.9448,38.1316],[-79.9263,38.1072],[-79.9994,37.9958],[-80.1622,37.8751],[-80.2271,37.7989],[-80.2157,37.7775],[-80.2574,37.7561],[-80.2531,37.7259],[-80.2961,37.6918],[-80.2675,37.6461],[-80.221,37.6278],[-80.3285,37.5643],[-80.3124,37.5462],[-80.3303,37.5363],[-80.2824,37.5335],[-80.2998,37.5083],[-80.4756,37.423],[-80.5114,37.4817],[-80.552,37.4736],[-80.7701,37.3724],[-80.8596,37.4296],[-80.8833,37.3839],[-80.8495,37.3469],[-80.9479,37.2959],[-81.1126,37.2785],[-81.2251,37.2349],[-81.3622,37.3377],[-81.4167,37.2732],[-81.4989,37.258],[-81.5073,37.2338],[-81.5536,37.2085],[-81.6782,37.2015],[-81.744,37.2425],[-81.7576,37.274],[-81.85,37.2852],[-81.8603,37.3157],[-81.9256,37.3573],[-81.9356,37.4384],[-81.9961,37.4715],[-81.9267,37.513],[-81.968,37.538],[-82.351,37.2671],[-82.4989,37.2271],[-82.7221,37.1202],[-82.7225,37.0451],[-82.8675,36.9775],[-82.858,36.9295],[-82.8786,36.8896],[-83.0092,36.8473],[-83.0726,36.8546],[-83.1332,36.7846],[-83.1364,36.7431],[-83.3114,36.7103],[-83.4237,36.6674],[-83.5296,36.6662],[-83.6754,36.6008],[-81.9341,36.5942],[-81.9226,36.6162],[-81.6469,36.6119],[-81.6775,36.5881],[-80.2952,36.544],[-75.867,36.5508]]]]},"properties":{"iso3":"USA","shapeId":"66186276B53580985925186","regionId":"USA.47_1","name":"Virginia"}},{"type":"Feature","geometry":{"type":"Polygon","coordinates":[[[-77.7195,39.3213],[-77.7611,39.3398],[-77.7439,39.36],[-77.7534,39.3821],[-77.7359,39.3897],[-77.7531,39.4233],[-77.8033,39.4371],[-77.7856,39.4454],[-77.7985,39.4607],[-77.7778,39.4619],[-77.7967,39.4805],[-77.766,39.4957],[-77.8457,39.4986],[-77.8254,39.5292],[-77.8637,39.515],[-77.8889,39.556],[-77.8363,39.5664],[-77.8336,39.6029],[-77.8851,39.6158],[-77.8885,39.5974],[-77.9419,39.6188],[-77.9462,39.5848],[-77.9576,39.6086],[-78.01,39.6029],[-78.0823,39.6712],[-78.1766,39.696],[-78.2316,39.6744],[-78.2236,39.6611],[-78.2651,39.6193],[-78.3552,39.6406],[-78.3558,39.6263],[-78.3825,39.6282],[-78.3747,39.6086],[-78.4303,39.6233],[-78.3953,39.5842],[-78.4572,39.5874],[-78.4176,39.5472],[-78.4602,39.5512],[-78.4486,39.54],[-78.4712,39.5161],[-78.6895,39.5458],[-78.734,39.5866],[-78.7675,39.5875],[-78.7769,39.604],[-78.7336,39.6155],[-78.7775,39.6217],[-78.7752,39.6457],[-78.826,39.5888],[-78.8168,39.5617],[-78.8386,39.5673],[-78.8747,39.5226],[-78.8933,39.5238],[-78.9577,39.4639],[-78.9568,39.4403],[-79.0471,39.4834],[-79.1032,39.476],[-79.1106,39.4327],[-79.1438,39.4052],[-79.1602,39.4164],[-79.1621,39.3883],[-79.1786,39.3966],[-79.2143,39.3635],[-79.2563,39.3572],[-79.2539,39.3372],[-79.2902,39.2993],[-79.346,39.294],[-79.4256,39.2257],[-79.4869,39.206],[-79.4767,39.7211],[-80.5193,39.7214],[-80.519,40.6388],[-80.5767,40.6142],[-80.6272,40.6199],[-80.668,40.5825],[-80.5955,40.4753],[-80.6122,40.4027],[-80.6336,40.3905],[-80.6097,40.375],[-80.5999,40.3177],[-80.6193,40.2652],[-80.6521,40.245],[-80.7046,40.1548],[-80.7091,40.1015],[-80.7386,40.0757],[-80.7401,39.9708],[-80.7645,39.9503],[-80.7564,39.9139],[-80.806,39.9171],[-80.7908,39.8673],[-80.8261,39.8442],[-80.8261,39.7986],[-80.8691,39.7664],[-80.8298,39.7118],[-80.8637,39.6917],[-80.8804,39.6207],[-80.9704,39.5901],[-81.1325,39.4463],[-81.1859,39.4307],[-81.2173,39.3876],[-81.2707,39.3859],[-81.376,39.3417],[-81.4127,39.3946],[-81.4561,39.4093],[-81.5576,39.3388],[-81.5703,39.2677],[-81.6836,39.2709],[-81.6924,39.2265],[-81.7558,39.181],[-81.7473,39.0954],[-81.8139,39.0793],[-81.7643,39.0153],[-81.7818,38.9649],[-81.7627,38.9241],[-81.8274,38.9459],[-81.856,38.8927],[-81.8985,38.8746],[-81.928,38.8935],[-81.8985,38.9296],[-81.9332,38.9877],[-81.9794,38.9932],[-82.0023,39.0279],[-82.036,39.0255],[-82.1432,38.8981],[-82.1449,38.8405],[-82.2216,38.7872],[-82.1825,38.7088],[-82.1773,38.6038],[-82.2621,38.5982],[-82.2913,38.579],[-82.3303,38.4445],[-82.5402,38.4037],[-82.5935,38.4218],[-82.598,38.3449],[-82.5718,38.3172],[-82.5747,38.2639],[-82.6123,38.2361],[-82.5984,38.2174],[-82.6113,38.1716],[-82.6447,38.1655],[-82.6204,38.1215],[-82.5513,38.0708],[-82.5192,38.0011],[-82.4643,37.9834],[-82.5022,37.9331],[-82.4803,37.9258],[-82.4744,37.9],[-82.4629,37.9148],[-82.4199,37.8849],[-82.4017,37.8101],[-82.3866,37.8182],[-82.3237,37.775],[-82.334,37.7651],[-82.3124,37.7648],[-82.334,37.7432],[-82.2966,37.7024],[-82.304,37.6758],[-82.2404,37.6616],[-82.2134,37.6252],[-82.1753,37.648],[-82.1814,37.6218],[-82.1273,37.5867],[-82.1447,37.5683],[-82.1333,37.5528],[-82.075,37.5558],[-82.0467,37.5282],[-82.0428,37.5484],[-82.014,37.5336],[-81.9702,37.5465],[-81.9272,37.5153],[-81.9961,37.4715],[-81.9356,37.4384],[-81.9334,37.3693],[-81.8603,37.3157],[-81.85,37.2852],[-81.7576,37.274],[-81.744,37.2425],[-81.6782,37.2015],[-81.5536,37.2085],[-81.5073,37.2338],[-81.4989,37.258],[-81.4167,37.2732],[-81.3622,37.3377],[-81.2251,37.2349],[-81.1126,37.2785],[-80.9479,37.2959],[-80.8495,37.3469],[-80.8833,37.3839],[-80.8596,37.4296],[-80.7701,37.3724],[-80.552,37.4736],[-80.5114,37.4817],[-80.4756,37.423],[-80.2998,37.5083],[-80.2824,37.5335],[-80.3303,37.5363],[-80.3124,37.5462],[-80.3285,37.5643],[-80.221,37.6278],[-80.2675,37.6461],[-80.2961,37.6918],[-80.2531,37.7259],[-80.2574,37.7561],[-80.2157,37.7775],[-80.2271,37.7989],[-80.1622,37.8751],[-79.9994,37.9958],[-79.9263,38.1072],[-79.9448,38.1316],[-79.9187,38.1548],[-79.9163,38.1863],[-79.7889,38.2687],[-79.8102,38.3067],[-79.7644,38.3565],[-79.7256,38.3638],[-79.6897,38.4314],[-79.6976,38.4872],[-79.6621,38.5155],[-79.673,38.5287],[-79.6491,38.5915],[-79.5369,38.5509],[-79.4766,38.4572],[-79.283,38.4181],[-79.2106,38.4929],[-79.1298,38.655],[-79.093,38.6595],[-79.0928,38.7023],[-79.055,38.7857],[-79.0273,38.7921],[-78.9982,38.8474],[-78.8693,38.763],[-78.786,38.8872],[-78.7171,38.936],[-78.7186,38.9046],[-78.6805,38.9253],[-78.6257,38.9826],[-78.6017,38.9646],[-78.5505,39.0181],[-78.5719,39.032],[-78.4037,39.1675],[-78.4387,39.1981],[-78.3997,39.2439],[-78.4194,39.2575],[-78.3393,39.3486],[-78.3669,39.3593],[-78.3432,39.3888],[-78.3599,39.409],[-78.3471,39.466],[-77.8282,39.1323],[-77.7195,39.3213]]]},"properties":{"iso3":"USA","shapeId":"66186276B64762166704956","regionId":"USA.49_1","name":"West Virginia"}},{"type":"Feature","geometry":{"type":"MultiPolygon","coordinates":[[[[-88.8677,29.8616],[-88.8646,29.851],[-88.8651,29.8485],[-88.8623,29.8462],[-88.8614,29.8504],[-88.8627,29.8568],[-88.8657,29.8626],[-88.8677,29.8616]]],[[[-88.8793,29.874],[-88.8788,29.8724],[-88.8761,29.875],[-88.8753,29.882],[-88.8793,29.874]]],[[[-88.8705,30.0492],[-88.8283,29.9207],[-88.843,29.826],[-88.8751,29.7598],[-88.8327,29.8241],[-88.817,29.9343],[-88.8337,29.9988],[-88.8705,30.0492]]],[[[-89.2622,29.8275],[-89.2629,29.8247],[-89.2489,29.8232],[-89.2455,29.8266],[-89.2495,29.8287],[-89.2622,29.8275]]],[[[-89.294,30.0003],[-89.2947,29.997],[-89.2934,29.9948],[-89.2899,29.9952],[-89.2878,29.9996],[-89.294,30.0003]]],[[[-89.3005,29.3829],[-89.2987,29.3815],[-89.297,29.3825],[-89.2983,29.3854],[-89.3,29.3852],[-89.3005,29.3829]]],[[[-89.3012,29.3777],[-89.3008,29.3757],[-89.297,29.3751],[-89.2964,29.377],[-89.2992,29.3792],[-89.3012,29.3777]]],[[[-89.3273,29.9518],[-89.3266,29.947],[-89.3237,29.9462],[-89.3194,29.9489],[-89.3195,29.9523],[-89.3222,29.9542],[-89.3259,29.9553],[-89.3273,29.9518]]],[[[-89.3379,29.9609],[-89.3373,29.9594],[-89.334,29.9591],[-89.3322,29.9624],[-89.3357,29.9628],[-89.3379,29.9609]]],[[[-89.341,29.9889],[-89.3367,29.988],[-89.3367,29.9942],[-89.3396,29.994],[-89.341,29.9889]]],[[[-89.3422,30.0592],[-89.3332,30.0348],[-89.2876,30.0406],[-89.2758,30.0231],[-89.2443,30.0583],[-89.2295,30.0004],[-89.2016,30.0014],[-89.2131,30.0274],[-89.184,30.0328],[-89.1757,30.0628],[-89.2208,30.0715],[-89.2431,30.1007],[-89.1857,30.157],[-89.3422,30.0592]]],[[[-89.3474,29.9752],[-89.3461,29.9731],[-89.3434,29.9734],[-89.3404,29.9762],[-89.3435,29.9813],[-89.3474,29.9752]]],[[[-89.3606,29.9274],[-89.3625,29.9227],[-89.3603,29.9199],[-89.3562,29.9199],[-89.3524,29.9244],[-89.3525,29.9279],[-89.3578,29.934],[-89.3606,29.9274]]],[[[-89.3626,30.0077],[-89.3642,30.0042],[-89.3548,30.0025],[-89.3571,30.0061],[-89.3626,30.0077]]],[[[-89.3686,29.9538],[-89.3537,29.9596],[-89.3604,29.9792],[-89.3686,29.9538]]],[[[-89.3814,30.0091],[-89.3809,30.0058],[-89.3784,30.0042],[-89.375,30.007],[-89.37,30.0067],[-89.3692,30.0049],[-89.3673,30.0049],[-89.3648,30.0091],[-89.376,30.011],[-89.3765,30.0144],[-89.3798,30.0146],[-89.3814,30.0091]]],[[[-89.4409,30.1352],[-89.4466,30.1303],[-89.439,30.1275],[-89.429,30.1286],[-89.4239,30.133],[-89.4177,30.1437],[-89.427,30.1485],[-89.4298,30.1444],[-89.4421,30.1444],[-89.4409,30.1352]]],[[[-89.5805,29.5795],[-89.5817,29.578],[-89.576,29.5741],[-89.5702,29.5735],[-89.5691,29.5752],[-89.5805,29.5795]]],[[[-89.6268,29.5352],[-89.5997,29.5076],[-89.5646,29.5438],[-89.6268,29.5352]]],[[[-89.6439,29.5581],[-89.6451,29.5566],[-89.6433,29.5537],[-89.6414,29.5541],[-89.6396,29.5557],[-89.641,29.5591],[-89.6439,29.5581]]],[[[-89.6458,29.5653],[-89.6436,29.5641],[-89.6313,29.5673],[-89.6303,29.5687],[-89.6324,29.5698],[-89.6371,29.5692],[-89.6458,29.5653]]],[[[-89.6667,29.5531],[-89.6661,29.5504],[-89.6579,29.5471],[-89.6568,29.551],[-89.6634,29.5561],[-89.6667,29.5531]]],[[[-89.9009,29.3165],[-89.9012,29.3149],[-89.8835,29.3071],[-89.8731,29.308],[-89.8612,29.3117],[-89.8611,29.313],[-89.8697,29.3165],[-89.8727,29.3211],[-89.8868,29.3213],[-89.8902,29.3239],[-89.8945,29.3224],[-89.9009,29.3165]]],[[[-89.9502,29.277],[-89.9504,29.2755],[-89.9442,29.2717],[-89.9158,29.2865],[-89.9077,29.2926],[-89.9066,29.2966],[-89.9087,29.2977],[-89.9232,29.2895],[-89.934,29.2857],[-89.943,29.2765],[-89.9502,29.277]]],[[[-89.9625,29.3043],[-89.9579,29.3025],[-89.957,29.3037],[-89.9598,29.3068],[-89.9625,29.3043]]],[[[-89.9791,29.2811],[-89.9795,29.2776],[-89.9711,29.276],[-89.9692,29.2721],[-89.9671,29.2715],[-89.9656,29.2749],[-89.9669,29.2826],[-89.9715,29.2849],[-89.9791,29.2811]]],[[[-89.984,29.3208],[-89.9816,29.3088],[-89.9732,29.301],[-89.9705,29.3033],[-89.9691,29.3114],[-89.9703,29.3169],[-89.9739,29.3209],[-89.984,29.3208]]],[[[-90.0223,29.2425],[-90.0246,29.2411],[-90.0214,29.2397],[-90.0118,29.2407],[-90.0109,29.2378],[-90.008,29.2395],[-90.0117,29.2483],[-90.0145,29.2509],[-90.0169,29.2506],[-90.0178,29.2473],[-90.0223,29.2425]]],[[[-90.0288,29.2645],[-90.0269,29.26],[-90.022,29.261],[-90.0199,29.2649],[-90.0226,29.2672],[-90.0288,29.2645]]],[[[-90.3354,29.0681],[-90.3374,29.0667],[-90.3349,29.0638],[-90.3275,29.0644],[-90.3176,29.0673],[-90.3121,29.0704],[-90.3109,29.0727],[-90.3126,29.0752],[-90.3165,29.0735],[-90.3184,29.0708],[-90.3354,29.0681]]],[[[-90.3479,29.184],[-90.3504,29.1812],[-90.3477,29.1777],[-90.3446,29.1841],[-90.3386,29.1866],[-90.338,29.1894],[-90.3448,29.1879],[-90.3479,29.184]]],[[[-90.3599,29.1049],[-90.3617,29.1031],[-90.356,29.1019],[-90.3431,29.1062],[-90.3518,29.1075],[-90.3599,29.1049]]],[[[-90.3726,29.1112],[-90.3762,29.1087],[-90.3467,29.1171],[-90.3398,29.1223],[-90.3396,29.1267],[-90.3471,29.1305],[-90.3515,29.1311],[-90.3525,29.1198],[-90.3726,29.1112]]],[[[-90.4144,29.208],[-90.4131,29.2042],[-90.4109,29.2027],[-90.4078,29.2039],[-90.4077,29.2071],[-90.4108,29.2107],[-90.4144,29.208]]],[[[-90.4444,29.2625],[-90.4414,29.2521],[-90.4351,29.2534],[-90.4444,29.2625]]],[[[-90.5503,29.0921],[-90.4733,29.0595],[-90.4237,29.0609],[-90.5503,29.0921]]],[[[-90.6185,29.197],[-90.6187,29.1953],[-90.6134,29.1932],[-90.6143,29.1963],[-90.6169,29.1981],[-90.6185,29.197]]],[[[-90.7593,29.0469],[-90.756,29.0452],[-90.7409,29.0468],[-90.6617,29.0626],[-90.6702,29.065],[-90.674,29.0621],[-90.6884,29.0626],[-90.7055,29.0581],[-90.7118,29.0623],[-90.7165,29.0606],[-90.7213,29.0558],[-90.7349,29.0541],[-90.7371,29.0513],[-90.7454,29.0487],[-90.7545,29.0494],[-90.7593,29.0469]]],[[[-90.8681,29.0572],[-90.8653,29.0541],[-90.8343,29.0449],[-90.8182,29.0465],[-90.8143,29.0478],[-90.8062,29.0538],[-90.8089,29.0557],[-90.8203,29.0573],[-90.8368,29.0512],[-90.8413,29.0523],[-90.8439,29.0501],[-90.8538,29.0542],[-90.8681,29.0572]]],[[[-90.9357,29.0556],[-90.9368,29.0544],[-90.9328,29.0514],[-90.9265,29.0491],[-90.9198,29.0477],[-90.9164,29.0482],[-90.9155,29.0499],[-90.9264,29.0515],[-90.9357,29.0556]]],[[[-91.0416,29.1918],[-91.0401,29.1887],[-91.0363,29.1877],[-91.0363,29.1903],[-91.0397,29.1923],[-91.0416,29.1918]]],[[[-91.3836,29.3984],[-91.3838,29.3951],[-91.3811,29.3933],[-91.3761,29.3934],[-91.375,29.3989],[-91.3766,29.4018],[-91.3818,29.4015],[-91.3836,29.3984]]],[[[-91.3847,29.3529],[-91.3824,29.3507],[-91.3797,29.354],[-91.3802,29.3553],[-91.3817,29.3558],[-91.3847,29.3529]]],[[[-91.3874,29.3864],[-91.386,29.382],[-91.3805,29.3848],[-91.3794,29.3875],[-91.3807,29.3897],[-91.3842,29.3902],[-91.3874,29.3864]]],[[[-92.0319,29.5776],[-91.8216,29.4739],[-91.7683,29.4904],[-91.7654,29.5248],[-91.7081,29.5688],[-91.7368,29.5623],[-91.7333,29.5808],[-91.7759,29.5678],[-91.7753,29.5879],[-91.8027,29.5887],[-91.843,29.6277],[-91.9032,29.6374],[-91.9285,29.6351],[-91.9399,29.6103],[-91.989,29.6115],[-92.0319,29.5776]]],[[[-91.1661,33.0041],[-94.043,33.0192],[-94.0418,31.9924],[-94.0173,31.9893],[-93.9739,31.9217],[-93.9233,31.9078],[-93.9267,31.8883],[-93.8974,31.8944],[-93.8733,31.8149],[-93.8234,31.7751],[-93.8361,31.7485],[-93.8163,31.7075],[-93.7946,31.7021],[-93.8265,31.6669],[-93.8168,31.6225],[-93.8381,31.6068],[-93.8349,31.5862],[-93.7877,31.5273],[-93.7116,31.5128],[-93.7495,31.4687],[-93.7039,31.4555],[-93.7049,31.4109],[-93.6741,31.3977],[-93.6703,31.3661],[-93.6392,31.372],[-93.6684,31.353],[-93.6869,31.3052],[-93.6203,31.271],[-93.5885,31.1656],[-93.5333,31.1845],[-93.5487,31.1558],[-93.5414,31.1135],[-93.5635,31.094],[-93.5278,31.0746],[-93.5312,31.0517],[-93.5083,31.0324],[-93.5782,31.0],[-93.5728,30.9707],[-93.5318,30.9582],[-93.526,30.9375],[-93.5741,30.8845],[-93.5541,30.8249],[-93.5838,30.8018],[-93.5921,30.7637],[-93.6145,30.7599],[-93.6299,30.6799],[-93.6831,30.6408],[-93.6787,30.5941],[-93.7219,30.5803],[-93.7403,30.5396],[-93.7065,30.5099],[-93.7174,30.4838],[-93.6978,30.4406],[-93.7577,30.3904],[-93.7658,30.3333],[-93.7046,30.29],[-93.7178,30.194],[-93.7065,30.1474],[-93.6886,30.1404],[-93.7341,30.0861],[-93.6994,30.0593],[-93.7173,30.0657],[-93.7421,30.0208],[-93.7869,29.9906],[-93.8384,29.8829],[-93.9228,29.8188],[-93.9265,29.7896],[-93.838,29.6906],[-93.682,29.7465],[-93.4929,29.7687],[-93.1769,29.7705],[-92.9818,29.7215],[-92.6607,29.5961],[-92.5668,29.5772],[-92.5615,29.5896],[-92.5575,29.5761],[-92.3235,29.5315],[-92.147,29.5857],[-92.044,29.5846],[-92.0707,29.6],[-92.0089,29.6129],[-92.0346,29.6315],[-92.1058,29.6118],[-92.1367,29.6675],[-92.1039,29.6992],[-92.1691,29.7002],[-92.2001,29.7257],[-92.2033,29.7534],[-92.1711,29.7398],[-92.1733,29.7613],[-92.1319,29.7658],[-92.1444,29.7164],[-91.9829,29.7962],[-91.971,29.8343],[-91.9375,29.8168],[-91.8891,29.836],[-91.8308,29.8293],[-91.826,29.7824],[-91.8391,29.7736],[-91.8517,29.7918],[-91.8792,29.7566],[-91.8544,29.7347],[-91.8808,29.7108],[-91.7529,29.7499],[-91.6279,29.7411],[-91.623,29.671],[-91.6475,29.6355],[-91.5546,29.6358],[-91.5255,29.5519],[-91.5414,29.5263],[-91.4961,29.5389],[-91.461,29.47],[-91.3576,29.513],[-91.3405,29.4885],[-91.3605,29.4707],[-91.3204,29.4783],[-91.3643,29.4354],[-91.3296,29.4266],[-91.3341,29.3915],[-91.3076,29.4136],[-91.2817,29.4044],[-91.2579,29.4453],[-91.2466,29.43],[-91.2178,29.4353],[-91.2196,29.3971],[-91.1263,29.3334],[-91.1185,29.2555],[-91.1678,29.2344],[-91.1545,29.255],[-91.1766,29.2711],[-91.1628,29.3213],[-91.1993,29.3051],[-91.237,29.3713],[-91.2655,29.361],[-91.2918,29.3114],[-91.3398,29.3098],[-91.2883,29.2557],[-91.2152,29.227],[-91.1299,29.2207],[-91.0647,29.1841],[-91.0384,29.2104],[-91.0083,29.1743],[-90.9524,29.1833],[-90.8691,29.1183],[-90.8361,29.0661],[-90.8059,29.0645],[-90.788,29.1076],[-90.73,29.1381],[-90.7114,29.1164],[-90.6943,29.1251],[-90.685,29.1656],[-90.6468,29.1687],[-90.6357,29.2139],[-90.6118,29.2148],[-90.616,29.2364],[-90.5618,29.235],[-90.5927,29.2459],[-90.5976,29.3033],[-90.577,29.3132],[-90.5543,29.2852],[-90.5232,29.3042],[-90.4791,29.2922],[-90.4402,29.3494],[-90.3929,29.2966],[-90.4033,29.2338],[-90.3541,29.3055],[-90.3053,29.2684],[-90.2592,29.1996],[-90.2853,29.178],[-90.2588,29.1656],[-90.2815,29.1565],[-90.2453,29.1497],[-90.2778,29.1428],[-90.2344,29.1288],[-90.2481,29.0966],[-90.2229,29.0871],[-89.9508,29.2608],[-89.9882,29.2602],[-90.0409,29.2055],[-90.0734,29.2106],[-90.1061,29.2537],[-90.0753,29.296],[-90.0186,29.2868],[-90.0377,29.3092],[-90.0318,29.3443],[-89.9789,29.347],[-89.9976,29.3705],[-90.0159,29.354],[-90.042,29.3607],[-89.9704,29.4318],[-89.9918,29.4506],[-89.964,29.4631],[-89.9343,29.4397],[-89.8795,29.4345],[-89.852,29.4757],[-89.816,29.4603],[-89.8436,29.4217],[-89.8147,29.4001],[-89.7909,29.4109],[-89.768,29.3894],[-89.6449,29.39],[-89.6474,29.4099],[-89.6088,29.3875],[-89.5955,29.356],[-89.6233,29.3463],[-89.6468,29.3763],[-89.7906,29.3283],[-89.8221,29.3566],[-89.8426,29.3188],[-89.6397,29.2905],[-89.606,29.2537],[-89.4828,29.2151],[-89.3997,29.1237],[-89.3506,29.1296],[-89.3285,29.1906],[-89.295,29.1989],[-89.2786,29.1376],[-89.3124,29.1175],[-89.31,29.071],[-89.343,29.0577],[-89.4199,28.9297],[-89.2594,29.0584],[-89.2517,29.0832],[-89.2215,29.0646],[-89.2187,29.0225],[-89.1429,28.9916],[-89.1377,29.0189],[-89.1586,29.0218],[-89.147,29.071],[-89.1165,29.0741],[-89.1037,29.1167],[-89.0666,29.0907],[-89.0395,29.1355],[-89.097,29.1388],[-89.1118,29.16],[-89.0471,29.1845],[-89.0105,29.1708],[-89.026,29.2152],[-89.0963,29.188],[-89.122,29.2021],[-89.1151,29.2529],[-89.1821,29.3377],[-89.2004,29.3444],[-89.2354,29.3043],[-89.3121,29.388],[-89.3105,29.3614],[-89.3386,29.3555],[-89.3359,29.381],[-89.4217,29.3763],[-89.4701,29.4015],[-89.5123,29.3823],[-89.5613,29.3952],[-89.5529,29.4095],[-89.52,29.3996],[-89.5388,29.4317],[-89.5228,29.4562],[-89.5523,29.4555],[-89.5696,29.494],[-89.6402,29.5036],[-89.6835,29.5493],[-89.6845,29.5633],[-89.6418,29.5756],[-89.6827,29.5969],[-89.6845,29.6248],[-89.6493,29.6252],[-89.6378,29.5967],[-89.6013,29.5836],[-89.6204,29.6053],[-89.6021,29.6103],[-89.6617,29.6465],[-89.6205,29.6361],[-89.5654,29.6593],[-89.5005,29.6342],[-89.5315,29.6664],[-89.5077,29.692],[-89.5249,29.7266],[-89.4852,29.72],[-89.4656,29.6517],[-89.4457,29.6519],[-89.4242,29.6976],[-89.3878,29.68],[-89.4303,29.7126],[-89.4308,29.7408],[-89.3947,29.7902],[-89.2857,29.7634],[-89.2925,29.7992],[-89.3365,29.7852],[-89.357,29.8],[-89.3493,29.8208],[-89.3857,29.8355],[-89.3408,29.8497],[-89.3124,29.8236],[-89.306,29.8657],[-89.2709,29.8521],[-89.2412,29.8851],[-89.342,29.8831],[-89.2798,29.9273],[-89.2324,29.9304],[-89.2279,29.9705],[-89.25,29.9756],[-89.2479,29.9973],[-89.2733,29.9938],[-89.3176,29.9212],[-89.3701,29.8921],[-89.3984,29.9578],[-89.3812,29.9595],[-89.4235,29.9634],[-89.4334,29.9912],[-89.4578,29.9982],[-89.43,30.0289],[-89.3991,30.0009],[-89.4078,30.0239],[-89.3746,30.0326],[-89.3727,30.0499],[-89.4304,30.0338],[-89.4311,30.0518],[-89.4844,30.0788],[-89.4915,30.0375],[-89.5801,29.9905],[-89.5704,29.9615],[-89.5964,29.8796],[-89.6654,29.8628],[-89.7449,29.9079],[-89.7472,29.9308],[-89.7198,29.9521],[-89.8193,29.9331],[-89.8523,29.9777],[-89.8576,30.0044],[-89.8183,30.0457],[-89.7177,30.0253],[-89.7309,30.0608],[-89.6849,30.0752],[-89.6782,30.1083],[-89.6241,30.1574],[-89.5871,30.1507],[-89.5576,30.1798],[-89.5245,30.1808],[-89.5387,30.1958],[-89.5745,30.1817],[-89.6159,30.2232],[-89.6472,30.2894],[-89.6297,30.3393],[-89.6837,30.4059],[-89.6834,30.4518],[-89.8039,30.5494],[-89.7869,30.5691],[-89.808,30.568],[-89.8308,30.6177],[-89.814,30.6382],[-89.8519,30.6612],[-89.8369,30.7347],[-89.8161,30.7394],[-89.8304,30.7798],[-89.7812,30.8201],[-89.7925,30.8504],[-89.7717,30.8547],[-89.7731,30.8983],[-89.7448,30.9189],[-89.7563,30.9435],[-89.7271,30.9674],[-89.7296,31.0039],[-91.6369,30.9994],[-91.5784,31.024],[-91.5599,31.0541],[-91.626,31.1169],[-91.5889,31.189],[-91.654,31.2558],[-91.5156,31.2782],[-91.5087,31.3151],[-91.549,31.3473],[-91.5462,31.3825],[-91.569,31.3776],[-91.5763,31.4105],[-91.5416,31.4317],[-91.5218,31.3752],[-91.4789,31.365],[-91.4721,31.3959],[-91.5134,31.4444],[-91.5225,31.5221],[-91.4439,31.5425],[-91.4054,31.5765],[-91.4227,31.5971],[-91.4886,31.5875],[-91.5155,31.6304],[-91.4977,31.6454],[-91.4367,31.6127],[-91.401,31.6204],[-91.3979,31.7094],[-91.3718,31.743],[-91.2634,31.7545],[-91.2861,31.7721],[-91.3655,31.7616],[-91.3457,31.8429],[-91.2934,31.8602],[-91.2822,31.8148],[-91.2556,31.8127],[-91.2451,31.8315],[-91.2677,31.8627],[-91.1806,31.918],[-91.1848,31.9656],[-91.0759,32.0168],[-91.1514,32.0493],[-91.1603,32.0704],[-91.1393,32.0818],[-91.0802,32.0484],[-91.0815,32.0778],[-91.0347,32.1011],[-91.0041,32.1462],[-91.0029,32.1621],[-91.0583,32.181],[-91.0532,32.1242],[-91.1628,32.1327],[-91.1642,32.1969],[-91.0837,32.2265],[-91.0614,32.2187],[-91.039,32.2424],[-91.0029,32.2231],[-90.9952,32.1921],[-90.9694,32.2525],[-90.9795,32.2937],[-90.9478,32.2835],[-90.9222,32.2986],[-90.8756,32.3724],[-90.9124,32.3395],[-90.9936,32.3541],[-91.0045,32.3681],[-90.9696,32.4395],[-91.0529,32.4384],[-91.116,32.4831],[-91.0937,32.5491],[-91.0381,32.4904],[-90.9872,32.4957],[-91.0804,32.5564],[-91.0102,32.6019],[-91.0143,32.6405],[-91.0384,32.6364],[-91.0498,32.6072],[-91.1199,32.5848],[-91.1513,32.6159],[-91.1521,32.6415],[-91.0545,32.7223],[-91.1653,32.7513],[-91.145,32.8429],[-91.1056,32.8584],[-91.0637,32.9064],[-91.1066,32.9889],[-91.1355,32.9797],[-91.1451,32.9055],[-91.2083,32.9154],[-91.2018,32.9612],[-91.1661,33.0041]]]]},"properties":{"iso3":"USA","shapeId":"66186276B41335105066757","regionId":"USA.19_1","name":"Louisiana"}},{"type":"Feature","geometry":{"type":"MultiPolygon","coordinates":[[[[-83.1916,42.0354],[-83.191,42.0334],[-83.1892,42.0333],[-83.1899,42.036],[-83.1916,42.0354]]],[[[-83.2174,45.0541],[-83.2132,45.0524],[-83.2072,45.0456],[-83.2075,45.0425],[-83.2051,45.0392],[-83.1972,45.0344],[-83.1896,45.0338],[-83.2096,45.0531],[-83.2174,45.0541]]],[[[-83.232,45.0479],[-83.2314,45.042],[-83.2274,45.0396],[-83.2165,45.0409],[-83.2151,45.0432],[-83.2181,45.0495],[-83.223,45.0507],[-83.2285,45.0476],[-83.232,45.0479]]],[[[-83.234,45.056],[-83.2344,45.0541],[-83.2238,45.0566],[-83.2258,45.0574],[-83.234,45.056]]],[[[-83.326,44.8903],[-83.3227,44.8894],[-83.3243,44.8911],[-83.326,44.8903]]],[[[-83.3304,44.9119],[-83.3266,44.9106],[-83.3261,44.9128],[-83.3304,44.9119]]],[[[-83.3365,45.1918],[-83.3387,45.1904],[-83.3243,45.1861],[-83.3191,45.189],[-83.3214,45.1941],[-83.3299,45.1977],[-83.3355,45.1977],[-83.3365,45.1918]]],[[[-83.4235,44.9884],[-83.4217,44.9866],[-83.4164,44.9868],[-83.4151,44.985],[-83.4114,44.986],[-83.413,44.9906],[-83.4179,44.9925],[-83.4235,44.9884]]],[[[-83.4362,43.8841],[-83.43,43.8772],[-83.4199,43.8753],[-83.4143,43.8698],[-83.4141,43.877],[-83.4233,43.882],[-83.4275,43.8824],[-83.4298,43.8846],[-83.4326,43.8853],[-83.4362,43.8841]]],[[[-83.44,45.037],[-83.4384,45.0345],[-83.4375,45.0355],[-83.44,45.037]]],[[[-83.4412,44.0381],[-83.4401,44.0324],[-83.4415,44.0278],[-83.436,44.0232],[-83.435,44.027],[-83.4273,44.0287],[-83.4274,44.0309],[-83.4285,44.0327],[-83.4412,44.0381]]],[[[-83.471,44.0026],[-83.4703,44.0015],[-83.4633,44.0014],[-83.4664,44.0037],[-83.471,44.0026]]],[[[-83.4824,43.7591],[-83.4809,43.7576],[-83.4714,43.7562],[-83.4649,43.7575],[-83.461,43.7605],[-83.4711,43.7597],[-83.4734,43.7625],[-83.4805,43.7612],[-83.4824,43.7591]]],[[[-83.4958,43.7722],[-83.496,43.7707],[-83.4848,43.7655],[-83.4863,43.7676],[-83.4958,43.7722]]],[[[-83.6964,46.0585],[-83.6957,46.0549],[-83.6915,46.0556],[-83.6908,46.0613],[-83.6939,46.0619],[-83.6964,46.0585]]],[[[-83.7051,46.0652],[-83.702,46.0613],[-83.6999,46.0644],[-83.7007,46.0684],[-83.7051,46.0652]]],[[[-83.7101,46.0526],[-83.709,46.0492],[-83.7014,46.0489],[-83.7018,46.0531],[-83.7101,46.0526]]],[[[-83.728,46.0464],[-83.7284,46.0445],[-83.7204,46.0441],[-83.7186,46.0466],[-83.7204,46.0508],[-83.7227,46.0508],[-83.728,46.0464]]],[[[-83.7289,46.0408],[-83.7284,46.038],[-83.7252,46.0375],[-83.7255,46.0406],[-83.7289,46.0408]]],[[[-83.7344,46.0369],[-83.7335,46.0359],[-83.7327,46.0383],[-83.7344,46.0369]]],[[[-83.7687,45.9355],[-83.7686,45.9318],[-83.7663,45.9351],[-83.7681,45.9378],[-83.7687,45.9355]]],[[[-83.7714,46.091],[-83.7665,46.0863],[-83.7625,46.0863],[-83.7617,46.0889],[-83.7651,46.0922],[-83.7714,46.091]]],[[[-83.774,46.0515],[-83.7472,46.0348],[-83.7343,46.0507],[-83.7548,46.0662],[-83.774,46.0515]]],[[[-83.7743,46.0665],[-83.774,46.0643],[-83.7724,46.0643],[-83.7701,46.0687],[-83.7743,46.0665]]],[[[-83.7842,46.0813],[-83.7826,46.0803],[-83.7813,46.085],[-83.7842,46.0813]]],[[[-83.792,46.0086],[-83.792,46.0072],[-83.7897,46.0072],[-83.7904,46.0092],[-83.792,46.0086]]],[[[-83.7936,46.0362],[-83.7937,46.0348],[-83.7916,46.0344],[-83.7908,46.0384],[-83.7936,46.0362]]],[[[-83.7989,46.0587],[-83.7983,46.0561],[-83.7962,46.0565],[-83.7977,46.061],[-83.7989,46.0587]]],[[[-83.8132,46.0746],[-83.8131,46.0732],[-83.8106,46.0741],[-83.8094,46.078],[-83.8132,46.0746]]],[[[-83.8251,46.0292],[-83.8239,46.0268],[-83.8229,46.0309],[-83.8251,46.0292]]],[[[-83.8278,46.0566],[-83.8274,46.0551],[-83.8258,46.0582],[-83.8278,46.0566]]],[[[-83.8276,46.1018],[-83.8275,46.0996],[-83.8193,46.0974],[-83.8204,46.092],[-83.8189,46.092],[-83.8185,46.0943],[-83.8147,46.0932],[-83.8124,46.1001],[-83.8054,46.1009],[-83.8021,46.0995],[-83.8031,46.0925],[-83.797,46.0917],[-83.7948,46.0954],[-83.7895,46.0945],[-83.7825,46.0906],[-83.7782,46.09],[-83.7765,46.092],[-83.7807,46.0946],[-83.7798,46.0985],[-83.7834,46.098],[-83.7908,46.1025],[-83.7926,46.1019],[-83.7936,46.1054],[-83.792,46.107],[-83.7935,46.1074],[-83.8073,46.1055],[-83.8149,46.1089],[-83.8172,46.1061],[-83.817,46.1022],[-83.8193,46.1019],[-83.8214,46.1051],[-83.8276,46.1018]]],[[[-83.8321,43.6663],[-83.8284,43.6638],[-83.8239,43.6666],[-83.8186,43.6655],[-83.8163,43.6712],[-83.8179,43.6738],[-83.8223,43.6754],[-83.8271,43.6744],[-83.8313,43.6701],[-83.8321,43.6663]]],[[[-83.8374,46.0454],[-83.8365,46.043],[-83.8358,46.0456],[-83.8374,46.0454]]],[[[-83.8507,46.067],[-83.8456,46.0637],[-83.8423,46.0642],[-83.8419,46.0695],[-83.8452,46.0703],[-83.8476,46.0737],[-83.8502,46.0716],[-83.8507,46.067]]],[[[-83.8563,46.0848],[-83.8542,46.08],[-83.8502,46.0787],[-83.851,46.0817],[-83.8563,46.0848]]],[[[-83.8573,46.0578],[-83.8551,46.0535],[-83.8478,46.0522],[-83.8472,46.0553],[-83.8526,46.0589],[-83.8573,46.0578]]],[[[-83.8691,46.0781],[-83.8672,46.0729],[-83.8593,46.0694],[-83.8557,46.0727],[-83.8533,46.0727],[-83.8529,46.0765],[-83.8585,46.0765],[-83.8626,46.0804],[-83.8662,46.081],[-83.8691,46.0781]]],[[[-83.8813,46.0559],[-83.8792,46.0542],[-83.8787,46.058],[-83.8813,46.0559]]],[[[-83.8829,45.9755],[-83.8306,45.9492],[-83.8365,45.9382],[-83.8179,45.9542],[-83.7862,45.9329],[-83.7656,45.9547],[-83.7157,45.9301],[-83.6394,45.9395],[-83.6302,45.957],[-83.631,45.929],[-83.6065,45.9407],[-83.6085,45.9261],[-83.5618,45.9126],[-83.5158,45.9236],[-83.4732,45.9844],[-83.5344,46.0077],[-83.5813,46.0896],[-83.7001,46.1039],[-83.7322,46.0869],[-83.6774,46.073],[-83.6888,46.0356],[-83.7658,46.0264],[-83.8061,45.9839],[-83.8451,46.0266],[-83.8829,45.9755]]],[[[-83.8852,46.0693],[-83.8841,46.0648],[-83.8806,46.0632],[-83.8768,46.0648],[-83.8795,46.0724],[-83.8852,46.0693]]],[[[-83.9,46.0178],[-83.9009,46.0162],[-83.8987,46.0155],[-83.8971,46.0183],[-83.9,46.0178]]],[[[-83.9876,46.0929],[-83.9861,46.0894],[-83.9836,46.0887],[-83.9848,46.0922],[-83.9876,46.0929]]],[[[-83.9907,46.1025],[-83.9911,46.1009],[-83.9877,46.0983],[-83.9897,46.1032],[-83.9907,46.1025]]],[[[-84.0117,46.0915],[-84.0126,46.0873],[-84.0012,46.0791],[-83.9735,46.0653],[-83.9736,46.0676],[-83.9764,46.069],[-83.9765,46.0754],[-83.9804,46.0768],[-83.9859,46.0845],[-83.9875,46.0841],[-83.9897,46.0868],[-83.9891,46.0895],[-83.9911,46.0896],[-83.9953,46.0948],[-84.0018,46.0946],[-84.0058,46.0976],[-84.0058,46.0938],[-84.0117,46.0915]]],[[[-84.0232,46.1093],[-84.0204,46.1077],[-84.0207,46.1098],[-84.0232,46.1093]]],[[[-84.1714,46.2191],[-84.1693,46.2157],[-84.1651,46.2143],[-84.1645,46.2155],[-84.1687,46.2187],[-84.1714,46.2191]]],[[[-84.2025,45.9692],[-84.2003,45.9666],[-84.1979,45.9685],[-84.2023,45.9711],[-84.2025,45.9692]]],[[[-84.4337,45.9262],[-84.4284,45.9167],[-84.4271,45.9205],[-84.4334,45.9274],[-84.4337,45.9262]]],[[[-84.4433,45.978],[-84.4363,45.9718],[-84.4369,45.9746],[-84.4433,45.978]]],[[[-84.5169,46.4427],[-84.5141,46.4417],[-84.5154,46.4436],[-84.5169,46.4427]]],[[[-84.5827,45.9631],[-84.5809,45.9588],[-84.568,45.9525],[-84.5624,45.9569],[-84.5619,45.9635],[-84.5639,45.9664],[-84.5727,45.9687],[-84.575,45.9707],[-84.5827,45.9631]]],[[[-84.5902,45.8128],[-84.4814,45.7301],[-84.4057,45.7223],[-84.356,45.7707],[-84.4043,45.7853],[-84.4203,45.8113],[-84.4337,45.7867],[-84.5902,45.8128]]],[[[-84.6149,45.8366],[-84.6081,45.8284],[-84.6101,45.8268],[-84.5906,45.8216],[-84.5891,45.8277],[-84.5909,45.8267],[-84.6006,45.8342],[-84.6119,45.835],[-84.6149,45.8366]]],[[[-84.6416,45.9729],[-84.6316,45.9554],[-84.6088,45.9675],[-84.6416,45.9729]]],[[[-84.6515,45.8628],[-84.6021,45.8521],[-84.6418,45.8855],[-84.6515,45.8628]]],[[[-84.6838,46.4918],[-84.6819,46.491],[-84.6791,46.4934],[-84.6822,46.4935],[-84.6838,46.4918]]],[[[-84.7514,45.8363],[-84.7511,45.8347],[-84.7481,45.8344],[-84.7441,45.8366],[-84.7448,45.8388],[-84.7466,45.8364],[-84.7514,45.8363]]],[[[-84.8804,45.8653],[-84.88,45.8612],[-84.8648,45.854],[-84.8619,45.8567],[-84.8631,45.8611],[-84.8683,45.8615],[-84.8692,45.8644],[-84.8738,45.8667],[-84.8783,45.8673],[-84.8804,45.8653]]],[[[-85.0766,45.7658],[-85.0746,45.7622],[-85.0569,45.7594],[-85.0554,45.7612],[-85.0386,45.7611],[-85.0344,45.7587],[-85.023,45.7576],[-85.0151,45.7643],[-85.0253,45.7659],[-85.0306,45.7691],[-85.0455,45.7675],[-85.0498,45.7696],[-85.0498,45.767],[-85.0553,45.7652],[-85.0581,45.7648],[-85.0619,45.7672],[-85.0766,45.7658]]],[[[-85.2048,46.0444],[-85.2014,46.0431],[-85.1995,46.0442],[-85.2048,46.0444]]],[[[-85.3018,45.8168],[-85.2992,45.8146],[-85.2988,45.8175],[-85.3008,45.818],[-85.3018,45.8168]]],[[[-85.4251,45.7809],[-85.3753,45.7688],[-85.3396,45.7941],[-85.3687,45.8185],[-85.3852,45.783],[-85.4251,45.7809]]],[[[-85.534,45.8003],[-85.4958,45.7915],[-85.5134,45.7864],[-85.4956,45.7727],[-85.4531,45.7767],[-85.4531,45.7948],[-85.5164,45.8277],[-85.534,45.8003]]],[[[-85.568,45.0998],[-85.5659,45.0995],[-85.5677,45.1014],[-85.568,45.0998]]],[[[-85.5832,44.8637],[-85.5838,44.8615],[-85.5819,44.8603],[-85.5706,44.8645],[-85.5721,44.8696],[-85.5702,44.8728],[-85.5812,44.8699],[-85.5832,44.8637]]],[[[-85.5945,45.8377],[-85.5892,45.8333],[-85.5869,45.8339],[-85.5838,45.8395],[-85.5882,45.8407],[-85.5945,45.8377]]],[[[-85.6175,45.8108],[-85.6111,45.8074],[-85.6043,45.8118],[-85.612,45.8143],[-85.6175,45.8108]]],[[[-85.6282,45.6018],[-85.6197,45.5819],[-85.5607,45.5716],[-85.4917,45.6075],[-85.4988,45.7263],[-85.5219,45.7394],[-85.5013,45.7544],[-85.568,45.7586],[-85.5622,45.7355],[-85.6049,45.6819],[-85.6045,45.6393],[-85.6282,45.6018]]],[[[-85.6963,45.7744],[-85.6931,45.7709],[-85.6841,45.7701],[-85.6882,45.7751],[-85.6946,45.7756],[-85.6963,45.7744]]],[[[-85.7008,45.7385],[-85.6871,45.7198],[-85.6976,45.6977],[-85.6805,45.6961],[-85.6449,45.7427],[-85.7008,45.7385]]],[[[-85.7895,45.4878],[-85.7702,45.4607],[-85.7706,45.4865],[-85.7895,45.4878]]],[[[-85.8449,45.6951],[-85.8438,45.6921],[-85.8394,45.693],[-85.8392,45.6953],[-85.8342,45.6952],[-85.8333,45.6966],[-85.8351,45.699],[-85.8334,45.7024],[-85.8349,45.7099],[-85.8427,45.7124],[-85.8437,45.7115],[-85.841,45.71],[-85.8427,45.705],[-85.8408,45.7025],[-85.8449,45.6951]]],[[[-85.8847,45.4448],[-85.8338,45.3796],[-85.832,45.4205],[-85.8847,45.4448]]],[[[-86.0645,45.1396],[-86.0587,45.1008],[-86.0075,45.0572],[-85.9609,45.0605],[-85.9828,45.0808],[-85.9894,45.1511],[-86.0444,45.1596],[-86.0645,45.1396]]],[[[-86.1557,45.0144],[-86.1157,44.9991],[-86.0778,45.0324],[-86.1179,45.0485],[-86.1557,45.0144]]],[[[-86.6592,45.7379],[-86.6603,45.736],[-86.6575,45.7366],[-86.6571,45.7427],[-86.6592,45.7379]]],[[[-86.6606,45.5786],[-86.6489,45.5444],[-86.6275,45.5495],[-86.6268,45.5729],[-86.6606,45.5786]]],[[[-86.6702,45.5296],[-86.6671,45.5217],[-86.6623,45.521],[-86.6599,45.5225],[-86.6612,45.533],[-86.6679,45.5318],[-86.6702,45.5296]]],[[[-86.7017,45.6057],[-86.7016,45.6032],[-86.6902,45.5957],[-86.6856,45.5958],[-86.6823,45.5992],[-86.6773,45.6001],[-86.6729,45.6046],[-86.6679,45.6061],[-86.6773,45.6137],[-86.6924,45.6171],[-86.6982,45.6136],[-86.7018,45.6166],[-86.6992,45.6111],[-86.7017,45.6057]]],[[[-86.709,46.5452],[-86.6838,46.4977],[-86.6876,46.4562],[-86.6133,46.4649],[-86.6089,46.4926],[-86.6282,46.4778],[-86.6468,46.4875],[-86.6263,46.5349],[-86.6534,46.5607],[-86.709,46.5452]]],[[[-86.7118,45.6092],[-86.707,45.6089],[-86.7052,45.6106],[-86.7081,45.6115],[-86.7118,45.6092]]],[[[-86.717,45.5012],[-86.7161,45.4978],[-86.7139,45.4998],[-86.717,45.5012]]],[[[-86.7225,46.4858],[-86.7193,46.479],[-86.7167,46.4786],[-86.7225,46.4858]]],[[[-86.7218,45.5106],[-86.7229,45.5085],[-86.7167,45.5095],[-86.7207,45.5115],[-86.7218,45.5106]]],[[[-86.7272,45.5225],[-86.7262,45.5206],[-86.7231,45.5205],[-86.7272,45.5225]]],[[[-86.7482,46.5156],[-86.7442,46.5053],[-86.7369,46.504],[-86.7373,46.5112],[-86.7436,46.5158],[-86.7462,46.5166],[-86.7482,46.5156]]],[[[-86.7627,45.8009],[-86.7625,45.7985],[-86.7588,45.7967],[-86.7538,45.7979],[-86.7557,45.8002],[-86.7627,45.8009]]],[[[-86.7656,45.7459],[-86.7634,45.7436],[-86.7593,45.7443],[-86.7655,45.7488],[-86.7656,45.7459]]],[[[-86.7835,45.5023],[-86.76,45.4779],[-86.7576,45.5041],[-86.7835,45.5023]]],[[[-86.8248,41.7602],[-84.8059,41.7602],[-84.806,41.6961],[-83.4538,41.7327],[-83.4283,41.7412],[-83.4396,41.8132],[-83.382,41.8709],[-83.3428,41.8794],[-83.3203,41.9326],[-83.2904,41.9449],[-83.2648,41.9309],[-83.2504,41.9728],[-83.1709,42.0182],[-83.2031,42.035],[-83.1911,42.0646],[-83.1335,42.0882],[-83.1213,42.1175],[-83.1306,42.211],[-83.0973,42.2901],[-83.0636,42.3169],[-82.924,42.3521],[-82.8844,42.4013],[-82.8677,42.4537],[-82.8837,42.4766],[-82.8744,42.5235],[-82.8342,42.5679],[-82.7824,42.5648],[-82.7868,42.5923],[-82.7696,42.5934],[-82.819,42.6163],[-82.8056,42.6488],[-82.6962,42.6903],[-82.6309,42.6733],[-82.6309,42.6421],[-82.6529,42.6506],[-82.6655,42.6242],[-82.6898,42.6272],[-82.6765,42.613],[-82.713,42.5979],[-82.6565,42.5924],[-82.6941,42.5586],[-82.6479,42.5594],[-82.6791,42.5222],[-82.6409,42.555],[-82.5898,42.5507],[-82.5254,42.6057],[-82.4675,42.7619],[-82.4826,42.8087],[-82.4699,42.8875],[-82.4167,42.9666],[-82.4159,43.0056],[-82.486,43.1025],[-82.5231,43.2254],[-82.5371,43.4331],[-82.5988,43.5937],[-82.6148,43.7795],[-82.6432,43.8525],[-82.739,43.9895],[-82.8139,44.0324],[-82.9639,44.0683],[-83.0277,44.0462],[-83.066,44.0034],[-83.2625,43.9753],[-83.3107,43.9198],[-83.4054,43.9152],[-83.341,43.9045],[-83.3331,43.8841],[-83.3956,43.8338],[-83.4493,43.8593],[-83.4807,43.7918],[-83.4561,43.8123],[-83.4198,43.8096],[-83.4583,43.7425],[-83.479,43.7418],[-83.4671,43.7292],[-83.4914,43.7076],[-83.5382,43.7082],[-83.6852,43.5844],[-83.7372,43.619],[-83.8952,43.6652],[-83.9526,43.7496],[-83.9164,43.8109],[-83.9086,43.9156],[-83.8767,43.9583],[-83.8331,43.9881],[-83.756,43.9857],[-83.7279,44.0015],[-83.6804,43.9866],[-83.6715,44.0419],[-83.5799,44.0494],[-83.5914,44.0792],[-83.564,44.1053],[-83.5677,44.1559],[-83.5377,44.2482],[-83.4795,44.2801],[-83.4418,44.2705],[-83.4501,44.2503],[-83.3736,44.3278],[-83.3337,44.3366],[-83.307,44.5422],[-83.3145,44.6087],[-83.2703,44.7088],[-83.2973,44.7461],[-83.2937,44.8083],[-83.3219,44.8562],[-83.3123,44.8828],[-83.364,44.8902],[-83.433,44.9329],[-83.4538,44.9991],[-83.4313,45.008],[-83.4555,45.0251],[-83.4338,45.0576],[-83.3771,45.0761],[-83.3403,45.0416],[-83.2607,45.0259],[-83.3063,45.0497],[-83.2885,45.0704],[-83.3204,45.1184],[-83.3161,45.142],[-83.3637,45.1665],[-83.4123,45.2398],[-83.4183,45.2541],[-83.3916,45.2524],[-83.3883,45.2769],[-83.4826,45.328],[-83.4908,45.359],[-83.4945,45.3394],[-83.5383,45.3582],[-83.5993,45.3526],[-83.716,45.4149],[-83.7447,45.4038],[-83.8108,45.4206],[-83.9393,45.4932],[-84.0898,45.4944],[-84.12,45.5183],[-84.1323,45.5671],[-84.2153,45.6348],[-84.3295,45.6644],[-84.4275,45.6692],[-84.4272,45.6453],[-84.4616,45.6531],[-84.5571,45.7089],[-84.7214,45.7668],[-84.7289,45.7882],[-84.7932,45.7805],[-84.7794,45.7661],[-84.8066,45.7462],[-85.0135,45.7639],[-84.9508,45.7369],[-84.9438,45.7103],[-85.007,45.6564],[-85.0689,45.6353],[-85.1186,45.5752],[-85.1155,45.5394],[-85.0625,45.4513],[-84.9841,45.4195],[-84.922,45.4219],[-84.9159,45.3931],[-85.0431,45.3615],[-85.2036,45.3619],[-85.263,45.3195],[-85.3007,45.3213],[-85.3614,45.2871],[-85.3888,45.2339],[-85.3635,45.1116],[-85.3893,44.9481],[-85.5272,44.7475],[-85.5766,44.7602],[-85.5559,44.8183],[-85.4998,44.8561],[-85.4875,44.9589],[-85.4649,44.9611],[-85.4749,44.9917],[-85.52,44.974],[-85.5645,44.8953],[-85.525,44.8962],[-85.5954,44.7671],[-85.6389,44.7723],[-85.6524,44.8491],[-85.6255,44.9211],[-85.6007,44.9245],[-85.5995,44.99],[-85.6301,44.9669],[-85.6474,44.9785],[-85.5888,45.0541],[-85.5661,45.0436],[-85.6143,45.1276],[-85.5739,45.1555],[-85.5584,45.1332],[-85.5617,45.1589],[-85.5267,45.1893],[-85.5408,45.2109],[-85.586,45.1804],[-85.6184,45.187],[-85.6811,45.0927],[-85.78,45.0096],[-85.7804,44.9779],[-85.8074,44.9498],[-85.8699,44.939],[-85.9316,44.9688],[-85.9852,44.9029],[-86.0668,44.9057],[-86.0665,44.8199],[-86.0896,44.742],[-86.255,44.6919],[-86.2213,44.5655],[-86.2663,44.3511],[-86.4211,44.1295],[-86.5147,44.0581],[-86.4631,43.971],[-86.4302,43.8276],[-86.4451,43.7716],[-86.5292,43.6779],[-86.5385,43.6175],[-86.427,43.3749],[-86.2547,43.0834],[-86.2206,42.9558],[-86.2066,42.7095],[-86.2471,42.491],[-86.3562,42.2542],[-86.489,42.1162],[-86.5979,41.9183],[-86.6845,41.8402],[-86.8248,41.7602]]],[[[-86.9,46.4878],[-86.8991,46.4842],[-86.8911,46.4795],[-86.8905,46.4862],[-86.8953,46.489],[-86.9,46.4878]]],[[[-87.4038,46.5937],[-87.3994,46.5951],[-87.4026,46.5956],[-87.4038,46.5937]]],[[[-87.4201,46.603],[-87.4199,46.6],[-87.4165,46.5975],[-87.4101,46.6027],[-87.4134,46.6054],[-87.4201,46.603]]],[[[-87.4612,46.6368],[-87.4572,46.6381],[-87.4583,46.6398],[-87.4612,46.6368]]],[[[-87.6507,47.4175],[-87.6523,47.4162],[-87.6299,47.4153],[-87.6175,47.4077],[-87.6003,47.4077],[-87.6003,47.4108],[-87.5953,47.4165],[-87.5862,47.4183],[-87.5868,47.4199],[-87.5951,47.4188],[-87.5973,47.4218],[-87.6024,47.4228],[-87.6169,47.423],[-87.6237,47.4263],[-87.6296,47.4224],[-87.6379,47.4205],[-87.6396,47.4182],[-87.6507,47.4175]]],[[[-87.9594,46.95],[-87.9554,46.9488],[-87.9566,46.9516],[-87.9594,46.95]]],[[[-87.9794,46.9537],[-87.9756,46.9532],[-87.9715,46.9503],[-87.9624,46.95],[-87.969,46.954],[-87.9779,46.9551],[-87.9794,46.9537]]],[[[-88.0054,46.9659],[-87.9994,46.9612],[-88.0015,46.957],[-87.9971,46.9568],[-87.9972,46.9628],[-88.0032,46.9662],[-88.0054,46.9659]]],[[[-88.2798,47.07],[-88.2747,47.0714],[-88.2688,47.0695],[-88.2676,47.0737],[-88.2692,47.0765],[-88.2744,47.0751],[-88.2798,47.07]]],[[[-88.3662,48.2263],[-88.3678,48.223],[-88.3363,48.2371],[-88.3409,48.2388],[-88.3525,48.2355],[-88.361,48.231],[-88.3662,48.2263]]],[[[-88.7328,48.1014],[-88.7341,48.1007],[-88.7212,48.104],[-88.7055,48.1112],[-88.7328,48.1014]]],[[[-88.8517,47.913],[-88.8513,47.9115],[-88.8472,47.9127],[-88.8451,47.9152],[-88.8517,47.913]]],[[[-89.2628,47.8699],[-89.2038,47.8863],[-89.2345,47.8517],[-89.1621,47.8236],[-88.9117,47.8914],[-88.8997,47.9025],[-89.0051,47.8987],[-88.8992,47.9533],[-88.6701,48.0115],[-88.4183,48.1804],[-88.547,48.1749],[-88.6327,48.1486],[-88.7876,48.063],[-89.1792,47.935],[-89.2471,47.8885],[-89.2194,47.8839],[-89.2628,47.8699]]],[[[-90.4181,46.5661],[-90.3933,46.5326],[-90.3319,46.5533],[-90.3109,46.5394],[-90.317,46.5173],[-90.2771,46.5245],[-90.273,46.5051],[-90.2166,46.5018],[-90.1188,46.3592],[-90.1205,46.3369],[-89.0916,46.1385],[-88.816,46.0206],[-88.7962,46.0337],[-88.7802,46.0154],[-88.74,46.0273],[-88.6791,46.0135],[-88.6708,45.9886],[-88.6164,45.9877],[-88.6014,46.0176],[-88.589,46.0051],[-88.5146,46.0199],[-88.4925,45.9922],[-88.4587,45.9994],[-88.4169,45.9753],[-88.3802,45.9917],[-88.327,45.9551],[-88.2464,45.9634],[-88.1029,45.9219],[-88.1018,45.8835],[-88.0699,45.8727],[-88.1351,45.8217],[-88.1295,45.8093],[-88.0721,45.7803],[-87.9915,45.7954],[-87.9897,45.772],[-87.9635,45.7582],[-87.8758,45.7539],[-87.7822,45.6831],[-87.8247,45.6532],[-87.7809,45.6146],[-87.7772,45.5885],[-87.7924,45.5631],[-87.8336,45.5625],[-87.8034,45.5383],[-87.7928,45.5],[-87.813,45.4642],[-87.8617,45.4345],[-87.8493,45.4039],[-87.8881,45.3547],[-87.8702,45.3664],[-87.8501,45.3404],[-87.7541,45.3495],[-87.694,45.3899],[-87.6574,45.3688],[-87.6481,45.3394],[-87.7105,45.2593],[-87.7417,45.1982],[-87.7365,45.1734],[-87.6839,45.1441],[-87.66,45.1075],[-87.592,45.0943],[-87.612,45.1234],[-87.5998,45.1505],[-87.4366,45.2941],[-87.3921,45.3694],[-87.3278,45.4253],[-87.3332,45.4472],[-87.196,45.6396],[-87.0595,45.7085],[-87.0617,45.7328],[-87.0373,45.7436],[-87.0643,45.7588],[-87.0574,45.8125],[-86.999,45.8478],[-87.022,45.8601],[-86.9779,45.9056],[-86.9499,45.8989],[-86.9482,45.8768],[-87.0055,45.8288],[-86.9816,45.7922],[-86.9846,45.7058],[-86.9679,45.6683],[-86.9415,45.7022],[-86.8427,45.7197],[-86.8215,45.7704],[-86.7895,45.7718],[-86.8065,45.7878],[-86.7694,45.7974],[-86.7821,45.8602],[-86.7496,45.8678],[-86.7192,45.8394],[-86.6476,45.8336],[-86.5823,45.8961],[-86.5352,45.8858],[-86.528,45.8533],[-86.5818,45.7948],[-86.5596,45.7723],[-86.6311,45.7821],[-86.6236,45.751],[-86.6716,45.7209],[-86.6762,45.6919],[-86.7175,45.6803],[-86.7081,45.6481],[-86.6143,45.6001],[-86.6274,45.6599],[-86.5875,45.6665],[-86.5809,45.7119],[-86.5373,45.7084],[-86.5219,45.7333],[-86.5324,45.7466],[-86.4366,45.7617],[-86.416,45.7938],[-86.3469,45.7973],[-86.3242,45.9061],[-86.2758,45.9436],[-86.2083,45.963],[-86.0721,45.9653],[-85.9138,45.9194],[-85.9227,45.9483],[-85.8932,45.9673],[-85.8104,45.9801],[-85.6913,45.9578],[-85.6544,45.966],[-85.5924,46.0379],[-85.5062,46.0964],[-85.4485,46.0851],[-85.4121,46.1014],[-85.378,46.0749],[-85.3359,46.0926],[-85.1975,46.0449],[-85.1771,46.06],[-85.014,46.0108],[-84.9136,45.9259],[-84.8394,45.8976],[-84.8314,45.872],[-84.752,45.8396],[-84.7017,45.8516],[-84.7298,45.8713],[-84.7359,45.9098],[-84.7136,45.9204],[-84.7389,45.9458],[-84.6853,45.9735],[-84.6905,46.028],[-84.6566,46.0527],[-84.6091,46.0264],[-84.5444,46.0229],[-84.5324,45.9695],[-84.5141,45.9713],[-84.5058,45.998],[-84.4631,45.9689],[-84.465,46.0055],[-84.4227,46.002],[-84.3928,45.9848],[-84.4303,45.9934],[-84.4136,45.9793],[-84.4401,45.9826],[-84.4168,45.9664],[-84.435,45.9611],[-84.3764,45.932],[-84.3912,45.9479],[-84.3551,45.9398],[-84.3558,45.9586],[-84.255,45.9561],[-84.2672,45.9908],[-84.1703,45.9656],[-84.1795,45.9804],[-84.117,45.9834],[-83.9953,45.9458],[-83.9787,45.9687],[-83.9138,45.9557],[-83.8955,45.9864],[-83.9368,46.0302],[-83.9777,46.0194],[-84.0717,46.0924],[-84.0296,46.1345],[-84.0958,46.1477],[-84.1228,46.1789],[-84.1791,46.1857],[-84.221,46.1631],[-84.273,46.2015],[-84.208,46.246],[-84.1668,46.239],[-84.1487,46.2152],[-84.0978,46.2565],[-84.1156,46.2682],[-84.1063,46.322],[-84.1462,46.4185],[-84.1112,46.5041],[-84.1289,46.5301],[-84.2261,46.5339],[-84.2758,46.4928],[-84.4203,46.5011],[-84.4633,46.4674],[-84.4719,46.4343],[-84.5003,46.4467],[-84.5833,46.4135],[-84.6024,46.4379],[-84.5735,46.4279],[-84.631,46.4849],[-84.6784,46.4877],[-84.8173,46.4443],[-84.8615,46.4699],[-84.9219,46.47],[-84.9355,46.4891],[-85.0152,46.4797],[-85.0561,46.5265],[-85.0255,46.5464],[-85.0301,46.6848],[-84.9563,46.7719],[-85.2569,46.7534],[-85.5095,46.6758],[-85.8779,46.6909],[-86.0879,46.6553],[-86.1617,46.6695],[-86.3499,46.578],[-86.4678,46.5525],[-86.6447,46.4108],[-86.6622,46.4187],[-86.6553,46.4425],[-86.7032,46.4394],[-86.7502,46.4791],[-86.7892,46.4785],[-86.816,46.4379],[-86.8752,46.4373],[-86.9037,46.4661],[-86.9471,46.4721],[-86.9645,46.5166],[-87.0053,46.534],[-87.1166,46.4948],[-87.3594,46.5035],[-87.394,46.5332],[-87.3749,46.5466],[-87.393,46.5725],[-87.377,46.5903],[-87.4344,46.5918],[-87.4641,46.6148],[-87.4626,46.6357],[-87.503,46.6475],[-87.5207,46.6911],[-87.5828,46.7305],[-87.5904,46.7825],[-87.6679,46.8171],[-87.6807,46.8425],[-87.7274,46.8277],[-87.741,46.8653],[-87.8168,46.8912],[-88.0819,46.9205],[-88.2153,46.8913],[-88.2834,46.823],[-88.2341,46.8948],[-88.1291,46.9627],[-88.143,46.9669],[-88.2444,46.9296],[-88.3519,46.857],[-88.3897,46.8671],[-88.4041,46.8478],[-88.3814,46.8385],[-88.4506,46.7632],[-88.4973,46.7551],[-88.4624,46.7867],[-88.4843,46.8325],[-88.4453,46.97],[-88.3676,47.0192],[-88.35,47.0764],[-88.2976,47.0985],[-88.2817,47.1382],[-88.2322,47.146],[-88.229,47.1991],[-88.1664,47.2155],[-88.0601,47.2958],[-87.9434,47.3359],[-87.9656,47.3687],[-87.9571,47.3873],[-87.7124,47.4014],[-87.7159,47.4398],[-87.8012,47.4733],[-87.9759,47.4802],[-88.2194,47.449],[-88.4201,47.3716],[-88.574,47.246],[-88.6724,47.2191],[-88.7613,47.1568],[-88.8891,47.1006],[-88.9728,47.0021],[-89.1287,46.9926],[-89.2279,46.913],[-89.4253,46.8415],[-89.7907,46.8185],[-90.0284,46.6744],[-90.333,46.6087],[-90.4181,46.5661]]]]},"properties":{"iso3":"USA","shapeId":"66186276B37442548568489","regionId":"USA.23_1","name":"Michigan"}},{"type":"Feature","geometry":{"type":"MultiPolygon","coordinates":[[[[-70.2341,41.2857],[-70.1005,41.2406],[-70.0016,41.2399],[-69.9602,41.2646],[-70.0491,41.3917],[-70.0244,41.3606],[-70.0626,41.3087],[-70.1991,41.2962],[-70.2017,41.2766],[-70.2341,41.2857]]],[[[-70.2767,41.3113],[-70.2427,41.2892],[-70.2466,41.3062],[-70.2767,41.3113]]],[[[-70.309,41.3361],[-70.307,41.3324],[-70.2909,41.3337],[-70.2893,41.335],[-70.292,41.3378],[-70.3043,41.3384],[-70.3081,41.3377],[-70.309,41.3361]]],[[[-70.5803,42.636],[-70.5756,42.6345],[-70.5734,42.6395],[-70.5751,42.6398],[-70.5803,42.636]]],[[[-70.592,42.6295],[-70.5916,42.6275],[-70.588,42.6264],[-70.5868,42.6282],[-70.5882,42.6306],[-70.592,42.6295]]],[[[-70.5938,42.6608],[-70.593,42.6591],[-70.5899,42.6585],[-70.5863,42.6623],[-70.588,42.663],[-70.5938,42.6608]]],[[[-70.7231,42.5682],[-70.7237,42.567],[-70.7217,42.5661],[-70.7206,42.5697],[-70.7231,42.5682]]],[[[-70.7831,42.5535],[-70.7821,42.5517],[-70.7804,42.5539],[-70.7831,42.5535]]],[[[-70.7888,42.534],[-70.7894,42.5319],[-70.7877,42.5306],[-70.7823,42.5337],[-70.787,42.5373],[-70.7888,42.534]]],[[[-70.8029,42.5493],[-70.8022,42.5471],[-70.7969,42.5464],[-70.7933,42.5475],[-70.7962,42.5513],[-70.7973,42.5497],[-70.8026,42.5521],[-70.8029,42.5493]]],[[[-70.8071,41.4586],[-70.7904,41.4465],[-70.6747,41.5124],[-70.7102,41.5189],[-70.8071,41.4586]]],[[[-70.8169,42.5146],[-70.8125,42.51],[-70.8119,42.5121],[-70.8169,42.5146]]],[[[-70.832,41.2595],[-70.8307,41.2563],[-70.8255,41.2523],[-70.8092,41.2491],[-70.8033,41.2502],[-70.8016,41.2584],[-70.8096,41.2607],[-70.812,41.2648],[-70.8142,41.2623],[-70.8197,41.2601],[-70.832,41.2595]]],[[[-70.8356,42.4844],[-70.8356,42.4819],[-70.8332,42.4815],[-70.8337,42.4864],[-70.8356,42.4844]]],[[[-70.8385,41.5965],[-70.8301,41.5854],[-70.8219,41.5828],[-70.8209,41.5877],[-70.8237,41.5986],[-70.832,41.6065],[-70.8312,41.602],[-70.8359,41.6025],[-70.8385,41.5965]]],[[[-70.8388,41.3472],[-70.7757,41.301],[-70.7098,41.3417],[-70.4522,41.3498],[-70.4462,41.3965],[-70.4638,41.4192],[-70.5013,41.3854],[-70.5476,41.4158],[-70.5633,41.4691],[-70.5965,41.4541],[-70.6036,41.4824],[-70.701,41.434],[-70.775,41.3492],[-70.8388,41.3472]]],[[[-70.8404,41.4529],[-70.8416,41.4491],[-70.8369,41.442],[-70.8309,41.4413],[-70.8229,41.4453],[-70.8145,41.4459],[-70.8101,41.4437],[-70.8081,41.445],[-70.81,41.4466],[-70.8083,41.4495],[-70.8206,41.4585],[-70.8227,41.4568],[-70.8325,41.458],[-70.8382,41.456],[-70.8404,41.4529]]],[[[-70.8834,42.3405],[-70.8761,42.3412],[-70.874,42.3436],[-70.8834,42.3405]]],[[[-70.8918,42.3389],[-70.8875,42.3382],[-70.8848,42.3393],[-70.8918,42.3389]]],[[[-70.8923,42.3284],[-70.892,42.3272],[-70.8888,42.3285],[-70.8923,42.3284]]],[[[-70.8984,42.3403],[-70.8967,42.3385],[-70.8952,42.3389],[-70.8956,42.3439],[-70.8984,42.3403]]],[[[-70.8984,42.3312],[-70.8961,42.3304],[-70.8941,42.335],[-70.8971,42.334],[-70.8984,42.3312]]],[[[-70.9048,41.4278],[-70.8486,41.4329],[-70.8571,41.4503],[-70.9048,41.4278]]],[[[-70.9254,41.4517],[-70.9258,41.4496],[-70.9212,41.4454],[-70.9203,41.4489],[-70.9152,41.451],[-70.9154,41.4525],[-70.9207,41.4546],[-70.9235,41.4544],[-70.9254,41.4517]]],[[[-70.9309,42.3216],[-70.9308,42.319],[-70.9253,42.3172],[-70.926,42.3219],[-70.9309,42.3216]]],[[[-70.9321,42.3327],[-70.9314,42.3283],[-70.9277,42.3273],[-70.9259,42.325],[-70.9226,42.3262],[-70.9297,42.334],[-70.9321,42.3327]]],[[[-70.9428,42.3272],[-70.9429,42.3257],[-70.9399,42.3243],[-70.9365,42.3249],[-70.9349,42.3268],[-70.9407,42.3281],[-70.9428,42.3272]]],[[[-70.9511,42.2897],[-70.949,42.286],[-70.9426,42.2875],[-70.9373,42.2849],[-70.9353,42.2919],[-70.9266,42.2992],[-70.9264,42.3014],[-70.9294,42.3033],[-70.9353,42.3021],[-70.9357,42.2965],[-70.9417,42.2922],[-70.9486,42.2916],[-70.9511,42.2897]]],[[[-70.9492,41.4158],[-70.9075,41.4215],[-70.9275,41.4318],[-70.9492,41.4158]]],[[[-70.9581,42.3117],[-70.9578,42.3098],[-70.9543,42.3086],[-70.9524,42.311],[-70.9485,42.3119],[-70.9515,42.3136],[-70.9581,42.3117]]],[[[-70.9774,42.3123],[-70.9772,42.3103],[-70.9743,42.3102],[-70.9657,42.3135],[-70.9591,42.3246],[-70.9537,42.3279],[-70.9528,42.3306],[-70.9573,42.3317],[-70.9675,42.3229],[-70.9704,42.3163],[-70.9774,42.3123]]],[[[-70.9892,42.3283],[-70.9916,42.3263],[-70.9889,42.3237],[-70.9888,42.3192],[-70.9857,42.3187],[-70.9831,42.3272],[-70.9842,42.3284],[-70.9892,42.3283]]],[[[-73.265,42.7459],[-73.5081,42.0863],[-73.4969,42.0497],[-72.8135,42.0365],[-72.8167,41.9976],[-72.7667,42.003],[-72.7558,42.0362],[-71.8007,42.0236],[-71.7992,42.0081],[-71.3814,42.0188],[-71.3817,41.8932],[-71.3387,41.8984],[-71.3407,41.7983],[-71.2614,41.7523],[-71.1956,41.6751],[-71.1329,41.6601],[-71.1206,41.4975],[-71.0707,41.5089],[-71.0384,41.4811],[-71.0194,41.5089],[-70.984,41.5089],[-70.9666,41.5317],[-70.9533,41.515],[-70.9285,41.5398],[-70.9488,41.579],[-70.9313,41.5842],[-70.9305,41.6133],[-70.9021,41.5916],[-70.9132,41.6193],[-70.8727,41.6278],[-70.8534,41.5822],[-70.842,41.5936],[-70.8597,41.6241],[-70.8011,41.6295],[-70.8216,41.6548],[-70.7655,41.6416],[-70.7489,41.6975],[-70.7156,41.6753],[-70.7187,41.7357],[-70.6566,41.7154],[-70.6741,41.6914],[-70.6488,41.718],[-70.6237,41.7074],[-70.662,41.6809],[-70.6336,41.6763],[-70.6538,41.6671],[-70.6248,41.6557],[-70.6533,41.639],[-70.6427,41.5724],[-70.687,41.5295],[-70.6566,41.5148],[-70.6336,41.5383],[-70.4856,41.5543],[-70.4372,41.6053],[-70.3792,41.6114],[-70.3516,41.6347],[-70.2813,41.6351],[-70.2654,41.6093],[-70.1952,41.6479],[-70.0142,41.672],[-69.9705,41.6455],[-70.0136,41.5511],[-70.0039,41.5406],[-69.9832,41.6083],[-69.9578,41.6204],[-69.9337,41.6786],[-69.938,41.8095],[-69.9686,41.9117],[-70.0335,42.0177],[-70.0826,42.0547],[-70.1893,42.0823],[-70.2454,42.0637],[-70.1908,42.02],[-70.1669,42.0346],[-70.2059,42.0327],[-70.1554,42.0624],[-70.0956,42.0328],[-70.069,41.8849],[-70.045,41.9301],[-70.0002,41.8869],[-70.0085,41.8008],[-70.2161,41.743],[-70.2592,41.714],[-70.291,41.7343],[-70.4125,41.7444],[-70.494,41.7739],[-70.541,41.8158],[-70.5256,41.8587],[-70.5392,41.9268],[-70.5836,41.95],[-70.6235,41.9433],[-70.6508,41.9822],[-70.6328,41.9486],[-70.6468,41.9493],[-70.71,41.9996],[-70.6709,42.0078],[-70.6694,42.0371],[-70.6509,42.0463],[-70.6142,42.0112],[-70.6364,42.0138],[-70.6391,41.9939],[-70.5979,42.0046],[-70.6432,42.0508],[-70.6402,42.0886],[-70.7143,42.1688],[-70.713,42.2044],[-70.7663,42.2548],[-70.8511,42.2683],[-70.8895,42.3105],[-70.9239,42.305],[-70.8873,42.2977],[-70.8783,42.2783],[-70.9044,42.2808],[-70.8778,42.2493],[-70.9171,42.2726],[-70.9527,42.2488],[-70.9538,42.2808],[-70.9734,42.263],[-71.0207,42.2866],[-70.9879,42.304],[-71.0076,42.3029],[-70.9978,42.3212],[-71.019,42.2982],[-71.0413,42.3029],[-71.0442,42.3226],[-70.9853,42.3583],[-70.9985,42.3682],[-70.9742,42.3696],[-70.953,42.344],[-70.9906,42.4071],[-70.9608,42.446],[-70.9396,42.4568],[-70.9364,42.4181],[-70.9057,42.4162],[-70.9334,42.4334],[-70.935,42.4579],[-70.836,42.4905],[-70.8338,42.5059],[-70.8533,42.493],[-70.8421,42.5195],[-70.8864,42.5086],[-70.8642,42.5334],[-70.8752,42.5444],[-70.7103,42.5726],[-70.6767,42.6075],[-70.6547,42.5822],[-70.5915,42.6398],[-70.5955,42.6603],[-70.6228,42.6609],[-70.6301,42.6927],[-70.6912,42.6558],[-70.7761,42.6913],[-70.8173,42.8723],[-70.8486,42.8609],[-70.9149,42.8866],[-71.0312,42.8591],[-71.0642,42.8063],[-71.1325,42.8214],[-71.1656,42.8087],[-71.1861,42.7907],[-71.1818,42.7376],[-71.2455,42.7426],[-71.2942,42.697],[-73.265,42.7459]]]]},"properties":{"iso3":"USA","shapeId":"66186276B15934532614691","regionId":"USA.22_1","name":"Massachusetts"}},{"type":"Feature","geometry":{"type":"Polygon","coordinates":[[[-116.916,45.9954],[-116.7827,45.8254],[-116.7118,45.8263],[-116.6654,45.782],[-116.593,45.7785],[-116.5467,45.751],[-116.5354,45.6917],[-116.4636,45.6028],[-116.5286,45.5511],[-116.5576,45.5032],[-116.5548,45.4629],[-116.5882,45.4429],[-116.6738,45.3215],[-116.6745,45.2764],[-116.7036,45.2398],[-116.7296,45.1421],[-116.848,45.0226],[-116.857,44.9752],[-116.8263,44.9825],[-116.8508,44.9581],[-116.8322,44.9314],[-116.8524,44.8876],[-116.8982,44.8543],[-116.9347,44.7839],[-117.0623,44.7271],[-117.1493,44.5362],[-117.2251,44.4824],[-117.2151,44.4272],[-117.2427,44.3966],[-117.1898,44.3366],[-117.2227,44.2976],[-117.1982,44.2738],[-117.1434,44.2583],[-117.1042,44.2799],[-117.053,44.2291],[-117.0319,44.2486],[-116.9759,44.2428],[-116.9717,44.1973],[-116.9254,44.1915],[-116.8941,44.1602],[-116.9337,44.1],[-116.9774,44.0854],[-116.9732,44.0494],[-116.9374,44.0294],[-116.9356,43.9869],[-116.9762,43.9747],[-116.9592,43.9664],[-116.9723,43.9584],[-116.9588,43.9233],[-116.9819,43.9125],[-116.983,43.8677],[-117.0211,43.859],[-117.009,43.8423],[-117.0329,43.83],[-117.0262,41.9999],[-113.8433,41.9884],[-111.0467,42.0017],[-111.049,44.4741],[-111.1274,44.4976],[-111.1314,44.5324],[-111.181,44.5692],[-111.2275,44.5772],[-111.2403,44.6137],[-111.2202,44.623],[-111.2785,44.6513],[-111.2668,44.6675],[-111.3231,44.7286],[-111.3552,44.7272],[-111.3851,44.7549],[-111.4143,44.7107],[-111.4888,44.7056],[-111.4723,44.6669],[-111.4919,44.6431],[-111.5162,44.6441],[-111.5025,44.6268],[-111.5227,44.5903],[-111.5074,44.5621],[-111.4693,44.5576],[-111.4683,44.539],[-111.5865,44.5627],[-111.6127,44.5488],[-111.7018,44.56],[-111.8215,44.5089],[-111.8688,44.5658],[-112.1068,44.5208],[-112.2861,44.5686],[-112.3192,44.5391],[-112.3542,44.5356],[-112.3585,44.4857],[-112.3874,44.4476],[-112.4721,44.4791],[-112.5002,44.463],[-112.5417,44.4838],[-112.7191,44.5044],[-112.7799,44.4846],[-112.8394,44.4251],[-112.8111,44.3989],[-112.8132,44.3767],[-112.8551,44.36],[-112.8892,44.4052],[-112.9396,44.4125],[-113.0051,44.4537],[-113.0265,44.4946],[-113.008,44.5272],[-113.0442,44.5434],[-113.0378,44.5651],[-113.0876,44.5995],[-113.0498,44.6291],[-113.0678,44.6788],[-113.1343,44.7523],[-113.1318,44.773],[-113.2476,44.8229],[-113.3418,44.785],[-113.3771,44.8348],[-113.4216,44.8376],[-113.4551,44.8654],[-113.4984,44.9417],[-113.4444,44.9588],[-113.4521,45.0592],[-113.5225,45.0917],[-113.5103,45.1155],[-113.5698,45.1243],[-113.5654,45.1487],[-113.5907,45.1559],[-113.5919,45.1842],[-113.6925,45.2634],[-113.6808,45.2793],[-113.7381,45.3284],[-113.7344,45.3924],[-113.7761,45.4085],[-113.7602,45.4274],[-113.7836,45.452],[-113.76,45.4807],[-113.7666,45.5209],[-113.8345,45.5211],[-113.7971,45.5821],[-113.8074,45.6028],[-113.9037,45.6216],[-113.8952,45.6434],[-113.9353,45.6943],[-114.0155,45.6959],[-114.0188,45.6485],[-114.067,45.628],[-114.0866,45.5912],[-114.1922,45.5371],[-114.2484,45.5454],[-114.2705,45.4844],[-114.3296,45.46],[-114.4247,45.5099],[-114.464,45.5454],[-114.4578,45.5617],[-114.565,45.5578],[-114.5385,45.6058],[-114.564,45.6376],[-114.5091,45.6568],[-114.4991,45.6787],[-114.515,45.685],[-114.4954,45.7031],[-114.5665,45.7733],[-114.5093,45.8455],[-114.4384,45.8626],[-114.4107,45.8518],[-114.3873,45.8878],[-114.4314,45.936],[-114.4025,45.958],[-114.4118,45.9779],[-114.48,45.9929],[-114.4805,46.0304],[-114.5074,46.0319],[-114.4695,46.0618],[-114.4605,46.0978],[-114.5205,46.1249],[-114.5271,46.1462],[-114.515,46.1674],[-114.4441,46.1693],[-114.4486,46.233],[-114.4707,46.266],[-114.4255,46.2879],[-114.4105,46.3651],[-114.4222,46.3873],[-114.3686,46.438],[-114.4026,46.5002],[-114.3428,46.5183],[-114.3298,46.5772],[-114.3437,46.5905],[-114.3211,46.6475],[-114.3585,46.6707],[-114.4244,46.6607],[-114.4671,46.6318],[-114.5413,46.6497],[-114.6053,46.6358],[-114.6423,46.6736],[-114.6215,46.7079],[-114.6646,46.7391],[-114.6986,46.7405],[-114.7139,46.7151],[-114.7673,46.6972],[-114.7886,46.7137],[-114.7656,46.7456],[-114.7849,46.78],[-114.8296,46.783],[-114.8658,46.8145],[-114.8952,46.8016],[-114.9481,46.8596],[-114.9253,46.9188],[-115.0013,46.9719],[-115.0484,46.9698],[-115.0717,47.0259],[-115.1311,47.069],[-115.1444,47.102],[-115.2453,47.1518],[-115.2624,47.1817],[-115.3005,47.1881],[-115.2916,47.21],[-115.3202,47.2567],[-115.4837,47.2821],[-115.5285,47.2993],[-115.5777,47.3674],[-115.6429,47.3774],[-115.7214,47.4257],[-115.7593,47.4239],[-115.7171,47.4526],[-115.6401,47.4597],[-115.63,47.4796],[-115.6863,47.4849],[-115.7114,47.5168],[-115.6987,47.5317],[-115.7557,47.5483],[-115.6886,47.5943],[-115.6945,47.6238],[-115.7365,47.6547],[-115.7228,47.6947],[-115.774,47.7179],[-115.7973,47.7571],[-115.832,47.756],[-115.8523,47.8279],[-115.9188,47.8537],[-116.0491,47.9768],[-116.0491,49.0009],[-117.0324,48.9992],[-117.0347,46.4183],[-117.0628,46.3536],[-116.9867,46.2967],[-116.9911,46.2763],[-116.9553,46.2309],[-116.9659,46.2034],[-116.9219,46.1678],[-116.9553,46.1022],[-116.9825,46.0894],[-116.9427,46.061],[-116.916,45.9954]]]},"properties":{"iso3":"USA","shapeId":"66186276B48953429733047","regionId":"USA.13_1","name":"Idaho"}},{"type":"Feature","geometry":{"type":"MultiPolygon","coordinates":[[[[-80.1763,25.5251],[-80.1771,25.5217],[-80.1727,25.5221],[-80.174,25.5254],[-80.1763,25.5251]]],[[[-80.2586,25.3596],[-80.2393,25.3506],[-80.2038,25.4145],[-80.1772,25.5184],[-80.2092,25.4144],[-80.2496,25.3949],[-80.2586,25.3596]]],[[[-80.2965,25.3268],[-80.2968,25.3254],[-80.2936,25.3245],[-80.2945,25.3278],[-80.2965,25.3268]]],[[[-80.3035,25.3801],[-80.3023,25.3774],[-80.295,25.3767],[-80.2928,25.3796],[-80.2937,25.3855],[-80.3035,25.3801]]],[[[-80.3035,25.406],[-80.302,25.403],[-80.2997,25.4054],[-80.3002,25.4067],[-80.3035,25.406]]],[[[-80.4609,25.0508],[-80.4591,25.0481],[-80.4558,25.0484],[-80.4483,25.0502],[-80.4463,25.0528],[-80.4486,25.0537],[-80.4609,25.0508]]],[[[-80.4826,25.0864],[-80.4838,25.0851],[-80.4825,25.0843],[-80.4785,25.089],[-80.4688,25.092],[-80.4757,25.0988],[-80.4777,25.1035],[-80.4775,25.0981],[-80.4739,25.0936],[-80.477,25.091],[-80.4805,25.0927],[-80.4826,25.0864]]],[[[-80.4841,25.111],[-80.4844,25.1084],[-80.4813,25.1111],[-80.4779,25.1075],[-80.475,25.1098],[-80.4771,25.1123],[-80.4773,25.1212],[-80.4792,25.1236],[-80.4814,25.114],[-80.4841,25.111]]],[[[-80.4981,25.1027],[-80.4945,25.0978],[-80.489,25.1026],[-80.4862,25.1086],[-80.4884,25.1089],[-80.489,25.105],[-80.4908,25.1035],[-80.4981,25.1027]]],[[[-80.5039,25.0764],[-80.5031,25.0751],[-80.5003,25.0753],[-80.4955,25.0786],[-80.4924,25.0786],[-80.4963,25.0818],[-80.5039,25.0764]]],[[[-80.5106,25.139],[-80.5077,25.1341],[-80.5092,25.1314],[-80.5077,25.131],[-80.5049,25.1357],[-80.5054,25.1378],[-80.5099,25.14],[-80.5106,25.139]]],[[[-80.5147,25.1504],[-80.51,25.1449],[-80.5051,25.1488],[-80.5083,25.1568],[-80.5115,25.1514],[-80.5147,25.1504]]],[[[-80.5198,25.0869],[-80.5181,25.0828],[-80.5105,25.0818],[-80.5198,25.0869]]],[[[-80.5455,25.1833],[-80.5406,25.182],[-80.5313,25.1856],[-80.5303,25.1876],[-80.5341,25.1902],[-80.5356,25.1951],[-80.5374,25.193],[-80.5348,25.1883],[-80.5358,25.187],[-80.5404,25.1864],[-80.5455,25.1833]]],[[[-80.5532,25.1614],[-80.5559,25.1582],[-80.5528,25.1583],[-80.5501,25.1619],[-80.5532,25.1614]]],[[[-80.5598,25.0646],[-80.5584,25.0625],[-80.5548,25.0641],[-80.5527,25.0629],[-80.5519,25.0648],[-80.5538,25.0653],[-80.5558,25.0722],[-80.5598,25.0646]]],[[[-80.5706,25.1312],[-80.5702,25.1279],[-80.5677,25.1257],[-80.568,25.1225],[-80.565,25.1248],[-80.565,25.1279],[-80.5706,25.1312]]],[[[-80.5708,25.1481],[-80.5655,25.1484],[-80.5619,25.1396],[-80.5572,25.1404],[-80.565,25.1497],[-80.5683,25.1502],[-80.5708,25.1481]]],[[[-80.5742,25.1046],[-80.571,25.1037],[-80.5607,25.1074],[-80.5676,25.1191],[-80.5672,25.1083],[-80.5742,25.1046]]],[[[-80.5791,25.16],[-80.5751,25.1484],[-80.5729,25.1567],[-80.5746,25.1599],[-80.5791,25.16]]],[[[-80.589,25.0605],[-80.5882,25.0565],[-80.5864,25.0556],[-80.5833,25.057],[-80.5827,25.0612],[-80.5864,25.0625],[-80.589,25.0605]]],[[[-80.6077,25.1749],[-80.6037,25.1715],[-80.5999,25.1637],[-80.5893,25.1616],[-80.5868,25.1626],[-80.5866,25.1714],[-80.5944,25.1702],[-80.5995,25.1736],[-80.6077,25.1749]]],[[[-80.6194,25.0715],[-80.618,25.0689],[-80.6134,25.0687],[-80.6142,25.0578],[-80.6134,25.0562],[-80.6095,25.056],[-80.6076,25.0594],[-80.6098,25.0659],[-80.6055,25.0704],[-80.6101,25.0704],[-80.6106,25.075],[-80.6194,25.0715]]],[[[-80.6198,25.0029],[-80.6202,25.0014],[-80.6141,25.0032],[-80.6128,25.0067],[-80.6155,25.0078],[-80.6198,25.0029]]],[[[-80.6248,25.1828],[-80.6243,25.1813],[-80.618,25.1801],[-80.6195,25.1781],[-80.6145,25.1758],[-80.6125,25.1764],[-80.6098,25.1824],[-80.6123,25.1817],[-80.6215,25.1837],[-80.6248,25.1828]]],[[[-80.6272,25.0004],[-80.6239,24.9988],[-80.6228,25.0],[-80.6232,25.0016],[-80.626,25.0026],[-80.6272,25.0004]]],[[[-80.6274,24.9598],[-80.6232,24.9586],[-80.6239,24.9637],[-80.6274,24.9598]]],[[[-80.6374,25.0271],[-80.6342,25.0243],[-80.6316,25.0255],[-80.6323,25.0275],[-80.6342,25.0281],[-80.6374,25.0271]]],[[[-80.6482,25.0509],[-80.6482,25.0492],[-80.6442,25.0469],[-80.6411,25.0498],[-80.6413,25.0516],[-80.6448,25.0528],[-80.6482,25.0509]]],[[[-80.6492,25.0355],[-80.6485,25.0324],[-80.6463,25.0332],[-80.6459,25.0363],[-80.6492,25.0355]]],[[[-80.6536,24.9828],[-80.6541,24.9816],[-80.6527,24.9808],[-80.6466,24.9874],[-80.6502,24.9895],[-80.6511,24.9843],[-80.6536,24.9828]]],[[[-80.6587,25.1071],[-80.6406,25.0734],[-80.6375,25.1373],[-80.6587,25.1071]]],[[[-80.6656,24.9894],[-80.665,24.9881],[-80.6576,24.9878],[-80.6577,24.9908],[-80.6542,24.9934],[-80.6543,24.9949],[-80.6565,24.9961],[-80.6618,24.9953],[-80.6656,24.9894]]],[[[-80.6691,25.0358],[-80.6684,25.0335],[-80.664,25.0336],[-80.6646,25.0372],[-80.6691,25.0358]]],[[[-80.6699,24.9235],[-80.6708,24.9202],[-80.669,24.9184],[-80.6664,24.9185],[-80.6614,24.9219],[-80.6608,24.924],[-80.6621,24.9266],[-80.6652,24.9282],[-80.6685,24.9264],[-80.6699,24.9235]]],[[[-80.6718,24.9887],[-80.6673,24.9864],[-80.6667,24.9872],[-80.6701,24.9902],[-80.6718,24.9887]]],[[[-80.6802,25.1008],[-80.6804,25.0993],[-80.6669,25.096],[-80.6697,25.1009],[-80.6745,25.1041],[-80.6802,25.1008]]],[[[-80.6806,25.0329],[-80.6762,25.031],[-80.6737,25.0329],[-80.6781,25.0353],[-80.6806,25.0329]]],[[[-80.6847,25.1146],[-80.6859,25.1129],[-80.6832,25.1127],[-80.6806,25.1176],[-80.6759,25.1145],[-80.6795,25.1232],[-80.6808,25.1221],[-80.6822,25.1236],[-80.6841,25.123],[-80.6837,25.1204],[-80.6852,25.1194],[-80.6833,25.1168],[-80.6847,25.1146]]],[[[-80.686,25.0306],[-80.6871,25.0272],[-80.6821,25.0253],[-80.6821,25.0307],[-80.686,25.0306]]],[[[-80.7006,25.0551],[-80.6977,25.0496],[-80.6945,25.0501],[-80.6925,25.0522],[-80.695,25.0544],[-80.6927,25.0573],[-80.6926,25.0601],[-80.6956,25.0621],[-80.7006,25.0551]]],[[[-80.7022,25.0988],[-80.7015,25.0958],[-80.6987,25.0962],[-80.6972,25.0983],[-80.6991,25.1073],[-80.7009,25.1081],[-80.7002,25.1015],[-80.7022,25.0988]]],[[[-80.7016,25.1226],[-80.7028,25.1213],[-80.7007,25.1184],[-80.7009,25.1158],[-80.6944,25.1199],[-80.6945,25.1223],[-80.6986,25.1212],[-80.7016,25.1226]]],[[[-80.704,24.9021],[-80.7044,24.8985],[-80.7026,24.897],[-80.6964,24.8967],[-80.6934,24.8995],[-80.6981,24.9089],[-80.7005,24.9081],[-80.704,24.9021]]],[[[-80.715,25.1408],[-80.706,25.1289],[-80.6996,25.1257],[-80.6986,25.1271],[-80.7017,25.1334],[-80.7096,25.1375],[-80.7096,25.1413],[-80.7111,25.1431],[-80.715,25.1408]]],[[[-80.7148,25.1498],[-80.7146,25.1466],[-80.713,25.144],[-80.7113,25.1444],[-80.711,25.1458],[-80.7148,25.1498]]],[[[-80.7283,25.0947],[-80.7261,25.0894],[-80.7233,25.0907],[-80.7242,25.094],[-80.7231,25.0958],[-80.72,25.0965],[-80.7249,25.0993],[-80.7283,25.0947]]],[[[-80.7316,24.9955],[-80.7306,24.9932],[-80.7263,24.9962],[-80.7237,25.0051],[-80.7301,25.0025],[-80.7316,24.9955]]],[[[-80.7372,25.0656],[-80.7338,25.0658],[-80.7299,25.062],[-80.728,25.0626],[-80.7282,25.0709],[-80.7318,25.068],[-80.7343,25.0722],[-80.7361,25.0706],[-80.7372,25.0656]]],[[[-80.7401,25.0084],[-80.7359,25.0018],[-80.7355,25.005],[-80.7385,25.0112],[-80.7401,25.0084]]],[[[-80.7411,24.8537],[-80.7375,24.8487],[-80.7352,24.8488],[-80.7258,24.8579],[-80.7033,24.8684],[-80.696,24.8777],[-80.6899,24.8818],[-80.6907,24.8842],[-80.6964,24.8845],[-80.7041,24.8803],[-80.7047,24.8726],[-80.7185,24.863],[-80.7207,24.8625],[-80.7263,24.8666],[-80.733,24.8643],[-80.7405,24.8566],[-80.7411,24.8537]]],[[[-80.7591,25.0327],[-80.7583,25.0289],[-80.7537,25.0291],[-80.7505,25.0261],[-80.7494,25.0277],[-80.7508,25.0292],[-80.7557,25.0313],[-80.7537,25.0379],[-80.7545,25.0396],[-80.758,25.0363],[-80.7591,25.0327]]],[[[-80.7625,25.1453],[-80.7628,25.1437],[-80.7609,25.1435],[-80.7588,25.1453],[-80.7605,25.1463],[-80.7625,25.1453]]],[[[-80.7882,24.9405],[-80.7869,24.9375],[-80.7837,24.9372],[-80.7827,24.9393],[-80.7839,24.9408],[-80.7882,24.9405]]],[[[-80.7912,25.0253],[-80.7915,25.0236],[-80.7892,25.0232],[-80.7871,25.023],[-80.7852,25.0248],[-80.7863,25.0266],[-80.7912,25.0253]]],[[[-80.7922,25.1317],[-80.7867,25.1244],[-80.7812,25.122],[-80.7809,25.1239],[-80.7893,25.132],[-80.7922,25.1317]]],[[[-80.7916,25.0946],[-80.7911,25.0915],[-80.7877,25.0891],[-80.7857,25.0925],[-80.7895,25.0921],[-80.7916,25.0946]]],[[[-80.7924,25.0712],[-80.7923,25.0679],[-80.7898,25.0667],[-80.7875,25.0687],[-80.7887,25.071],[-80.7924,25.0712]]],[[[-80.8327,24.9935],[-80.8298,24.9877],[-80.8279,24.9879],[-80.8299,24.9945],[-80.8327,24.9935]]],[[[-80.8342,25.1198],[-80.8309,25.1152],[-80.8287,25.115],[-80.8323,25.1217],[-80.8342,25.1198]]],[[[-80.8485,24.8047],[-80.7945,24.8121],[-80.7867,24.824],[-80.8054,24.83],[-80.7878,24.8414],[-80.8485,24.8047]]],[[[-80.8526,25.1099],[-80.8515,25.1077],[-80.8498,25.1085],[-80.8504,25.1107],[-80.8526,25.1099]]],[[[-80.8654,25.0324],[-80.8653,25.03],[-80.8609,25.0311],[-80.8626,25.034],[-80.8654,25.0324]]],[[[-80.8831,25.1107],[-80.8825,25.1083],[-80.8761,25.1109],[-80.8754,25.1153],[-80.8793,25.1189],[-80.8814,25.1184],[-80.8812,25.1138],[-80.8831,25.1107]]],[[[-80.8873,25.0598],[-80.8854,25.0581],[-80.8836,25.0599],[-80.8848,25.0612],[-80.8873,25.0598]]],[[[-80.905,25.0517],[-80.9023,25.0493],[-80.9018,25.0522],[-80.905,25.0517]]],[[[-80.9094,25.1334],[-80.9054,25.1326],[-80.9006,25.1349],[-80.9002,25.1374],[-80.9042,25.1374],[-80.9094,25.1334]]],[[[-80.915,25.1086],[-80.9111,25.102],[-80.9078,25.1029],[-80.9074,25.1043],[-80.912,25.1103],[-80.915,25.1086]]],[[[-80.9232,24.7667],[-80.9229,24.7657],[-80.9121,24.766],[-80.9076,24.7686],[-80.9065,24.7707],[-80.9088,24.7776],[-80.9153,24.7779],[-80.9145,24.7746],[-80.9167,24.7706],[-80.9232,24.7667]]],[[[-80.9316,24.7687],[-80.9315,24.7634],[-80.9264,24.7659],[-80.926,24.7689],[-80.931,24.7701],[-80.9316,24.7687]]],[[[-80.9316,25.0806],[-80.9299,25.0785],[-80.9273,25.0784],[-80.9252,25.0806],[-80.9316,25.0806]]],[[[-80.9434,25.1086],[-80.944,25.1077],[-80.9416,25.1062],[-80.9325,25.1092],[-80.9353,25.1111],[-80.9434,25.1086]]],[[[-81.1248,24.7071],[-81.0773,24.69],[-81.0671,24.7149],[-81.0159,24.7199],[-80.9314,24.7743],[-81.1248,24.7071]]],[[[-81.231,24.7821],[-81.2301,24.7769],[-81.2261,24.7757],[-81.228,24.7818],[-81.231,24.7821]]],[[[-81.2808,24.6556],[-81.2818,24.6538],[-81.2732,24.6591],[-81.2549,24.6648],[-81.2477,24.6694],[-81.2448,24.6692],[-81.2432,24.674],[-81.2461,24.6758],[-81.2521,24.6729],[-81.26,24.6749],[-81.2679,24.665],[-81.2742,24.663],[-81.2808,24.6556]]],[[[-81.2956,24.7773],[-81.2939,24.7726],[-81.2892,24.769],[-81.2857,24.7682],[-81.285,24.7717],[-81.2878,24.7764],[-81.2932,24.7808],[-81.2956,24.7773]]],[[[-81.3143,24.7525],[-81.3143,24.7508],[-81.299,24.7436],[-81.2995,24.747],[-81.3061,24.7571],[-81.3118,24.7561],[-81.3143,24.7525]]],[[[-81.3271,24.7639],[-81.3276,24.7623],[-81.324,24.7596],[-81.3173,24.7568],[-81.3242,24.7671],[-81.3271,24.7639]]],[[[-81.3306,24.7295],[-81.2974,24.7167],[-81.3284,24.7503],[-81.3306,24.7295]]],[[[-81.3422,24.7392],[-81.3403,24.7372],[-81.3377,24.7372],[-81.3329,24.7316],[-81.3309,24.7416],[-81.3336,24.7442],[-81.3364,24.7448],[-81.3364,24.74],[-81.3422,24.7392]]],[[[-81.356,25.7035],[-81.3382,25.6929],[-81.3412,25.7126],[-81.356,25.7035]]],[[[-81.4443,24.6353],[-81.4443,24.6329],[-81.4409,24.633],[-81.4417,24.636],[-81.4443,24.6353]]],[[[-81.4828,24.6181],[-81.4715,24.6099],[-81.4689,24.6085],[-81.4677,24.61],[-81.469,24.6132],[-81.481,24.6186],[-81.4828,24.6181]]],[[[-81.8158,24.5627],[-81.8036,24.5445],[-81.6852,24.5587],[-81.519,24.6188],[-81.5059,24.6545],[-81.4125,24.6467],[-81.3948,24.6211],[-81.2969,24.6554],[-81.3196,24.7027],[-81.3594,24.7286],[-81.3718,24.7791],[-81.4435,24.8134],[-81.7457,24.6599],[-81.7653,24.6326],[-81.722,24.6067],[-81.7528,24.5802],[-81.794,24.5758],[-81.7995,24.5942],[-81.8158,24.5627]]],[[[-81.8931,24.5627],[-81.8919,24.5599],[-81.8882,24.5578],[-81.8837,24.5603],[-81.8859,24.563],[-81.8931,24.5627]]],[[[-81.9235,24.6027],[-81.9233,24.6005],[-81.9211,24.6013],[-81.9189,24.6043],[-81.9195,24.6055],[-81.9231,24.6066],[-81.9235,24.6027]]],[[[-81.9251,24.5448],[-81.9249,24.54],[-81.9176,24.5439],[-81.917,24.5468],[-81.9213,24.5485],[-81.9251,24.5448]]],[[[-81.9283,24.5292],[-81.9283,24.5266],[-81.926,24.5265],[-81.919,24.5286],[-81.9177,24.5305],[-81.9256,24.5329],[-81.9283,24.5292]]],[[[-81.9797,24.5247],[-81.9784,24.5231],[-81.9667,24.5238],[-81.9712,24.5277],[-81.9797,24.5247]]],[[[-82.0098,24.5349],[-82.0065,24.5274],[-81.9983,24.5309],[-81.9998,24.5335],[-82.0075,24.5379],[-82.0098,24.5349]]],[[[-82.1454,24.5899],[-82.1104,24.5686],[-82.1303,24.5482],[-82.1013,24.5655],[-82.1081,24.5906],[-82.1454,24.5899]]],[[[-82.1489,24.5517],[-82.146,24.5489],[-82.1445,24.5499],[-82.1452,24.5525],[-82.1489,24.5517]]],[[[-82.1657,24.5566],[-82.1652,24.5528],[-82.1626,24.5497],[-82.159,24.5479],[-82.1564,24.5491],[-82.1558,24.5514],[-82.1571,24.5535],[-82.1606,24.5511],[-82.163,24.5538],[-82.1627,24.5612],[-82.1583,24.5642],[-82.1567,24.5661],[-82.1577,24.5669],[-82.1617,24.566],[-82.1645,24.5634],[-82.1657,24.5566]]],[[[-82.2241,26.6029],[-82.1729,26.4677],[-82.0829,26.4221],[-82.0139,26.4521],[-82.1494,26.4776],[-82.2241,26.6029]]],[[[-82.2625,26.684],[-82.2211,26.6135],[-82.2461,26.7061],[-82.2625,26.684]]],[[[-82.4216,27.8461],[-82.4217,27.8437],[-82.4198,27.8425],[-82.4175,27.8438],[-82.4174,27.8462],[-82.4054,27.8479],[-82.4049,27.8499],[-82.4216,27.8461]]],[[[-82.4375,27.867],[-82.4374,27.8643],[-82.4298,27.8632],[-82.4243,27.8682],[-82.4246,27.8842],[-82.4355,27.8842],[-82.4375,27.867]]],[[[-82.4413,27.8312],[-82.4322,27.8223],[-82.4312,27.8386],[-82.4413,27.8312]]],[[[-82.4462,27.8086],[-82.4469,27.8063],[-82.4443,27.8044],[-82.4431,27.807],[-82.4441,27.8089],[-82.4462,27.8086]]],[[[-82.5765,27.6368],[-82.5736,27.6313],[-82.5692,27.6305],[-82.5693,27.6332],[-82.5727,27.6369],[-82.5764,27.6378],[-82.5765,27.6368]]],[[[-82.6955,27.6655],[-82.6951,27.6616],[-82.6872,27.6626],[-82.6856,27.6647],[-82.6879,27.668],[-82.6939,27.6687],[-82.6955,27.6655]]],[[[-82.7573,28.8007],[-82.7367,28.7737],[-82.7238,28.7905],[-82.7573,28.8007]]],[[[-82.7642,27.5913],[-82.7561,27.5761],[-82.7615,27.6031],[-82.7642,27.5913]]],[[[-82.8434,28.1195],[-82.8324,28.1067],[-82.8322,28.1291],[-82.8434,28.1195]]],[[[-82.8524,28.2102],[-82.8406,28.1631],[-82.8389,28.2116],[-82.8524,28.2102]]],[[[-82.8752,24.6293],[-82.8737,24.6265],[-82.8644,24.6266],[-82.8635,24.6244],[-82.8629,24.6257],[-82.8633,24.6289],[-82.8731,24.6306],[-82.8752,24.6293]]],[[[-82.9243,24.6308],[-82.9261,24.6281],[-82.9225,24.6297],[-82.9167,24.6363],[-82.9243,24.6308]]],[[[-83.0345,29.1253],[-83.0345,29.1218],[-83.0265,29.1179],[-83.024,29.1193],[-83.0239,29.124],[-83.0278,29.127],[-83.0328,29.1278],[-83.0345,29.1253]]],[[[-83.0345,29.0996],[-83.0353,29.0963],[-83.0341,29.0956],[-83.0295,29.0938],[-83.0259,29.0963],[-83.0345,29.0996]]],[[[-83.076,29.1016],[-83.0773,29.1002],[-83.0707,29.0966],[-83.0654,29.0957],[-83.0599,29.0997],[-83.0618,29.1025],[-83.076,29.1016]]],[[[-83.0934,29.1318],[-83.0939,29.1285],[-83.0901,29.1264],[-83.0903,29.1187],[-83.0857,29.1202],[-83.0826,29.1289],[-83.0884,29.1349],[-83.0934,29.1318]]],[[[-83.8301,29.973],[-83.8308,29.9711],[-83.829,29.9698],[-83.827,29.9711],[-83.8278,29.9728],[-83.8301,29.973]]],[[[-84.6747,29.7862],[-84.6237,29.7885],[-84.5725,29.8285],[-84.6245,29.7901],[-84.6747,29.7862]]],[[[-85.0972,29.6262],[-85.0451,29.587],[-84.9565,29.614],[-84.777,29.6922],[-84.6934,29.7689],[-84.7822,29.6926],[-84.7986,29.7021],[-84.7905,29.6895],[-84.8676,29.671],[-84.9815,29.6086],[-85.0271,29.5967],[-85.0972,29.6262]]],[[[-85.2223,29.6796],[-85.1205,29.63],[-85.0968,29.6331],[-85.0743,29.674],[-85.1143,29.6887],[-85.2223,29.6796]]],[[[-85.0025,31.0007],[-87.5989,30.9975],[-87.5921,30.9515],[-87.6349,30.8659],[-87.545,30.7787],[-87.5326,30.7435],[-87.407,30.6752],[-87.3962,30.6505],[-87.395,30.6153],[-87.4477,30.5105],[-87.4251,30.4656],[-87.3666,30.4367],[-87.4296,30.4065],[-87.46,30.3363],[-87.5047,30.324],[-87.5028,30.3073],[-87.4524,30.3002],[-87.5183,30.2804],[-87.3012,30.3303],[-87.206,30.3215],[-86.7131,30.3948],[-86.3878,30.3776],[-86.1887,30.3342],[-85.8781,30.2156],[-85.5956,30.0506],[-85.5023,29.9679],[-85.4051,29.9385],[-85.3008,29.799],[-85.3124,29.6923],[-85.3592,29.6797],[-85.4097,29.8024],[-85.3847,29.8776],[-85.4118,29.8598],[-85.3984,29.743],[-85.3515,29.6667],[-85.3066,29.6833],[-85.23,29.6778],[-85.1017,29.7188],[-84.9933,29.715],[-84.9151,29.7833],[-84.8707,29.7971],[-84.9021,29.7353],[-84.888,29.7224],[-84.5218,29.9141],[-84.4517,29.9291],[-84.4233,29.9033],[-84.3491,29.8968],[-84.3386,29.9465],[-84.4389,29.9602],[-84.4376,29.9881],[-84.3418,29.9703],[-84.3616,30.0157],[-84.2731,30.0638],[-84.2623,30.1037],[-84.2034,30.0846],[-84.2056,30.1143],[-84.1679,30.0714],[-84.063,30.1014],[-84.0068,30.0976],[-83.9254,30.0346],[-83.7463,29.9578],[-83.638,29.8861],[-83.5868,29.8189],[-83.5842,29.7585],[-83.493,29.7127],[-83.4837,29.6882],[-83.4086,29.6673],[-83.4003,29.5172],[-83.3078,29.4689],[-83.2956,29.437],[-83.2181,29.4205],[-83.2025,29.3713],[-83.1709,29.3425],[-83.1696,29.2904],[-83.0773,29.2553],[-83.0878,29.2164],[-83.0565,29.1299],[-83.0164,29.1386],[-82.9948,29.1752],[-82.8139,29.1625],[-82.8018,29.1166],[-82.8237,29.0989],[-82.8156,29.073],[-82.7835,29.0693],[-82.8049,29.0543],[-82.7638,29.0545],[-82.7572,28.986],[-82.696,28.9308],[-82.6898,28.8855],[-82.7279,28.8713],[-82.7387,28.8248],[-82.6915,28.7922],[-82.6901,28.7366],[-82.7208,28.7137],[-82.6551,28.6805],[-82.6777,28.6548],[-82.6494,28.5826],[-82.6528,28.5378],[-82.7573,28.2283],[-82.8045,28.1761],[-82.8075,28.1522],[-82.7813,28.1276],[-82.7835,28.0527],[-82.8212,28.0602],[-82.8362,28.0919],[-82.8341,28.0638],[-82.7861,28.048],[-82.8049,27.966],[-82.8185,28.0487],[-82.8491,27.8632],[-82.7403,27.7182],[-82.735,27.6108],[-82.6981,27.6389],[-82.7216,27.6639],[-82.7134,27.7037],[-82.6398,27.7039],[-82.6225,27.7876],[-82.587,27.8196],[-82.5964,27.8641],[-82.6383,27.8929],[-82.6293,27.9081],[-82.7259,27.9362],[-82.6877,27.9727],[-82.6756,28.0054],[-82.6901,28.0275],[-82.6654,28.0281],[-82.6635,27.9994],[-82.6411,28.0168],[-82.546,27.9576],[-82.5299,27.8775],[-82.5548,27.8515],[-82.5339,27.8329],[-82.4724,27.8226],[-82.4911,27.9145],[-82.4664,27.9362],[-82.4619,27.9084],[-82.445,27.9169],[-82.4026,27.8826],[-82.3922,27.8455],[-82.4125,27.7941],[-82.5143,27.7056],[-82.6413,27.5255],[-82.7068,27.4984],[-82.7081,27.5235],[-82.7458,27.5388],[-82.6901,27.4344],[-82.5601,27.2951],[-82.5689,27.2756],[-82.522,27.2284],[-82.4457,27.0606],[-82.2825,26.816],[-82.2643,26.7202],[-82.2499,26.763],[-82.1463,26.7829],[-82.1831,26.9358],[-82.1479,26.9195],[-82.1166,26.9633],[-82.0609,26.95],[-82.0552,26.9358],[-82.0985,26.9131],[-82.0568,26.8588],[-82.0821,26.6536],[-82.099,26.646],[-82.1258,26.6995],[-82.1738,26.7056],[-82.1838,26.6878],[-82.1426,26.6439],[-82.1057,26.4839],[-82.0569,26.4938],[-82.0716,26.5257],[-82.0581,26.5484],[-82.0412,26.5248],[-82.0153,26.5288],[-82.0136,26.4876],[-81.9695,26.4765],[-81.869,26.3787],[-81.8331,26.2945],[-81.8018,26.0914],[-81.7382,25.9718],[-81.7531,25.9511],[-81.6895,25.8527],[-81.6783,25.8453],[-81.6721,25.8818],[-81.6461,25.8973],[-81.605,25.8921],[-81.4702,25.8033],[-81.389,25.7813],[-81.3819,25.7492],[-81.2903,25.6875],[-81.2715,25.6143],[-81.2417,25.6065],[-81.2044,25.5389],[-81.2097,25.5065],[-81.168,25.4695],[-81.1505,25.3873],[-81.1231,25.3791],[-81.1182,25.3452],[-81.1519,25.3248],[-81.172,25.2223],[-81.141,25.1572],[-81.0879,25.1162],[-80.9455,25.1284],[-80.9006,25.1397],[-80.9001,25.162],[-80.8755,25.1743],[-80.8264,25.1606],[-80.8085,25.1844],[-80.7935,25.1764],[-80.8005,25.143],[-80.7832,25.1659],[-80.7781,25.1382],[-80.7689,25.1623],[-80.7227,25.1454],[-80.7474,25.158],[-80.7323,25.1676],[-80.7042,25.1408],[-80.6723,25.1747],[-80.6533,25.1646],[-80.6737,25.1383],[-80.6341,25.1765],[-80.664,25.1767],[-80.6522,25.1928],[-80.605,25.2035],[-80.6092,25.1837],[-80.5796,25.2121],[-80.5655,25.1929],[-80.5498,25.2148],[-80.5359,25.1994],[-80.5193,25.2226],[-80.498,25.1999],[-80.4655,25.2118],[-80.4427,25.1917],[-80.4613,25.1325],[-80.4333,25.1079],[-80.4657,25.0917],[-80.5159,25.0147],[-80.5438,25.014],[-80.5584,24.9713],[-80.5988,24.9662],[-80.6604,24.8985],[-80.5658,24.9571],[-80.4721,25.0615],[-80.3714,25.137],[-80.3498,25.1689],[-80.3673,25.1687],[-80.253,25.3384],[-80.267,25.3521],[-80.3071,25.3005],[-80.3659,25.2854],[-80.3322,25.263],[-80.3528,25.2076],[-80.4167,25.1987],[-80.3981,25.2768],[-80.3725,25.2871],[-80.3706,25.3232],[-80.3423,25.3233],[-80.3054,25.3877],[-80.3279,25.3968],[-80.3204,25.4372],[-80.3398,25.5003],[-80.3027,25.5695],[-80.3054,25.6159],[-80.272,25.6392],[-80.2491,25.7134],[-80.2026,25.7482],[-80.1751,25.7445],[-80.1546,25.7229],[-80.1783,25.6867],[-80.1529,25.6716],[-80.1594,25.733],[-80.1307,25.7643],[-80.121,25.8132],[-80.1088,26.0901],[-80.0389,26.5694],[-80.0314,26.7963],[-80.0939,27.0186],[-80.2784,27.4359],[-80.3835,27.74],[-80.572,28.1116],[-80.6033,28.2526],[-80.6043,28.3549],[-80.5781,28.4231],[-80.5251,28.4595],[-80.5742,28.5853],[-80.7097,28.7567],[-80.9662,29.148],[-81.2539,29.7769],[-81.3809,30.2568],[-81.4144,30.4867],[-81.4424,30.4987],[-81.4258,30.7005],[-81.4873,30.7261],[-81.5312,30.7242],[-81.5384,30.7087],[-81.6009,30.7294],[-81.6107,30.7162],[-81.6244,30.7363],[-81.6492,30.7287],[-81.6633,30.7544],[-81.6833,30.7476],[-81.6728,30.7389],[-81.7199,30.7446],[-81.7633,30.7758],[-81.7832,30.7619],[-81.7932,30.7861],[-81.8686,30.7928],[-81.9014,30.8299],[-81.9109,30.8159],[-81.9498,30.8275],[-81.9739,30.7785],[-82.0229,30.788],[-82.0116,30.7631],[-82.0438,30.7296],[-82.0495,30.6556],[-82.0055,30.5635],[-82.0368,30.3779],[-82.06,30.3603],[-82.1652,30.358],[-82.2042,30.4013],[-82.2014,30.4852],[-82.2404,30.5378],[-82.2148,30.5686],[-84.8647,30.7115],[-84.9143,30.7536],[-84.9354,30.8825],[-84.9831,30.9348],[-85.0025,31.0007]]]]},"properties":{"iso3":"USA","shapeId":"66186276B65591139260314","regionId":"USA.10_1","name":"Florida"}},{"type":"Feature","geometry":{"type":"Polygon","coordinates":[[[-104.053,43.0006],[-104.0533,41.0014],[-102.0516,41.0024],[-102.0518,40.0031],[-95.3083,40.0],[-95.3488,40.0293],[-95.4136,40.0384],[-95.4216,40.059],[-95.3934,40.1192],[-95.4792,40.1857],[-95.4775,40.2427],[-95.5525,40.2619],[-95.5622,40.2974],[-95.6573,40.3109],[-95.6237,40.3466],[-95.7,40.5053],[-95.6617,40.5173],[-95.6559,40.5466],[-95.6787,40.5626],[-95.7086,40.5216],[-95.7629,40.5284],[-95.7747,40.5736],[-95.7513,40.6091],[-95.7866,40.6573],[-95.8428,40.6775],[-95.8832,40.7176],[-95.879,40.7531],[-95.8352,40.7792],[-95.8469,40.8658],[-95.8095,40.8912],[-95.8398,40.9328],[-95.8291,40.9757],[-95.8673,41.0016],[-95.8597,41.0357],[-95.8824,41.0604],[-95.8626,41.0884],[-95.8835,41.1549],[-95.8413,41.175],[-95.9146,41.1851],[-95.9275,41.2022],[-95.9109,41.2318],[-95.9275,41.2984],[-95.9043,41.2996],[-95.9025,41.2734],[-95.8729,41.2895],[-95.8747,41.3071],[-95.9567,41.3455],[-95.9288,41.3701],[-95.9203,41.4516],[-96.0118,41.4762],[-96.0,41.5395],[-96.0267,41.5404],[-96.0407,41.5071],[-96.092,41.5339],[-96.0819,41.5804],[-96.1181,41.6135],[-96.0954,41.6527],[-96.1214,41.6885],[-96.0731,41.705],[-96.1064,41.7379],[-96.0649,41.7962],[-96.1076,41.8207],[-96.1103,41.8489],[-96.1618,41.9018],[-96.1368,41.9208],[-96.1295,41.9717],[-96.1863,41.9774],[-96.1946,42.0087],[-96.2407,41.9994],[-96.2219,42.0296],[-96.2756,42.052],[-96.2689,42.1136],[-96.3478,42.1668],[-96.3599,42.2106],[-96.3237,42.2299],[-96.3289,42.2547],[-96.4182,42.3547],[-96.4136,42.4079],[-96.3807,42.4464],[-96.386,42.4745],[-96.5013,42.4828],[-96.5488,42.5206],[-96.6115,42.5061],[-96.6436,42.5576],[-96.7093,42.6038],[-96.6913,42.6562],[-96.7932,42.666],[-96.8062,42.7042],[-96.9068,42.7338],[-96.9616,42.7198],[-96.9791,42.7601],[-97.1313,42.7719],[-97.1508,42.7956],[-97.2101,42.8093],[-97.2188,42.8459],[-97.2379,42.8531],[-97.4083,42.8683],[-97.4423,42.8462],[-97.6118,42.8584],[-97.6865,42.8424],[-97.8453,42.8677],[-97.8754,42.8587],[-97.8886,42.8173],[-97.9367,42.7758],[-98.035,42.7642],[-98.1469,42.8398],[-98.4442,42.9292],[-98.4986,42.9986],[-104.053,43.0006]]]},"properties":{"iso3":"USA","shapeId":"66186276B73402293045483","regionId":"USA.28_1","name":"Nebraska"}},{"type":"Feature","geometry":{"type":"MultiPolygon","coordinates":[[[[-122.5704,48.5379],[-122.5704,48.5359],[-122.5666,48.5351],[-122.5686,48.538],[-122.5704,48.5379]]],[[[-122.5789,48.3958],[-122.5747,48.3952],[-122.5623,48.3979],[-122.5601,48.4027],[-122.5716,48.4003],[-122.5754,48.401],[-122.5789,48.3958]]],[[[-122.5934,48.6514],[-122.5929,48.65],[-122.5819,48.6481],[-122.5838,48.6452],[-122.58,48.6448],[-122.5777,48.6476],[-122.5838,48.66],[-122.5867,48.6605],[-122.5872,48.6552],[-122.5934,48.6514]]],[[[-122.6145,48.6132],[-122.6147,48.611],[-122.6061,48.6059],[-122.6028,48.6053],[-122.5985,48.6077],[-122.5989,48.6114],[-122.6017,48.614],[-122.6068,48.6137],[-122.6108,48.6157],[-122.6145,48.6132]]],[[[-122.6152,48.5802],[-122.6134,48.5791],[-122.6093,48.5809],[-122.6101,48.5824],[-122.6129,48.5828],[-122.6152,48.5802]]],[[[-122.6407,47.1494],[-122.6391,47.1463],[-122.6304,47.1535],[-122.6289,47.1579],[-122.6311,47.1677],[-122.6359,47.164],[-122.6407,47.1494]]],[[[-122.6505,48.7123],[-122.6059,48.6997],[-122.6141,48.7151],[-122.6505,48.7123]]],[[[-122.6536,48.549],[-122.6404,48.5259],[-122.573,48.529],[-122.6456,48.5889],[-122.6536,48.549]]],[[[-122.6701,47.2748],[-122.6143,47.2209],[-122.5905,47.2278],[-122.6281,47.2675],[-122.6701,47.2748]]],[[[-122.6993,48.6211],[-122.657,48.6099],[-122.6742,48.6299],[-122.6993,48.6211]]],[[[-122.7128,48.4673],[-122.7101,48.4616],[-122.7059,48.4609],[-122.7057,48.4592],[-122.6996,48.4578],[-122.6959,48.4598],[-122.6949,48.4647],[-122.6997,48.4697],[-122.7128,48.4673]]],[[[-122.7138,48.4784],[-122.691,48.4728],[-122.6861,48.4869],[-122.7138,48.4784]]],[[[-122.7223,48.7316],[-122.6086,48.6405],[-122.6182,48.6707],[-122.6652,48.6974],[-122.6875,48.7347],[-122.7157,48.7487],[-122.7223,48.7316]]],[[[-122.7269,47.2074],[-122.6777,47.1911],[-122.6418,47.205],[-122.6852,47.2324],[-122.7269,47.2074]]],[[[-122.7405,48.585],[-122.7224,48.5406],[-122.6859,48.5431],[-122.6685,48.5692],[-122.7111,48.6093],[-122.7405,48.585]]],[[[-122.7418,47.1551],[-122.6948,47.1259],[-122.6739,47.1747],[-122.7067,47.1874],[-122.7418,47.1551]]],[[[-122.7666,48.7078],[-122.7643,48.6961],[-122.7594,48.6928],[-122.7578,48.6952],[-122.763,48.6974],[-122.7666,48.7078]]],[[[-122.77,48.2276],[-122.6931,48.1815],[-122.6796,48.1551],[-122.6127,48.1559],[-122.5983,48.1106],[-122.614,48.0728],[-122.5936,48.0472],[-122.6074,48.031],[-122.5429,47.9964],[-122.5468,47.9672],[-122.4727,47.9885],[-122.431,47.9147],[-122.3954,47.9221],[-122.3773,47.9059],[-122.3496,47.9588],[-122.3763,48.0345],[-122.4451,48.0517],[-122.4918,48.0971],[-122.5254,48.0965],[-122.5097,48.0398],[-122.5415,48.0178],[-122.5463,48.076],[-122.5719,48.1021],[-122.5577,48.1179],[-122.568,48.1486],[-122.6064,48.2083],[-122.6483,48.2269],[-122.7212,48.2138],[-122.7324,48.2261],[-122.6587,48.2445],[-122.6627,48.2776],[-122.643,48.2888],[-122.6311,48.2671],[-122.6185,48.2942],[-122.5749,48.2949],[-122.5585,48.2722],[-122.5058,48.2977],[-122.516,48.3204],[-122.5971,48.3557],[-122.5802,48.3748],[-122.5967,48.4056],[-122.6647,48.4015],[-122.6737,48.3547],[-122.77,48.2276]]],[[[-122.7771,48.6988],[-122.7763,48.6959],[-122.7737,48.6982],[-122.7751,48.7041],[-122.7771,48.6988]]],[[[-122.8218,48.5909],[-122.8218,48.5878],[-122.8126,48.5905],[-122.8042,48.5944],[-122.8046,48.5978],[-122.8146,48.6012],[-122.8183,48.5927],[-122.8218,48.5909]]],[[[-122.8311,48.5725],[-122.8077,48.5313],[-122.769,48.5593],[-122.8109,48.5889],[-122.8311,48.5725]]],[[[-122.8417,47.258],[-122.8381,47.2553],[-122.8341,47.2568],[-122.8253,47.2705],[-122.8324,47.2729],[-122.8401,47.2681],[-122.8417,47.258]]],[[[-122.8457,48.3174],[-122.8424,48.3168],[-122.8376,48.3197],[-122.8428,48.3215],[-122.8457,48.3174]]],[[[-122.8473,48.7477],[-122.8466,48.746],[-122.8377,48.7438],[-122.8185,48.7446],[-122.8331,48.7492],[-122.8412,48.7502],[-122.8473,48.7477]]],[[[-122.925,48.756],[-122.8968,48.746],[-122.8779,48.7512],[-122.9087,48.7671],[-122.8754,48.7636],[-122.9126,48.7704],[-122.925,48.756]]],[[[-122.9457,48.4778],[-122.9444,48.4579],[-122.9175,48.456],[-122.9263,48.4371],[-122.8621,48.4396],[-122.8953,48.421],[-122.8126,48.421],[-122.8001,48.4472],[-122.8186,48.4574],[-122.8162,48.4878],[-122.7694,48.5121],[-122.837,48.5168],[-122.8267,48.4607],[-122.8493,48.4472],[-122.8733,48.506],[-122.8418,48.54],[-122.8738,48.5447],[-122.865,48.5614],[-122.883,48.5552],[-122.8847,48.5732],[-122.9203,48.5507],[-122.9161,48.523],[-122.9457,48.4778]]],[[[-122.9435,48.1229],[-122.9486,48.1176],[-122.9424,48.1204],[-122.9334,48.1212],[-122.9182,48.1266],[-122.9087,48.1256],[-122.9101,48.1275],[-122.9295,48.1334],[-122.9435,48.1229]]],[[[-122.9713,48.7892],[-122.9713,48.7849],[-122.9542,48.7815],[-122.948,48.7811],[-122.9402,48.785],[-122.9438,48.7882],[-122.9495,48.7856],[-122.9713,48.7892]]],[[[-123.0174,48.5901],[-122.9483,48.5469],[-122.9028,48.5785],[-123.0174,48.5901]]],[[[-123.0174,48.6039],[-123.0161,48.6024],[-123.0151,48.6068],[-123.0172,48.6063],[-123.0174,48.6039]]],[[[-123.0262,48.5997],[-123.0243,48.5977],[-123.025,48.5941],[-123.0184,48.5948],[-123.0203,48.596],[-123.0192,48.5974],[-123.0262,48.5997]]],[[[-123.0304,48.6299],[-123.028,48.6109],[-122.9932,48.6095],[-123.0039,48.593],[-122.9712,48.6038],[-122.9839,48.6422],[-122.953,48.6253],[-122.9476,48.5972],[-122.8842,48.5887],[-122.8619,48.6123],[-122.9098,48.6539],[-122.9181,48.6896],[-122.8851,48.69],[-122.8817,48.6535],[-122.8272,48.5999],[-122.7991,48.6013],[-122.8088,48.6199],[-122.7415,48.6604],[-122.8776,48.7127],[-122.9518,48.7122],[-122.9488,48.6937],[-123.0304,48.6299]]],[[[-123.0337,48.5925],[-123.0349,48.5916],[-123.0333,48.5908],[-123.0287,48.593],[-123.0337,48.5925]]],[[[-123.04,48.7326],[-123.0384,48.7316],[-123.0318,48.7321],[-123.0321,48.7331],[-123.04,48.7326]]],[[[-123.0542,48.6185],[-123.0505,48.6119],[-123.0386,48.6105],[-123.0401,48.617],[-123.0425,48.6187],[-123.0499,48.6213],[-123.0542,48.6185]]],[[[-123.0679,48.7003],[-123.0364,48.6901],[-123.0424,48.6757],[-123.0047,48.6978],[-123.0098,48.7223],[-123.0679,48.7003]]],[[[-123.0851,48.6481],[-123.0869,48.6452],[-123.0849,48.6449],[-123.0784,48.646],[-123.077,48.6477],[-123.0784,48.6496],[-123.0851,48.6481]]],[[[-123.0906,49.002],[-123.084,48.9715],[-123.022,48.9765],[-123.0354,49.0022],[-123.0906,49.002]]],[[[-123.1383,48.6518],[-123.1383,48.6506],[-123.1314,48.6485],[-123.1236,48.6477],[-123.1281,48.6508],[-123.1357,48.6526],[-123.1383,48.6518]]],[[[-123.1518,48.6411],[-123.1518,48.6388],[-123.1473,48.6385],[-123.1499,48.6414],[-123.1518,48.6411]]],[[[-123.1636,48.6492],[-123.1639,48.6478],[-123.1468,48.6427],[-123.1382,48.6385],[-123.1186,48.6334],[-123.1052,48.6334],[-123.1079,48.6358],[-123.1157,48.6375],[-123.1165,48.6396],[-123.1278,48.6437],[-123.1407,48.6441],[-123.1567,48.6492],[-123.1636,48.6492]]],[[[-123.2033,48.5956],[-123.1711,48.5758],[-123.1632,48.5301],[-123.133,48.4983],[-123.0369,48.4579],[-122.961,48.4512],[-122.9638,48.4671],[-123.0059,48.4709],[-123.0206,48.501],[-123.0164,48.5186],[-122.9824,48.5145],[-122.9698,48.5361],[-123.1005,48.599],[-123.1053,48.6226],[-123.1797,48.6221],[-123.2033,48.5956]]],[[[-123.2361,48.685],[-123.1828,48.6574],[-123.1275,48.6568],[-123.1832,48.6843],[-123.2361,48.685]]],[[[-123.8845,46.9658],[-123.8858,46.9641],[-123.8605,46.9561],[-123.8567,46.9561],[-123.8534,46.9587],[-123.8546,46.9609],[-123.8648,46.9651],[-123.8772,46.9669],[-123.8845,46.9658]]],[[[-124.4912,47.6741],[-124.4925,47.6721],[-124.4838,47.6721],[-124.4799,47.6771],[-124.4807,47.6798],[-124.4912,47.6741]]],[[[-124.5093,47.7989],[-124.5044,47.7969],[-124.5072,47.7992],[-124.5093,47.7989]]],[[[-124.6022,48.3869],[-124.5994,48.3768],[-124.593,48.3779],[-124.6022,48.3869]]],[[[-124.6523,47.91],[-124.6517,47.9053],[-124.646,47.9042],[-124.6457,47.9074],[-124.6488,47.91],[-124.6523,47.91]]],[[[-117.0324,48.9992],[-122.758,49.0024],[-122.8216,48.9414],[-122.7492,48.9348],[-122.7513,48.9112],[-122.7932,48.8929],[-122.7171,48.8472],[-122.7103,48.787],[-122.7003,48.8048],[-122.6468,48.785],[-122.6735,48.7331],[-122.6519,48.7159],[-122.6082,48.7628],[-122.5358,48.7761],[-122.4904,48.7511],[-122.5193,48.7172],[-122.4912,48.6836],[-122.51,48.6644],[-122.4253,48.5995],[-122.4689,48.5573],[-122.5609,48.5817],[-122.5044,48.5648],[-122.4696,48.4722],[-122.5374,48.4668],[-122.5674,48.4993],[-122.5806,48.4637],[-122.6,48.521],[-122.6845,48.5091],[-122.7029,48.492],[-122.6683,48.4863],[-122.6545,48.4576],[-122.6771,48.4441],[-122.6742,48.4247],[-122.6562,48.4078],[-122.6186,48.4127],[-122.5504,48.4485],[-122.5803,48.4109],[-122.5571,48.4199],[-122.5349,48.3751],[-122.4974,48.3724],[-122.5088,48.3614],[-122.4241,48.3344],[-122.3881,48.3008],[-122.397,48.2532],[-122.464,48.2705],[-122.4809,48.2517],[-122.531,48.2498],[-122.5372,48.1838],[-122.5106,48.1322],[-122.4675,48.1304],[-122.359,48.0549],[-122.479,48.1757],[-122.4421,48.2094],[-122.4496,48.2326],[-122.3839,48.2275],[-122.3575,48.1823],[-122.3617,48.1202],[-122.2722,48.0537],[-122.2899,48.0524],[-122.219,48.0203],[-122.2301,47.9709],[-122.3071,47.9491],[-122.336,47.8523],[-122.3957,47.8068],[-122.3765,47.7165],[-122.437,47.6617],[-122.3395,47.5991],[-122.4212,47.576],[-122.394,47.5097],[-122.3617,47.4853],[-122.3832,47.4505],[-122.3551,47.4419],[-122.3273,47.3956],[-122.3248,47.3485],[-122.43,47.3197],[-122.4446,47.3004],[-122.4092,47.2886],[-122.4368,47.2619],[-122.5474,47.3177],[-122.5297,47.2833],[-122.5908,47.1781],[-122.7018,47.0987],[-122.7864,47.1267],[-122.8152,47.1791],[-122.8368,47.1191],[-122.8418,47.1632],[-122.8632,47.1705],[-122.8393,47.2097],[-122.8715,47.2769],[-122.8187,47.3275],[-122.8267,47.4058],[-122.8067,47.3579],[-122.7862,47.358],[-122.7895,47.3002],[-122.8328,47.2434],[-122.7716,47.1671],[-122.7441,47.1786],[-122.7486,47.2198],[-122.741,47.2062],[-122.7189,47.2265],[-122.7184,47.2515],[-122.7574,47.2767],[-122.7305,47.337],[-122.684,47.3652],[-122.6262,47.3756],[-122.6713,47.3438],[-122.6585,47.3331],[-122.678,47.3315],[-122.6958,47.2814],[-122.5925,47.272],[-122.5858,47.2539],[-122.5475,47.2853],[-122.576,47.3264],[-122.5385,47.3759],[-122.5523,47.3946],[-122.5323,47.4692],[-122.4949,47.5103],[-122.5423,47.5246],[-122.5431,47.5563],[-122.4791,47.5837],[-122.5064,47.5945],[-122.4886,47.6184],[-122.5183,47.6521],[-122.4979,47.6618],[-122.5046,47.6991],[-122.5432,47.7109],[-122.5545,47.7457],[-122.4703,47.7571],[-122.5019,47.7907],[-122.4825,47.8155],[-122.5061,47.8318],[-122.5253,47.9123],[-122.617,47.939],[-122.5883,47.9129],[-122.5737,47.8576],[-122.6081,47.8567],[-122.7148,47.7682],[-122.7494,47.7171],[-122.7515,47.6703],[-122.8308,47.6392],[-122.8282,47.6551],[-122.8553,47.6476],[-122.9651,47.5853],[-123.1197,47.3855],[-123.0296,47.3588],[-122.9775,47.3962],[-122.8677,47.4221],[-122.8779,47.411],[-123.0303,47.351],[-123.158,47.3562],[-123.1104,47.4587],[-123.0574,47.5008],[-122.9816,47.6131],[-122.9274,47.651],[-122.9041,47.6456],[-122.9063,47.671],[-122.8782,47.6901],[-122.8827,47.7312],[-122.8512,47.7386],[-122.8647,47.8047],[-122.8418,47.779],[-122.815,47.8075],[-122.8207,47.838],[-122.7976,47.8259],[-122.7898,47.7909],[-122.8333,47.6925],[-122.7846,47.6866],[-122.7458,47.8044],[-122.6874,47.831],[-122.6938,47.868],[-122.6382,47.8655],[-122.6104,47.8873],[-122.6478,47.896],[-122.6577,47.9312],[-122.6992,47.9187],[-122.682,47.9214],[-122.6788,47.9679],[-122.7181,47.9877],[-122.7291,48.0197],[-122.6699,48.0172],[-122.6873,48.1017],[-122.7333,48.0912],[-122.7484,48.0721],[-122.7343,48.035],[-122.7485,48.0301],[-122.8014,48.0876],[-122.7489,48.117],[-122.7541,48.1447],[-122.838,48.1365],[-122.8849,48.1069],[-122.8903,48.0769],[-122.8275,48.0468],[-122.8395,48.0018],[-122.872,47.9935],[-122.8563,48.017],[-122.872,48.0476],[-122.9269,48.0646],[-122.9141,48.0944],[-123.0387,48.0811],[-123.0662,48.1205],[-123.1422,48.1571],[-123.1019,48.185],[-123.2391,48.1182],[-123.3327,48.113],[-123.4621,48.1347],[-123.4034,48.1414],[-123.5073,48.1318],[-123.5511,48.1514],[-123.5909,48.135],[-123.7095,48.1676],[-123.981,48.1648],[-124.0507,48.1778],[-124.1072,48.2001],[-124.1018,48.2169],[-124.2386,48.2625],[-124.2789,48.255],[-124.3869,48.2857],[-124.5649,48.3679],[-124.6763,48.3914],[-124.7318,48.3812],[-124.659,48.3311],[-124.7059,48.2399],[-124.6961,48.1986],[-124.7332,48.1634],[-124.6871,48.0987],[-124.6762,47.967],[-124.6414,47.9079],[-124.6105,47.8717],[-124.5799,47.8746],[-124.541,47.8341],[-124.4898,47.817],[-124.4801,47.7673],[-124.4252,47.7384],[-124.3662,47.5824],[-124.3194,47.3556],[-124.2795,47.3043],[-124.2364,47.2873],[-124.209,47.2182],[-124.1735,47.0664],[-124.1739,46.9272],[-124.1356,46.9436],[-124.1051,46.9329],[-124.1275,46.9455],[-124.1513,47.0211],[-124.1221,47.0417],[-124.0264,47.0302],[-124.0053,47.0039],[-124.0122,46.9852],[-123.8389,46.954],[-123.9851,46.9219],[-124.0731,46.8615],[-124.093,46.9017],[-124.1382,46.9055],[-124.0922,46.7416],[-123.9737,46.7034],[-123.975,46.7334],[-123.9135,46.7267],[-123.9164,46.7413],[-123.8888,46.7504],[-123.8294,46.7134],[-123.9233,46.6727],[-123.9361,46.627],[-123.9607,46.6364],[-123.9537,46.6052],[-123.8933,46.5396],[-123.8956,46.5141],[-123.9426,46.4878],[-123.9425,46.4652],[-123.9791,46.4974],[-123.9927,46.4886],[-123.9917,46.4488],[-123.9499,46.4103],[-123.9537,46.3789],[-124.0153,46.3787],[-124.0236,46.5826],[-124.05,46.6233],[-124.0376,46.6354],[-124.0691,46.6473],[-124.0574,46.4093],[-124.0778,46.2723],[-124.042,46.2761],[-124.0493,46.2958],[-124.0013,46.3133],[-123.9231,46.2518],[-123.8755,46.2398],[-123.8062,46.2836],[-123.7667,46.2735],[-123.7007,46.3046],[-123.6695,46.2668],[-123.4688,46.2645],[-123.4276,46.2294],[-123.431,46.1816],[-123.3714,46.1464],[-123.2802,46.1448],[-123.1664,46.189],[-123.1159,46.1853],[-123.0042,46.1338],[-122.9041,46.0837],[-122.814,45.961],[-122.785,45.8677],[-122.7956,45.81],[-122.7615,45.7592],[-122.7745,45.6804],[-122.7638,45.6571],[-122.675,45.618],[-122.2667,45.5438],[-121.9831,45.6228],[-121.8672,45.6933],[-121.8113,45.7068],[-121.7074,45.6948],[-121.5331,45.7265],[-121.4236,45.694],[-121.3378,45.705],[-121.2158,45.6712],[-121.1966,45.6167],[-121.1455,45.6079],[-121.0644,45.6526],[-120.8956,45.643],[-120.635,45.7459],[-120.5595,45.7384],[-120.4824,45.6945],[-120.2108,45.726],[-120.1705,45.762],[-119.9658,45.8244],[-119.6699,45.8569],[-119.6006,45.9196],[-119.4878,45.9063],[-119.2572,45.9399],[-119.1261,45.9329],[-118.9871,45.9999],[-116.916,45.9954],[-116.9427,46.061],[-116.9825,46.0894],[-116.9553,46.1022],[-116.9219,46.1678],[-116.9659,46.2034],[-116.9553,46.2309],[-116.9911,46.2763],[-116.9867,46.2967],[-117.0628,46.3536],[-117.0347,46.4183],[-117.0324,48.9992]]],[[[-124.7448,48.3932],[-124.7465,48.3914],[-124.7346,48.3891],[-124.7322,48.3909],[-124.7372,48.3956],[-124.7395,48.3938],[-124.7448,48.3932]]],[[[-124.7548,48.1589],[-124.7486,48.1549],[-124.7455,48.1555],[-124.7514,48.1606],[-124.7538,48.1612],[-124.7548,48.1589]]],[[[-124.7627,48.1772],[-124.7624,48.1756],[-124.7552,48.1742],[-124.7557,48.1756],[-124.7627,48.1772]]],[[[-122.3317,48.0206],[-122.3345,48.0189],[-122.3261,48.0103],[-122.3066,48.0044],[-122.3035,48.0056],[-122.3089,48.0098],[-122.3097,48.0128],[-122.3149,48.0135],[-122.3203,48.0169],[-122.3224,48.021],[-122.3317,48.0206]]],[[[-122.5049,47.5465],[-122.4892,47.5295],[-122.4795,47.5419],[-122.5049,47.5465]]],[[[-122.526,47.3589],[-122.5189,47.3333],[-122.4931,47.3303],[-122.4843,47.3801],[-122.445,47.3894],[-122.46,47.4016],[-122.4332,47.3881],[-122.4745,47.3591],[-122.4575,47.3426],[-122.3738,47.3888],[-122.4377,47.4074],[-122.4334,47.4664],[-122.46,47.4869],[-122.4524,47.5035],[-122.4766,47.5111],[-122.509,47.4611],[-122.526,47.3589]]],[[[-122.5377,48.3637],[-122.5392,48.3628],[-122.5373,48.3612],[-122.5279,48.3597],[-122.5252,48.3603],[-122.524,48.3625],[-122.5321,48.3653],[-122.5377,48.3637]]],[[[-122.5521,48.5269],[-122.5512,48.5219],[-122.5475,48.5193],[-122.5442,48.5206],[-122.5429,48.5231],[-122.5492,48.5284],[-122.5521,48.5269]]],[[[-122.5594,48.5359],[-122.5531,48.5331],[-122.5546,48.5371],[-122.5579,48.5377],[-122.5594,48.5359]]]]},"properties":{"iso3":"USA","shapeId":"66186276B98555229882405","regionId":"USA.48_1","name":"Washington"}},{"type":"Feature","geometry":{"type":"Polygon","coordinates":[[[-103.0022,37.0001],[-109.0452,36.9991],[-109.0501,31.3325],[-108.2086,31.3334],[-108.2084,31.7836],[-106.5283,31.7832],[-106.6027,31.825],[-106.6021,31.8444],[-106.6359,31.8662],[-106.6455,31.8987],[-106.6119,31.92],[-106.6298,31.9266],[-106.6196,31.9716],[-106.6395,31.9804],[-106.6185,32.0005],[-103.0644,32.0005],[-103.0419,36.5004],[-103.0024,36.5004],[-103.0022,37.0001]]]},"properties":{"iso3":"USA","shapeId":"66186276B2592965416524","regionId":"USA.32_1","name":"New Mexico"}},{"type":"Feature","geometry":{"type":"MultiPolygon","coordinates":[[[[-65.2381,18.3217],[-65.2385,18.3193],[-65.2316,18.3154],[-65.2301,18.3108],[-65.223,18.3105],[-65.2207,18.3121],[-65.2226,18.3183],[-65.2214,18.3216],[-65.2246,18.3235],[-65.2283,18.3244],[-65.2319,18.3208],[-65.2381,18.3217]]],[[[-65.2667,18.3416],[-65.2661,18.3392],[-65.2566,18.3332],[-65.2496,18.3337],[-65.2477,18.3326],[-65.246,18.3346],[-65.2461,18.3362],[-65.2552,18.3421],[-65.2667,18.3416]]],[[[-65.3397,18.3108],[-65.3407,18.3095],[-65.3332,18.3012],[-65.3313,18.2956],[-65.3285,18.295],[-65.3275,18.309],[-65.33,18.3112],[-65.3294,18.3161],[-65.3307,18.3161],[-65.3342,18.3112],[-65.3397,18.3108]]],[[[-65.347,18.3494],[-65.2859,18.2769],[-65.2441,18.3042],[-65.2737,18.3311],[-65.3173,18.329],[-65.347,18.3494]]],[[[-65.5716,18.3827],[-65.5728,18.3814],[-65.571,18.3781],[-65.572,18.3761],[-65.5709,18.3759],[-65.567,18.3781],[-65.5669,18.3803],[-65.5716,18.3827]]],[[[-65.5743,18.3518],[-65.5704,18.3487],[-65.5683,18.3438],[-65.5643,18.348],[-65.5691,18.3532],[-65.5725,18.3535],[-65.5743,18.3518]]],[[[-65.5762,18.1079],[-65.5417,18.0809],[-65.4523,18.0861],[-65.3744,18.108],[-65.3705,18.124],[-65.3464,18.111],[-65.2672,18.1355],[-65.3978,18.1627],[-65.5762,18.1079]]],[[[-65.5939,18.3904],[-65.5908,18.3833],[-65.5871,18.3819],[-65.5837,18.3836],[-65.5833,18.3863],[-65.5871,18.3896],[-65.5931,18.3916],[-65.5939,18.3904]]],[[[-65.5999,18.2563],[-65.6012,18.2549],[-65.5985,18.247],[-65.5928,18.2489],[-65.5773,18.2462],[-65.5748,18.2497],[-65.5849,18.2569],[-65.5966,18.2554],[-65.5999,18.2563]]],[[[-65.605,18.214],[-65.6055,18.2115],[-65.6043,18.2105],[-65.599,18.2108],[-65.5986,18.2134],[-65.605,18.214]]],[[[-66.5299,17.884],[-66.5282,17.8833],[-66.5202,17.8913],[-66.514,17.8939],[-66.5096,17.8993],[-66.5108,17.9021],[-66.5141,17.9028],[-66.5241,17.8964],[-66.5299,17.884]]],[[[-67.2707,18.3662],[-67.2364,18.3014],[-67.1903,18.2827],[-67.1535,18.2044],[-67.1856,18.164],[-67.1822,18.11],[-67.2103,18.0356],[-67.1718,18.0214],[-67.2153,17.9875],[-67.2131,17.9525],[-67.1868,17.9312],[-67.1806,17.9644],[-67.1102,17.9452],[-67.0603,17.9733],[-66.99,17.9692],[-66.9565,17.9314],[-66.9241,17.9267],[-66.9305,17.9432],[-66.9089,17.9493],[-66.8179,17.9561],[-66.767,18.0063],[-66.7566,17.9757],[-66.7266,17.9918],[-66.6729,17.9672],[-66.6275,17.9828],[-66.6128,17.9629],[-66.4647,17.9909],[-66.3867,17.9373],[-66.3152,17.9785],[-66.2883,17.9439],[-66.2244,17.9124],[-66.0816,17.9669],[-66.0471,17.9527],[-66.0164,17.98],[-65.9382,17.9721],[-65.8351,18.0126],[-65.8308,18.0506],[-65.8023,18.0578],[-65.7669,18.1493],[-65.7334,18.1818],[-65.6321,18.2005],[-65.6338,18.2319],[-65.6112,18.2105],[-65.5891,18.2285],[-65.6064,18.2622],[-65.63,18.2667],[-65.6178,18.3878],[-65.6742,18.3639],[-65.8964,18.4514],[-65.9919,18.4616],[-66.0217,18.4442],[-66.1386,18.474],[-66.1624,18.4532],[-66.1861,18.4702],[-66.3991,18.4927],[-66.4545,18.4693],[-66.6266,18.4934],[-66.7062,18.4726],[-67.1002,18.515],[-67.1678,18.4832],[-67.1573,18.4178],[-67.2707,18.3662]]],[[[-67.4878,18.3845],[-67.4857,18.3811],[-67.4785,18.3776],[-67.4733,18.3829],[-67.479,18.3893],[-67.4819,18.39],[-67.4855,18.3882],[-67.4878,18.3845]]],[[[-67.9447,18.0846],[-67.8866,18.0539],[-67.8438,18.0961],[-67.8619,18.1222],[-67.9133,18.1194],[-67.9447,18.0846]]]]},"properties":{"iso3":"USA","shapeId":"66186276B86072070009793","regionId":null,"name":"Puerto Rico"}},{"type":"Feature","geometry":{"type":"Polygon","coordinates":[[[-96.4455,42.4906],[-96.4754,42.4896],[-96.493,42.5173],[-96.477,42.5561],[-96.4986,42.5581],[-96.4858,42.575],[-96.5095,42.6127],[-96.5299,42.6104],[-96.5163,42.6304],[-96.6306,42.7059],[-96.6397,42.7371],[-96.6195,42.7548],[-96.6322,42.7709],[-96.5953,42.793],[-96.5816,42.8375],[-96.5513,42.8366],[-96.5497,42.8703],[-96.5264,42.8919],[-96.5417,42.9226],[-96.5003,42.9594],[-96.5208,42.9804],[-96.4917,43.0097],[-96.5184,43.0421],[-96.4609,43.064],[-96.4629,43.0914],[-96.4366,43.1208],[-96.4665,43.1503],[-96.4756,43.2211],[-96.5685,43.2316],[-96.5532,43.2591],[-96.5852,43.2689],[-96.5885,43.2963],[-96.5304,43.3],[-96.5216,43.3856],[-96.6029,43.4509],[-96.581,43.4814],[-96.5989,43.5005],[-96.4533,43.5004],[-96.4531,45.2981],[-96.4891,45.3571],[-96.5218,45.3757],[-96.6925,45.4173],[-96.7653,45.5214],[-96.8578,45.606],[-96.8358,45.6497],[-96.6626,45.7387],[-96.5831,45.82],[-96.5637,45.9352],[-104.0455,45.9453],[-104.053,43.0006],[-98.4986,42.9986],[-98.4442,42.9292],[-98.1469,42.8398],[-98.035,42.7642],[-97.9367,42.7758],[-97.8886,42.8173],[-97.8754,42.8587],[-97.8453,42.8677],[-97.6865,42.8424],[-97.6118,42.8584],[-97.4423,42.8462],[-97.4083,42.8683],[-97.2379,42.8531],[-97.2188,42.8459],[-97.2101,42.8093],[-97.1508,42.7956],[-97.1313,42.7719],[-96.9791,42.7601],[-96.9616,42.7198],[-96.9068,42.7338],[-96.8062,42.7042],[-96.7932,42.666],[-96.6913,42.6562],[-96.7093,42.6038],[-96.6436,42.5576],[-96.6115,42.5061],[-96.5488,42.5206],[-96.5013,42.4828],[-96.4455,42.4906]]]},"properties":{"iso3":"USA","shapeId":"66186276B38006515706420","regionId":"USA.42_1","name":"South Dakota"}},{"type":"Feature","geometry":{"type":"MultiPolygon","coordinates":[[[[-94.7183,29.7289],[-94.7162,29.7278],[-94.7139,29.7315],[-94.7144,29.733],[-94.7165,29.7335],[-94.7183,29.7289]]],[[[-94.8233,29.3239],[-94.7984,29.3124],[-94.7768,29.3373],[-94.8105,29.3521],[-94.8233,29.3239]]],[[[-94.8302,29.3484],[-94.8306,29.3461],[-94.8258,29.3492],[-94.8218,29.3483],[-94.8197,29.3518],[-94.8251,29.3547],[-94.8302,29.3484]]],[[[-94.9151,29.2735],[-94.9138,29.2699],[-94.9115,29.2688],[-94.9092,29.2698],[-94.9092,29.274],[-94.9131,29.275],[-94.9151,29.2735]]],[[[-94.9286,29.5836],[-94.9168,29.5676],[-94.914,29.5673],[-94.9074,29.5714],[-94.9077,29.5737],[-94.9196,29.5883],[-94.9286,29.5836]]],[[[-94.9784,29.6837],[-94.9448,29.613],[-94.9477,29.6702],[-94.9784,29.6837]]],[[[-94.9921,29.6984],[-94.9908,29.696],[-94.9796,29.6883],[-94.9752,29.6879],[-94.9738,29.6891],[-94.9733,29.6914],[-94.9752,29.694],[-94.9793,29.6939],[-94.9802,29.696],[-94.9856,29.6985],[-94.9921,29.6984]]],[[[-95.1223,29.0888],[-94.7262,29.3325],[-94.7666,29.3373],[-94.789,29.3119],[-94.8744,29.2899],[-95.1223,29.0888]]],[[[-97.1117,27.8931],[-97.109,27.892],[-97.1052,27.8974],[-97.0972,27.9035],[-97.1029,27.9034],[-97.1117,27.8931]]],[[[-97.1266,27.9096],[-97.1272,27.9081],[-97.1257,27.9075],[-97.1227,27.9101],[-97.123,27.9126],[-97.125,27.9129],[-97.1266,27.9096]]],[[[-97.1271,27.8411],[-97.061,27.8463],[-97.0536,27.9023],[-97.0806,27.9168],[-97.0661,27.9062],[-97.1271,27.8411]]],[[[-97.1317,27.896],[-97.132,27.8944],[-97.1296,27.8934],[-97.1183,27.8907],[-97.1183,27.8856],[-97.1102,27.8892],[-97.1102,27.8907],[-97.1134,27.8921],[-97.1317,27.896]]],[[[-97.1326,27.8989],[-97.1297,27.8975],[-97.1273,27.9001],[-97.1271,27.904],[-97.1289,27.9051],[-97.1326,27.8989]]],[[[-97.1412,27.8532],[-97.1434,27.8495],[-97.1374,27.8494],[-97.137,27.8538],[-97.1387,27.8558],[-97.1412,27.8532]]],[[[-97.1509,27.8759],[-97.1494,27.8749],[-97.1454,27.8766],[-97.1416,27.8795],[-97.1421,27.8811],[-97.1447,27.8809],[-97.1509,27.8759]]],[[[-97.1643,27.8211],[-97.1638,27.8173],[-97.151,27.8171],[-97.1478,27.8159],[-97.1443,27.8166],[-97.1427,27.8211],[-97.1535,27.8221],[-97.1643,27.8211]]],[[[-97.1744,27.7553],[-97.1746,27.7539],[-97.1727,27.753],[-97.1684,27.7544],[-97.1685,27.7584],[-97.1668,27.7593],[-97.1649,27.764],[-97.1687,27.7641],[-97.1727,27.7608],[-97.1744,27.7553]]],[[[-97.1903,27.8165],[-97.1929,27.8153],[-97.1878,27.8128],[-97.1775,27.8146],[-97.1785,27.8184],[-97.1903,27.8165]]],[[[-97.2224,27.8097],[-97.2147,27.8073],[-97.2056,27.8074],[-97.2005,27.8118],[-97.1973,27.8126],[-97.1963,27.8148],[-97.2224,27.8097]]],[[[-97.2465,27.6825],[-97.2281,27.6739],[-97.2315,27.6409],[-97.2155,27.6828],[-97.2465,27.6825]]],[[[-97.2529,26.3753],[-97.254,26.3742],[-97.2528,26.3708],[-97.2503,26.369],[-97.2496,26.3736],[-97.2529,26.3753]]],[[[-97.2581,26.4254],[-97.2549,26.4152],[-97.2517,26.4152],[-97.2504,26.421],[-97.2524,26.4265],[-97.256,26.427],[-97.2581,26.4254]]],[[[-97.2673,27.874],[-97.269,27.874],[-97.2677,27.8686],[-97.2583,27.8661],[-97.2451,27.841],[-97.2458,27.8383],[-97.2412,27.8321],[-97.237,27.8292],[-97.2313,27.8288],[-97.23,27.8315],[-97.239,27.8436],[-97.2452,27.8576],[-97.2451,27.8611],[-97.2478,27.8616],[-97.2522,27.8712],[-97.2608,27.8742],[-97.2673,27.874]]],[[[-97.3178,27.4946],[-97.3154,27.4952],[-97.314,27.4975],[-97.3101,27.506],[-97.3113,27.507],[-97.3139,27.5054],[-97.3178,27.4946]]],[[[-97.3189,27.4802],[-97.3197,27.4778],[-97.3167,27.4779],[-97.3129,27.4866],[-97.3051,27.4915],[-97.3045,27.4955],[-97.3079,27.4916],[-97.3135,27.4905],[-97.3189,27.4802]]],[[[-97.3774,26.5581],[-97.3061,26.5575],[-97.2756,26.5249],[-97.2195,26.3696],[-97.1693,26.0777],[-97.1537,26.0676],[-97.1929,26.29],[-97.2699,26.5621],[-97.3774,26.5581]]],[[[-97.3984,26.8679],[-97.2946,26.5757],[-97.3448,26.5622],[-97.2762,26.5655],[-97.3709,26.9109],[-97.3654,27.1999],[-97.2751,27.4754],[-97.1541,27.6969],[-97.0449,27.8345],[-97.0568,27.842],[-97.1354,27.8246],[-97.1215,27.7851],[-97.1512,27.7686],[-97.2155,27.6444],[-97.2107,27.6242],[-97.2401,27.6333],[-97.3618,27.3591],[-97.3612,27.2726],[-97.3899,27.205],[-97.3984,26.8679]]],[[[-97.4056,27.2948],[-97.4056,27.2902],[-97.4043,27.2902],[-97.3991,27.3091],[-97.4005,27.3109],[-97.4021,27.3105],[-97.4056,27.2948]]],[[[-97.4066,27.3157],[-97.406,27.3135],[-97.4039,27.3149],[-97.3996,27.3245],[-97.4007,27.3255],[-97.4066,27.3157]]],[[[-97.4235,26.7522],[-97.4231,26.7407],[-97.4154,26.7407],[-97.4152,26.7469],[-97.4127,26.7519],[-97.4146,26.7529],[-97.4235,26.7522]]],[[[-103.0024,36.5004],[-103.0419,36.5004],[-103.0644,32.0005],[-106.6185,32.0005],[-106.6395,31.9804],[-106.6196,31.9716],[-106.6298,31.9266],[-106.6119,31.92],[-106.6455,31.8987],[-106.6359,31.8662],[-106.4896,31.7484],[-106.4511,31.7643],[-106.381,31.7321],[-106.2066,31.4662],[-106.0803,31.3987],[-106.0049,31.3925],[-105.9538,31.3648],[-105.9385,31.3187],[-105.8692,31.2888],[-105.7733,31.1669],[-105.6045,31.0837],[-105.5574,30.9902],[-105.3999,30.8891],[-105.4005,30.8526],[-105.3393,30.8405],[-105.317,30.811],[-105.2922,30.8263],[-105.258,30.7947],[-105.215,30.8059],[-105.2186,30.7852],[-105.1952,30.7921],[-105.1561,30.7696],[-105.1611,30.7521],[-105.1183,30.7497],[-105.0616,30.6857],[-105.0062,30.6856],[-104.9721,30.6103],[-104.9229,30.6039],[-104.8668,30.495],[-104.8679,30.4411],[-104.8473,30.4139],[-104.8595,30.3904],[-104.8176,30.3758],[-104.8119,30.3336],[-104.706,30.235],[-104.6863,30.1733],[-104.685,30.0856],[-104.7069,30.0507],[-104.6737,29.9568],[-104.6833,29.9295],[-104.5657,29.7705],[-104.5307,29.6914],[-104.5442,29.681],[-104.509,29.6333],[-104.476,29.628],[-104.3381,29.52],[-104.3155,29.5328],[-104.2618,29.5135],[-104.2311,29.4791],[-104.213,29.4841],[-104.2181,29.4577],[-104.1675,29.3947],[-104.0383,29.3202],[-103.7841,29.2655],[-103.7767,29.2201],[-103.7586,29.2329],[-103.7178,29.1806],[-103.6499,29.1564],[-103.5526,29.1573],[-103.4702,29.0855],[-103.4701,29.0662],[-103.4499,29.0727],[-103.3865,29.0217],[-103.3603,29.0185],[-103.3309,29.043],[-103.3383,29.0198],[-103.3083,29.025],[-103.3159,29.0104],[-103.2879,29.0022],[-103.2835,28.9769],[-103.2663,28.996],[-103.1639,28.9721],[-103.1153,28.9853],[-103.1001,29.0607],[-103.0859,29.0537],[-103.0761,29.0913],[-103.036,29.0987],[-102.9963,29.1783],[-102.9506,29.1737],[-102.9438,29.1912],[-102.9178,29.1907],[-102.9123,29.2194],[-102.8939,29.2087],[-102.8685,29.2229],[-102.9063,29.26],[-102.8844,29.3477],[-102.8394,29.3589],[-102.8444,29.3754],[-102.8127,29.4002],[-102.8333,29.411],[-102.8007,29.4862],[-102.8087,29.5223],[-102.7714,29.5486],[-102.7658,29.5975],[-102.74,29.599],[-102.7422,29.6325],[-102.6935,29.6765],[-102.674,29.7446],[-102.6302,29.7343],[-102.5677,29.7715],[-102.5483,29.7446],[-102.5134,29.7658],[-102.5175,29.784],[-102.4873,29.7866],[-102.3883,29.7613],[-102.3646,29.8454],[-102.3154,29.8799],[-102.2614,29.8533],[-102.2469,29.8643],[-102.2235,29.8405],[-102.1853,29.8477],[-102.1423,29.8029],[-102.0737,29.7869],[-102.0348,29.804],[-101.9886,29.7967],[-101.9766,29.816],[-101.9293,29.7826],[-101.851,29.8079],[-101.8241,29.7872],[-101.8183,29.8116],[-101.8075,29.7814],[-101.7738,29.7887],[-101.7089,29.7616],[-101.6625,29.7713],[-101.6464,29.7543],[-101.626,29.7711],[-101.575,29.7699],[-101.5444,29.8119],[-101.5359,29.7589],[-101.4616,29.7898],[-101.4455,29.7494],[-101.4009,29.7701],[-101.4156,29.7465],[-101.3728,29.6994],[-101.3613,29.6501],[-101.3455,29.6622],[-101.3024,29.65],[-101.3055,29.5779],[-101.291,29.5715],[-101.2692,29.63],[-101.2504,29.6242],[-101.2549,29.5203],[-101.1738,29.5146],[-101.1519,29.477],[-101.0602,29.4587],[-101.0106,29.3687],[-100.8869,29.3079],[-100.8761,29.2796],[-100.8148,29.2637],[-100.7671,29.1953],[-100.7727,29.1685],[-100.6747,29.0998],[-100.6406,28.9142],[-100.6008,28.9008],[-100.5747,28.8288],[-100.5358,28.8059],[-100.5004,28.662],[-100.4471,28.6422],[-100.4473,28.6093],[-100.3984,28.5849],[-100.4114,28.5519],[-100.3889,28.5158],[-100.3338,28.4993],[-100.3683,28.4772],[-100.3378,28.443],[-100.3444,28.3897],[-100.2865,28.3123],[-100.2914,28.2754],[-100.2516,28.2362],[-100.2203,28.2322],[-100.2081,28.1904],[-100.0834,28.144],[-100.0531,28.0847],[-100.0179,28.0648],[-99.9915,27.9946],[-99.9318,27.981],[-99.9372,27.9405],[-99.8969,27.9077],[-99.9044,27.8753],[-99.8772,27.8422],[-99.8766,27.7974],[-99.8509,27.794],[-99.8388,27.7642],[-99.8131,27.774],[-99.7964,27.7356],[-99.7707,27.7321],[-99.7115,27.6584],[-99.6689,27.66],[-99.666,27.636],[-99.6389,27.6268],[-99.6243,27.644],[-99.5962,27.6399],[-99.5849,27.6039],[-99.555,27.6145],[-99.5122,27.5681],[-99.5283,27.4989],[-99.4968,27.5001],[-99.4793,27.4786],[-99.5048,27.3383],[-99.5378,27.3161],[-99.4946,27.3035],[-99.4879,27.2607],[-99.4633,27.2684],[-99.4416,27.2499],[-99.4264,27.1763],[-99.4461,27.0233],[-99.3766,26.9777],[-99.3938,26.9607],[-99.3792,26.9345],[-99.3247,26.916],[-99.3168,26.8658],[-99.2686,26.8432],[-99.24,26.7459],[-99.2089,26.7248],[-99.1707,26.5403],[-99.105,26.5003],[-99.092,26.4724],[-99.1136,26.4325],[-99.0851,26.3988],[-99.0317,26.413],[-99.0117,26.3925],[-98.9564,26.3957],[-98.9422,26.3697],[-98.9269,26.3945],[-98.8967,26.3533],[-98.8074,26.3694],[-98.7898,26.3316],[-98.751,26.3318],[-98.7362,26.3077],[-98.7502,26.2957],[-98.7018,26.2862],[-98.7199,26.2727],[-98.6812,26.2627],[-98.6694,26.2363],[-98.5876,26.2578],[-98.5634,26.2253],[-98.546,26.2369],[-98.5554,26.2475],[-98.4827,26.2016],[-98.4816,26.2194],[-98.4434,26.2237],[-98.4425,26.1992],[-98.3872,26.1583],[-98.3347,26.1656],[-98.3352,26.1376],[-98.3065,26.1043],[-98.2663,26.1207],[-98.2865,26.1023],[-98.194,26.0533],[-98.1775,26.075],[-98.1474,26.0495],[-98.1315,26.0742],[-98.0944,26.0586],[-98.0805,26.0709],[-98.0732,26.0365],[-98.0392,26.0413],[-98.0288,26.0665],[-97.9674,26.0517],[-97.8613,26.0699],[-97.8605,26.0529],[-97.8129,26.0443],[-97.8013,26.0602],[-97.7923,26.0342],[-97.769,26.0475],[-97.7638,26.0273],[-97.7382,26.022],[-97.7066,26.0375],[-97.6914,26.019],[-97.6627,26.0381],[-97.6683,26.0198],[-97.639,26.023],[-97.6496,26.0113],[-97.6177,26.0011],[-97.6344,25.9903],[-97.6022,25.9574],[-97.5677,25.9518],[-97.5826,25.9379],[-97.5302,25.9199],[-97.5218,25.8865],[-97.4989,25.8987],[-97.4967,25.8797],[-97.4557,25.884],[-97.4541,25.8548],[-97.4249,25.8406],[-97.41,25.8621],[-97.4053,25.8377],[-97.3729,25.8401],[-97.3577,25.8692],[-97.374,25.8798],[-97.3566,25.8877],[-97.3749,25.9085],[-97.3483,25.9311],[-97.326,25.9177],[-97.2772,25.9354],[-97.2845,25.9592],[-97.1473,25.9533],[-97.1497,26.0641],[-97.1957,26.0466],[-97.1897,26.0716],[-97.2943,26.1058],[-97.2821,26.1203],[-97.3036,26.1662],[-97.2948,26.1923],[-97.3167,26.224],[-97.2938,26.259],[-97.3243,26.2773],[-97.3098,26.2883],[-97.2906,26.2711],[-97.2648,26.202],[-97.2812,26.2805],[-97.3806,26.4806],[-97.4131,26.4812],[-97.4154,26.5528],[-97.4681,26.7102],[-97.4786,26.8067],[-97.4648,26.824],[-97.4127,26.8174],[-97.4603,26.8473],[-97.4576,26.8729],[-97.4102,26.8744],[-97.4569,26.8826],[-97.4373,26.9131],[-97.4533,26.9173],[-97.4392,27.0707],[-97.4179,27.0709],[-97.4394,27.0765],[-97.4416,27.1638],[-97.4226,27.262],[-97.5429,27.2292],[-97.6311,27.2422],[-97.6474,27.2764],[-97.7401,27.2675],[-97.6637,27.2864],[-97.6549,27.3051],[-97.6863,27.3227],[-97.7088,27.3856],[-97.6613,27.3601],[-97.6584,27.3297],[-97.6332,27.3246],[-97.6369,27.301],[-97.613,27.2852],[-97.4936,27.3906],[-97.4815,27.3405],[-97.5006,27.3066],[-97.5444,27.2842],[-97.5083,27.275],[-97.4144,27.3216],[-97.3222,27.5691],[-97.2947,27.5927],[-97.2692,27.6774],[-97.2436,27.6892],[-97.3684,27.7417],[-97.3933,27.7829],[-97.3789,27.8359],[-97.4721,27.8242],[-97.5151,27.8512],[-97.5166,27.8714],[-97.4932,27.8841],[-97.4812,27.8601],[-97.4598,27.8785],[-97.3378,27.8836],[-97.3551,27.8502],[-97.263,27.8801],[-97.2015,27.8208],[-97.0796,27.9755],[-97.0768,27.9179],[-97.0644,27.9928],[-97.0252,28.0322],[-97.025,28.1133],[-97.0534,28.1183],[-97.0542,28.0928],[-97.1353,28.0479],[-97.1059,28.038],[-97.1219,28.0209],[-97.2228,28.0774],[-97.1539,28.1367],[-97.0157,28.203],[-97.0277,28.1504],[-96.9797,28.1254],[-96.9459,28.1965],[-96.9685,28.22],[-96.918,28.2694],[-96.9425,28.2177],[-96.9254,28.1932],[-96.9674,28.1233],[-96.9316,28.1239],[-96.9072,28.1469],[-96.9261,28.1143],[-96.9131,28.1204],[-96.7852,28.2295],[-96.7768,28.2448],[-96.8096,28.2903],[-96.7919,28.3603],[-96.8596,28.4134],[-96.8381,28.4328],[-96.7868,28.4022],[-96.7648,28.4128],[-96.7936,28.4584],[-96.8287,28.46],[-96.8151,28.4752],[-96.7931,28.4804],[-96.7479,28.4095],[-96.7085,28.4067],[-96.7053,28.3488],[-96.6652,28.3096],[-96.6324,28.3187],[-96.6204,28.304],[-96.5731,28.3588],[-96.453,28.4187],[-96.4164,28.4139],[-96.4713,28.3676],[-96.4387,28.3688],[-96.4406,28.343],[-96.6036,28.2926],[-96.6594,28.2275],[-96.7026,28.2155],[-96.7018,28.1997],[-96.817,28.1751],[-96.8193,28.1433],[-96.802,28.1408],[-96.8284,28.113],[-96.8801,28.1311],[-96.8969,28.1147],[-96.8805,28.106],[-96.9199,28.0936],[-96.9471,28.0535],[-96.9906,27.9492],[-97.0456,27.932],[-97.0025,27.94],[-97.0457,27.89],[-97.0461,27.8395],[-96.9619,27.9559],[-96.8129,28.0944],[-96.632,28.2228],[-96.4429,28.3177],[-96.3425,28.4187],[-96.145,28.5267],[-95.3837,28.87],[-95.1238,29.0706],[-95.1671,29.1131],[-95.157,29.1951],[-95.1128,29.1957],[-95.1097,29.1715],[-95.0419,29.205],[-94.9724,29.28],[-94.9216,29.2816],[-94.8927,29.3135],[-94.8916,29.3559],[-94.8644,29.3705],[-94.8898,29.3782],[-94.892,29.4337],[-94.9519,29.4675],[-94.9254,29.4709],[-94.9095,29.4968],[-94.9897,29.5169],[-95.021,29.5515],[-94.9827,29.6013],[-95.0152,29.6325],[-94.9822,29.6769],[-94.9991,29.7091],[-94.9427,29.6978],[-94.9239,29.6584],[-94.901,29.6576],[-94.8726,29.6713],[-94.8152,29.7585],[-94.7548,29.7811],[-94.733,29.7587],[-94.696,29.7576],[-94.7102,29.7373],[-94.6954,29.7459],[-94.689,29.6966],[-94.7134,29.6101],[-94.7616,29.5418],[-94.786,29.5506],[-94.779,29.5302],[-94.561,29.5744],[-94.5215,29.5408],[-94.4707,29.5566],[-94.4933,29.5136],[-94.569,29.5302],[-94.6034,29.4859],[-94.6736,29.4755],[-94.7035,29.4365],[-94.7743,29.3992],[-94.7787,29.3615],[-94.7336,29.3669],[-94.6942,29.4156],[-94.5962,29.4679],[-94.0958,29.6605],[-94.0014,29.6815],[-93.8377,29.679],[-93.928,29.8096],[-93.8384,29.8829],[-93.7869,29.9906],[-93.7421,30.0208],[-93.7173,30.0657],[-93.6994,30.0593],[-93.7341,30.0861],[-93.6886,30.1404],[-93.7065,30.1474],[-93.7178,30.194],[-93.7046,30.29],[-93.7658,30.3333],[-93.7577,30.3904],[-93.6978,30.4406],[-93.7174,30.4838],[-93.7065,30.5099],[-93.7403,30.5396],[-93.7219,30.5803],[-93.6787,30.5941],[-93.6831,30.6408],[-93.6299,30.6799],[-93.6145,30.7599],[-93.5921,30.7637],[-93.5838,30.8018],[-93.5541,30.8249],[-93.5741,30.8845],[-93.526,30.9375],[-93.5318,30.9582],[-93.5728,30.9707],[-93.5782,31.0],[-93.5083,31.0324],[-93.5312,31.0517],[-93.5278,31.0746],[-93.5635,31.094],[-93.5414,31.1135],[-93.5487,31.1558],[-93.5333,31.1845],[-93.5885,31.1656],[-93.6203,31.271],[-93.6869,31.3052],[-93.6684,31.353],[-93.6392,31.372],[-93.6703,31.3661],[-93.6741,31.3977],[-93.7049,31.4109],[-93.7039,31.4555],[-93.7495,31.4687],[-93.7116,31.5128],[-93.7877,31.5273],[-93.8349,31.5862],[-93.8381,31.6068],[-93.8168,31.6225],[-93.8265,31.6669],[-93.7946,31.7021],[-93.8163,31.7075],[-93.8361,31.7485],[-93.8234,31.7751],[-93.8733,31.8149],[-93.8974,31.8944],[-93.9267,31.8883],[-93.9233,31.9078],[-93.9739,31.9217],[-94.0173,31.9893],[-94.0418,31.9924],[-94.0435,33.5523],[-94.0722,33.5539],[-94.0561,33.5673],[-94.0826,33.5755],[-94.1287,33.551],[-94.1351,33.571],[-94.1515,33.5684],[-94.1422,33.5814],[-94.1839,33.5947],[-94.2172,33.5807],[-94.1944,33.5737],[-94.1964,33.5551],[-94.2502,33.5568],[-94.2428,33.5897],[-94.2756,33.558],[-94.2909,33.5589],[-94.2891,33.5821],[-94.3096,33.5517],[-94.344,33.5678],[-94.356,33.5432],[-94.3817,33.544],[-94.4016,33.5594],[-94.3829,33.5833],[-94.4122,33.5687],[-94.472,33.6027],[-94.4486,33.6428],[-94.5274,33.6158],[-94.5223,33.6406],[-94.5695,33.6278],[-94.5484,33.6605],[-94.5908,33.6456],[-94.5604,33.6654],[-94.5883,33.6858],[-94.598,33.6634],[-94.6224,33.6824],[-94.6526,33.6604],[-94.6712,33.6693],[-94.6453,33.6744],[-94.6443,33.7017],[-94.7134,33.6874],[-94.7017,33.7034],[-94.7279,33.7156],[-94.7162,33.6979],[-94.7359,33.6916],[-94.7538,33.7053],[-94.735,33.7261],[-94.7529,33.7144],[-94.7494,33.733],[-94.7882,33.7363],[-94.7644,33.7602],[-94.8001,33.7334],[-94.8218,33.7688],[-94.8221,33.7331],[-94.8693,33.7459],[-94.8687,33.7698],[-94.8778,33.7589],[-94.922,33.7916],[-94.9148,33.8245],[-94.9479,33.8084],[-94.9689,33.8609],[-95.0466,33.8626],[-95.0657,33.916],[-95.0896,33.8809],[-95.1002,33.8961],[-95.0824,33.9218],[-95.122,33.9048],[-95.1247,33.9347],[-95.2176,33.9627],[-95.2502,33.9385],[-95.2527,33.8942],[-95.283,33.9074],[-95.2893,33.8731],[-95.3264,33.8861],[-95.3625,33.8666],[-95.4409,33.8664],[-95.4617,33.887],[-95.5023,33.8747],[-95.5107,33.8979],[-95.5452,33.8803],[-95.5545,33.9281],[-95.5938,33.943],[-95.6291,33.9059],[-95.6655,33.909],[-95.6979,33.8861],[-95.7564,33.8926],[-95.7518,33.8556],[-95.7706,33.8453],[-95.8052,33.8613],[-95.8375,33.8356],[-95.9296,33.885],[-95.9443,33.8598],[-95.9843,33.8527],[-96.0034,33.8723],[-95.9959,33.8557],[-96.0196,33.8406],[-96.0239,33.8571],[-96.0488,33.8365],[-96.1481,33.8378],[-96.1508,33.817],[-96.179,33.8106],[-96.1704,33.7994],[-96.1564,33.8134],[-96.1781,33.7605],[-96.229,33.748],[-96.2937,33.7694],[-96.3169,33.699],[-96.3483,33.6864],[-96.4227,33.776],[-96.5003,33.7726],[-96.5267,33.8209],[-96.5729,33.8191],[-96.6293,33.8455],[-96.5879,33.8948],[-96.6672,33.9169],[-96.6996,33.8391],[-96.7616,33.8244],[-96.7943,33.8689],[-96.8322,33.8748],[-96.8506,33.8472],[-96.8753,33.8605],[-96.9163,33.9578],[-96.9738,33.9357],[-96.9813,33.9564],[-96.9962,33.9417],[-96.9856,33.8865],[-97.0179,33.8501],[-97.0413,33.8378],[-97.0681,33.8605],[-97.0895,33.8499],[-97.0482,33.8175],[-97.0921,33.8041],[-97.0862,33.7439],[-97.1261,33.7169],[-97.1928,33.7612],[-97.2035,33.8218],[-97.1666,33.8473],[-97.1809,33.8952],[-97.2109,33.9161],[-97.245,33.9031],[-97.2566,33.8633],[-97.2756,33.8582],[-97.3102,33.8885],[-97.3287,33.8554],[-97.3325,33.8843],[-97.3655,33.8238],[-97.4265,33.8194],[-97.4629,33.8418],[-97.4604,33.904],[-97.501,33.9196],[-97.5811,33.8997],[-97.5971,33.9179],[-97.5904,33.9541],[-97.6718,33.9914],[-97.7253,33.9411],[-97.7628,33.9344],[-97.7638,33.9142],[-97.7851,33.9168],[-97.7823,33.8923],[-97.7978,33.8993],[-97.8343,33.8577],[-97.8715,33.849],[-97.9678,33.8824],[-97.9845,33.9007],[-97.9572,33.9145],[-97.9534,33.9365],[-97.9742,33.9428],[-97.9457,33.9898],[-97.9742,34.0067],[-98.0277,33.9934],[-98.0882,34.0055],[-98.1063,34.0342],[-98.0838,34.0417],[-98.1202,34.0721],[-98.0898,34.1282],[-98.1095,34.1541],[-98.1691,34.1142],[-98.3656,34.157],[-98.4161,34.0841],[-98.4863,34.0626],[-98.5998,34.1606],[-98.6481,34.1644],[-98.6906,34.133],[-98.757,34.1246],[-98.813,34.1584],[-98.8681,34.1496],[-98.8729,34.1666],[-98.9873,34.2212],[-99.0435,34.1982],[-99.1895,34.2143],[-99.2069,34.3383],[-99.2293,34.3365],[-99.2429,34.3727],[-99.2749,34.3849],[-99.2613,34.4035],[-99.3196,34.4089],[-99.3588,34.4559],[-99.395,34.4421],[-99.403,34.3735],[-99.5697,34.4184],[-99.6,34.3747],[-99.695,34.3783],[-99.9232,34.5746],[-100.0004,34.5605],[-100.0004,36.4997],[-103.0024,36.5004]]]]},"properties":{"iso3":"USA","shapeId":"66186276B29106115751815","regionId":"USA.44_1","name":"Texas"}},{"type":"Feature","geometry":{"type":"MultiPolygon","coordinates":[[[[-118.6044,33.4786],[-118.5754,33.4402],[-118.4888,33.4198],[-118.4753,33.3832],[-118.4875,33.3509],[-118.4654,33.3261],[-118.3253,33.2991],[-118.3051,33.3103],[-118.3703,33.4093],[-118.4974,33.442],[-118.5386,33.477],[-118.6044,33.4786]]],[[[-118.6105,33.0329],[-118.5062,32.853],[-118.4318,32.8015],[-118.3918,32.8263],[-118.3542,32.8209],[-118.4995,32.9337],[-118.5739,33.0306],[-118.6105,33.0329]]],[[[-119.0528,33.4659],[-119.0323,33.4688],[-119.0312,33.4897],[-119.0528,33.4659]]],[[[-119.4412,34.0141],[-119.3916,34.0025],[-119.3575,34.0159],[-119.4412,34.0141]]],[[[-119.5773,33.2786],[-119.5462,33.2326],[-119.4703,33.2147],[-119.4344,33.227],[-119.5288,33.2854],[-119.5773,33.2786]]],[[[-119.9299,34.0597],[-119.8763,34.0321],[-119.8734,33.9804],[-119.8183,33.9599],[-119.7212,33.9596],[-119.6628,33.9859],[-119.5605,33.9955],[-119.5207,34.0343],[-119.5843,34.0536],[-119.6378,34.0132],[-119.7594,34.0588],[-119.8188,34.053],[-119.9129,34.0775],[-119.9299,34.0597]]],[[[-120.2495,34.0025],[-120.1804,33.9251],[-120.1159,33.8944],[-119.9686,33.9429],[-119.9802,33.9837],[-120.0466,34.0],[-120.0433,34.0358],[-120.2495,34.0025]]],[[[-120.4501,34.0342],[-120.3072,34.0224],[-120.3312,34.0491],[-120.3586,34.0502],[-120.3683,34.0765],[-120.4501,34.0342]]],[[[-122.3777,37.8305],[-122.379,37.8269],[-122.3713,37.8147],[-122.3728,37.8111],[-122.3672,37.8074],[-122.3623,37.807],[-122.3608,37.8128],[-122.3588,37.8143],[-122.3643,37.8189],[-122.3629,37.8227],[-122.3688,37.8313],[-122.3735,37.8323],[-122.3777,37.8305]]],[[[-122.4463,37.8611],[-122.4185,37.8527],[-122.4247,37.8707],[-122.4463,37.8611]]],[[[-123.0139,37.7004],[-123.0128,37.6965],[-123.0076,37.6959],[-123.0059,37.6935],[-123.0028,37.6927],[-122.9988,37.6974],[-123.0035,37.7044],[-123.0076,37.7021],[-123.0078,37.6989],[-123.0139,37.7004]]],[[[-124.2175,41.9508],[-124.215,41.9497],[-124.213,41.951],[-124.2162,41.9522],[-124.2175,41.9508]]],[[[-124.2116,41.9985],[-124.2085,41.8882],[-124.255,41.7782],[-124.1474,41.718],[-124.0661,41.4703],[-124.107,41.2297],[-124.1654,41.1298],[-124.1536,41.0536],[-124.1118,41.0269],[-124.1583,40.8761],[-124.3294,40.6164],[-124.4096,40.4381],[-124.3736,40.3929],[-124.3479,40.3146],[-124.3606,40.2572],[-124.1879,40.1305],[-124.1106,40.1038],[-124.0807,40.0661],[-124.08,40.0298],[-124.0359,40.0133],[-123.9301,39.9097],[-123.9077,39.863],[-123.8496,39.8277],[-123.8296,39.7231],[-123.7942,39.69],[-123.7886,39.6],[-123.7665,39.5528],[-123.8199,39.4395],[-123.8087,39.4274],[-123.8277,39.3484],[-123.8009,39.3183],[-123.8137,39.3083],[-123.7966,39.3014],[-123.8039,39.2788],[-123.7714,39.1942],[-123.7194,39.1345],[-123.6913,39.0508],[-123.7112,38.9773],[-123.7419,38.9562],[-123.728,38.9194],[-123.5933,38.799],[-123.4418,38.6997],[-123.3319,38.5655],[-123.1288,38.4504],[-123.0683,38.3599],[-123.0798,38.3241],[-123.0637,38.3022],[-123.0243,38.3106],[-122.9771,38.2679],[-122.9721,38.2327],[-122.9956,38.2386],[-122.9491,38.1541],[-123.0241,37.9949],[-122.9636,37.9899],[-122.9818,38.0091],[-122.9397,38.0319],[-122.8566,38.0167],[-122.7252,37.9027],[-122.642,37.8975],[-122.5274,37.815],[-122.4727,37.8319],[-122.501,37.8937],[-122.458,37.8618],[-122.4383,37.881],[-122.5051,37.9364],[-122.4795,37.9425],[-122.4956,37.9705],[-122.4473,37.9844],[-122.4978,38.0194],[-122.49,38.112],[-122.3936,38.1435],[-122.2828,38.0829],[-122.2629,38.0446],[-122.2835,38.0227],[-122.3326,38.0015],[-122.3679,38.0125],[-122.3676,37.9782],[-122.4029,37.9549],[-122.4301,37.9631],[-122.3906,37.9091],[-122.3114,37.8958],[-122.3269,37.8887],[-122.3085,37.8709],[-122.3252,37.8743],[-122.2966,37.8285],[-122.3423,37.8056],[-122.3323,37.7815],[-122.244,37.7518],[-122.2617,37.7434],[-122.2522,37.725],[-122.2138,37.6987],[-122.2042,37.7116],[-122.1707,37.6785],[-122.1094,37.5003],[-122.0556,37.4952],[-122.0386,37.4546],[-122.0888,37.4523],[-122.1364,37.5076],[-122.1621,37.5002],[-122.2629,37.5739],[-122.3786,37.6056],[-122.3556,37.6153],[-122.3893,37.6402],[-122.3743,37.6622],[-122.3932,37.7075],[-122.3568,37.7295],[-122.3746,37.7329],[-122.3853,37.7907],[-122.4075,37.8114],[-122.4781,37.8108],[-122.5145,37.7808],[-122.4941,37.644],[-122.5014,37.5996],[-122.5209,37.5942],[-122.5195,37.5373],[-122.4993,37.4953],[-122.4596,37.4927],[-122.4009,37.3592],[-122.4191,37.2415],[-122.4051,37.1958],[-122.3671,37.1728],[-122.3371,37.1174],[-122.2849,37.1018],[-122.2238,37.0257],[-122.1352,36.9678],[-122.0664,36.9483],[-121.9728,36.9542],[-121.9301,36.9782],[-121.8623,36.9316],[-121.7883,36.804],[-121.8145,36.6829],[-121.8606,36.6111],[-121.8895,36.6019],[-121.9364,36.6368],[-121.9787,36.5815],[-121.9325,36.5599],[-121.926,36.5252],[-121.9545,36.5189],[-121.9032,36.3936],[-121.9027,36.3064],[-121.8276,36.2423],[-121.7172,36.1952],[-121.6332,36.1175],[-121.5746,36.0252],[-121.5031,36.0003],[-121.4649,35.8885],[-121.3325,35.7831],[-121.2865,35.6655],[-121.1667,35.6354],[-121.0034,35.4607],[-120.9079,35.4491],[-120.8848,35.4302],[-120.8627,35.3468],[-120.8996,35.2553],[-120.8561,35.2065],[-120.7605,35.1597],[-120.7489,35.1778],[-120.7142,35.176],[-120.6443,35.1396],[-120.6299,35.0615],[-120.6723,34.9025],[-120.6473,34.9011],[-120.6103,34.8582],[-120.6374,34.7559],[-120.6005,34.7046],[-120.6426,34.6044],[-120.6395,34.5635],[-120.5114,34.523],[-120.4528,34.4424],[-120.2951,34.4706],[-120.1412,34.4734],[-120.0081,34.4605],[-119.8782,34.4069],[-119.7936,34.4183],[-119.7091,34.3954],[-119.6719,34.4161],[-119.564,34.4153],[-119.2787,34.2669],[-119.2165,34.1461],[-119.1293,34.1008],[-118.8547,34.0342],[-118.8064,34.0002],[-118.745,34.0321],[-118.5692,34.0416],[-118.5195,34.0275],[-118.4507,33.9557],[-118.3911,33.8388],[-118.3943,33.8043],[-118.4284,33.7747],[-118.4112,33.742],[-118.2697,33.704],[-118.1834,33.7232],[-118.1804,33.7634],[-118.1327,33.7532],[-117.928,33.6072],[-117.7849,33.5415],[-117.7146,33.4599],[-117.6527,33.4462],[-117.4698,33.2964],[-117.3284,33.1218],[-117.2545,32.9002],[-117.2562,32.8595],[-117.2822,32.8396],[-117.255,32.787],[-117.2461,32.6694],[-117.2131,32.6878],[-117.1689,32.672],[-117.1367,32.6188],[-117.1249,32.5342],[-114.7196,32.7188],[-114.7019,32.7456],[-114.6184,32.7282],[-114.5269,32.7571],[-114.5289,32.7963],[-114.469,32.8452],[-114.4691,32.9723],[-114.4929,32.9718],[-114.5201,33.03],[-114.6188,33.0272],[-114.646,33.0489],[-114.6623,33.0327],[-114.7065,33.0882],[-114.6754,33.1855],[-114.6896,33.2464],[-114.6721,33.2585],[-114.7312,33.3024],[-114.698,33.3524],[-114.7253,33.4051],[-114.6433,33.4167],[-114.5916,33.4994],[-114.5246,33.5522],[-114.5406,33.5914],[-114.5221,33.6113],[-114.5332,33.6517],[-114.5141,33.6602],[-114.5315,33.6751],[-114.4942,33.7079],[-114.5281,33.815],[-114.5285,33.8549],[-114.503,33.868],[-114.5259,33.901],[-114.5079,33.9038],[-114.5355,33.9347],[-114.4383,34.0226],[-114.4342,34.0874],[-114.2297,34.1869],[-114.1618,34.257],[-114.1312,34.2627],[-114.1383,34.3032],[-114.1769,34.3493],[-114.2261,34.3659],[-114.3354,34.45],[-114.3867,34.4579],[-114.3808,34.5297],[-114.4365,34.5954],[-114.4242,34.6105],[-114.4705,34.7114],[-114.5527,34.7669],[-114.5869,34.8357],[-114.6344,34.8729],[-114.6335,35.0019],[-116.2509,36.277],[-117.5001,37.2204],[-118.9225,38.2499],[-120.001,38.9996],[-119.9992,41.9949],[-122.3785,42.0095],[-124.2116,41.9985]]]]},"properties":{"iso3":"USA","shapeId":"66186276B43071933723331","regionId":"USA.5_1","name":"California"}},{"type":"Feature","geometry":{"type":"MultiPolygon","coordinates":[[[[-88.0534,30.507],[-88.0243,30.4908],[-88.0292,30.5197],[-88.0534,30.507]]],[[[-88.2112,30.3223],[-88.2087,30.3189],[-88.21,30.3232],[-88.2112,30.3223]]],[[[-88.2251,30.3218],[-88.2265,30.3208],[-88.2247,30.3199],[-88.2187,30.3219],[-88.2251,30.3218]]],[[[-88.2647,30.3355],[-88.2557,30.3241],[-88.2595,30.3668],[-88.2647,30.3355]]],[[[-88.3273,30.2299],[-88.1498,30.25],[-88.1067,30.2235],[-88.1249,30.2477],[-88.0749,30.2491],[-88.1247,30.2836],[-88.1411,30.255],[-88.3273,30.2299]]],[[[-88.3468,30.3907],[-88.3329,30.3892],[-88.3412,30.3917],[-88.3468,30.3907]]],[[[-88.395,30.3694],[-88.338,30.4048],[-88.3115,30.3702],[-88.2881,30.3873],[-88.1871,30.3627],[-88.1957,30.3212],[-88.1558,30.3272],[-88.1386,30.312],[-88.1073,30.3773],[-88.1038,30.5009],[-88.054,30.6125],[-88.0619,30.6436],[-88.0114,30.6851],[-87.9194,30.6361],[-87.9017,30.5509],[-87.937,30.4831],[-87.9063,30.4094],[-87.8374,30.3763],[-87.7553,30.2801],[-87.7878,30.2542],[-87.8932,30.2392],[-87.936,30.2615],[-87.9669,30.2356],[-88.0277,30.2237],[-87.8006,30.2294],[-87.4524,30.3002],[-87.5028,30.3073],[-87.5047,30.324],[-87.46,30.3363],[-87.4296,30.4065],[-87.3666,30.4367],[-87.4251,30.4656],[-87.4477,30.5105],[-87.395,30.6153],[-87.3962,30.6505],[-87.407,30.6752],[-87.5326,30.7435],[-87.545,30.7787],[-87.6273,30.848],[-87.6349,30.8659],[-87.5892,30.9645],[-87.5989,30.9975],[-85.0025,31.0007],[-85.0356,31.1082],[-85.1075,31.1865],[-85.0968,31.2257],[-85.1146,31.2773],[-85.0898,31.295],[-85.0922,31.3646],[-85.0413,31.541],[-85.0582,31.6202],[-85.1255,31.695],[-85.1407,31.8575],[-85.1341,31.8922],[-85.112,31.8948],[-85.0789,31.9402],[-85.0867,31.9592],[-85.0678,31.9674],[-85.0493,32.0227],[-85.0611,32.1341],[-85.0113,32.1805],[-84.9646,32.1952],[-84.9721,32.2183],[-84.9282,32.2199],[-84.9127,32.2434],[-84.9244,32.2498],[-84.8891,32.2609],[-85.0071,32.3284],[-84.963,32.4243],[-84.9953,32.4532],[-85.0071,32.5239],[-85.1053,32.6448],[-85.0885,32.6578],[-85.117,32.692],[-85.1133,32.7358],[-85.1426,32.7607],[-85.1222,32.7734],[-85.1679,32.8116],[-85.1559,32.8499],[-85.1844,32.8613],[-85.6052,34.9847],[-88.203,35.008],[-88.1546,34.9224],[-88.0979,34.8922],[-88.4732,31.8939],[-88.395,30.3694]]]]},"properties":{"iso3":"USA","shapeId":"66186276B98021244841737","regionId":"USA.1_1","name":"Alabama"}},{"type":"Feature","geometry":{"type":"MultiPolygon","coordinates":[[[[-81.2794,31.3079],[-81.2794,31.3058],[-81.2719,31.3041],[-81.2707,31.3105],[-81.2772,31.3112],[-81.2794,31.3079]]],[[[-84.3219,34.9884],[-85.6052,34.9847],[-85.1844,32.8613],[-85.1559,32.8499],[-85.1679,32.8116],[-85.1222,32.7734],[-85.1426,32.7607],[-85.1133,32.7358],[-85.117,32.692],[-85.0885,32.6578],[-85.1053,32.6448],[-85.0071,32.5239],[-84.9953,32.4532],[-84.963,32.4243],[-85.0071,32.3284],[-84.8891,32.2609],[-84.9244,32.2498],[-84.9127,32.2434],[-84.9282,32.2199],[-84.9721,32.2183],[-84.9646,32.1952],[-85.0113,32.1805],[-85.0611,32.1341],[-85.0493,32.0227],[-85.0678,31.9674],[-85.0867,31.9592],[-85.0789,31.9402],[-85.112,31.8948],[-85.1341,31.8922],[-85.1418,31.8393],[-85.1255,31.695],[-85.0582,31.6202],[-85.0413,31.541],[-85.0922,31.3646],[-85.0898,31.295],[-85.1146,31.2773],[-85.0968,31.2257],[-85.1075,31.1865],[-85.0356,31.1082],[-84.9994,31.0138],[-85.0051,30.9747],[-84.9354,30.8825],[-84.9143,30.7536],[-84.8647,30.7115],[-82.2148,30.5686],[-82.2404,30.5378],[-82.2014,30.4852],[-82.2042,30.4013],[-82.1618,30.3579],[-82.06,30.3603],[-82.0368,30.3779],[-82.0055,30.5635],[-82.0495,30.6556],[-82.0438,30.7296],[-82.0116,30.7631],[-82.0229,30.788],[-81.9739,30.7785],[-81.9498,30.8275],[-81.9109,30.8159],[-81.9014,30.8299],[-81.8686,30.7928],[-81.7932,30.7861],[-81.7832,30.7619],[-81.7633,30.7758],[-81.7199,30.7446],[-81.6728,30.7389],[-81.6833,30.7476],[-81.6633,30.7544],[-81.6492,30.7287],[-81.6244,30.7363],[-81.6107,30.7162],[-81.6009,30.7294],[-81.5384,30.7087],[-81.5312,30.7242],[-81.4873,30.7261],[-81.4441,30.7097],[-81.4601,30.7699],[-81.4041,30.9037],[-81.4034,30.9579],[-81.4085,30.9777],[-81.4269,30.9566],[-81.4937,30.9775],[-81.4514,31.0155],[-81.4205,31.0167],[-81.4013,31.0728],[-81.4095,31.1206],[-81.2905,31.2177],[-81.2696,31.2587],[-81.2943,31.3686],[-81.1766,31.5154],[-81.1983,31.537],[-81.2634,31.5309],[-81.2601,31.5483],[-81.2032,31.5697],[-81.1719,31.559],[-81.1288,31.6314],[-81.1311,31.6958],[-81.1611,31.6914],[-81.2036,31.7195],[-81.1928,31.7333],[-81.1306,31.7227],[-81.0792,31.7627],[-81.0347,31.8164],[-81.0758,31.829],[-81.0653,31.8771],[-80.9927,31.8576],[-80.9301,31.9081],[-80.9685,31.9158],[-80.9843,31.9402],[-80.9427,31.9637],[-80.9214,31.9387],[-80.8628,31.9694],[-80.8404,32.0031],[-80.852,32.0301],[-80.876,32.0168],[-81.0023,32.1001],[-81.0502,32.0853],[-81.1172,32.1176],[-81.1122,32.1508],[-81.1296,32.1656],[-81.1111,32.1727],[-81.1152,32.1941],[-81.1566,32.2439],[-81.1196,32.2876],[-81.1286,32.337],[-81.1605,32.3418],[-81.2051,32.4238],[-81.1868,32.4641],[-81.2797,32.5368],[-81.2813,32.5565],[-81.367,32.5771],[-81.4187,32.6294],[-81.393,32.6515],[-81.4275,32.7019],[-81.4049,32.7462],[-81.4319,32.7689],[-81.4144,32.7789],[-81.4309,32.7834],[-81.418,32.8182],[-81.4265,32.8408],[-81.4568,32.8488],[-81.4529,32.873],[-81.4794,32.8811],[-81.4641,32.8978],[-81.5024,32.9354],[-81.5114,32.9667],[-81.4923,33.0093],[-81.6127,33.094],[-81.7438,33.1415],[-81.7735,33.1805],[-81.7569,33.1979],[-81.7689,33.2175],[-81.8052,33.2115],[-81.8521,33.2476],[-81.8478,33.2657],[-81.8279,33.2637],[-81.8632,33.2889],[-81.8473,33.3068],[-81.8818,33.3037],[-81.902,33.3359],[-81.9137,33.32],[-81.9088,33.3473],[-81.9397,33.3449],[-81.9463,33.3706],[-81.9248,33.3741],[-81.9449,33.408],[-81.9096,33.4126],[-81.9311,33.424],[-81.9134,33.4374],[-81.9263,33.4629],[-81.9859,33.4865],[-82.0463,33.5638],[-82.1862,33.6209],[-82.2475,33.7526],[-82.3245,33.82],[-82.4551,33.8817],[-82.5245,33.9434],[-82.5568,33.9454],[-82.5946,34.0287],[-82.644,34.0722],[-82.6416,34.0922],[-82.7175,34.1505],[-82.7467,34.2664],[-82.7941,34.3398],[-82.835,34.3661],[-82.8588,34.4552],[-82.9016,34.4868],[-83.0029,34.4721],[-83.0347,34.4835],[-83.1589,34.5792],[-83.1592,34.6035],[-83.2318,34.6113],[-83.3426,34.683],[-83.3532,34.7287],[-83.3208,34.7584],[-83.3067,34.8149],[-83.2682,34.8214],[-83.2431,34.8774],[-83.2056,34.8801],[-83.1557,34.9309],[-83.1128,34.9347],[-83.127,34.9538],[-83.114,34.9509],[-83.1029,34.9973],[-84.3219,34.9884]]]]},"properties":{"iso3":"USA","shapeId":"66186276B75419826371250","regionId":"USA.11_1","name":"Georgia"}},{"type":"Feature","geometry":{"type":"Polygon","coordinates":[[[-79.4767,39.7211],[-75.7738,39.7222],[-75.717,39.792],[-75.6347,39.8302],[-75.5184,39.8363],[-75.4151,39.8019],[-75.3418,39.8461],[-75.1437,39.885],[-75.1269,39.9611],[-74.9326,40.0688],[-74.8621,40.0833],[-74.8225,40.1269],[-74.7821,40.1208],[-74.7222,40.1499],[-74.7717,40.2153],[-74.8423,40.2505],[-74.8682,40.2952],[-74.9397,40.338],[-74.9681,40.3991],[-75.0588,40.4181],[-75.0686,40.5422],[-75.1173,40.5732],[-75.1924,40.5743],[-75.2005,40.6492],[-75.1768,40.6757],[-75.2039,40.6915],[-75.1821,40.7315],[-75.1965,40.7516],[-75.1716,40.7778],[-75.1085,40.7911],[-75.0839,40.8245],[-75.0958,40.8471],[-75.051,40.8657],[-75.1338,40.971],[-75.1306,40.9911],[-74.9684,41.0878],[-74.9917,41.0923],[-74.8821,41.1808],[-74.8301,41.2872],[-74.7532,41.3461],[-74.6911,41.3673],[-74.741,41.4051],[-74.7385,41.4306],[-74.8939,41.4389],[-74.9125,41.4756],[-74.9833,41.4809],[-74.9844,41.5066],[-75.0032,41.5081],[-75.0185,41.5518],[-75.0746,41.6057],[-75.0442,41.618],[-75.0688,41.7082],[-75.0499,41.7133],[-75.0534,41.7525],[-75.1046,41.7742],[-75.0722,41.8137],[-75.1133,41.8228],[-75.1156,41.8446],[-75.1615,41.8498],[-75.1706,41.8716],[-75.2605,41.8638],[-75.2791,41.9389],[-75.3596,41.9995],[-79.7614,41.9991],[-79.762,42.2699],[-80.0611,42.1449],[-80.08,42.1636],[-80.0662,42.1719],[-80.1085,42.1692],[-80.1881,42.0943],[-80.5194,41.9775],[-80.5193,39.7214],[-79.4767,39.7211]]]},"properties":{"iso3":"USA","shapeId":"66186276B6628180846672","regionId":"USA.39_1","name":"Pennsylvania"}},{"type":"Feature","geometry":{"type":"Polygon","coordinates":[[[-94.6179,36.4994],[-90.1525,36.498],[-90.1385,36.414],[-90.0645,36.3821],[-90.082,36.3221],[-90.064,36.303],[-90.0837,36.2723],[-90.1149,36.2656],[-90.1264,36.2294],[-90.2204,36.1848],[-90.2356,36.1395],[-90.3192,36.09],[-90.3779,35.9957],[-89.7069,36.001],[-89.6725,36.0918],[-89.5921,36.1356],[-89.607,36.1712],[-89.7045,36.2355],[-89.6986,36.2506],[-89.6024,36.2381],[-89.5348,36.2526],[-89.5395,36.2774],[-89.6203,36.323],[-89.6057,36.3422],[-89.5318,36.3393],[-89.5097,36.3736],[-89.5453,36.4271],[-89.5206,36.4787],[-89.5603,36.5254],[-89.5668,36.5642],[-89.5276,36.5812],[-89.4791,36.5682],[-89.4659,36.53],[-89.4932,36.4701],[-89.4717,36.457],[-89.4173,36.499],[-89.3656,36.6251],[-89.3267,36.6322],[-89.26,36.5652],[-89.2136,36.5801],[-89.1977,36.6289],[-89.1591,36.6664],[-89.1995,36.7161],[-89.1978,36.7394],[-89.1166,36.7676],[-89.1235,36.7853],[-89.1711,36.7981],[-89.1782,36.8346],[-89.138,36.8474],[-89.099,36.9614],[-89.1251,36.9835],[-89.1855,36.9735],[-89.2008,37.0162],[-89.2549,37.072],[-89.3083,37.0684],[-89.3048,37.0476],[-89.26,37.0233],[-89.2786,36.9887],[-89.3839,37.0464],[-89.3787,37.0946],[-89.4561,37.1881],[-89.4588,37.2487],[-89.4899,37.2513],[-89.517,37.2819],[-89.489,37.3334],[-89.4328,37.3471],[-89.4211,37.3877],[-89.5171,37.5373],[-89.5198,37.5828],[-89.4759,37.593],[-89.5177,37.6412],[-89.5167,37.6928],[-89.5833,37.7133],[-89.6173,37.7497],[-89.6634,37.7501],[-89.6696,37.7999],[-89.7399,37.8469],[-89.7864,37.8517],[-89.7993,37.8815],[-89.8427,37.9052],[-89.9018,37.8698],[-89.9506,37.8815],[-89.9749,37.9267],[-89.9251,37.96],[-89.9971,37.9632],[-90.0594,38.0156],[-90.1105,38.0266],[-90.1308,38.0623],[-90.2187,38.0944],[-90.3539,38.2139],[-90.3708,38.3336],[-90.2852,38.4435],[-90.2603,38.5284],[-90.1845,38.6116],[-90.1811,38.6596],[-90.2099,38.7261],[-90.1231,38.7981],[-90.1094,38.8436],[-90.2503,38.9194],[-90.4401,38.9674],[-90.4721,38.9588],[-90.5075,38.9028],[-90.5666,38.8689],[-90.6532,38.9161],[-90.7136,39.0556],[-90.6811,39.1006],[-90.73,39.2559],[-90.9408,39.404],[-91.0383,39.4484],[-91.1003,39.5387],[-91.1536,39.5483],[-91.1819,39.6027],[-91.3678,39.729],[-91.3635,39.7928],[-91.4329,39.8406],[-91.4464,39.8704],[-91.4194,39.9277],[-91.4949,40.0365],[-91.5103,40.128],[-91.4927,40.2782],[-91.4621,40.3424],[-91.4194,40.3783],[-91.4639,40.3757],[-91.4885,40.4043],[-91.5246,40.4108],[-91.5251,40.4579],[-91.5748,40.4657],[-91.6214,40.5101],[-91.6201,40.5408],[-91.6887,40.5574],[-91.6864,40.5809],[-91.7291,40.6136],[-94.2948,40.5713],[-95.7657,40.5852],[-95.7571,40.526],[-95.7086,40.5216],[-95.6787,40.5626],[-95.6559,40.5466],[-95.6617,40.5173],[-95.7,40.5053],[-95.6237,40.3466],[-95.6573,40.3109],[-95.5622,40.2974],[-95.5525,40.2619],[-95.4775,40.2427],[-95.4792,40.1857],[-95.3934,40.1192],[-95.4216,40.059],[-95.4136,40.0384],[-95.3153,40.0121],[-95.2503,39.9487],[-95.2044,39.939],[-95.2019,39.9041],[-95.1497,39.906],[-95.1282,39.8742],[-95.0378,39.8655],[-95.0084,39.9006],[-94.9296,39.8888],[-94.9398,39.8519],[-94.876,39.8133],[-94.9353,39.7756],[-94.9123,39.7593],[-94.8697,39.7729],[-94.863,39.743],[-94.8993,39.724],[-94.9653,39.7391],[-94.9713,39.6864],[-95.0277,39.6655],[-95.0549,39.625],[-95.0493,39.5896],[-95.1032,39.5778],[-95.1093,39.5423],[-94.942,39.3895],[-94.885,39.3898],[-94.8814,39.3704],[-94.91,39.3526],[-94.9053,39.312],[-94.8315,39.2563],[-94.8238,39.2099],[-94.7815,39.2062],[-94.7419,39.1702],[-94.6803,39.1843],[-94.6558,39.1557],[-94.5884,39.1499],[-94.6083,39.118],[-94.6179,36.4994]]]},"properties":{"iso3":"USA","shapeId":"66186276B13694661525286","regionId":"USA.26_1","name":"Missouri"}},{"type":"Feature","geometry":{"type":"Polygon","coordinates":[[[-102.0421,36.993],[-102.0516,41.0024],[-109.0501,41.0007],[-109.0601,38.2755],[-109.0418,38.1647],[-109.0452,36.9991],[-102.0421,36.993]]]},"properties":{"iso3":"USA","shapeId":"66186276B35012827062242","regionId":"USA.6_1","name":"Colorado"}},{"type":"Feature","geometry":{"type":"Polygon","coordinates":[[[-114.0415,41.9939],[-114.0506,37.0004],[-109.0452,36.9991],[-109.0418,38.1647],[-109.0601,38.2755],[-109.0501,41.0007],[-111.0467,40.998],[-111.0467,42.0017],[-114.0415,41.9939]]]},"properties":{"iso3":"USA","shapeId":"66186276B31593004124297","regionId":"USA.45_1","name":"Utah"}},{"type":"Feature","geometry":{"type":"Polygon","coordinates":[[[-88.2001,34.9956],[-88.203,35.008],[-84.3219,34.9884],[-84.2902,35.2256],[-84.2237,35.2691],[-84.1884,35.24],[-84.0981,35.2472],[-84.0526,35.27],[-84.0214,35.3014],[-84.0383,35.3478],[-84.0076,35.3717],[-84.023,35.4117],[-83.9611,35.4641],[-83.9118,35.476],[-83.8801,35.5188],[-83.8256,35.5238],[-83.7717,35.5621],[-83.6089,35.5795],[-83.5856,35.5629],[-83.4983,35.563],[-83.3516,35.6599],[-83.2972,35.6578],[-83.2513,35.7199],[-83.1857,35.7299],[-83.1592,35.7649],[-83.074,35.79],[-82.9921,35.774],[-82.8973,35.8779],[-82.92,35.9284],[-82.8742,35.9527],[-82.805,35.9272],[-82.776,36.0001],[-82.6372,36.0658],[-82.591,36.0336],[-82.6144,36.0035],[-82.6109,35.9674],[-82.5579,35.9539],[-82.4607,36.0078],[-82.4095,36.0834],[-82.3552,36.1156],[-82.2475,36.1309],[-82.2139,36.1591],[-82.148,36.1495],[-82.1271,36.1044],[-82.0331,36.1204],[-81.9081,36.302],[-81.7936,36.3622],[-81.7649,36.3387],[-81.7074,36.3352],[-81.742,36.411],[-81.6953,36.4679],[-81.708,36.5362],[-81.6469,36.6119],[-81.9226,36.6162],[-81.9341,36.5942],[-83.6754,36.6008],[-83.6907,36.5826],[-85.1954,36.6255],[-85.6778,36.6182],[-86.5078,36.6525],[-86.5641,36.6335],[-86.5899,36.6525],[-87.8532,36.6333],[-87.8496,36.6637],[-88.0705,36.6781],[-88.0325,36.5407],[-88.0532,36.4971],[-89.3003,36.5072],[-89.4173,36.499],[-89.4717,36.457],[-89.4932,36.4701],[-89.4854,36.4975],[-89.5392,36.4979],[-89.5197,36.467],[-89.5453,36.4271],[-89.5132,36.3599],[-89.5318,36.3393],[-89.6057,36.3422],[-89.6203,36.323],[-89.5395,36.2774],[-89.5348,36.2526],[-89.6024,36.2381],[-89.6952,36.2528],[-89.7053,36.2399],[-89.5922,36.1501],[-89.6019,36.1195],[-89.68,36.0825],[-89.7069,36.001],[-89.7331,36.0006],[-89.7146,35.963],[-89.6523,35.9215],[-89.6454,35.8914],[-89.7412,35.9068],[-89.7725,35.8651],[-89.7044,35.8357],[-89.7061,35.8183],[-89.7818,35.8051],[-89.8212,35.7567],[-89.8773,35.7414],[-89.91,35.7594],[-89.9563,35.7334],[-89.9558,35.6906],[-89.931,35.6601],[-89.8989,35.6509],[-89.8648,35.6704],[-89.8512,35.6574],[-89.8566,35.6345],[-89.9568,35.5905],[-89.9414,35.5566],[-89.9093,35.548],[-89.909,35.5206],[-89.948,35.5201],[-89.9894,35.56],[-90.0286,35.5553],[-90.0503,35.5153],[-90.0188,35.4648],[-90.0566,35.4038],[-90.0416,35.3966],[-90.0693,35.4083],[-90.0671,35.4648],[-90.0987,35.4786],[-90.169,35.4219],[-90.1793,35.3852],[-90.1355,35.3767],[-90.1462,35.3995],[-90.1305,35.4138],[-90.075,35.3842],[-90.1103,35.3428],[-90.1091,35.305],[-90.1589,35.3006],[-90.1688,35.2791],[-90.0788,35.2278],[-90.0768,35.2088],[-90.1174,35.1879],[-90.0654,35.1377],[-90.1006,35.1167],[-90.1601,35.1288],[-90.2001,35.0328],[-90.292,35.0418],[-90.3099,35.0098],[-90.3093,34.9957],[-88.2001,34.9956]]]},"properties":{"iso3":"USA","shapeId":"66186276B52324970173776","regionId":"USA.43_1","name":"Tennessee"}},{"type":"Feature","geometry":{"type":"Polygon","coordinates":[[[-111.0467,42.0017],[-111.0467,40.998],[-104.0533,41.0014],[-104.0579,44.9976],[-111.0546,45.001],[-111.0467,42.0017]]]},"properties":{"iso3":"USA","shapeId":"66186276B10933057601622","regionId":"USA.51_1","name":"Wyoming"}},{"type":"Feature","geometry":{"type":"MultiPolygon","coordinates":[[[[-72.0368,41.2499],[-71.9214,41.2921],[-72.0027,41.2664],[-72.0205,41.2759],[-72.0368,41.2499]]],[[[-72.1429,41.0978],[-72.1064,41.0889],[-72.087,41.0583],[-72.0795,41.1007],[-72.1298,41.1239],[-72.1429,41.0978]]],[[[-72.211,41.179],[-72.1986,41.165],[-72.161,41.1887],[-72.211,41.179]]],[[[-73.7734,40.8595],[-73.7724,40.8474],[-73.7696,40.8447],[-73.7672,40.8449],[-73.7694,40.8482],[-73.768,40.8538],[-73.7653,40.8554],[-73.7706,40.8603],[-73.7734,40.8595]]],[[[-73.7728,40.8846],[-73.7753,40.8822],[-73.7709,40.8793],[-73.7674,40.8807],[-73.7673,40.8869],[-73.7706,40.8884],[-73.7728,40.8846]]],[[[-74.0271,40.6851],[-74.0254,40.6842],[-74.0131,40.6878],[-74.0121,40.6907],[-74.0155,40.6934],[-74.0195,40.6934],[-74.0271,40.6851]]],[[[-74.0469,40.6911],[-74.0445,40.6885],[-74.038,40.699],[-74.0394,40.7005],[-74.0469,40.6911]]],[[[-74.1617,40.6459],[-74.1613,40.6418],[-74.1592,40.6415],[-74.1576,40.6432],[-74.1586,40.6447],[-74.1617,40.6459]]],[[[-74.2561,40.5079],[-74.2198,40.5026],[-74.1115,40.5469],[-74.0531,40.6037],[-74.0697,40.6412],[-74.1894,40.6421],[-74.2109,40.5609],[-74.2478,40.5434],[-74.2561,40.5079]]],[[[-76.1475,43.9425],[-76.1447,43.9402],[-76.1407,43.9423],[-76.1426,43.9442],[-76.1475,43.9425]]],[[[-76.1872,44.0139],[-76.1766,44.0172],[-76.1694,44.0225],[-76.1697,44.0249],[-76.1735,44.0247],[-76.1872,44.0139]]],[[[-76.3368,44.0342],[-76.3213,44.0312],[-76.3177,44.0514],[-76.3368,44.0342]]],[[[-76.3567,43.8783],[-76.3264,43.881],[-76.3013,43.9178],[-76.3567,43.8783]]],[[[-76.3738,43.8748],[-76.366,43.8762],[-76.3642,43.8786],[-76.3679,43.879],[-76.3738,43.8748]]],[[[-76.3833,44.0374],[-76.3469,44.0389],[-76.3421,44.0538],[-76.3833,44.0374]]],[[[-76.3986,43.8841],[-76.3958,43.8827],[-76.3923,43.8879],[-76.3946,43.8881],[-76.3986,43.8841]]],[[[-76.446,43.8903],[-76.4446,43.8875],[-76.4392,43.8878],[-76.4341,43.891],[-76.4295,43.8902],[-76.4077,43.9],[-76.4,43.9017],[-76.3886,43.9081],[-76.3838,43.9174],[-76.3795,43.9186],[-76.3779,43.9212],[-76.3906,43.9219],[-76.4,43.9203],[-76.4065,43.9212],[-76.4266,43.9084],[-76.446,43.8903]]],[[[-73.265,42.7459],[-73.2909,42.8019],[-73.2416,43.535],[-73.2586,43.565],[-73.2946,43.579],[-73.3062,43.628],[-73.3719,43.6245],[-73.3958,43.5681],[-73.4312,43.5883],[-73.4265,43.6426],[-73.3506,43.7719],[-73.3925,43.8208],[-73.3741,43.8756],[-73.4086,43.9329],[-73.4077,44.0213],[-73.4377,44.045],[-73.3906,44.1909],[-73.3129,44.2654],[-73.3349,44.3644],[-73.2936,44.4406],[-73.3067,44.5003],[-73.3902,44.6184],[-73.3613,44.6945],[-73.3656,44.7418],[-73.3332,44.7888],[-73.3814,44.845],[-73.339,44.9177],[-73.3546,44.9874],[-73.3431,45.0108],[-74.1468,44.9915],[-74.6703,45.0062],[-74.7313,44.9904],[-74.8266,45.0159],[-74.908,44.9834],[-74.9928,44.9775],[-75.0648,44.9295],[-75.3076,44.8368],[-75.7662,44.5159],[-75.8208,44.4323],[-75.913,44.3681],[-76.1618,44.2808],[-76.1643,44.2396],[-76.2068,44.2146],[-76.3126,44.1991],[-76.3707,44.1005],[-76.3442,44.0879],[-76.3603,44.0709],[-76.2953,44.0587],[-76.301,44.0099],[-76.2659,43.9946],[-76.2807,43.9597],[-76.2369,43.9779],[-76.1997,44.0256],[-76.2787,44.0161],[-76.2727,44.0408],[-76.2016,44.079],[-76.2114,44.0574],[-76.1551,44.0644],[-76.1683,44.0327],[-76.1207,44.0313],[-76.2026,43.9894],[-76.2003,43.9679],[-76.159,43.959],[-76.0851,43.9951],[-76.0591,43.9857],[-76.1344,43.9457],[-76.1273,43.8979],[-76.1998,43.8543],[-76.2374,43.8636],[-76.2138,43.9002],[-76.2974,43.8559],[-76.2991,43.8385],[-76.235,43.8226],[-76.201,43.6967],[-76.2035,43.575],[-76.2358,43.5293],[-76.3044,43.5127],[-76.4176,43.5213],[-76.6308,43.4134],[-76.6984,43.3444],[-76.9524,43.2703],[-77.1075,43.2896],[-77.3411,43.2807],[-77.5396,43.2351],[-77.7602,43.3412],[-77.9764,43.3692],[-78.3702,43.3765],[-78.6343,43.3576],[-79.0705,43.2625],[-79.0561,43.2542],[-79.0424,43.1437],[-79.0691,43.12],[-79.058,43.107],[-79.0745,43.0779],[-78.9994,43.0561],[-79.02,42.9948],[-78.9189,42.9469],[-78.9061,42.8993],[-78.8595,42.8414],[-78.8718,42.8227],[-78.8535,42.784],[-78.9182,42.7373],[-79.0468,42.6914],[-79.0638,42.6448],[-79.1114,42.6134],[-79.1487,42.5537],[-79.3545,42.4941],[-79.4535,42.4112],[-79.762,42.2699],[-79.7614,41.9991],[-75.3596,41.9995],[-75.2791,41.9389],[-75.2605,41.8638],[-75.1706,41.8716],[-75.1615,41.8498],[-75.1156,41.8446],[-75.1133,41.8228],[-75.0722,41.8137],[-75.1046,41.7742],[-75.0534,41.7525],[-75.0499,41.7133],[-75.0688,41.7082],[-75.0442,41.618],[-75.0746,41.6057],[-75.0185,41.5518],[-75.0032,41.5081],[-74.9844,41.5066],[-74.9833,41.4809],[-74.9125,41.4756],[-74.8939,41.4389],[-74.7385,41.4306],[-74.741,41.4051],[-74.6964,41.3573],[-73.894,40.9972],[-73.929,40.8896],[-74.0138,40.7566],[-74.0245,40.7094],[-73.9967,40.7009],[-74.0424,40.6249],[-74.0033,40.5958],[-74.012,40.5745],[-73.9316,40.576],[-73.9406,40.5429],[-73.7749,40.5908],[-73.5735,40.578],[-73.3418,40.6327],[-73.2623,40.622],[-73.055,40.6664],[-72.4741,40.8408],[-71.8739,41.0523],[-71.8575,41.0736],[-71.9043,41.086],[-71.9552,41.0731],[-71.9635,41.0425],[-71.9914,41.0488],[-72.1022,40.9915],[-72.1539,41.0519],[-72.1906,41.0326],[-72.2605,41.0421],[-72.2774,41.0787],[-72.3172,41.0887],[-72.3383,41.1149],[-72.3266,41.1322],[-72.2886,41.1285],[-72.2948,41.1133],[-72.232,41.1612],[-72.2788,41.1587],[-72.3541,41.14],[-72.397,41.0963],[-72.6356,40.982],[-72.9138,40.9625],[-73.1183,40.9781],[-73.1596,40.9685],[-73.149,40.9289],[-73.2284,40.906],[-73.3528,40.9267],[-73.3929,40.9553],[-73.4074,40.9162],[-73.3681,40.9299],[-73.3551,40.9128],[-73.4162,40.9044],[-73.434,40.909],[-73.4367,40.9349],[-73.4854,40.9464],[-73.4976,40.9228],[-73.4646,40.8682],[-73.4948,40.8948],[-73.5088,40.8938],[-73.5062,40.8724],[-73.5419,40.8769],[-73.5478,40.9036],[-73.5236,40.9096],[-73.5331,40.8853],[-73.5203,40.8867],[-73.5074,40.9087],[-73.57,40.9154],[-73.6398,40.8966],[-73.6544,40.8782],[-73.6486,40.8288],[-73.6756,40.857],[-73.7296,40.8665],[-73.737,40.8478],[-73.7061,40.8159],[-73.753,40.8384],[-73.7589,40.7691],[-73.8026,40.8123],[-73.8126,40.8587],[-73.7826,40.8376],[-73.7813,40.8855],[-73.656,40.9796],[-73.6553,41.0123],[-73.7278,41.1007],[-73.4827,41.2128],[-73.551,41.2954],[-73.4896,42.0001],[-73.4873,42.0496],[-73.5081,42.0863],[-73.265,42.7459]]]]},"properties":{"iso3":"USA","shapeId":"66186276B43575054209436","regionId":"USA.33_1","name":"New York"}},{"type":"Feature","geometry":{"type":"Polygon","coordinates":[[[-94.618,36.9989],[-94.6083,39.118],[-94.5884,39.1499],[-94.6558,39.1557],[-94.6803,39.1843],[-94.7419,39.1702],[-94.7815,39.2062],[-94.8238,39.2099],[-94.8315,39.2563],[-94.9053,39.312],[-94.91,39.3526],[-94.8814,39.3704],[-94.885,39.3898],[-94.942,39.3895],[-95.1093,39.5423],[-95.1032,39.5778],[-95.0493,39.5896],[-95.0549,39.625],[-95.0277,39.6655],[-94.9713,39.6864],[-94.9653,39.7391],[-94.8993,39.724],[-94.863,39.743],[-94.8697,39.7729],[-94.9123,39.7593],[-94.9353,39.7756],[-94.8841,39.7942],[-94.8771,39.8238],[-94.9398,39.8519],[-94.9274,39.884],[-94.9515,39.9005],[-95.0084,39.9006],[-95.0378,39.8655],[-95.085,39.8619],[-95.1348,39.8769],[-95.1497,39.906],[-95.2019,39.9041],[-95.2044,39.939],[-95.2503,39.9487],[-95.3083,40.0],[-102.0518,40.0031],[-102.0421,36.993],[-94.618,36.9989]]]},"properties":{"iso3":"USA","shapeId":"66186276B64014601259366","regionId":"USA.17_1","name":"Kansas"}},{"type":"Feature","geometry":{"type":"MultiPolygon","coordinates":[[[[179.4824,51.9828],[179.4846,51.9213],[179.6143,51.8718],[179.743,51.9117],[179.7785,51.9622],[179.6476,52.0263],[179.5828,52.0168],[179.5267,51.9812],[179.4824,51.9828]]],[[[178.6255,51.6373],[178.706,51.5932],[178.785,51.5719],[178.8436,51.5786],[178.9516,51.542],[179.0603,51.4549],[179.2616,51.3577],[179.4676,51.3716],[179.3862,51.4044],[179.2362,51.4096],[179.1911,51.4629],[179.0768,51.4985],[178.9208,51.5861],[178.9039,51.6149],[178.738,51.6327],[178.664,51.6619],[178.6255,51.6373]]],[[[178.4469,51.9782],[178.5025,51.8996],[178.5394,51.9032],[178.5902,51.9455],[178.5526,51.974],[178.4469,51.9782]]],[[[178.2369,51.8282],[178.3085,51.7757],[178.3807,51.7639],[178.3103,51.82],[178.2369,51.8282]]],[[[178.0946,52.0333],[178.1059,51.9984],[178.1325,51.987],[178.1909,52.0035],[178.1799,52.0332],[178.1417,52.051],[178.0946,52.0333]]],[[[178.0184,51.8791],[178.0184,51.8746],[178.0225,51.871],[178.0296,51.8715],[178.0327,51.8746],[178.0311,51.8791],[178.024,51.8807],[178.0184,51.8791]]],[[[177.3569,52.1237],[177.3573,52.1192],[177.3618,52.1167],[177.3681,52.1184],[177.3713,52.1218],[177.3688,52.1258],[177.3631,52.126],[177.3569,52.1237]]],[[[177.2033,51.8966],[177.204,51.8805],[177.3118,51.826],[177.334,51.8444],[177.3268,51.8736],[177.3739,51.9198],[177.601,51.9223],[177.6075,51.9547],[177.5327,51.9701],[177.6759,52.0922],[177.6027,52.1373],[177.5634,52.122],[177.5053,52.0388],[177.4974,51.9933],[177.3456,51.963],[177.2913,51.9194],[177.2033,51.8966]]],[[[175.8743,52.371],[175.9113,52.3348],[175.9442,52.3364],[175.9665,52.3597],[175.8743,52.371]]],[[[174.0692,52.7349],[174.0718,52.7183],[174.1581,52.7061],[174.1331,52.7338],[174.0692,52.7349]]],[[[173.9541,52.7514],[173.9726,52.7294],[174.0217,52.7303],[173.9541,52.7514]]],[[[173.8674,52.7751],[173.8947,52.7508],[173.94,52.7519],[173.8674,52.7751]]],[[[173.3561,52.4056],[173.4838,52.3835],[173.5888,52.401],[173.6448,52.3576],[173.7257,52.3566],[173.6916,52.4459],[173.7077,52.4774],[173.7728,52.5099],[173.6239,52.5069],[173.5875,52.4768],[173.5453,52.476],[173.5301,52.45],[173.4401,52.4537],[173.3561,52.4056]]],[[[172.4617,52.9272],[172.513,52.9052],[172.6404,52.9254],[172.7542,52.8775],[172.7634,52.8237],[172.8094,52.7893],[172.9036,52.7617],[172.9985,52.797],[173.1427,52.7863],[173.224,52.8564],[173.3023,52.8233],[173.4277,52.8308],[173.2954,52.927],[173.2117,52.9395],[173.1072,52.9932],[172.6433,53.005],[172.4617,52.9272]]],[[[-130.9831,55.366],[-130.9701,55.316],[-130.9333,55.3331],[-130.9482,55.3825],[-130.9831,55.366]]],[[[-131.0433,55.3035],[-131.0448,55.2985],[-131.0429,55.2928],[-131.0349,55.2849],[-131.0309,55.2853],[-131.0272,55.2878],[-131.0303,55.2926],[-131.0307,55.3048],[-131.0409,55.3054],[-131.0433,55.3035]]],[[[-131.065,55.0962],[-131.0652,55.095],[-131.0517,55.0878],[-131.0494,55.0898],[-131.0486,55.0986],[-131.0575,55.1002],[-131.0642,55.0979],[-131.065,55.0962]]],[[[-131.2071,54.8698],[-131.2054,54.8658],[-131.1976,54.8677],[-131.1947,54.8712],[-131.1957,54.8738],[-131.2071,54.8698]]],[[[-131.2447,55.0745],[-131.1968,55.0432],[-131.1751,55.0867],[-131.2071,55.1137],[-131.2447,55.0745]]],[[[-131.27,55.3608],[-131.2659,55.3567],[-131.2538,55.3517],[-131.2572,55.355],[-131.2563,55.3614],[-131.2592,55.3639],[-131.262,55.362],[-131.27,55.3608]]],[[[-131.2877,55.0126],[-131.2904,55.01],[-131.2847,55.0102],[-131.2691,55.0145],[-131.2654,55.0129],[-131.2525,55.0124],[-131.2542,55.0151],[-131.2508,55.0166],[-131.247,55.025],[-131.2343,55.0304],[-131.2284,55.0304],[-131.2166,55.0347],[-131.2154,55.0364],[-131.2398,55.0346],[-131.2442,55.0373],[-131.2506,55.0367],[-131.2607,55.0286],[-131.2786,55.0257],[-131.2818,55.0178],[-131.2877,55.0126]]],[[[-131.3109,55.0026],[-131.3109,54.999],[-131.3069,54.9984],[-131.2999,55.0011],[-131.2983,55.0048],[-131.3075,55.0043],[-131.3109,55.0026]]],[[[-131.3353,55.1882],[-131.3347,55.1849],[-131.3308,55.1833],[-131.3275,55.1849],[-131.3284,55.1866],[-131.3308,55.1884],[-131.3353,55.1882]]],[[[-131.3865,55.2509],[-131.3839,55.2473],[-131.3829,55.2511],[-131.3865,55.2509]]],[[[-131.4587,55.266],[-131.4266,55.2385],[-131.3975,55.2397],[-131.4587,55.266]]],[[[-131.4984,54.9347],[-131.3436,54.8558],[-131.3168,54.8794],[-131.2628,54.8604],[-131.1911,54.9182],[-131.2455,54.9335],[-131.2326,54.9462],[-131.2544,54.9757],[-131.235,54.9887],[-131.2442,55.0033],[-131.335,54.9949],[-131.3331,54.9807],[-131.4122,54.9638],[-131.467,54.9685],[-131.4984,54.9347]]],[[[-131.512,55.2651],[-131.5061,55.2628],[-131.5001,55.2646],[-131.5082,55.2672],[-131.512,55.2651]]],[[[-131.5396,55.0024],[-131.5204,54.958],[-131.5007,54.9665],[-131.498,54.9912],[-131.5396,55.0024]]],[[[-131.6176,54.948],[-131.5887,54.9308],[-131.5339,54.9551],[-131.5887,54.9704],[-131.6176,54.948]]],[[[-131.6482,55.0465],[-131.6449,55.0112],[-131.6104,55.0133],[-131.623,55.0034],[-131.6078,54.9939],[-131.5448,55.0254],[-131.5237,55.063],[-131.4928,55.0118],[-131.3856,55.0118],[-131.3511,55.0622],[-131.3742,55.0928],[-131.3516,55.1186],[-131.3642,55.1632],[-131.3264,55.1698],[-131.5724,55.2861],[-131.5508,55.2684],[-131.5916,55.2739],[-131.6099,55.2386],[-131.5814,55.1842],[-131.6097,55.1827],[-131.532,55.1376],[-131.5455,55.1181],[-131.5992,55.1259],[-131.6137,55.0967],[-131.5916,55.0883],[-131.6482,55.0465]]],[[[-131.6593,55.3319],[-131.6464,55.3207],[-131.635,55.316],[-131.6278,55.3148],[-131.6135,55.3064],[-131.6045,55.3032],[-131.595,55.306],[-131.5941,55.3075],[-131.6107,55.3146],[-131.6129,55.3183],[-131.6225,55.325],[-131.6328,55.3287],[-131.6337,55.3306],[-131.6584,55.3377],[-131.6593,55.3319]]],[[[-131.7123,55.1175],[-131.7077,55.1124],[-131.7062,55.1196],[-131.7092,55.1198],[-131.7123,55.1175]]],[[[-131.7171,55.857],[-131.5892,55.8528],[-131.5853,55.8662],[-131.6487,55.9129],[-131.6895,55.8902],[-131.6926,55.8615],[-131.7171,55.857]]],[[[-131.7292,55.5493],[-131.7178,55.5289],[-131.7031,55.5621],[-131.7292,55.5493]]],[[[-131.7407,55.1258],[-131.7404,55.1215],[-131.736,55.1198],[-131.7313,55.1201],[-131.7298,55.1249],[-131.7381,55.1277],[-131.7407,55.1258]]],[[[-131.7436,55.112],[-131.7397,55.1094],[-131.7334,55.11],[-131.7325,55.1126],[-131.7372,55.1138],[-131.7436,55.112]]],[[[-131.8054,55.4843],[-131.8066,55.4827],[-131.8022,55.4827],[-131.8015,55.4874],[-131.8054,55.4843]]],[[[-131.8414,55.8526],[-131.8389,55.849],[-131.8303,55.8457],[-131.8226,55.8458],[-131.8161,55.8507],[-131.8138,55.8506],[-131.8294,55.8573],[-131.836,55.8577],[-131.8414,55.8526]]],[[[-131.851,55.5255],[-131.8238,55.4802],[-131.7549,55.5176],[-131.7537,55.5434],[-131.851,55.5255]]],[[[-131.9776,55.1456],[-131.9785,55.1432],[-131.9741,55.14],[-131.9691,55.1406],[-131.9633,55.1438],[-131.9606,55.1433],[-131.9588,55.1541],[-131.967,55.1509],[-131.9685,55.1484],[-131.9776,55.1456]]],[[[-132.0042,55.0563],[-131.9983,55.0458],[-131.9945,55.0456],[-131.9917,55.0473],[-131.9953,55.0522],[-131.9889,55.0575],[-131.9939,55.0596],[-132.0034,55.059],[-132.0042,55.0563]]],[[[-132.0169,55.066],[-132.0163,55.0593],[-132.0068,55.0661],[-132.0073,55.0694],[-132.0169,55.066]]],[[[-132.0429,55.0428],[-132.0441,55.0417],[-132.0387,55.0412],[-132.0341,55.0438],[-132.0255,55.0435],[-132.0239,55.0465],[-132.0279,55.0483],[-132.0429,55.0428]]],[[[-132.0687,56.0367],[-132.0356,55.9757],[-131.9814,56.0149],[-132.0314,56.0955],[-132.0687,56.0367]]],[[[-132.0798,56.1051],[-132.0798,56.1033],[-132.0728,56.1019],[-132.0691,56.1079],[-132.0757,56.1081],[-132.0798,56.1051]]],[[[-132.0839,55.2942],[-132.0833,55.2907],[-132.0743,55.2938],[-132.0735,55.3023],[-132.083,55.2984],[-132.0839,55.2942]]],[[[-132.0849,55.0528],[-132.0829,55.0517],[-132.0626,55.0514],[-132.0642,55.055],[-132.0593,55.0578],[-132.0614,55.059],[-132.0671,55.0571],[-132.0768,55.0581],[-132.0799,55.0537],[-132.0849,55.0528]]],[[[-132.0917,55.8956],[-132.0907,55.8924],[-132.088,55.894],[-132.0908,55.8968],[-132.0917,55.8956]]],[[[-132.0986,56.0776],[-132.0913,56.0787],[-132.0936,56.0829],[-132.0986,56.0776]]],[[[-132.1172,56.0334],[-132.0962,56.0234],[-132.0946,56.0531],[-132.1172,56.0334]]],[[[-132.1224,55.2266],[-132.1201,55.2247],[-132.1152,55.2257],[-132.1121,55.2297],[-132.1175,55.2294],[-132.1224,55.2266]]],[[[-132.1283,55.9328],[-132.1292,55.9312],[-132.1265,55.9292],[-132.124,55.9337],[-132.1283,55.9328]]],[[[-132.147,56.1503],[-132.1453,56.1484],[-132.1424,56.1483],[-132.1435,56.1516],[-132.1454,56.1521],[-132.147,56.1503]]],[[[-132.1476,55.4454],[-132.1459,55.4413],[-132.1329,55.439],[-132.1272,55.4364],[-132.1116,55.4387],[-132.1085,55.4411],[-132.1119,55.4455],[-132.1182,55.4467],[-132.1284,55.4461],[-132.1348,55.4502],[-132.1469,55.4478],[-132.1476,55.4454]]],[[[-132.1481,56.0643],[-132.1459,56.0594],[-132.138,56.0586],[-132.141,56.0652],[-132.1463,56.0661],[-132.1481,56.0643]]],[[[-132.2131,55.4035],[-132.2063,55.3976],[-132.2016,55.4],[-132.1959,55.4001],[-132.1924,55.3978],[-132.1814,55.3995],[-132.1692,55.3951],[-132.1632,55.3966],[-132.1644,55.4008],[-132.1771,55.4013],[-132.1854,55.4052],[-132.1983,55.4065],[-132.2128,55.4048],[-132.2131,55.4035]]],[[[-132.3822,55.5035],[-132.367,55.4936],[-132.3576,55.493],[-132.3525,55.4905],[-132.3429,55.4903],[-132.3386,55.4881],[-132.3326,55.4885],[-132.3289,55.4868],[-132.3214,55.4903],[-132.3222,55.4938],[-132.3289,55.4929],[-132.332,55.494],[-132.3328,55.4994],[-132.3377,55.4997],[-132.3421,55.5043],[-132.3601,55.5062],[-132.3617,55.5077],[-132.3646,55.507],[-132.3682,55.5022],[-132.3739,55.5041],[-132.3822,55.5035]]],[[[-132.3847,55.5166],[-132.3858,55.5151],[-132.382,55.5129],[-132.3804,55.5164],[-132.3821,55.5174],[-132.3847,55.5166]]],[[[-132.3942,55.5072],[-132.3919,55.5051],[-132.3876,55.5049],[-132.3916,55.5082],[-132.3942,55.5072]]],[[[-132.4149,55.9198],[-132.4143,55.9177],[-132.4099,55.9163],[-132.4085,55.9213],[-132.4137,55.9212],[-132.4149,55.9198]]],[[[-132.4775,56.5197],[-132.4386,56.5267],[-132.4704,56.5455],[-132.4775,56.5197]]],[[[-132.4825,56.5702],[-132.4402,56.5679],[-132.4008,56.6069],[-132.4825,56.5702]]],[[[-132.4899,56.501],[-132.4904,56.4989],[-132.4873,56.4971],[-132.4816,56.4968],[-132.4754,56.5002],[-132.479,56.5045],[-132.4856,56.505],[-132.4899,56.5034],[-132.4899,56.501]]],[[[-132.503,56.0553],[-132.5024,56.0525],[-132.4996,56.0517],[-132.495,56.0524],[-132.4932,56.0553],[-132.4986,56.0562],[-132.503,56.0553]]],[[[-132.5618,56.3936],[-132.5554,56.3691],[-132.5221,56.3539],[-132.4384,56.3901],[-132.4018,56.3849],[-132.4068,56.409],[-132.4926,56.4403],[-132.5618,56.3936]]],[[[-132.5667,56.5303],[-132.5365,56.5135],[-132.5194,56.5586],[-132.5667,56.5303]]],[[[-132.6166,56.5063],[-132.5904,56.4872],[-132.5579,56.4956],[-132.5824,56.5135],[-132.6166,56.5063]]],[[[-132.6493,56.6931],[-132.6455,56.6902],[-132.6417,56.6919],[-132.6426,56.6939],[-132.6462,56.6945],[-132.6493,56.6931]]],[[[-132.6535,56.4813],[-132.6041,56.4492],[-132.5777,56.453],[-132.6191,56.4878],[-132.6535,56.4813]]],[[[-132.6979,55.0927],[-132.6983,55.0896],[-132.6931,55.0855],[-132.691,55.0938],[-132.6938,55.0956],[-132.6979,55.0927]]],[[[-132.7096,56.0939],[-132.71,56.0923],[-132.6926,56.0781],[-132.6873,56.076],[-132.6874,56.0781],[-132.701,56.0901],[-132.7073,56.0947],[-132.7096,56.0939]]],[[[-132.7199,56.118],[-132.7175,56.1133],[-132.7145,56.1123],[-132.7107,56.1144],[-132.7109,56.1161],[-132.7149,56.1185],[-132.7188,56.119],[-132.7199,56.118]]],[[[-132.7407,54.9832],[-132.7409,54.9794],[-132.7281,54.9782],[-132.7204,54.9749],[-132.7159,54.9764],[-132.7181,54.9838],[-132.7226,54.9892],[-132.7383,54.9887],[-132.7407,54.9832]]],[[[-132.7534,54.9505],[-132.7391,54.9443],[-132.7368,54.9449],[-132.744,54.9514],[-132.7534,54.9505]]],[[[-132.7724,56.4947],[-132.7712,56.492],[-132.7672,56.4918],[-132.7624,56.4938],[-132.7679,56.4964],[-132.7724,56.4947]]],[[[-132.8279,54.8827],[-132.8284,54.8804],[-132.8146,54.8779],[-132.8177,54.8809],[-132.8279,54.8827]]],[[[-132.8295,54.9211],[-132.804,54.8679],[-132.7045,54.815],[-132.6779,54.7664],[-132.6352,54.7495],[-132.6109,54.7664],[-132.6256,54.805],[-132.6951,54.8449],[-132.6264,54.8445],[-132.6562,54.8595],[-132.623,54.879],[-132.6538,54.9081],[-132.7256,54.9195],[-132.7118,54.93],[-132.7254,54.9402],[-132.8295,54.9211]]],[[[-132.8904,56.1737],[-132.889,56.1678],[-132.8816,56.1619],[-132.8789,56.1626],[-132.8828,56.1703],[-132.8865,56.1737],[-132.8904,56.1737]]],[[[-132.8897,54.9748],[-132.8628,54.9432],[-132.8238,54.9427],[-132.8357,54.9653],[-132.8234,54.9798],[-132.8555,54.9921],[-132.8897,54.9748]]],[[[-132.9161,56.8932],[-132.9161,56.8877],[-132.9087,56.8864],[-132.9063,56.8871],[-132.9087,56.8915],[-132.9161,56.8932]]],[[[-132.9249,56.193],[-132.9262,56.1915],[-132.9232,56.1899],[-132.9187,56.19],[-132.9192,56.1926],[-132.9127,56.1987],[-132.917,56.2031],[-132.9247,56.2029],[-132.9249,56.193]]],[[[-132.9375,55.0689],[-132.9134,55.0439],[-132.8883,55.0682],[-132.8918,55.0908],[-132.9375,55.0689]]],[[[-132.9408,56.1293],[-132.8965,56.0997],[-132.8486,56.1147],[-132.8792,56.1466],[-132.9246,56.1485],[-132.9408,56.1293]]],[[[-132.9446,56.8966],[-132.9372,56.8886],[-132.9325,56.8873],[-132.9303,56.8902],[-132.9332,56.8976],[-132.9384,56.8983],[-132.9446,56.8966]]],[[[-132.9497,56.1514],[-132.9466,56.1482],[-132.941,56.1559],[-132.9432,56.1568],[-132.9497,56.1514]]],[[[-132.9497,56.1423],[-132.9464,56.138],[-132.9428,56.1384],[-132.9453,56.1425],[-132.9497,56.1423]]],[[[-132.9782,56.1747],[-132.9808,56.1744],[-132.9771,56.1715],[-132.968,56.171],[-132.9694,56.1728],[-132.9782,56.1747]]],[[[-133.0039,56.1979],[-132.9484,56.1642],[-132.8928,56.1577],[-132.9635,56.1986],[-133.0039,56.1979]]],[[[-133.0053,56.258],[-132.9714,56.2489],[-132.9597,56.2662],[-132.9968,56.2768],[-133.0053,56.258]]],[[[-133.0078,56.2247],[-132.9156,56.2066],[-132.9605,56.2409],[-133.006,56.2431],[-133.0078,56.2247]]],[[[-133.011,56.2073],[-133.0071,56.2045],[-133.0031,56.2053],[-133.0054,56.2082],[-133.011,56.2073]]],[[[-133.0127,56.1863],[-133.0014,56.1545],[-132.9707,56.1535],[-133.0127,56.1863]]],[[[-133.0145,55.1628],[-133.0116,55.1554],[-132.989,55.1577],[-132.9669,55.1651],[-132.9657,55.173],[-132.9698,55.1757],[-132.9864,55.1732],[-132.995,55.1706],[-133.0031,55.1647],[-133.0145,55.1628]]],[[[-133.0277,56.2349],[-133.029,56.2333],[-133.0255,56.2296],[-133.0214,56.2342],[-133.0218,56.2374],[-133.0271,56.2366],[-133.0277,56.2349]]],[[[-133.046,56.2219],[-133.0458,56.2173],[-133.0431,56.2163],[-133.0406,56.2174],[-133.0416,56.2202],[-133.046,56.2219]]],[[[-133.0588,56.235],[-133.0607,56.2343],[-133.0555,56.2299],[-133.0542,56.2334],[-133.0555,56.2353],[-133.0588,56.235]]],[[[-133.0701,56.3552],[-133.066,56.3309],[-132.9597,56.2955],[-132.8585,56.2327],[-132.6591,56.2759],[-132.6514,56.2966],[-132.678,56.3505],[-132.6221,56.3918],[-132.633,56.4223],[-132.7163,56.4567],[-132.8116,56.4404],[-132.9277,56.4582],[-133.0114,56.4247],[-133.0701,56.3552]]],[[[-133.0817,56.0557],[-133.0785,56.0476],[-133.0747,56.0455],[-133.0706,56.0462],[-133.0687,56.0471],[-133.0695,56.0519],[-133.0753,56.0605],[-133.0809,56.0601],[-133.0817,56.0557]]],[[[-133.0829,56.0931],[-133.0526,56.0552],[-132.9773,56.0727],[-133.0014,56.101],[-132.9903,56.1112],[-133.0591,56.1341],[-133.057,56.1118],[-133.0829,56.0931]]],[[[-133.1264,56.4622],[-133.112,56.4495],[-133.0551,56.4629],[-133.1264,56.4622]]],[[[-133.202,55.4719],[-133.2032,55.47],[-133.188,55.4643],[-133.1875,55.4696],[-133.202,55.4719]]],[[[-133.2676,55.176],[-133.2659,55.1742],[-133.2536,55.1737],[-133.2524,55.1755],[-133.2576,55.1801],[-133.2676,55.176]]],[[[-133.2885,57.31],[-133.2902,57.3087],[-133.2873,57.3068],[-133.2878,57.3044],[-133.2833,57.3008],[-133.2799,57.3005],[-133.278,57.3017],[-133.2838,57.3095],[-133.2885,57.31]]],[[[-133.3114,56.4598],[-133.3124,56.458],[-133.3097,56.4567],[-133.3018,56.4569],[-133.2975,56.4554],[-133.2953,56.4581],[-133.2898,56.4585],[-133.2902,56.4615],[-133.3,56.464],[-133.3114,56.4598]]],[[[-133.3243,55.4183],[-133.3072,55.4001],[-133.2539,55.4057],[-133.2325,55.4436],[-133.2974,55.445],[-133.3243,55.4183]]],[[[-133.3943,55.3546],[-133.3907,55.3517],[-133.3862,55.3529],[-133.3838,55.356],[-133.3871,55.3583],[-133.3926,55.3571],[-133.3943,55.3546]]],[[[-133.4557,55.5322],[-133.4072,55.4962],[-133.4122,55.473],[-133.3609,55.449],[-133.2798,55.504],[-133.2891,55.5488],[-133.3174,55.5692],[-133.4158,55.5688],[-133.4517,55.5547],[-133.4557,55.5322]]],[[[-133.4722,55.8941],[-133.4696,55.8916],[-133.4573,55.8898],[-133.447,55.8905],[-133.4439,55.8921],[-133.458,55.8968],[-133.4722,55.8941]]],[[[-133.4751,57.7104],[-133.462,57.7001],[-133.4487,57.6968],[-133.4418,57.6977],[-133.4416,57.6995],[-133.4556,57.7053],[-133.4611,57.71],[-133.4727,57.7124],[-133.4751,57.7104]]],[[[-133.496,55.9131],[-133.4939,55.9054],[-133.4872,55.9016],[-133.4772,55.9036],[-133.4758,55.909],[-133.477,55.9126],[-133.4806,55.9145],[-133.496,55.9131]]],[[[-133.5229,55.8874],[-133.491,55.8736],[-133.4848,55.8878],[-133.5229,55.8874]]],[[[-133.5459,57.242],[-133.5117,57.2139],[-133.5321,57.2481],[-133.5459,57.242]]],[[[-133.5522,56.43],[-133.5529,56.4275],[-133.5484,56.4269],[-133.5439,56.4282],[-133.5472,56.4315],[-133.5522,56.43]]],[[[-133.5546,54.8469],[-133.5376,54.8265],[-133.5478,54.7809],[-133.5087,54.7466],[-133.5325,54.8576],[-133.5546,54.8469]]],[[[-133.5744,57.2123],[-133.573,57.2109],[-133.5637,57.2152],[-133.558,57.2202],[-133.5599,57.2213],[-133.5633,57.2224],[-133.5744,57.2123]]],[[[-133.5882,57.4994],[-133.5856,57.4963],[-133.579,57.497],[-133.5716,57.4991],[-133.5709,57.5013],[-133.5792,57.5028],[-133.5861,57.5014],[-133.5882,57.4994]]],[[[-133.6214,55.4505],[-133.5332,55.4281],[-133.4545,55.4355],[-133.4258,55.4653],[-133.4579,55.5044],[-133.527,55.529],[-133.5394,55.494],[-133.6214,55.4505]]],[[[-133.6286,55.9169],[-133.6312,55.9144],[-133.6198,55.9065],[-133.6163,55.9084],[-133.6198,55.9161],[-133.6224,55.9185],[-133.6286,55.9169]]],[[[-133.6495,57.7675],[-133.6324,57.7563],[-133.6248,57.7535],[-133.616,57.7545],[-133.5977,57.75],[-133.611,57.7606],[-133.616,57.76],[-133.6355,57.7675],[-133.6438,57.7686],[-133.6495,57.7675]]],[[[-133.6558,55.6256],[-133.6295,55.5863],[-133.6078,55.5874],[-133.5458,55.6445],[-133.5422,55.6683],[-133.6176,55.7023],[-133.6192,55.6738],[-133.5962,55.6657],[-133.6249,55.6455],[-133.5945,55.6267],[-133.6285,55.6119],[-133.6558,55.6256]]],[[[-133.6664,55.8923],[-133.6643,55.8895],[-133.6605,55.8884],[-133.6586,55.8912],[-133.6617,55.8935],[-133.6664,55.8923]]],[[[-133.6677,55.4207],[-133.6651,55.4177],[-133.6599,55.4165],[-133.6485,55.4183],[-133.6454,55.4196],[-133.6413,55.426],[-133.6321,55.4283],[-133.6264,55.4319],[-133.6166,55.4334],[-133.6135,55.4408],[-133.6195,55.4415],[-133.6297,55.4376],[-133.6375,55.4391],[-133.6473,55.4385],[-133.6513,55.4353],[-133.6525,55.4287],[-133.6566,55.4257],[-133.6646,55.4238],[-133.6677,55.4207]]],[[[-133.6838,56.1075],[-133.6852,56.1061],[-133.6788,56.0975],[-133.674,56.0996],[-133.669,56.1069],[-133.6721,56.1087],[-133.6838,56.1075]]],[[[-133.6903,55.3072],[-133.6623,55.3016],[-133.6684,55.2762],[-133.6145,55.2356],[-133.5774,55.339],[-133.5425,55.3351],[-133.504,55.3675],[-133.4239,55.3813],[-133.412,55.4195],[-133.5586,55.4113],[-133.5952,55.4303],[-133.6211,55.3841],[-133.6418,55.3948],[-133.6782,55.3766],[-133.6238,55.3637],[-133.6497,55.3425],[-133.6418,55.3248],[-133.6703,55.3278],[-133.6903,55.3072]]],[[[-133.7082,55.8882],[-133.679,55.8512],[-133.6731,55.8791],[-133.7082,55.8882]]],[[[-133.7136,55.6651],[-133.6696,55.6515],[-133.6568,55.6789],[-133.7136,55.6651]]],[[[-133.7167,56.3958],[-133.7169,56.392],[-133.6977,56.3853],[-133.6898,56.3888],[-133.6981,56.3962],[-133.7069,56.3988],[-133.7148,56.3993],[-133.7167,56.3958]]],[[[-133.7288,55.5996],[-133.6927,55.5828],[-133.7065,55.6054],[-133.7288,55.5996]]],[[[-133.7818,56.5285],[-133.7766,56.5241],[-133.7699,56.5243],[-133.7616,56.5267],[-133.7607,56.5301],[-133.7673,56.5337],[-133.7714,56.5385],[-133.7818,56.5285]]],[[[-133.8166,55.9542],[-133.8019,55.92],[-133.7258,55.9183],[-133.7144,55.8926],[-133.6857,55.9164],[-133.6384,55.92],[-133.5937,55.9673],[-133.5388,55.9807],[-133.4801,56.0277],[-133.4651,55.9934],[-133.491,55.9935],[-133.4777,55.9797],[-133.5055,55.9484],[-133.4252,55.939],[-133.4644,55.9105],[-133.4135,55.9048],[-133.4197,55.8824],[-133.3477,55.88],[-133.3353,55.847],[-133.3634,55.8453],[-133.322,55.814],[-133.3572,55.8003],[-133.3824,55.8226],[-133.3653,55.7849],[-133.4618,55.7896],[-133.4677,55.8076],[-133.4872,55.7896],[-133.4896,55.8142],[-133.5818,55.8373],[-133.598,55.8286],[-133.5901,55.7959],[-133.6348,55.8338],[-133.6793,55.8058],[-133.6536,55.7921],[-133.7023,55.78],[-133.6436,55.7287],[-133.5362,55.6929],[-133.4886,55.7131],[-133.4879,55.734],[-133.5229,55.7646],[-133.5131,55.7733],[-133.4235,55.7397],[-133.3486,55.7546],[-133.3539,55.7255],[-133.3836,55.7366],[-133.4273,55.7103],[-133.3912,55.6784],[-133.395,55.6646],[-133.4525,55.6682],[-133.4233,55.6568],[-133.4378,55.6437],[-133.4069,55.6155],[-133.3023,55.5897],[-133.3294,55.5779],[-133.265,55.5677],[-133.1979,55.5878],[-133.1545,55.574],[-133.1896,55.5585],[-133.1949,55.5283],[-133.1599,55.5354],[-133.1651,55.5158],[-133.1428,55.5186],[-133.1333,55.4972],[-133.1763,55.5027],[-133.1827,55.4835],[-133.1105,55.4552],[-133.1178,55.4348],[-133.0779,55.4104],[-133.1064,55.397],[-133.1231,55.4154],[-133.1252,55.4001],[-133.1618,55.3935],[-133.1278,55.3846],[-133.1583,55.3617],[-133.2153,55.3837],[-133.2697,55.3607],[-133.2336,55.351],[-133.2925,55.3533],[-133.2374,55.3097],[-133.2284,55.2767],[-133.2712,55.2936],[-133.3187,55.2756],[-133.2966,55.307],[-133.3287,55.3444],[-133.4637,55.3192],[-133.4537,55.288],[-133.4035,55.2869],[-133.4677,55.2718],[-133.4603,55.2252],[-133.4164,55.208],[-133.3629,55.2256],[-133.3349,55.2027],[-133.2562,55.2201],[-133.221,55.2729],[-133.1198,55.269],[-133.2239,55.238],[-133.217,55.2091],[-133.2398,55.1835],[-133.1782,55.1575],[-133.2412,55.1689],[-133.2001,55.1404],[-133.2317,55.1237],[-133.1283,55.1025],[-133.2381,55.1021],[-133.2381,55.0844],[-133.172,55.0526],[-133.2265,55.0564],[-133.1654,55.0231],[-133.173,55.0048],[-133.153,54.9944],[-133.1699,54.9786],[-133.1533,54.9626],[-133.1678,54.9494],[-133.0758,54.9181],[-133.0874,54.9066],[-133.0282,54.8722],[-133.0095,54.8203],[-132.8723,54.7529],[-132.8852,54.7378],[-132.855,54.7062],[-132.8749,54.7048],[-132.845,54.6867],[-132.8089,54.7004],[-132.7948,54.6844],[-132.7461,54.6868],[-132.7775,54.6717],[-132.6732,54.6709],[-132.7292,54.6985],[-132.6976,54.6985],[-132.705,54.7127],[-132.6819,54.7271],[-132.7266,54.7342],[-132.7169,54.7693],[-132.7499,54.8199],[-132.7996,54.8466],[-132.8426,54.8413],[-132.8158,54.8599],[-132.8552,54.8971],[-132.9115,54.912],[-132.8961,54.929],[-132.932,54.9338],[-132.9087,54.9449],[-132.9555,54.9745],[-132.9541,55.0159],[-133.0601,55.075],[-133.0254,55.085],[-132.9717,55.0605],[-133.0092,55.0852],[-133.028,55.1393],[-133.0938,55.1559],[-133.0599,55.1691],[-133.0751,55.1916],[-133.1062,55.1898],[-133.085,55.1981],[-133.1034,55.2256],[-133.0801,55.2255],[-133.12,55.2552],[-133.1076,55.2609],[-133.0494,55.2675],[-133.043,55.2481],[-133.0023,55.2427],[-133.0458,55.2327],[-133.0404,55.2077],[-132.9767,55.2219],[-132.9394,55.2103],[-132.9477,55.1753],[-132.8932,55.1619],[-132.9377,55.1361],[-132.8771,55.1271],[-132.8828,55.1064],[-132.8564,55.0908],[-132.894,55.0366],[-132.7556,54.9884],[-132.7499,55.0099],[-132.7071,55.0041],[-132.686,55.0285],[-132.6929,55.0792],[-132.7133,55.0939],[-132.6888,55.1252],[-132.812,55.1734],[-132.8329,55.2],[-132.6686,55.1374],[-132.6304,55.1737],[-132.6793,55.2327],[-132.6546,55.2324],[-132.5833,55.167],[-132.6287,55.1111],[-132.6351,55.0543],[-132.5752,55.1263],[-132.5591,55.1255],[-132.5607,55.1079],[-132.5246,55.1089],[-132.57,55.0712],[-132.5562,55.0505],[-132.5971,55.0305],[-132.5721,55.0015],[-132.6011,55.0028],[-132.6163,54.9713],[-132.5301,54.9326],[-132.5396,54.9136],[-132.5232,54.8962],[-132.4597,54.911],[-132.3223,54.8337],[-132.3618,54.8184],[-132.4424,54.8293],[-132.4635,54.7944],[-132.5049,54.7755],[-132.3711,54.7829],[-132.3753,54.7516],[-132.3164,54.7407],[-132.3119,54.7149],[-132.2128,54.7269],[-132.1638,54.705],[-132.1669,54.6917],[-132.0164,54.6897],[-131.9952,54.7401],[-132.0079,54.7821],[-131.9625,54.7836],[-131.9524,54.8031],[-131.9743,54.8504],[-132.0403,54.8699],[-132.0513,54.8956],[-132.0229,54.9002],[-132.0248,54.8858],[-131.9703,54.8649],[-131.9671,54.9603],[-131.9924,54.9823],[-131.9801,54.9836],[-131.9903,55.0084],[-131.9731,55.0024],[-131.9895,55.0125],[-131.98,55.0379],[-132.0235,55.0411],[-132.1147,55.0084],[-132.1438,54.9883],[-132.1393,54.9728],[-132.1583,54.9733],[-132.1601,54.993],[-132.23,55.0015],[-132.0863,55.037],[-132.1066,55.055],[-132.0874,55.0791],[-131.9931,55.1096],[-132.0589,55.1198],[-131.9766,55.1742],[-131.9924,55.2596],[-132.047,55.2741],[-132.1057,55.1954],[-132.1278,55.2163],[-132.1883,55.2242],[-132.2681,55.2054],[-132.2327,55.248],[-132.1397,55.2393],[-132.0948,55.2826],[-132.1525,55.3206],[-132.1465,55.3398],[-132.1743,55.3584],[-132.1631,55.3703],[-132.2212,55.3731],[-132.2655,55.4242],[-132.3282,55.4134],[-132.3226,55.4009],[-132.3515,55.4142],[-132.3619,55.3897],[-132.421,55.4213],[-132.2806,55.4443],[-132.3187,55.4791],[-132.3968,55.4754],[-132.4113,55.5153],[-132.4944,55.4959],[-132.5244,55.5207],[-132.5641,55.5023],[-132.5681,55.4744],[-132.6269,55.4686],[-132.669,55.4415],[-132.6742,55.4573],[-132.5187,55.5496],[-132.5752,55.5624],[-132.5696,55.5839],[-132.4916,55.5872],[-132.4205,55.5388],[-132.2434,55.4906],[-132.1771,55.4508],[-132.1412,55.4555],[-132.1984,55.5143],[-132.2965,55.5361],[-132.3473,55.6038],[-132.3551,55.6433],[-132.3896,55.6703],[-132.4181,55.6677],[-132.4181,55.6449],[-132.4558,55.6153],[-132.4388,55.6618],[-132.4626,55.6669],[-132.461,55.6957],[-132.4441,55.7194],[-132.4932,55.7595],[-132.4698,55.7836],[-132.7338,55.984],[-132.8456,56.0362],[-132.9253,56.0222],[-132.9379,56.0622],[-132.9681,56.0611],[-132.9688,56.0376],[-132.9817,56.0559],[-132.9912,56.0408],[-133.0146,56.0564],[-133.0711,56.0358],[-133.0935,56.0463],[-133.134,56.1169],[-133.1094,56.0963],[-133.0717,56.1101],[-133.077,56.1315],[-133.0468,56.1509],[-133.0379,56.183],[-133.06,56.1929],[-133.0473,56.2075],[-133.0739,56.2461],[-133.1143,56.2494],[-133.1175,56.2753],[-133.1417,56.2793],[-133.175,56.3289],[-133.4171,56.328],[-133.6248,56.3587],[-133.6391,56.346],[-133.603,56.3117],[-133.6495,56.3288],[-133.6648,56.3109],[-133.6279,56.2465],[-133.6324,56.2188],[-133.6795,56.2118],[-133.6101,56.2034],[-133.5861,56.1783],[-133.5559,56.186],[-133.5355,56.1561],[-133.5816,56.1292],[-133.6358,56.1477],[-133.645,56.1199],[-133.5015,56.079],[-133.689,56.0749],[-133.8166,55.9542]]],[[[-133.8232,55.4443],[-133.7397,55.4721],[-133.6675,55.438],[-133.6406,55.4536],[-133.6316,55.4904],[-133.586,55.5037],[-133.5843,55.5368],[-133.6226,55.5554],[-133.6375,55.5298],[-133.662,55.5573],[-133.7328,55.5616],[-133.7602,55.5337],[-133.716,55.5176],[-133.7678,55.5002],[-133.7804,55.4692],[-133.8232,55.4443]]],[[[-133.8339,56.4226],[-133.8077,56.3949],[-133.7742,56.3921],[-133.8339,56.4226]]],[[[-133.8398,56.4942],[-133.7916,56.4561],[-133.7749,56.464],[-133.8398,56.4942]]],[[[-133.8448,56.5385],[-133.8448,56.5352],[-133.8405,56.5338],[-133.8353,56.5344],[-133.8355,56.5385],[-133.84,56.5403],[-133.8448,56.5385]]],[[[-133.8766,57.2706],[-133.8486,57.2756],[-133.8427,57.2961],[-133.7904,57.2959],[-133.8258,57.3162],[-133.856,57.3104],[-133.8766,57.2706]]],[[[-133.9436,55.9014],[-133.9091,55.8456],[-133.872,55.8439],[-133.8437,55.8671],[-133.8658,55.8772],[-133.8402,55.8846],[-133.868,55.9368],[-133.9364,55.9213],[-133.9436,55.9014]]],[[[-133.9491,56.8876],[-133.9456,56.8781],[-133.9351,56.8678],[-133.9258,56.8648],[-133.9187,56.8655],[-133.9182,56.8673],[-133.9249,56.8735],[-133.9491,56.8876]]],[[[-133.9948,57.1256],[-133.9924,57.1234],[-133.9843,57.1221],[-133.9812,57.1251],[-133.9736,57.1264],[-133.9701,57.1317],[-133.9819,57.1313],[-133.9869,57.1331],[-133.991,57.1314],[-133.9912,57.128],[-133.9948,57.1256]]],[[[-134.0212,57.2923],[-133.9917,57.2839],[-134.0076,57.2883],[-133.9995,57.2988],[-134.0212,57.2923]]],[[[-134.0264,56.9279],[-134.0109,56.9209],[-134.0126,56.9134],[-134.0019,56.9086],[-133.9841,56.9054],[-133.9931,56.9166],[-133.999,56.9183],[-134.0074,56.9265],[-134.0154,56.9308],[-134.0223,56.9312],[-134.0264,56.9279]]],[[[-134.054,57.7753],[-134.0561,57.7734],[-134.0532,57.772],[-134.0421,57.7749],[-134.0423,57.7766],[-134.0478,57.7775],[-134.0454,57.7899],[-134.0523,57.7884],[-134.054,57.7753]]],[[[-134.0611,57.9746],[-134.0575,57.9702],[-134.0475,57.9663],[-134.0452,57.9672],[-134.0575,57.976],[-134.0611,57.9746]]],[[[-134.067,57.8059],[-134.0663,57.8035],[-134.0555,57.8025],[-134.056,57.8084],[-134.0593,57.8102],[-134.0617,57.8107],[-134.067,57.8059]]],[[[-134.0675,57.2613],[-134.0532,57.2594],[-134.0661,57.285],[-134.0675,57.2613]]],[[[-134.0762,57.8194],[-134.0751,57.8165],[-134.07,57.8159],[-134.0711,57.8189],[-134.0762,57.8194]]],[[[-134.1395,55.9517],[-134.1243,55.9279],[-134.0998,55.9841],[-134.1395,55.9517]]],[[[-134.1491,58.1047],[-134.1458,58.0927],[-134.1225,58.0854],[-134.1147,58.0855],[-134.1087,58.0833],[-134.104,58.0855],[-134.1021,58.0889],[-134.1085,58.0998],[-134.1204,58.1013],[-134.1311,58.1059],[-134.1491,58.1047]]],[[[-134.2194,57.8934],[-134.1726,57.8458],[-134.1944,57.849],[-134.1894,57.8345],[-134.1205,57.7711],[-134.101,57.778],[-134.1885,57.8887],[-134.2194,57.8934]]],[[[-134.2676,57.8939],[-134.2667,57.8838],[-134.2612,57.8833],[-134.2593,57.8805],[-134.2527,57.8823],[-134.2567,57.8867],[-134.2588,57.8943],[-134.2617,57.8962],[-134.2676,57.8939]]],[[[-134.284,57.9564],[-134.2467,57.9087],[-134.1752,57.909],[-134.2011,57.9395],[-134.284,57.9564]]],[[[-134.367,55.9105],[-134.3183,55.8776],[-134.3418,55.8391],[-134.2821,55.8227],[-134.274,55.8431],[-134.1186,55.9136],[-134.1768,55.9184],[-134.2567,55.8888],[-134.2667,55.9296],[-134.367,55.9105]]],[[[-134.4212,56.8372],[-134.3912,56.7738],[-134.4005,56.7267],[-134.367,56.6717],[-134.2786,56.6288],[-134.3028,56.6174],[-134.294,56.5765],[-134.3202,56.5545],[-134.2018,56.5413],[-134.1241,56.4578],[-134.1571,56.4367],[-134.1376,56.3797],[-134.2139,56.4763],[-134.2458,56.4633],[-134.2505,56.4151],[-134.232,56.3958],[-134.2928,56.3541],[-134.2731,56.3156],[-134.2995,56.2896],[-134.25,56.2883],[-134.2329,56.3123],[-134.1728,56.3274],[-134.2239,56.2788],[-134.2776,56.2574],[-134.2469,56.2054],[-134.2633,56.1636],[-134.2094,56.1552],[-134.2614,56.1307],[-134.2108,56.104],[-134.236,56.0693],[-134.1554,56.049],[-134.1806,56.0297],[-134.1371,56.0014],[-134.1108,56.0496],[-134.1533,56.0888],[-134.1219,56.0701],[-134.0927,56.0879],[-134.1131,56.1063],[-134.1041,56.1429],[-134.1661,56.1392],[-134.1999,56.1801],[-134.1409,56.1634],[-134.0982,56.1744],[-134.0972,56.2314],[-134.0739,56.2416],[-134.0803,56.3133],[-134.0501,56.2948],[-134.0421,56.2531],[-134.0592,56.2171],[-134.0242,56.172],[-134.0437,56.1081],[-133.9943,56.0798],[-133.9579,56.0937],[-133.9605,56.1303],[-133.9277,56.146],[-133.956,56.2055],[-133.9059,56.1997],[-133.8812,56.2232],[-133.9841,56.343],[-133.9534,56.346],[-133.8766,56.2759],[-133.8517,56.2866],[-133.8669,56.304],[-133.8315,56.323],[-133.8717,56.3638],[-133.9292,56.3757],[-133.9213,56.4026],[-133.8876,56.3808],[-133.8747,56.3959],[-133.9071,56.4388],[-133.8348,56.4301],[-133.8607,56.4774],[-133.9311,56.4997],[-133.9301,56.514],[-133.8736,56.5205],[-133.8619,56.5451],[-133.8783,56.5588],[-133.8412,56.5689],[-133.9021,56.6134],[-133.8398,56.6082],[-133.7958,56.5802],[-133.7932,56.5571],[-133.7386,56.5591],[-133.6794,56.6156],[-133.6551,56.5905],[-133.7117,56.576],[-133.7153,56.5479],[-133.6836,56.565],[-133.6646,56.5533],[-133.6855,56.5145],[-133.6665,56.503],[-133.6715,56.4619],[-133.6504,56.4358],[-133.4331,56.4515],[-133.4122,56.4606],[-133.4379,56.5023],[-133.374,56.4946],[-133.3276,56.467],[-133.2543,56.4768],[-133.2458,56.4563],[-133.225,56.4676],[-133.1912,56.4481],[-133.1257,56.4774],[-133.1004,56.514],[-133.0641,56.5081],[-133.0867,56.5252],[-133.0667,56.5332],[-132.9884,56.5109],[-132.9716,56.5393],[-132.9428,56.5074],[-132.7759,56.4984],[-132.5421,56.584],[-132.5454,56.6082],[-132.597,56.6147],[-132.6279,56.6442],[-132.621,56.6685],[-132.7379,56.7127],[-132.818,56.7916],[-132.9136,56.8044],[-132.9442,56.8268],[-132.9863,56.932],[-133.1054,57.002],[-133.4087,57.0081],[-133.5955,57.0581],[-133.8809,57.0998],[-134.0121,57.0716],[-134.0321,57.0609],[-134.0261,57.0278],[-134.0554,57.0252],[-133.8904,56.9466],[-133.9285,56.9405],[-133.8733,56.915],[-133.8778,56.9006],[-133.9078,56.9033],[-133.8583,56.8599],[-133.8681,56.8446],[-133.8189,56.8533],[-133.8353,56.8356],[-133.7626,56.7903],[-133.8248,56.7803],[-133.8139,56.8013],[-133.8923,56.8057],[-133.8638,56.752],[-133.8992,56.7041],[-133.9418,56.735],[-133.9075,56.7599],[-133.9275,56.761],[-133.943,56.8056],[-133.9667,56.8058],[-133.9689,56.8313],[-133.9995,56.8245],[-134.0442,56.9203],[-134.1414,56.9559],[-134.1595,56.9155],[-134.2731,56.9314],[-134.1543,56.8855],[-134.1436,56.8726],[-134.1595,56.8674],[-134.135,56.8498],[-134.3197,56.9072],[-134.4212,56.8372]]],[[[-134.706,58.3548],[-134.6949,58.3469],[-134.6906,58.3478],[-134.6963,58.3626],[-134.6996,58.3621],[-134.706,58.3548]]],[[[-134.7373,58.2614],[-134.7216,58.2502],[-134.729,58.2755],[-134.7373,58.2614]]],[[[-134.7476,58.3415],[-134.7464,58.3357],[-134.7395,58.3307],[-134.7331,58.3293],[-134.7315,58.3317],[-134.7405,58.3387],[-134.7476,58.3415]]],[[[-134.877,57.4421],[-134.8761,57.4397],[-134.8725,57.4394],[-134.8697,57.441],[-134.8728,57.4433],[-134.877,57.4421]]],[[[-134.9032,57.4348],[-134.8956,57.43],[-134.8849,57.4283],[-134.8678,57.4284],[-134.8701,57.4312],[-134.8839,57.4341],[-134.9032,57.4348]]],[[[-134.9256,58.4784],[-134.8436,58.3727],[-134.8063,58.3745],[-134.9052,58.482],[-134.9256,58.4784]]],[[[-134.9357,58.5776],[-134.9239,58.5705],[-134.9089,58.552],[-134.907,58.5549],[-134.8964,58.555],[-134.8964,58.5587],[-134.9046,58.566],[-134.9084,58.5673],[-134.9128,58.5664],[-134.9266,58.5768],[-134.9357,58.5776]]],[[[-134.9688,58.3712],[-134.9431,58.2721],[-134.9165,58.2433],[-134.9072,58.2575],[-134.8797,58.2502],[-134.9182,58.2247],[-134.8984,58.1942],[-134.8561,58.1765],[-134.8015,58.1047],[-134.7639,58.1001],[-134.8095,58.0454],[-134.7615,57.988],[-134.7729,57.9726],[-134.7427,57.9415],[-134.7582,57.9411],[-134.7057,57.8309],[-134.7278,57.7148],[-134.6985,57.6906],[-134.6783,57.612],[-134.612,57.5636],[-134.5911,57.5147],[-134.6058,57.5102],[-134.5759,57.4831],[-134.6113,57.4701],[-134.5557,57.4728],[-134.4675,57.3843],[-134.4095,57.3782],[-134.4837,57.3723],[-134.5312,57.3889],[-134.5276,57.4055],[-134.5792,57.4003],[-134.5787,57.3435],[-134.5093,57.3171],[-134.618,57.2722],[-134.5379,57.2284],[-134.5918,57.2231],[-134.6365,57.2463],[-134.6517,57.2311],[-134.6401,57.1751],[-134.6037,57.1569],[-134.6382,57.1355],[-134.6082,57.0444],[-134.6192,57.0156],[-134.5685,57.0394],[-134.5721,57.0158],[-134.4744,57.0256],[-134.4842,57.048],[-134.3736,57.092],[-134.4093,57.112],[-134.38,57.1118],[-134.3934,57.1275],[-134.3292,57.1238],[-134.3342,57.143],[-134.3035,57.1358],[-134.2555,57.1585],[-134.2662,57.1793],[-134.2137,57.1739],[-134.1578,57.2059],[-134.1514,57.2454],[-134.1174,57.2414],[-134.0939,57.2809],[-134.1628,57.3053],[-134.1274,57.3205],[-134.1695,57.3363],[-134.1588,57.3579],[-134.1928,57.3894],[-134.1388,57.3682],[-134.1079,57.3213],[-134.0799,57.3629],[-134.0573,57.3319],[-133.9791,57.3045],[-133.875,57.3518],[-133.8621,57.3667],[-133.8857,57.4004],[-133.8781,57.4227],[-133.9301,57.4659],[-133.9094,57.4699],[-133.9132,57.4886],[-133.8391,57.4387],[-133.9399,57.5508],[-133.9361,57.6143],[-134.0116,57.6566],[-134.0882,57.6499],[-134.0896,57.6684],[-134.0466,57.6812],[-134.1376,57.7517],[-134.2434,57.8739],[-134.3066,57.831],[-134.2805,57.917],[-134.3411,57.9974],[-134.2358,57.9704],[-134.3159,58.0367],[-134.1944,57.9922],[-134.1514,57.9396],[-134.1697,57.929],[-134.1495,57.8838],[-134.0297,57.8162],[-134.0209,57.7652],[-133.9983,57.7506],[-134.0062,57.7302],[-133.9698,57.6873],[-133.8553,57.6224],[-133.8367,57.5767],[-133.8039,57.5764],[-133.8101,57.6288],[-133.8926,57.684],[-133.8747,57.7332],[-133.9042,57.7701],[-133.8999,57.807],[-133.9753,57.8594],[-134.0059,57.894],[-133.9914,57.9122],[-134.0951,57.9813],[-134.1015,58.0207],[-134.218,58.1205],[-134.1669,58.1274],[-134.1759,58.1596],[-134.3337,58.1428],[-134.5588,58.1954],[-134.5745,58.1759],[-134.6907,58.1589],[-134.7088,58.2282],[-134.8012,58.2954],[-134.8038,58.3218],[-134.8637,58.3453],[-134.9098,58.401],[-134.8699,58.3216],[-134.8887,58.3232],[-134.9538,58.4108],[-134.9688,58.3712]]],[[[-134.9949,58.4633],[-134.9937,58.4589],[-134.9826,58.4537],[-134.9785,58.4545],[-134.979,58.4588],[-134.9845,58.4628],[-134.9902,58.4643],[-134.9949,58.4633]]],[[[-135.044,58.5345],[-134.9969,58.4802],[-134.9394,58.4712],[-135.044,58.5345]]],[[[-135.0852,58.2666],[-135.0845,58.2597],[-135.0784,58.2571],[-135.0769,58.2516],[-135.0791,58.2476],[-135.062,58.2319],[-135.0489,58.2232],[-135.0467,58.227],[-135.0555,58.239],[-135.0696,58.2467],[-135.0717,58.2496],[-135.0722,58.2597],[-135.0748,58.2631],[-135.0769,58.2651],[-135.0852,58.2666]]],[[[-135.1033,57.8935],[-135.1014,57.8918],[-135.0853,57.8909],[-135.0921,57.894],[-135.1033,57.8935]]],[[[-135.1165,57.8987],[-135.1151,57.8962],[-135.1112,57.8954],[-135.1014,57.8967],[-135.1029,57.8997],[-135.1165,57.8987]]],[[[-135.1739,56.6485],[-135.1644,56.6395],[-135.1596,56.6389],[-135.1671,56.6462],[-135.1739,56.6485]]],[[[-135.261,58.1781],[-135.2592,58.1704],[-135.252,58.1652],[-135.2503,58.166],[-135.2552,58.1704],[-135.2559,58.1783],[-135.2596,58.1799],[-135.261,58.1781]]],[[[-135.2792,59.0347],[-135.2771,59.029],[-135.2742,59.0273],[-135.2678,59.027],[-135.2626,59.0228],[-135.2607,59.015],[-135.2545,59.0137],[-135.2523,59.0081],[-135.2488,59.0064],[-135.2445,59.0167],[-135.2485,59.0223],[-135.2533,59.0238],[-135.2664,59.0338],[-135.2728,59.0326],[-135.2749,59.0375],[-135.2787,59.0378],[-135.2792,59.0347]]],[[[-135.2797,59.08],[-135.2801,59.0784],[-135.2704,59.071],[-135.2718,59.078],[-135.2756,59.0801],[-135.2797,59.08]]],[[[-135.2885,59.059],[-135.2882,59.0567],[-135.2747,59.0454],[-135.2714,59.0487],[-135.2723,59.0525],[-135.2858,59.0639],[-135.2885,59.059]]],[[[-135.2946,58.1034],[-135.294,58.102],[-135.289,58.1027],[-135.2923,58.1054],[-135.2946,58.1034]]],[[[-135.3395,58.1269],[-135.3401,58.1254],[-135.3362,58.1258],[-135.3342,58.1284],[-135.3377,58.129],[-135.3395,58.1269]]],[[[-135.3531,59.0156],[-135.3331,58.935],[-135.3058,58.9006],[-135.2968,58.9637],[-135.3303,59.0111],[-135.3531,59.0156]]],[[[-135.3662,57.0282],[-135.3692,57.028],[-135.3535,57.0209],[-135.3406,57.0219],[-135.3318,57.0232],[-135.3272,57.0267],[-135.3215,57.0252],[-135.3232,57.0304],[-135.3153,57.0336],[-135.3285,57.0404],[-135.3304,57.0384],[-135.3472,57.0342],[-135.3416,57.0308],[-135.3462,57.026],[-135.3562,57.026],[-135.3662,57.0282]]],[[[-135.3923,57.5864],[-135.3938,57.5849],[-135.3852,57.5859],[-135.3855,57.587],[-135.3923,57.5864]]],[[[-135.4002,59.1508],[-135.4016,59.1493],[-135.3968,59.1411],[-135.3926,59.141],[-135.393,59.1461],[-135.4002,59.1508]]],[[[-135.4237,57.0801],[-135.4242,57.0775],[-135.4182,57.0756],[-135.4042,57.0747],[-135.4049,57.0781],[-135.3985,57.0796],[-135.4004,57.0818],[-135.4142,57.0859],[-135.4178,57.0805],[-135.4237,57.0801]]],[[[-135.4391,57.1267],[-135.4325,57.1227],[-135.4294,57.1235],[-135.4289,57.1255],[-135.423,57.1276],[-135.4208,57.1309],[-135.4223,57.1329],[-135.4163,57.1396],[-135.4232,57.14],[-135.4315,57.1365],[-135.4351,57.134],[-135.4313,57.1304],[-135.4391,57.1267]]],[[[-135.4393,57.0715],[-135.4375,57.068],[-135.4317,57.0662],[-135.4308,57.0632],[-135.4282,57.0626],[-135.4252,57.0651],[-135.4159,57.0657],[-135.408,57.0635],[-135.406,57.0647],[-135.4053,57.0669],[-135.4121,57.0694],[-135.4275,57.0693],[-135.4393,57.0715]]],[[[-135.4453,56.9364],[-135.3987,56.9043],[-135.4053,56.9209],[-135.3866,56.9282],[-135.4453,56.9364]]],[[[-135.4535,56.893],[-135.452,56.8899],[-135.4463,56.8884],[-135.4433,56.884],[-135.4367,56.8823],[-135.4317,56.8785],[-135.434,56.8888],[-135.4402,56.8961],[-135.4428,56.8977],[-135.4535,56.893]]],[[[-135.4542,57.5623],[-135.4496,57.5605],[-135.444,57.5621],[-135.4443,57.5642],[-135.4542,57.5623]]],[[[-135.4653,58.329],[-135.4615,58.3265],[-135.4622,58.3199],[-135.4558,58.3173],[-135.4491,58.3179],[-135.4501,58.3225],[-135.4582,58.3286],[-135.4653,58.329]]],[[[-135.4696,57.0802],[-135.4579,57.0702],[-135.4487,57.0766],[-135.4571,57.0804],[-135.4696,57.0802]]],[[[-135.4893,58.3441],[-135.4867,58.3407],[-135.48,58.3414],[-135.481,58.3434],[-135.4893,58.3441]]],[[[-135.4945,57.0979],[-135.4356,57.09],[-135.4472,57.1146],[-135.4945,57.0979]]],[[[-135.4984,58.1521],[-135.4977,58.1497],[-135.4921,58.1494],[-135.4912,58.1519],[-135.4966,58.1532],[-135.4984,58.1521]]],[[[-135.5013,58.189],[-135.5003,58.1866],[-135.4912,58.1832],[-135.4888,58.1864],[-135.49,58.1889],[-135.4959,58.1904],[-135.5013,58.189]]],[[[-135.5038,57.1491],[-135.5026,57.1471],[-135.4976,57.1469],[-135.4981,57.1496],[-135.5017,57.1504],[-135.5038,57.1491]]],[[[-135.5156,57.2284],[-135.4238,57.1771],[-135.4358,57.1885],[-135.3945,57.2191],[-135.3903,57.2443],[-135.4798,57.2519],[-135.5156,57.2284]]],[[[-135.5485,57.4587],[-135.5461,57.4535],[-135.5385,57.4567],[-135.5442,57.4596],[-135.5485,57.4587]]],[[[-135.5734,56.8634],[-135.5353,56.8261],[-135.5226,56.8505],[-135.4911,56.8472],[-135.5069,56.866],[-135.5181,56.8533],[-135.5734,56.8634]]],[[[-135.6935,57.3616],[-135.6369,57.3137],[-135.5723,57.2923],[-135.6036,57.2884],[-135.5518,57.2341],[-135.476,57.2577],[-135.3467,57.2505],[-135.4218,57.163],[-135.3938,57.1426],[-135.3455,57.1848],[-135.2823,57.1634],[-135.3757,57.1464],[-135.3695,57.1318],[-135.4024,57.1012],[-135.3554,57.0603],[-135.3889,57.0371],[-135.3277,57.0492],[-135.2497,57.0326],[-135.2274,57.0482],[-135.1503,57.0142],[-135.2214,57.0337],[-135.2567,57.0117],[-135.3644,57.0104],[-135.3088,56.9813],[-135.3776,56.9886],[-135.3934,56.9663],[-135.3826,56.9528],[-135.4124,56.9523],[-135.3506,56.9339],[-135.3172,56.8997],[-135.3819,56.9147],[-135.3586,56.8922],[-135.3977,56.8873],[-135.3759,56.8696],[-135.3953,56.8448],[-135.3818,56.8307],[-135.4064,56.8274],[-135.4288,56.8527],[-135.4458,56.8355],[-135.4714,56.8411],[-135.4944,56.8306],[-135.5006,56.7873],[-135.4657,56.77],[-135.3684,56.7814],[-135.352,56.7499],[-135.3299,56.78],[-135.2793,56.7698],[-135.3195,56.7443],[-135.3171,56.7262],[-135.2864,56.7164],[-135.2929,56.6964],[-135.2372,56.6977],[-135.1985,56.7207],[-135.2033,56.6965],[-135.2375,56.6836],[-135.2237,56.669],[-135.1358,56.6849],[-135.1529,56.6469],[-135.1327,56.645],[-135.1386,56.5934],[-135.0578,56.6085],[-135.0269,56.6352],[-134.9515,56.6135],[-135.0478,56.5835],[-135.0616,56.5285],[-135.0345,56.5168],[-134.9753,56.426],[-134.9382,56.4064],[-134.9556,56.3889],[-134.9178,56.3724],[-134.8952,56.3143],[-134.8396,56.2961],[-134.8189,56.254],[-134.7804,56.2744],[-134.8089,56.24],[-134.7619,56.2324],[-134.7849,56.2249],[-134.7731,56.2175],[-134.692,56.2323],[-134.7075,56.2161],[-134.688,56.1988],[-134.712,56.1814],[-134.666,56.1667],[-134.6522,56.2346],[-134.6234,56.2561],[-134.6436,56.2717],[-134.6686,56.2529],[-134.6783,56.2777],[-134.6327,56.3149],[-134.6417,56.3302],[-134.7078,56.3176],[-134.6479,56.3443],[-134.631,56.3725],[-134.6379,56.4173],[-134.6579,56.4312],[-134.641,56.44],[-134.6391,56.477],[-134.684,56.5396],[-134.6695,56.5401],[-134.6679,56.5867],[-134.6465,56.5445],[-134.6287,56.5496],[-134.6296,56.6249],[-134.6158,56.6355],[-134.6303,56.7245],[-134.6762,56.7703],[-134.6596,56.7806],[-134.6724,56.8197],[-134.7047,56.8412],[-134.6962,56.899],[-134.7461,56.9238],[-134.7159,56.9221],[-134.737,56.9694],[-134.7594,56.9706],[-134.7392,57.0053],[-134.7703,57.0268],[-134.7511,57.0326],[-134.7922,57.0902],[-134.7791,57.0932],[-134.7898,57.122],[-134.8086,57.1282],[-134.7969,57.144],[-134.824,57.1564],[-134.8,57.1631],[-134.8659,57.2136],[-134.84,57.2225],[-134.8419,57.25],[-134.8625,57.2707],[-134.8865,57.2658],[-134.8744,57.2842],[-134.9079,57.3031],[-134.9231,57.2986],[-134.9025,57.2707],[-134.9289,57.2599],[-134.945,57.2706],[-134.9395,57.2977],[-134.9762,57.3123],[-134.9507,57.3275],[-135.0113,57.3353],[-134.9512,57.3432],[-134.9141,57.3277],[-134.9025,57.3421],[-134.8316,57.2929],[-134.8122,57.297],[-134.8036,57.3407],[-134.8388,57.3884],[-134.8335,57.4159],[-134.9336,57.433],[-135.042,57.4079],[-135.1563,57.4449],[-135.2161,57.4332],[-135.1596,57.4595],[-135.2231,57.4888],[-135.3493,57.4737],[-135.4042,57.4392],[-135.4168,57.4587],[-135.2908,57.5098],[-135.3455,57.5493],[-135.4142,57.5634],[-135.5494,57.5096],[-135.5318,57.4522],[-135.6321,57.3983],[-135.4869,57.3549],[-135.6471,57.3736],[-135.6935,57.3616]]],[[[-135.7165,56.9876],[-135.716,56.9848],[-135.7127,56.9836],[-135.7094,56.9846],[-135.7025,56.9824],[-135.6989,56.984],[-135.6999,56.9862],[-135.713,56.9892],[-135.7165,56.9876]]],[[[-135.7342,58.3675],[-135.6509,58.326],[-135.5361,58.3391],[-135.6319,58.3859],[-135.7342,58.3675]]],[[[-135.8762,57.2258],[-135.8404,57.2237],[-135.8085,57.2488],[-135.8361,57.1753],[-135.7572,57.1692],[-135.7348,57.1507],[-135.7593,57.1387],[-135.7624,57.1138],[-135.8477,57.0887],[-135.8525,56.9929],[-135.6369,57.0099],[-135.5713,57.0902],[-135.5668,57.1553],[-135.5067,57.1401],[-135.5264,57.1548],[-135.4705,57.1703],[-135.4361,57.1471],[-135.4558,57.1803],[-135.5364,57.2285],[-135.5563,57.2263],[-135.5399,57.2219],[-135.5494,57.1884],[-135.6048,57.164],[-135.6188,57.1754],[-135.6022,57.1999],[-135.6564,57.2515],[-135.5696,57.2274],[-135.5772,57.2562],[-135.6279,57.3022],[-135.7313,57.3379],[-135.7417,57.3264],[-135.7648,57.3507],[-135.8634,57.33],[-135.8275,57.3057],[-135.8608,57.2665],[-135.8325,57.2528],[-135.8762,57.2258]]],[[[-135.9071,57.4079],[-135.9095,57.4057],[-135.9071,57.403],[-135.9012,57.4024],[-135.8862,57.4085],[-135.8833,57.4081],[-135.8807,57.4049],[-135.8665,57.4033],[-135.8657,57.4048],[-135.8757,57.4124],[-135.9014,57.4186],[-135.9059,57.4174],[-135.9026,57.4125],[-135.9071,57.4079]]],[[[-135.9994,58.6621],[-135.9951,58.6592],[-135.9937,58.6524],[-135.9877,58.6483],[-135.9849,58.6499],[-135.9837,58.6547],[-135.9887,58.6579],[-135.988,58.6626],[-135.9929,58.6642],[-135.9994,58.6621]]],[[[-136.0274,58.5126],[-136.0272,58.506],[-136.0055,58.506],[-135.9964,58.51],[-135.9963,58.5142],[-135.9869,58.5184],[-135.9982,58.5237],[-136.0072,58.5234],[-136.0192,58.52],[-136.0274,58.5126]]],[[[-136.0489,58.6469],[-136.048,58.6433],[-136.0436,58.6404],[-136.0427,58.6438],[-136.0489,58.6469]]],[[[-136.0585,58.7256],[-136.0607,58.7226],[-136.055,58.7187],[-136.0479,58.7187],[-136.0357,58.7146],[-136.0367,58.7178],[-136.0495,58.7239],[-136.0517,58.7274],[-136.0569,58.7276],[-136.0585,58.7256]]],[[[-136.0665,58.6742],[-136.0679,58.6722],[-136.0606,58.668],[-136.0613,58.6729],[-136.0665,58.6742]]],[[[-136.0766,58.7936],[-136.0797,58.7907],[-136.0754,58.7893],[-136.0757,58.7861],[-136.0719,58.7829],[-136.0688,58.7854],[-136.0688,58.7898],[-136.0738,58.794],[-136.0766,58.7936]]],[[[-136.1528,58.5968],[-136.0911,58.5606],[-136.1101,58.608],[-136.1528,58.5968]]],[[[-136.1579,58.2812],[-136.0783,58.2604],[-136.0372,58.2729],[-136.036,58.317],[-136.1579,58.2812]]],[[[-136.187,58.6324],[-136.1861,58.6285],[-136.1787,58.6245],[-136.1763,58.6263],[-136.1787,58.6288],[-136.187,58.6324]]],[[[-136.2023,57.7257],[-136.2009,57.7232],[-136.1971,57.7248],[-136.1991,57.7265],[-136.2023,57.7257]]],[[[-136.2364,57.7298],[-136.2299,57.7251],[-136.2261,57.7253],[-136.2268,57.7299],[-136.2364,57.7298]]],[[[-136.2464,58.2014],[-136.2392,58.1966],[-136.2369,58.1977],[-136.2389,58.2013],[-136.2363,58.2048],[-136.238,58.2056],[-136.2464,58.2014]]],[[[-136.2471,58.6644],[-136.2027,58.6363],[-136.2215,58.6755],[-136.2471,58.6644]]],[[[-136.2907,57.7163],[-136.264,57.6892],[-136.2305,57.7037],[-136.2526,57.7282],[-136.2907,57.7163]]],[[[-136.3801,58.6439],[-136.3819,58.6432],[-136.3761,58.6429],[-136.3717,58.6467],[-136.3804,58.6462],[-136.3783,58.6447],[-136.3801,58.6439]]],[[[-136.3971,57.8034],[-136.3967,57.8002],[-136.3855,57.7946],[-136.3779,57.7976],[-136.3747,57.8008],[-136.3765,57.8029],[-136.3802,57.8034],[-136.3873,57.8022],[-136.3971,57.8034]]],[[[-136.4046,58.2708],[-136.3618,58.2283],[-136.3119,58.2297],[-136.2801,58.2682],[-136.4046,58.2708]]],[[[-136.4072,58.1971],[-136.4066,58.1942],[-136.3994,58.1923],[-136.3966,58.1928],[-136.3947,58.1987],[-136.3851,58.1949],[-136.3762,58.1949],[-136.3692,58.1997],[-136.3694,58.2016],[-136.3831,58.2001],[-136.3859,58.201],[-136.3846,58.2077],[-136.3874,58.2083],[-136.3956,58.2027],[-136.4047,58.2011],[-136.4072,58.1971]]],[[[-136.4126,58.1768],[-136.4119,58.1736],[-136.4069,58.1711],[-136.4066,58.1641],[-136.3987,58.1609],[-136.3962,58.1562],[-136.3917,58.1549],[-136.3858,58.1556],[-136.3832,58.1592],[-136.3893,58.1619],[-136.3901,58.1668],[-136.3977,58.171],[-136.4018,58.1768],[-136.4051,58.1785],[-136.4126,58.1768]]],[[[-136.5759,58.032],[-136.5573,58.0274],[-136.5659,58.0055],[-136.5333,57.9979],[-136.5629,57.9838],[-136.569,57.907],[-136.5094,57.9272],[-136.5214,57.9011],[-136.4727,57.8874],[-136.4961,57.8707],[-136.4861,57.8547],[-136.4372,57.8432],[-136.4207,57.8191],[-136.3669,57.8288],[-136.362,57.8057],[-136.3362,57.803],[-136.3475,57.7861],[-136.3028,57.7763],[-136.3203,57.7527],[-136.292,57.7296],[-136.2584,57.7431],[-136.2636,57.7716],[-136.2385,57.752],[-136.2032,57.7648],[-136.2147,57.7415],[-136.1723,57.7217],[-136.2671,57.6659],[-136.227,57.6357],[-136.2457,57.6235],[-136.181,57.6133],[-136.2275,57.5912],[-136.1675,57.5735],[-136.1624,57.5566],[-136.1369,57.6066],[-136.1198,57.5898],[-136.0748,57.5995],[-136.0541,57.5816],[-136.0933,57.5612],[-136.0515,57.5149],[-135.8851,57.4214],[-135.8585,57.4266],[-135.8439,57.3903],[-135.7122,57.3667],[-135.6522,57.3854],[-135.6752,57.4066],[-135.6247,57.4087],[-135.5846,57.433],[-135.5962,57.4438],[-135.5533,57.4525],[-135.5478,57.479],[-135.5805,57.517],[-135.5657,57.5472],[-135.6136,57.5621],[-135.5112,57.595],[-135.6558,57.6282],[-135.5661,57.6704],[-135.1935,57.5254],[-135.0882,57.4648],[-134.8746,57.4629],[-134.8999,57.4907],[-134.8827,57.506],[-134.8432,57.4723],[-134.8296,57.4796],[-134.8274,57.5039],[-134.8586,57.5328],[-134.8604,57.6059],[-134.8916,57.6492],[-134.9375,57.6677],[-134.898,57.6624],[-134.9223,57.6775],[-134.9033,57.6931],[-134.9298,57.7573],[-135.0228,57.7438],[-135.0948,57.7522],[-135.1181,57.7778],[-135.024,57.7783],[-134.9554,57.8147],[-135.2056,57.9351],[-135.0284,57.8989],[-134.9355,57.8465],[-134.9996,57.8885],[-134.9224,57.9238],[-134.9383,57.9693],[-134.9134,57.9775],[-134.966,58.0459],[-135.1096,58.0608],[-135.1149,58.0727],[-135.0781,58.071],[-135.1163,58.0911],[-135.2976,58.0901],[-135.3436,58.1071],[-135.3211,58.1186],[-135.4164,58.1441],[-135.4663,58.132],[-135.4479,58.1027],[-135.5451,58.0628],[-135.5909,57.9919],[-135.6332,57.987],[-135.626,58.0222],[-135.6907,58.042],[-135.6345,58.0328],[-135.6719,58.0544],[-135.6108,58.0539],[-135.5391,58.1004],[-135.524,58.1498],[-135.4956,58.1713],[-135.6443,58.232],[-135.7317,58.2384],[-135.7973,58.288],[-135.9133,58.2438],[-135.9956,58.1884],[-136.0404,58.2186],[-136.1664,58.2203],[-136.1497,58.2133],[-136.1987,58.1842],[-136.1902,58.1628],[-136.2107,58.1548],[-136.2337,58.1575],[-136.2816,58.2232],[-136.3194,58.2099],[-136.355,58.2227],[-136.3563,58.1913],[-136.29,58.1475],[-136.3043,58.1326],[-136.274,58.1022],[-136.3713,58.1497],[-136.4679,58.0989],[-136.5374,58.0975],[-136.5759,58.032]]],[[[-136.5779,58.891],[-136.5539,58.8769],[-136.5562,58.8939],[-136.5779,58.891]]],[[[-136.786,58.2745],[-136.7856,58.2703],[-136.7792,58.2726],[-136.7716,58.2722],[-136.7756,58.2789],[-136.7803,58.2792],[-136.786,58.2745]]],[[[-136.8643,58.9383],[-136.788,58.9056],[-136.8103,58.9418],[-136.8643,58.9383]]],[[[-139.512,59.7029],[-139.5119,59.6999],[-139.5028,59.6983],[-139.5006,59.7025],[-139.5095,59.704],[-139.512,59.7029]]],[[[-139.5459,59.9716],[-139.5452,59.9689],[-139.5316,59.9602],[-139.5283,59.9696],[-139.5313,59.9744],[-139.5372,59.9746],[-139.5459,59.9716]]],[[[-139.5984,59.7179],[-139.5578,59.7044],[-139.5168,59.7178],[-139.5641,59.739],[-139.5984,59.7179]]],[[[-139.6558,59.6649],[-139.6516,59.6627],[-139.6445,59.6643],[-139.6403,59.6733],[-139.6418,59.6754],[-139.6512,59.6729],[-139.6558,59.6649]]],[[[-139.6613,59.5931],[-139.6589,59.5914],[-139.6551,59.5964],[-139.6599,59.6015],[-139.6613,59.5931]]],[[[-139.6655,59.6453],[-139.6607,59.6359],[-139.6561,59.6343],[-139.6529,59.6357],[-139.6531,59.6411],[-139.6573,59.646],[-139.6655,59.6453]]],[[[-139.676,59.6255],[-139.6589,59.6175],[-139.6518,59.6232],[-139.6429,59.6243],[-139.6403,59.6261],[-139.6613,59.6327],[-139.6701,59.6299],[-139.6731,59.6302],[-139.6728,59.6267],[-139.676,59.6255]]],[[[-139.8049,59.5867],[-139.7854,59.557],[-139.7654,59.5581],[-139.7824,59.5762],[-139.7642,59.574],[-139.7673,59.5932],[-139.7186,59.576],[-139.748,59.6158],[-139.7136,59.6357],[-139.8049,59.5867]]],[[[-141.3655,59.9513],[-141.363,59.9495],[-141.355,59.9498],[-141.3323,59.954],[-141.3412,59.9604],[-141.3436,59.9602],[-141.3476,59.9558],[-141.3655,59.9513]]],[[[-144.3946,60.0511],[-144.3936,59.9935],[-144.3694,59.9872],[-144.3756,60.0404],[-144.3946,60.0511]]],[[[-144.4335,60.1556],[-144.3489,60.0912],[-144.3242,60.1181],[-144.3366,60.1429],[-144.4335,60.1556]]],[[[-144.6063,59.7921],[-144.4131,59.9041],[-144.1923,60.001],[-144.3226,59.9928],[-144.3969,59.9422],[-144.4395,59.9376],[-144.5655,59.8524],[-144.6063,59.7921]]],[[[-144.9371,69.9894],[-144.9375,69.9882],[-144.9276,69.9893],[-144.9229,69.9883],[-144.9297,69.9904],[-144.9371,69.9894]]],[[[-145.0917,60.3229],[-145.0905,60.3198],[-145.0441,60.3548],[-145.0384,60.3656],[-145.0418,60.3698],[-145.0456,60.37],[-145.0563,60.3656],[-145.0755,60.3523],[-145.0917,60.3229]]],[[[-145.2562,70.0377],[-145.2526,70.036],[-145.2341,70.0383],[-145.2107,70.0382],[-145.2233,70.0397],[-145.2453,70.0395],[-145.2562,70.0377]]],[[[-145.6537,60.3944],[-145.6518,60.3922],[-145.629,60.3901],[-145.6147,60.3914],[-145.6116,60.3935],[-145.6156,60.3955],[-145.632,60.3959],[-145.6437,60.396],[-145.6537,60.3944]]],[[[-145.6713,60.3636],[-145.6045,60.3079],[-145.5108,60.3183],[-145.5636,60.3602],[-145.6713,60.3636]]],[[[-145.7314,60.6205],[-145.7291,60.62],[-145.7225,60.6261],[-145.7265,60.6256],[-145.7314,60.6205]]],[[[-145.7479,60.5954],[-145.749,60.5932],[-145.7351,60.5946],[-145.7334,60.6034],[-145.743,60.6035],[-145.7489,60.5978],[-145.7479,60.5954]]],[[[-145.8075,60.6134],[-145.8077,60.6125],[-145.8021,60.6129],[-145.7852,60.6216],[-145.8027,60.6192],[-145.8075,60.6134]]],[[[-145.9036,70.144],[-145.8975,70.1421],[-145.8941,70.1427],[-145.8957,70.1446],[-145.9036,70.144]]],[[[-145.9363,70.1538],[-145.9298,70.1498],[-145.9184,70.1498],[-145.9128,70.1513],[-145.9363,70.1538]]],[[[-145.9726,60.6792],[-145.9623,60.68],[-145.9591,60.6838],[-145.9656,60.6835],[-145.9726,60.6792]]],[[[-146.0096,60.6729],[-146.0002,60.6709],[-145.9963,60.6725],[-145.9889,60.6717],[-145.9833,60.6732],[-145.9818,60.6765],[-145.9858,60.6785],[-145.9899,60.6767],[-145.9886,60.6751],[-146.0006,60.6752],[-146.0096,60.6729]]],[[[-146.0116,60.3962],[-145.8312,60.3503],[-145.7599,60.3569],[-145.7426,60.3771],[-145.9532,60.4079],[-146.0116,60.3962]]],[[[-146.0228,60.4624],[-146.0252,60.4596],[-146.0226,60.4584],[-145.9924,60.4623],[-145.9955,60.4644],[-146.0176,60.4678],[-146.0228,60.4624]]],[[[-146.0382,60.4195],[-146.0316,60.4069],[-146.0214,60.4097],[-146.0197,60.4126],[-146.0228,60.4149],[-146.0304,60.4165],[-146.0337,60.4195],[-146.0382,60.4195]]],[[[-146.337,60.4639],[-146.2334,60.4503],[-146.1017,60.4738],[-145.8227,60.5525],[-145.7666,60.5851],[-145.7927,60.593],[-145.7604,60.6154],[-145.9703,60.5745],[-145.9394,60.5594],[-145.9981,60.5701],[-146.145,60.5219],[-146.2902,60.5166],[-146.3251,60.5007],[-146.337,60.4639]]],[[[-146.7174,60.8637],[-146.7056,60.8551],[-146.6859,60.8463],[-146.683,60.8428],[-146.679,60.8449],[-146.6824,60.8471],[-146.7041,60.8565],[-146.7086,60.8618],[-146.7174,60.8637]]],[[[-146.7318,60.3816],[-146.7247,60.3432],[-146.6541,60.3281],[-146.6134,60.3532],[-146.5153,60.3598],[-146.5262,60.3359],[-146.7014,60.2785],[-146.685,60.2543],[-146.6284,60.2338],[-146.3781,60.329],[-146.0751,60.3672],[-146.0879,60.4093],[-146.1243,60.4134],[-146.1255,60.4317],[-146.3598,60.4064],[-146.3577,60.448],[-146.3762,60.4502],[-146.3501,60.4772],[-146.4442,60.4674],[-146.5393,60.4864],[-146.6234,60.4791],[-146.7318,60.3816]]],[[[-146.7383,60.879],[-146.7364,60.8755],[-146.7295,60.8743],[-146.7331,60.879],[-146.7383,60.879]]],[[[-146.814,60.8648],[-146.8113,60.863],[-146.8077,60.866],[-146.814,60.8648]]],[[[-146.8169,60.895],[-146.8071,60.8918],[-146.7919,60.8922],[-146.789,60.8895],[-146.7895,60.8847],[-146.7846,60.8832],[-146.7683,60.8832],[-146.7578,60.8858],[-146.7806,60.8924],[-146.7765,60.8957],[-146.7779,60.8977],[-146.7869,60.9001],[-146.7943,60.9006],[-146.7955,60.8991],[-146.8042,60.898],[-146.8057,60.8941],[-146.8169,60.895]]],[[[-146.8174,60.8179],[-146.7274,60.8113],[-146.7141,60.8215],[-146.7312,60.8402],[-146.7014,60.8483],[-146.7652,60.8817],[-146.7778,60.8749],[-146.7512,60.8539],[-146.7941,60.8652],[-146.8174,60.8179]]],[[[-146.8449,60.8458],[-146.8465,60.8446],[-146.8431,60.8436],[-146.8322,60.8453],[-146.8253,60.8504],[-146.8151,60.8528],[-146.8153,60.855],[-146.8209,60.855],[-146.8449,60.8458]]],[[[-146.9878,60.9704],[-146.9795,60.9713],[-146.982,60.9726],[-146.9878,60.9704]]],[[[-147.1735,60.9115],[-147.1729,60.9093],[-147.1651,60.9106],[-147.168,60.9128],[-147.1735,60.9115]]],[[[-147.2651,70.2128],[-147.1809,70.2198],[-147.2222,70.2324],[-147.2651,70.2128]]],[[[-147.2656,60.9648],[-147.2666,60.9628],[-147.258,60.9593],[-147.2579,60.9568],[-147.2508,60.9526],[-147.2486,60.9529],[-147.2509,60.9595],[-147.2485,60.9649],[-147.2572,60.964],[-147.2611,60.9663],[-147.2656,60.9648]]],[[[-147.3267,60.8764],[-147.2293,60.8651],[-147.1797,60.8809],[-147.1903,60.8586],[-147.1485,60.8519],[-147.0712,60.8928],[-147.1004,60.9038],[-147.1247,60.8749],[-147.1597,60.8723],[-147.1149,60.911],[-147.1872,60.8921],[-147.1715,60.9054],[-147.2035,60.9062],[-147.2233,60.8853],[-147.2065,60.9072],[-147.2281,60.9091],[-147.3267,60.8764]]],[[[-147.4061,60.5194],[-147.4085,60.5186],[-147.405,60.5174],[-147.3922,60.5173],[-147.3838,60.5212],[-147.379,60.5202],[-147.3596,60.5235],[-147.3433,60.5221],[-147.3266,60.526],[-147.3159,60.5303],[-147.3422,60.5311],[-147.3561,60.5281],[-147.3877,60.528],[-147.4006,60.5205],[-147.4061,60.5194]]],[[[-147.4119,60.8886],[-147.4098,60.8871],[-147.4049,60.8878],[-147.4085,60.8896],[-147.4119,60.8886]]],[[[-147.4178,59.8689],[-147.4118,59.864],[-147.3893,59.871],[-147.3866,59.8749],[-147.3919,59.8778],[-147.3978,59.878],[-147.403,59.8754],[-147.4102,59.8748],[-147.4178,59.8689]]],[[[-147.418,60.8897],[-147.418,60.8881],[-147.4152,60.8882],[-147.418,60.8897]]],[[[-147.4188,60.7011],[-147.3896,60.6831],[-147.3553,60.7023],[-147.3617,60.7144],[-147.4188,60.7011]]],[[[-147.4332,60.5212],[-147.4348,60.5196],[-147.4305,60.5172],[-147.4307,60.5139],[-147.4268,60.5144],[-147.421,60.5182],[-147.4224,60.5205],[-147.4264,60.5219],[-147.4332,60.5212]]],[[[-147.4623,60.8794],[-147.461,60.8761],[-147.4526,60.8722],[-147.4563,60.8693],[-147.4496,60.8686],[-147.4467,60.8668],[-147.4375,60.8662],[-147.4342,60.8631],[-147.4199,60.8648],[-147.4172,60.8694],[-147.4131,60.8706],[-147.4156,60.8719],[-147.4197,60.8699],[-147.4218,60.8704],[-147.4234,60.8758],[-147.4285,60.8769],[-147.428,60.878],[-147.4493,60.8831],[-147.4594,60.8819],[-147.4623,60.8794]]],[[[-147.4628,60.9308],[-147.4598,60.9277],[-147.4549,60.9276],[-147.4577,60.9354],[-147.4617,60.9345],[-147.4598,60.932],[-147.4628,60.9308]]],[[[-147.4621,59.8448],[-147.4636,59.8424],[-147.4615,59.8417],[-147.4557,59.8461],[-147.4612,59.8466],[-147.4621,59.8448]]],[[[-147.4694,60.9221],[-147.4652,60.9163],[-147.4603,60.9166],[-147.4608,60.92],[-147.4648,60.9217],[-147.4643,60.9246],[-147.4682,60.9246],[-147.4694,60.9221]]],[[[-147.4709,60.8598],[-147.4708,60.8574],[-147.4671,60.8566],[-147.4588,60.8599],[-147.4592,60.8618],[-147.4649,60.8633],[-147.4709,60.8598]]],[[[-147.4834,60.7294],[-147.4105,60.7173],[-147.3822,60.7372],[-147.4834,60.7294]]],[[[-147.5029,60.6546],[-147.4383,60.649],[-147.4875,60.6179],[-147.4739,60.6173],[-147.3898,60.6518],[-147.3736,60.6328],[-147.3881,60.6271],[-147.3458,60.6282],[-147.3023,60.6617],[-147.3349,60.6764],[-147.3796,60.6517],[-147.4043,60.6863],[-147.4487,60.699],[-147.4872,60.6842],[-147.4364,60.6546],[-147.5029,60.6546]]],[[[-147.5033,60.2576],[-147.4886,60.2472],[-147.5031,60.2344],[-147.4765,60.2272],[-147.342,60.2742],[-147.3398,60.3037],[-147.3904,60.2918],[-147.3923,60.3043],[-147.5033,60.2576]]],[[[-147.5778,60.8684],[-147.5745,60.8652],[-147.5596,60.8651],[-147.5526,60.8633],[-147.5546,60.8679],[-147.5481,60.8685],[-147.5549,60.8734],[-147.5546,60.8766],[-147.558,60.8776],[-147.5632,60.8737],[-147.5693,60.8722],[-147.5727,60.873],[-147.573,60.87],[-147.5778,60.8684]]],[[[-147.5823,60.8613],[-147.578,60.8586],[-147.5704,60.8595],[-147.5753,60.8625],[-147.5776,60.8622],[-147.5803,60.8653],[-147.5823,60.8613]]],[[[-147.6407,60.8395],[-147.6371,60.837],[-147.6284,60.8372],[-147.6267,60.8385],[-147.6282,60.8401],[-147.6407,60.8395]]],[[[-147.6764,60.8078],[-147.6772,60.803],[-147.6692,60.8051],[-147.668,60.808],[-147.6582,60.813],[-147.6643,60.8129],[-147.6764,60.8078]]],[[[-147.7014,61.205],[-147.6993,61.2041],[-147.6926,61.2067],[-147.6774,61.2151],[-147.6917,61.2115],[-147.7014,61.205]]],[[[-147.7027,60.8044],[-147.7044,60.8023],[-147.6981,60.8025],[-147.6972,60.8061],[-147.7027,60.8044]]],[[[-147.7226,60.818],[-147.7254,60.8139],[-147.7217,60.8132],[-147.7178,60.8148],[-147.712,60.814],[-147.7075,60.8179],[-147.7226,60.818]]],[[[-147.7399,60.7907],[-147.7375,60.7873],[-147.7266,60.7882],[-147.7218,60.7857],[-147.7177,60.7912],[-147.7187,60.794],[-147.7073,60.7969],[-147.7082,60.7987],[-147.7102,60.8],[-147.7274,60.7967],[-147.7399,60.7907]]],[[[-147.7747,60.6633],[-147.7358,60.6936],[-147.7516,60.6969],[-147.7747,60.6633]]],[[[-147.8151,60.7582],[-147.8111,60.7556],[-147.8053,60.7575],[-147.8003,60.7672],[-147.8079,60.7673],[-147.8074,60.7644],[-147.8151,60.7582]]],[[[-147.8395,60.818],[-147.8356,60.8177],[-147.8373,60.8188],[-147.8395,60.818]]],[[[-147.853,60.7947],[-147.8519,60.7862],[-147.8381,60.7905],[-147.8378,60.7938],[-147.8408,60.7951],[-147.853,60.7947]]],[[[-147.8768,60.8207],[-147.8748,60.8182],[-147.8728,60.8191],[-147.8737,60.8228],[-147.8768,60.8207]]],[[[-147.9295,59.7863],[-147.8543,59.7655],[-147.7423,59.8016],[-147.6824,59.7989],[-147.6161,59.8506],[-147.535,59.8341],[-147.4351,59.8713],[-147.4501,59.8799],[-147.4437,59.9032],[-147.4993,59.9191],[-147.4962,59.9389],[-147.4211,59.9661],[-147.3429,59.9576],[-147.3833,59.9783],[-147.3576,60.0449],[-147.1993,60.1512],[-146.9657,60.2485],[-146.917,60.3066],[-147.1112,60.2622],[-147.0021,60.3443],[-147.1373,60.3368],[-147.0855,60.3687],[-147.1135,60.3812],[-147.2108,60.3479],[-147.2155,60.3276],[-147.1673,60.3097],[-147.2219,60.304],[-147.2333,60.2896],[-147.1898,60.2711],[-147.226,60.2549],[-147.1887,60.2527],[-147.2832,60.2163],[-147.2716,60.2354],[-147.3115,60.224],[-147.316,60.1905],[-147.3743,60.1603],[-147.3748,60.1406],[-147.4354,60.0947],[-147.6148,60.0137],[-147.6954,59.9967],[-147.7073,59.9829],[-147.6666,59.9652],[-147.7401,59.9551],[-147.8149,59.9088],[-147.7548,59.8825],[-147.8872,59.8623],[-147.9133,59.8372],[-147.901,59.796],[-147.9295,59.7863]]],[[[-147.9511,60.4935],[-147.9508,60.4897],[-147.9472,60.495],[-147.9368,60.5017],[-147.9343,60.5121],[-147.9423,60.5122],[-147.943,60.5045],[-147.9511,60.4935]]],[[[-147.9693,60.2504],[-147.9403,60.222],[-147.8129,60.2211],[-147.8483,60.1941],[-147.787,60.1852],[-147.795,60.1649],[-147.7603,60.1554],[-147.7456,60.1843],[-147.7634,60.2017],[-147.7218,60.2015],[-147.6981,60.2428],[-147.7349,60.2363],[-147.7456,60.2559],[-147.6177,60.3661],[-147.626,60.3922],[-147.6743,60.3834],[-147.6943,60.3977],[-147.6108,60.4239],[-147.6472,60.4467],[-147.6225,60.463],[-147.6391,60.4887],[-147.5766,60.4922],[-147.5849,60.5372],[-147.5564,60.5372],[-147.5512,60.5705],[-147.5671,60.5812],[-147.5892,60.557],[-147.6206,60.5694],[-147.6213,60.5518],[-147.6741,60.5393],[-147.646,60.5078],[-147.6686,60.4955],[-147.6964,60.5148],[-147.7211,60.5078],[-147.7316,60.4443],[-147.7812,60.4383],[-147.7684,60.4752],[-147.7915,60.478],[-147.883,60.3619],[-147.8699,60.3476],[-147.9048,60.3368],[-147.8925,60.3153],[-147.7656,60.3428],[-147.7437,60.3251],[-147.8421,60.295],[-147.916,60.2974],[-147.9384,60.2615],[-147.9693,60.2504]]],[[[-148.0044,70.3166],[-147.9997,70.3144],[-147.983,70.3122],[-147.9624,70.3133],[-147.9614,70.3156],[-147.9691,70.3156],[-147.9697,70.3178],[-147.9908,70.3188],[-148.0044,70.3166]]],[[[-148.0214,60.724],[-147.9973,60.711],[-148.0011,60.6864],[-147.9353,60.6555],[-147.9177,60.6851],[-147.8727,60.6692],[-147.8456,60.692],[-147.9348,60.7394],[-147.9245,60.71],[-147.9621,60.7508],[-147.9815,60.7411],[-147.9471,60.7038],[-147.9737,60.7026],[-147.9908,60.7282],[-148.0214,60.724]]],[[[-148.0461,60.1612],[-148.0294,60.1478],[-148.0021,60.1759],[-148.0311,60.1817],[-148.0461,60.1612]]],[[[-148.0575,59.9496],[-148.0316,59.9379],[-147.8999,59.9755],[-147.8156,60.0597],[-147.8515,60.0791],[-147.8809,60.0693],[-148.0575,59.9496]]],[[[-148.0882,59.9265],[-148.0844,59.9212],[-148.0727,59.9257],[-148.0775,59.9292],[-148.0882,59.9265]]],[[[-148.1554,60.3128],[-148.118,60.2761],[-148.0258,60.2763],[-147.9876,60.3708],[-148.0061,60.387],[-148.0553,60.3766],[-148.1554,60.3128]]],[[[-148.1531,59.9979],[-148.1212,59.9856],[-148.0658,60.0303],[-147.9888,60.0464],[-147.8907,60.116],[-147.9102,60.1311],[-147.9629,60.126],[-147.977,60.1606],[-148.0017,60.0991],[-148.0181,60.1229],[-148.0773,60.0916],[-148.1193,60.0506],[-148.1215,60.0254],[-148.1578,60.0109],[-148.1307,60.0013],[-148.1531,59.9979]]],[[[-148.1945,60.2692],[-148.1915,60.2655],[-148.1867,60.2662],[-148.1885,60.2694],[-148.1945,60.2692]]],[[[-148.2503,59.9385],[-148.1041,59.9507],[-148.0338,59.99],[-147.9943,60.0359],[-148.1136,59.9674],[-148.2163,59.9784],[-148.1818,59.9693],[-148.217,59.9523],[-148.1773,59.9512],[-148.2503,59.9385]]],[[[-148.6961,70.4321],[-148.6859,70.4294],[-148.6595,70.4272],[-148.6514,70.4231],[-148.6326,70.4231],[-148.6046,70.419],[-148.5756,70.4082],[-148.5649,70.4011],[-148.5623,70.4018],[-148.5772,70.4119],[-148.5986,70.4191],[-148.6307,70.4251],[-148.6961,70.4321]]],[[[-148.7695,70.4432],[-148.7552,70.4422],[-148.7624,70.4438],[-148.7695,70.4432]]],[[[-148.8142,70.4693],[-148.796,70.4578],[-148.7883,70.4487],[-148.7861,70.4513],[-148.7895,70.4556],[-148.8142,70.4693]]],[[[-148.856,70.4776],[-148.8468,70.4742],[-148.833,70.4746],[-148.856,70.4776]]],[[[-149.2709,70.5321],[-149.0829,70.4921],[-148.8669,70.4788],[-149.2709,70.5321]]],[[[-149.2838,59.8612],[-149.2853,59.8595],[-149.2808,59.8575],[-149.2766,59.858],[-149.2782,59.8617],[-149.2838,59.8612]]],[[[-149.3127,70.5368],[-149.2992,70.5321],[-149.2866,70.5341],[-149.3127,70.5368]]],[[[-149.3143,59.9568],[-149.3125,59.9545],[-149.3084,59.9559],[-149.3143,59.9568]]],[[[-149.3644,59.9042],[-149.3397,59.8978],[-149.3084,59.9393],[-149.3479,59.9403],[-149.3583,59.9246],[-149.3349,59.9096],[-149.3644,59.9042]]],[[[-149.3827,59.8841],[-149.3841,59.8826],[-149.3769,59.8796],[-149.3656,59.8783],[-149.3627,59.8813],[-149.3665,59.8862],[-149.3746,59.8904],[-149.3822,59.8884],[-149.3827,59.8841]]],[[[-149.4116,59.851],[-149.3809,59.8532],[-149.3833,59.835],[-149.364,59.8493],[-149.3828,59.8691],[-149.4116,59.851]]],[[[-149.5246,59.7837],[-149.5096,59.7642],[-149.5014,59.7778],[-149.5246,59.7837]]],[[[-149.5729,59.6006],[-149.5686,59.5976],[-149.5616,59.6014],[-149.5705,59.6025],[-149.5729,59.6006]]],[[[-149.5733,59.7025],[-149.5695,59.6992],[-149.5628,59.6991],[-149.5582,59.6969],[-149.5538,59.6983],[-149.5546,59.7009],[-149.5592,59.7004],[-149.5636,59.7028],[-149.5719,59.7036],[-149.5733,59.7025]]],[[[-149.5915,59.5983],[-149.5913,59.5943],[-149.5856,59.5916],[-149.5831,59.5919],[-149.5845,59.5992],[-149.5899,59.5996],[-149.5915,59.5983]]],[[[-149.5944,70.5643],[-149.5819,70.5551],[-149.5662,70.5535],[-149.562,70.5531],[-149.5379,70.5579],[-149.5038,70.5562],[-149.4855,70.5527],[-149.4576,70.5504],[-149.4383,70.5458],[-149.4368,70.5475],[-149.4269,70.5487],[-149.4376,70.5526],[-149.4733,70.5567],[-149.5944,70.5643]]],[[[-149.6496,59.6147],[-149.6342,59.6089],[-149.6475,59.5995],[-149.623,59.6131],[-149.6496,59.6147]]],[[[-149.6673,59.6664],[-149.6519,59.6594],[-149.6658,59.6408],[-149.5943,59.6295],[-149.5995,59.6572],[-149.6248,59.6513],[-149.6193,59.6652],[-149.653,59.6513],[-149.6446,59.6792],[-149.6629,59.6976],[-149.6673,59.6664]]],[[[-149.7176,59.6656],[-149.7149,59.6561],[-149.7121,59.6555],[-149.7112,59.6605],[-149.7148,59.6656],[-149.7176,59.6656]]],[[[-149.72,59.9096],[-149.7171,59.903],[-149.7144,59.9062],[-149.7149,59.9203],[-149.72,59.9096]]],[[[-149.7261,70.5704],[-149.727,70.5695],[-149.692,70.5699],[-149.6602,70.5683],[-149.6633,70.5695],[-149.7006,70.5713],[-149.7199,70.5716],[-149.7261,70.5704]]],[[[-149.7288,59.6818],[-149.7195,59.6692],[-149.7174,59.67],[-149.7172,59.6779],[-149.7251,59.6822],[-149.7288,59.6818]]],[[[-149.8461,59.6761],[-149.8427,59.6729],[-149.8429,59.6662],[-149.8301,59.6634],[-149.8299,59.6605],[-149.8353,59.6583],[-149.8344,59.6553],[-149.8191,59.6515],[-149.8219,59.6473],[-149.8196,59.6437],[-149.8133,59.6414],[-149.8099,59.6369],[-149.7977,59.635],[-149.7973,59.6326],[-149.8014,59.6311],[-149.7649,59.6074],[-149.7623,59.6074],[-149.7599,59.6098],[-149.7739,59.6203],[-149.7795,59.6318],[-149.7957,59.6446],[-149.801,59.6532],[-149.82,59.6613],[-149.8402,59.6754],[-149.8431,59.6768],[-149.8461,59.6761]]],[[[-150.2859,61.127],[-150.2253,61.1269],[-150.1607,61.1735],[-150.2261,61.1681],[-150.2491,61.133],[-150.2859,61.127]]],[[[-150.4399,59.3712],[-150.3832,59.3578],[-150.4327,59.3444],[-150.3854,59.342],[-150.365,59.3841],[-150.4399,59.3712]]],[[[-150.7016,59.4213],[-150.6959,59.42],[-150.6902,59.4216],[-150.6945,59.4229],[-150.7016,59.4213]]],[[[-150.7749,59.3189],[-150.7621,59.3039],[-150.7148,59.3096],[-150.7333,59.2918],[-150.7039,59.2945],[-150.6188,59.3513],[-150.6097,59.3695],[-150.6259,59.3874],[-150.6033,59.3846],[-150.7062,59.4171],[-150.71,59.3937],[-150.6898,59.391],[-150.7412,59.3617],[-150.7488,59.337],[-150.7699,59.3401],[-150.7516,59.3216],[-150.7749,59.3189]]],[[[-150.9123,59.305],[-150.9071,59.3037],[-150.8922,59.3048],[-150.899,59.3075],[-150.9123,59.305]]],[[[-151.4054,59.2333],[-151.4039,59.2305],[-151.3978,59.2296],[-151.3985,59.2318],[-151.4054,59.2333]]],[[[-151.4773,59.5411],[-151.4768,59.5385],[-151.4701,59.5396],[-151.471,59.5425],[-151.4761,59.5424],[-151.4773,59.5411]]],[[[-151.5161,59.5228],[-151.4805,59.5135],[-151.4867,59.5327],[-151.5161,59.5228]]],[[[-151.5288,59.1476],[-151.5206,59.128],[-151.4451,59.1051],[-151.4312,59.1156],[-151.4321,59.135],[-151.5288,59.1476]]],[[[-151.5311,59.5077],[-151.5299,59.5039],[-151.4992,59.5068],[-151.4997,59.5089],[-151.518,59.5098],[-151.5242,59.5099],[-151.5268,59.508],[-151.5311,59.5077]]],[[[-151.7132,70.4934],[-151.7163,70.4925],[-151.7057,70.4937],[-151.7012,70.4962],[-151.7027,70.499],[-151.7132,70.4934]]],[[[-151.726,59.116],[-151.6618,59.0957],[-151.6383,59.1166],[-151.7032,59.1303],[-151.726,59.116]]],[[[-151.7407,70.5158],[-151.7394,70.513],[-151.7238,70.5097],[-151.7196,70.5149],[-151.7218,70.517],[-151.7338,70.5195],[-151.7407,70.5158]]],[[[-151.8831,59.1562],[-151.8087,59.1349],[-151.7903,59.1678],[-151.8243,59.178],[-151.8831,59.1562]]],[[[-151.8898,59.372],[-151.8857,59.3668],[-151.8779,59.3685],[-151.8833,59.3711],[-151.8833,59.3729],[-151.8898,59.372]]],[[[-151.8962,58.1977],[-151.8686,58.1654],[-151.8225,58.1796],[-151.7944,58.2108],[-151.7892,58.251],[-151.8344,58.2684],[-151.8681,58.2543],[-151.8962,58.1977]]],[[[-151.9237,70.5783],[-151.9271,70.5779],[-151.9209,70.5747],[-151.9032,70.5752],[-151.878,70.5704],[-151.8683,70.5717],[-151.8831,70.5762],[-151.9237,70.5783]]],[[[-151.9922,70.5829],[-151.9946,70.5823],[-151.9897,70.5813],[-151.9743,70.5812],[-151.9647,70.5767],[-151.9575,70.5794],[-151.9698,70.5818],[-151.9922,70.5829]]],[[[-152.024,58.9152],[-152.0218,58.9091],[-152.0154,58.908],[-152.0019,58.9096],[-152.0005,58.9112],[-151.9942,58.9101],[-151.9916,58.9126],[-151.9808,58.9115],[-151.9752,58.9148],[-151.9576,58.9147],[-151.954,58.9171],[-151.9632,58.9221],[-151.9809,58.9256],[-151.9965,58.922],[-152.0028,58.9221],[-152.0034,58.9187],[-152.0081,58.9165],[-152.0219,58.921],[-152.024,58.9152]]],[[[-152.0509,58.8878],[-152.0513,58.8855],[-152.0433,58.8838],[-152.0307,58.886],[-152.029,58.89],[-152.0457,58.891],[-152.0509,58.8878]]],[[[-152.0779,58.9232],[-152.0558,58.9097],[-152.0031,58.9414],[-152.0658,58.9445],[-152.0779,58.9232]]],[[[-152.0864,60.3445],[-151.9585,60.3693],[-151.9761,60.4027],[-151.9414,60.4311],[-151.887,60.4387],[-151.9003,60.4609],[-151.8347,60.4832],[-151.9531,60.5122],[-151.9792,60.4883],[-151.9571,60.4623],[-151.9659,60.4327],[-152.0198,60.4012],[-152.007,60.3771],[-152.0771,60.3625],[-152.0864,60.3445]]],[[[-152.1626,58.9699],[-152.159,58.9674],[-152.1448,58.9665],[-152.1436,58.9676],[-152.1479,58.9701],[-152.1583,58.9712],[-152.1626,58.9699]]],[[[-152.2257,58.8947],[-152.2264,58.8924],[-152.2178,58.8901],[-152.2119,58.894],[-152.2044,58.8943],[-152.1995,58.8986],[-152.1991,58.9031],[-152.2112,58.9022],[-152.2157,58.8982],[-152.2257,58.8947]]],[[[-152.3109,57.7549],[-152.2988,57.7459],[-152.2123,57.7914],[-152.2536,57.7908],[-152.3109,57.7549]]],[[[-152.3185,57.3639],[-152.2531,57.3867],[-152.2909,57.3949],[-152.3185,57.3639]]],[[[-152.3512,70.6003],[-152.3323,70.6012],[-152.3308,70.6092],[-152.3362,70.6082],[-152.3475,70.6092],[-152.3512,70.6003]]],[[[-152.3591,58.9157],[-152.2797,58.9055],[-152.1527,58.9447],[-152.2521,58.9385],[-152.3173,58.9617],[-152.296,58.9486],[-152.3167,58.9145],[-152.3591,58.9157]]],[[[-152.3592,57.7819],[-152.3492,57.7591],[-152.3083,57.7889],[-152.3283,57.8006],[-152.3592,57.7819]]],[[[-152.3884,58.507],[-152.3848,58.5032],[-152.3796,58.5044],[-152.3782,58.5065],[-152.3824,58.5088],[-152.3884,58.507]]],[[[-152.4851,57.9802],[-152.4768,57.9796],[-152.4656,57.9923],[-152.4694,57.9943],[-152.4851,57.9802]]],[[[-152.5593,58.6431],[-152.5545,58.6404],[-152.5479,58.6398],[-152.5462,58.6378],[-152.5386,58.6383],[-152.5346,58.6399],[-152.5305,58.6457],[-152.536,58.6487],[-152.5529,58.6461],[-152.5593,58.6431]]],[[[-152.6411,60.1654],[-152.5545,60.1],[-152.5803,60.1718],[-152.62,60.1841],[-152.6411,60.1654]]],[[[-152.7269,60.2247],[-152.7285,60.2233],[-152.7231,60.2207],[-152.7175,60.2216],[-152.7151,60.2236],[-152.7178,60.2263],[-152.7269,60.2247]]],[[[-152.8528,70.8954],[-152.8559,70.8947],[-152.8357,70.8869],[-152.8078,70.8838],[-152.8004,70.8845],[-152.8014,70.8878],[-152.8107,70.886],[-152.8251,70.8873],[-152.8449,70.8998],[-152.8528,70.8954]]],[[[-152.8621,57.9573],[-152.7722,57.9224],[-152.7375,57.941],[-152.7223,57.9864],[-152.8621,57.9573]]],[[[-152.9915,59.8446],[-152.9931,59.8425],[-152.9907,59.8379],[-152.9863,59.8413],[-152.9915,59.8446]]],[[[-153.3946,59.0049],[-153.3933,59.0023],[-153.3844,59.0006],[-153.3797,59.0018],[-153.376,59.0071],[-153.3946,59.0049]]],[[[-153.4197,58.0608],[-153.3653,58.038],[-153.2267,58.0497],[-153.0584,57.9894],[-152.8908,57.9692],[-152.8666,57.9908],[-152.7877,57.9908],[-152.7594,58.0117],[-152.7834,58.0741],[-152.7052,58.0502],[-152.6277,58.077],[-152.5937,58.1865],[-152.5612,58.177],[-152.5712,58.1055],[-152.5464,58.0833],[-152.5222,58.1157],[-152.444,58.1389],[-152.3967,58.1182],[-152.3554,58.1271],[-152.3397,58.1012],[-152.3176,58.1262],[-152.2729,58.1246],[-152.2636,58.1339],[-152.3461,58.1839],[-152.2833,58.1835],[-152.3235,58.233],[-152.3111,58.2409],[-152.2448,58.2434],[-152.2063,58.212],[-152.2244,58.1964],[-152.2016,58.1759],[-152.1467,58.1779],[-152.1395,58.1577],[-152.0837,58.1534],[-152.0457,58.1838],[-152.0602,58.1868],[-152.048,58.2019],[-152.0,58.2059],[-151.9729,58.2287],[-151.9891,58.2426],[-151.9648,58.2585],[-151.9808,58.2824],[-151.9637,58.3301],[-151.9872,58.3533],[-152.0618,58.2665],[-152.0568,58.3097],[-152.083,58.3077],[-152.1376,58.2168],[-152.1469,58.2666],[-152.1184,58.3393],[-152.0694,58.3651],[-152.1162,58.3725],[-152.126,58.3975],[-152.2158,58.3522],[-152.2408,58.3691],[-152.2168,58.3813],[-152.242,58.4008],[-152.3273,58.435],[-152.3373,58.4263],[-152.3135,58.4125],[-152.3584,58.4245],[-152.3439,58.3934],[-152.3929,58.3555],[-152.3805,58.3459],[-152.4176,58.3474],[-152.4359,58.3732],[-152.4866,58.3528],[-152.4939,58.3736],[-152.4692,58.4035],[-152.5334,58.4123],[-152.4789,58.4697],[-152.4093,58.4943],[-152.419,58.5138],[-152.3587,58.5308],[-152.3824,58.5465],[-152.3368,58.5881],[-152.3527,58.597],[-152.3413,58.6219],[-152.3135,58.6331],[-152.3815,58.6365],[-152.4207,58.6078],[-152.4535,58.6333],[-152.521,58.5898],[-152.5738,58.6203],[-152.6717,58.5687],[-152.6503,58.5583],[-152.6658,58.539],[-152.6403,58.5255],[-152.656,58.5071],[-152.5167,58.4675],[-152.6582,58.4817],[-152.6753,58.4637],[-152.7418,58.4595],[-152.7929,58.4101],[-152.8868,58.4085],[-152.8243,58.3797],[-152.8374,58.3722],[-152.7784,58.3663],[-152.8081,58.3432],[-152.7751,58.3101],[-152.8459,58.3376],[-152.9227,58.3411],[-152.9367,58.3311],[-152.9118,58.3085],[-152.8153,58.2883],[-152.9122,58.2725],[-153.0472,58.3056],[-153.1014,58.2558],[-153.0045,58.2197],[-153.0087,58.2001],[-153.1761,58.2168],[-153.2198,58.1852],[-153.2229,58.1608],[-153.1511,58.1058],[-153.0413,58.1108],[-153.1632,58.0887],[-153.2597,58.1448],[-153.2963,58.1462],[-153.341,58.1167],[-153.3382,58.1001],[-153.4197,58.0608]]],[[[-153.441,59.6366],[-153.4384,59.6348],[-153.431,59.6377],[-153.4372,59.6395],[-153.441,59.6366]]],[[[-153.5621,57.9315],[-153.5604,57.9246],[-153.5473,57.9197],[-153.5492,57.9247],[-153.5554,57.9305],[-153.5533,57.9358],[-153.5599,57.9338],[-153.5621,57.9315]]],[[[-153.5784,58.5981],[-153.5495,58.5975],[-153.559,58.6123],[-153.5784,58.5981]]],[[[-153.5762,59.3756],[-153.5431,59.3576],[-153.5522,59.3351],[-153.5132,59.3203],[-153.4153,59.3214],[-153.3411,59.3569],[-153.3468,59.3797],[-153.4193,59.414],[-153.5762,59.3756]]],[[[-153.6179,56.9001],[-153.5896,56.8873],[-153.5442,56.9093],[-153.6179,56.9001]]],[[[-153.8587,56.7459],[-153.8601,56.7433],[-153.8551,56.7427],[-153.847,56.7365],[-153.8451,56.7441],[-153.8385,56.7488],[-153.853,56.7484],[-153.8587,56.7459]]],[[[-153.9026,56.7272],[-153.8984,56.7209],[-153.8893,56.7261],[-153.8843,56.7262],[-153.8703,56.7329],[-153.8739,56.7338],[-153.8767,56.739],[-153.8841,56.7367],[-153.895,56.7289],[-153.9026,56.7272]]],[[[-153.9466,56.7264],[-153.9466,56.7225],[-153.9307,56.726],[-153.9286,56.7278],[-153.9366,56.7286],[-153.9466,56.7264]]],[[[-153.9658,58.3915],[-153.9673,58.3908],[-153.963,58.3894],[-153.9519,58.3899],[-153.9564,58.3918],[-153.9658,58.3915]]],[[[-154.0133,58.4516],[-154.0147,58.4503],[-154.011,58.4502],[-153.984,58.4582],[-153.9995,58.4607],[-154.0075,58.4587],[-154.0133,58.4516]]],[[[-154.036,56.9895],[-154.0357,56.9855],[-154.0277,56.9885],[-154.0272,56.9921],[-154.03,56.9956],[-154.0343,56.9947],[-154.036,56.9895]]],[[[-154.067,59.3601],[-154.0599,59.3581],[-154.0472,59.3617],[-154.0285,59.3641],[-154.0272,59.3672],[-154.0588,59.3655],[-154.067,59.3601]]],[[[-154.1567,56.6835],[-154.0189,56.687],[-154.021,56.7175],[-154.0536,56.7317],[-154.0954,56.706],[-154.1341,56.7075],[-154.1567,56.6835]]],[[[-154.1777,59.0429],[-154.1714,59.0435],[-154.1716,59.0466],[-154.1777,59.0429]]],[[[-154.3637,56.5426],[-154.3393,56.508],[-154.2302,56.4935],[-154.1612,56.5099],[-153.9516,56.5051],[-153.8658,56.5511],[-153.8794,56.5654],[-154.0227,56.5529],[-154.0966,56.6198],[-154.2423,56.6116],[-154.3131,56.5863],[-154.3637,56.5426]]],[[[-154.4392,58.079],[-154.439,58.0778],[-154.4313,58.0768],[-154.4276,58.0775],[-154.4327,58.0809],[-154.4361,58.0812],[-154.4392,58.079]]],[[[-154.4448,58.0575],[-154.4459,58.056],[-154.4416,58.0532],[-154.4339,58.0555],[-154.4243,58.0543],[-154.422,58.0585],[-154.4339,58.0614],[-154.4448,58.0575]]],[[[-154.5154,58.0645],[-154.5011,58.0491],[-154.4586,58.06],[-154.5154,58.0645]]],[[[-154.7954,56.4317],[-154.7685,56.4046],[-154.7281,56.4058],[-154.6209,56.4762],[-154.4705,56.5113],[-154.3877,56.571],[-154.4736,56.6019],[-154.5582,56.5866],[-154.7051,56.5168],[-154.7954,56.4317]]],[[[-154.7966,57.348],[-154.7428,57.3253],[-154.7504,57.2928],[-154.7797,57.2956],[-154.7818,57.2822],[-154.6917,57.2861],[-154.6732,57.2751],[-154.6827,57.2669],[-154.6209,57.2712],[-154.5803,57.2473],[-154.5263,57.1707],[-154.5249,56.9947],[-154.4018,56.9658],[-154.3231,56.9251],[-154.3,56.8868],[-154.3107,56.8429],[-154.2271,56.8747],[-154.2104,56.9095],[-154.1639,56.9165],[-154.117,56.9687],[-154.0757,56.9701],[-153.9725,57.0647],[-153.881,57.118],[-153.8204,57.1291],[-153.8042,57.1589],[-153.7493,57.1399],[-153.9198,57.0639],[-153.9138,57.0485],[-153.9668,56.9969],[-153.9675,56.9553],[-153.8608,56.9767],[-153.8589,56.9618],[-153.8363,56.963],[-153.8447,56.9448],[-153.9614,56.9085],[-154.007,56.8607],[-154.0702,56.8459],[-154.147,56.7465],[-154.0438,56.7651],[-153.9744,56.7444],[-153.9036,56.7664],[-153.8325,56.839],[-153.7985,56.8486],[-153.7717,56.832],[-153.6994,56.8554],[-153.6847,56.8812],[-153.7738,56.8677],[-153.6918,56.9115],[-153.6961,56.9494],[-153.6702,56.9318],[-153.6015,56.933],[-153.5872,56.936],[-153.5913,56.9592],[-153.5537,56.9703],[-153.5399,57.0006],[-153.6084,57.021],[-153.5794,57.0498],[-153.7058,57.0649],[-153.6581,57.0722],[-153.6683,57.0865],[-153.5761,57.0932],[-153.4974,57.0653],[-153.4836,57.0891],[-153.5105,57.139],[-153.4484,57.1123],[-153.3595,57.1702],[-153.3667,57.1983],[-153.2745,57.2071],[-153.2804,57.1839],[-153.3871,57.1056],[-153.3524,57.1024],[-153.4007,57.0812],[-153.3928,57.0613],[-153.3175,57.0833],[-153.3619,57.047],[-153.3258,57.0458],[-153.3208,57.0265],[-153.3607,57.0044],[-153.3058,56.9916],[-153.23,57.0053],[-153.1963,57.0404],[-153.215,57.0693],[-153.1718,57.097],[-152.9125,57.1263],[-152.868,57.1509],[-152.9695,57.1899],[-153.027,57.1683],[-153.0715,57.1719],[-153.062,57.1904],[-153.1706,57.1581],[-153.1599,57.188],[-153.2091,57.2005],[-153.2122,57.2184],[-153.0715,57.2131],[-152.9403,57.2599],[-153.0154,57.3014],[-153.0971,57.2877],[-153.1711,57.3116],[-152.8925,57.3445],[-152.9125,57.3102],[-152.8801,57.2891],[-152.8426,57.3027],[-152.8597,57.2737],[-152.8167,57.2655],[-152.7489,57.312],[-152.7102,57.3027],[-152.7142,57.2787],[-152.6967,57.2805],[-152.603,57.3601],[-152.6006,57.3839],[-152.627,57.4062],[-152.7242,57.4223],[-152.7418,57.448],[-152.811,57.4712],[-152.9118,57.4708],[-152.8882,57.4867],[-152.9196,57.5017],[-152.7466,57.5062],[-152.6857,57.4666],[-152.613,57.4767],[-152.5857,57.4467],[-152.5203,57.4338],[-152.4873,57.4681],[-152.4526,57.4588],[-152.4827,57.4214],[-152.4381,57.4378],[-152.3394,57.4227],[-152.3149,57.4324],[-152.3249,57.4692],[-152.294,57.5174],[-152.1576,57.5882],[-152.1474,57.6279],[-152.3107,57.6191],[-152.3435,57.654],[-152.4271,57.5945],[-152.4685,57.5987],[-152.3703,57.6789],[-152.4162,57.6855],[-152.5008,57.6488],[-152.4633,57.6811],[-152.4718,57.7118],[-152.4402,57.7237],[-152.4894,57.7221],[-152.4946,57.737],[-152.4321,57.7831],[-152.41,57.7848],[-152.4267,57.7774],[-152.4076,57.7643],[-152.3841,57.7732],[-152.3777,57.7941],[-152.3228,57.8227],[-152.3523,57.8217],[-152.3515,57.8395],[-152.4176,57.8163],[-152.4402,57.8326],[-152.3977,57.8543],[-152.459,57.8737],[-152.4675,57.8905],[-152.4466,57.903],[-152.3625,57.8835],[-152.3218,57.9025],[-152.3233,57.9178],[-152.4126,57.9324],[-152.4205,57.9726],[-152.498,57.9602],[-152.4839,57.9424],[-152.5384,57.9053],[-152.569,57.9011],[-152.588,57.9258],[-152.6322,57.9184],[-152.6413,57.89],[-152.7097,57.8637],[-152.7325,57.8163],[-152.7839,57.8586],[-152.8305,57.8408],[-152.8471,57.8252],[-152.8547,57.7321],[-152.9075,57.7586],[-152.9146,57.7745],[-152.8916,57.7928],[-152.9082,57.8188],[-152.8445,57.8671],[-152.8618,57.8774],[-152.7989,57.8991],[-152.8029,57.9135],[-152.9334,57.9486],[-153.0128,57.9426],[-153.0577,57.961],[-153.1276,57.9491],[-153.2802,58.0001],[-153.3054,57.9864],[-153.168,57.917],[-153.0919,57.8675],[-153.0876,57.845],[-153.2338,57.8996],[-153.2564,57.8852],[-153.4648,57.9699],[-153.5036,57.9662],[-153.5335,57.9272],[-153.4898,57.8974],[-153.3258,57.8497],[-153.3265,57.8241],[-153.2659,57.8161],[-153.3177,57.8036],[-153.4798,57.8431],[-153.4755,57.8108],[-153.4375,57.7684],[-153.4886,57.7756],[-153.5224,57.711],[-153.5537,57.7284],[-153.5304,57.7817],[-153.5704,57.8318],[-153.6267,57.8454],[-153.6205,57.884],[-153.7056,57.8837],[-153.7256,57.9005],[-153.789,57.8682],[-153.848,57.8719],[-153.863,57.8395],[-153.9347,57.8038],[-153.9252,57.7037],[-153.7971,57.6963],[-153.6479,57.6516],[-153.6678,57.6393],[-153.8687,57.6489],[-153.8786,57.6325],[-153.8061,57.5861],[-153.8744,57.553],[-153.8739,57.5117],[-153.9205,57.5068],[-153.9247,57.5331],[-153.9846,57.5442],[-153.9709,57.5674],[-153.9939,57.6565],[-154.2323,57.6638],[-154.2615,57.6421],[-154.3492,57.6399],[-154.3481,57.6226],[-154.4239,57.581],[-154.522,57.5739],[-154.5311,57.5416],[-154.6264,57.5123],[-154.6656,57.4563],[-154.7165,57.4304],[-154.6936,57.4096],[-154.7181,57.3698],[-154.7797,57.3663],[-154.7966,57.348]]],[[[-155.1117,71.1616],[-155.1176,71.1611],[-155.0825,71.1558],[-155.1117,71.1616]]],[[[-155.2997,71.1802],[-155.2263,71.1769],[-155.1869,71.1699],[-155.1869,71.1718],[-155.1955,71.1737],[-155.2275,71.1787],[-155.2884,71.1812],[-155.2997,71.1802]]],[[[-155.4823,71.2103],[-155.4776,71.2084],[-155.4582,71.2078],[-155.438,71.204],[-155.4212,71.197],[-155.4243,71.1923],[-155.4185,71.191],[-155.4169,71.1969],[-155.4377,71.2062],[-155.4659,71.2105],[-155.4823,71.2103]]],[[[-155.7525,55.8227],[-155.7237,55.8042],[-155.7235,55.7744],[-155.5861,55.7633],[-155.5621,55.7912],[-155.5852,55.8472],[-155.5626,55.9077],[-155.6182,55.9094],[-155.6707,55.8522],[-155.7525,55.8227]]],[[[-155.7591,71.232],[-155.7566,71.23],[-155.7274,71.2329],[-155.715,71.2315],[-155.715,71.2332],[-155.7041,71.2344],[-155.6909,71.2312],[-155.6668,71.2337],[-155.6553,71.2335],[-155.6151,71.2288],[-155.5873,71.2237],[-155.5683,71.2242],[-155.5436,71.2206],[-155.5423,71.2216],[-155.565,71.2257],[-155.6855,71.2374],[-155.7242,71.237],[-155.7591,71.232]]],[[[-155.8534,57.549],[-155.8363,57.5451],[-155.8381,57.5489],[-155.8534,57.549]]],[[[-156.2047,57.4067],[-156.1965,57.407],[-156.1885,57.4131],[-156.1836,57.4141],[-156.1716,57.4216],[-156.1723,57.4236],[-156.1808,57.4225],[-156.2047,57.4067]]],[[[-156.2285,71.3453],[-155.9834,71.3036],[-155.9321,71.2784],[-155.9321,71.2559],[-155.9157,71.2606],[-155.9839,71.3064],[-156.2285,71.3453]]],[[[-156.2525,57.3883],[-156.2487,57.3879],[-156.247,57.385],[-156.2418,57.3839],[-156.242,57.3861],[-156.2336,57.3871],[-156.2414,57.388],[-156.2418,57.3901],[-156.2462,57.3908],[-156.2525,57.3883]]],[[[-156.2826,57.3784],[-156.2817,57.3762],[-156.2747,57.374],[-156.2632,57.3734],[-156.2584,57.3741],[-156.2521,57.3795],[-156.2685,57.3861],[-156.2795,57.3816],[-156.2826,57.3784]]],[[[-156.3077,57.3652],[-156.288,57.3537],[-156.2789,57.3673],[-156.3077,57.3652]]],[[[-156.3353,57.3343],[-156.3351,57.3332],[-156.3285,57.3345],[-156.3214,57.3319],[-156.3182,57.3324],[-156.3156,57.3296],[-156.3033,57.3331],[-156.3009,57.3353],[-156.3047,57.3375],[-156.3082,57.3368],[-156.3108,57.3398],[-156.3163,57.3408],[-156.3182,57.3444],[-156.3207,57.3443],[-156.3353,57.3343]]],[[[-156.3422,57.3275],[-156.3426,57.3262],[-156.3315,57.3255],[-156.3329,57.3275],[-156.3306,57.3296],[-156.3353,57.3296],[-156.337,57.3311],[-156.3422,57.3275]]],[[[-156.3504,71.3647],[-156.349,71.3615],[-156.3015,71.3573],[-156.2853,71.354],[-156.2756,71.3503],[-156.2725,71.3459],[-156.2687,71.3457],[-156.2703,71.3502],[-156.2939,71.3574],[-156.3457,71.3652],[-156.3504,71.3647]]],[[[-156.4898,57.0115],[-156.4862,57.0067],[-156.4763,57.0058],[-156.4708,56.9988],[-156.4649,57.0003],[-156.4644,57.0058],[-156.4691,57.0109],[-156.4801,57.0113],[-156.4872,57.0144],[-156.4898,57.0115]]],[[[-156.5136,57.0313],[-156.4744,57.0244],[-156.4953,57.0417],[-156.5136,57.0313]]],[[[-156.7308,56.9843],[-156.729,56.9798],[-156.7267,56.9841],[-156.7196,56.9865],[-156.7151,56.9905],[-156.7075,56.9918],[-156.7066,56.9944],[-156.7243,56.9931],[-156.727,56.9892],[-156.7292,56.9891],[-156.7308,56.9843]]],[[[-156.7508,56.0371],[-156.6818,55.9943],[-156.6787,56.0396],[-156.6341,56.048],[-156.683,56.0988],[-156.6975,56.0698],[-156.7365,56.0739],[-156.6973,56.046],[-156.7508,56.0371]]],[[[-156.7618,56.9287],[-156.7596,56.9266],[-156.7564,56.9287],[-156.7573,56.9301],[-156.7618,56.9287]]],[[[-156.7754,56.9489],[-156.7642,56.9452],[-156.758,56.9489],[-156.7628,56.9507],[-156.767,56.9489],[-156.7754,56.9489]]],[[[-156.784,56.9134],[-156.7838,56.9122],[-156.7811,56.9126],[-156.7785,56.9144],[-156.78,56.9174],[-156.784,56.9134]]],[[[-156.8061,56.1677],[-156.7648,56.1521],[-156.7453,56.1947],[-156.7821,56.2087],[-156.7672,56.23],[-156.7957,56.2239],[-156.8061,56.1677]]],[[[-157.3293,56.5384],[-157.1936,56.5224],[-157.1194,56.5525],[-156.9718,56.5377],[-157.0771,56.5806],[-157.2449,56.5875],[-157.3293,56.5384]]],[[[-157.3999,56.8414],[-157.3984,56.8391],[-157.3895,56.8392],[-157.3934,56.8418],[-157.3999,56.8414]]],[[[-157.4294,56.6457],[-157.4243,56.636],[-157.418,56.6368],[-157.408,56.6337],[-157.4034,56.6344],[-157.3985,56.6331],[-157.3944,56.6347],[-157.3933,56.639],[-157.3966,56.6427],[-157.4013,56.6425],[-157.4134,56.6475],[-157.4237,56.648],[-157.4294,56.6457]]],[[[-157.7405,56.4893],[-157.7065,56.499],[-157.7304,56.5108],[-157.7405,56.4893]]],[[[-157.904,56.3464],[-157.8277,56.3097],[-157.7935,56.3248],[-157.8303,56.3669],[-157.904,56.3464]]],[[[-158.1595,56.1445],[-158.1148,56.1337],[-158.0894,56.156],[-158.1595,56.1445]]],[[[-158.5342,56.1723],[-158.5203,56.1717],[-158.5166,56.1735],[-158.5182,56.1751],[-158.5304,56.1752],[-158.5334,56.1745],[-158.5342,56.1723]]],[[[-158.7449,70.9024],[-158.7379,70.9009],[-158.6965,70.8764],[-158.6965,70.8732],[-158.6839,70.8659],[-158.6872,70.8619],[-158.6835,70.8612],[-158.6776,70.8663],[-158.6916,70.8794],[-158.7347,70.9034],[-158.7449,70.9024]]],[[[-158.8256,55.9235],[-158.8266,55.9222],[-158.8206,55.9203],[-158.8213,55.9253],[-158.8256,55.9235]]],[[[-158.8583,55.9299],[-158.8565,55.9263],[-158.8481,55.928],[-158.8489,55.9302],[-158.8528,55.9316],[-158.8583,55.9299]]],[[[-158.8944,55.7853],[-158.8927,55.7836],[-158.8814,55.7864],[-158.8854,55.7889],[-158.8944,55.7853]]],[[[-158.899,55.8263],[-158.8852,55.8092],[-158.8381,55.81],[-158.8766,55.8229],[-158.8165,55.8686],[-158.7946,55.8639],[-158.798,55.845],[-158.6996,55.8317],[-158.7457,55.8506],[-158.7478,55.8759],[-158.8239,55.8944],[-158.8873,55.8654],[-158.8752,55.8558],[-158.899,55.8263]]],[[[-159.0847,55.8637],[-159.0861,55.8624],[-159.08,55.858],[-159.0638,55.8597],[-159.061,55.8637],[-159.0847,55.8637]]],[[[-159.0903,55.844],[-159.0751,55.8406],[-159.0821,55.8445],[-159.0903,55.844]]],[[[-159.1294,55.8859],[-159.1201,55.8821],[-159.1136,55.8855],[-159.122,55.8887],[-159.1282,55.8875],[-159.1294,55.8859]]],[[[-159.1849,55.8425],[-159.1309,55.8258],[-159.0834,55.8346],[-159.1124,55.8479],[-159.0968,55.8607],[-159.1468,55.878],[-159.1849,55.8425]]],[[[-159.3338,55.0627],[-159.3347,55.061],[-159.3269,55.0589],[-159.3186,55.0535],[-159.2967,55.049],[-159.2929,55.0503],[-159.2912,55.0536],[-159.2929,55.0574],[-159.2976,55.0604],[-159.3045,55.0608],[-159.3197,55.0648],[-159.3338,55.0627]]],[[[-159.3428,54.9006],[-159.29,54.8628],[-159.2337,54.8777],[-159.1995,54.9108],[-159.2071,54.9283],[-159.2632,54.9253],[-159.281,54.95],[-159.3252,54.9279],[-159.2867,54.9176],[-159.3428,54.9006]]],[[[-159.3651,55.793],[-159.3277,55.7844],[-159.3082,55.7473],[-159.2733,55.7743],[-159.314,55.8153],[-159.3651,55.793]]],[[[-159.37,55.8324],[-159.3723,55.8316],[-159.3661,55.8296],[-159.3628,55.8261],[-159.3635,55.8224],[-159.352,55.82],[-159.3493,55.8282],[-159.3564,55.8308],[-159.3596,55.8369],[-159.3636,55.8385],[-159.3642,55.8347],[-159.37,55.8324]]],[[[-159.3994,55.7188],[-159.3269,55.7655],[-159.371,55.7725],[-159.3994,55.7188]]],[[[-159.4281,55.071],[-159.412,55.0611],[-159.4077,55.0668],[-159.3982,55.0719],[-159.4281,55.071]]],[[[-159.4809,55.0202],[-159.4017,55.0317],[-159.4217,55.0261],[-159.4219,55.0038],[-159.3975,54.9942],[-159.3987,54.9769],[-159.4443,54.9885],[-159.4379,54.9556],[-159.4569,54.9415],[-159.3285,54.9774],[-159.3958,55.0252],[-159.3827,55.0457],[-159.3466,55.0333],[-159.344,55.0585],[-159.4588,55.0645],[-159.4341,55.0498],[-159.4809,55.0202]]],[[[-159.4968,55.0797],[-159.4899,55.0789],[-159.4719,55.0821],[-159.476,55.0838],[-159.4815,55.0834],[-159.4968,55.0797]]],[[[-159.5017,55.8486],[-159.4971,55.842],[-159.4934,55.8425],[-159.4959,55.8488],[-159.4941,55.8522],[-159.4966,55.8555],[-159.4997,55.8547],[-159.5017,55.8486]]],[[[-159.6053,54.8148],[-159.5806,54.7738],[-159.596,54.7574],[-159.5485,54.7524],[-159.5098,54.7723],[-159.511,54.7894],[-159.5851,54.8327],[-159.6053,54.8148]]],[[[-159.657,55.1238],[-159.594,55.0919],[-159.6447,55.0812],[-159.6539,55.0599],[-159.6356,55.0359],[-159.6268,55.0525],[-159.57,55.0456],[-159.5655,55.0868],[-159.5123,55.0423],[-159.4923,55.0478],[-159.4914,55.0645],[-159.523,55.0656],[-159.5215,55.1169],[-159.5434,55.1265],[-159.4944,55.1373],[-159.5261,55.1446],[-159.4925,55.157],[-159.5032,55.1766],[-159.5301,55.1659],[-159.5415,55.1925],[-159.5068,55.2221],[-159.5177,55.2524],[-159.5477,55.2077],[-159.5869,55.212],[-159.5629,55.1651],[-159.6062,55.1716],[-159.5365,55.1493],[-159.59,55.139],[-159.5527,55.104],[-159.637,55.1343],[-159.657,55.1238]]],[[[-159.6687,55.1841],[-159.6703,55.1823],[-159.667,55.1766],[-159.6582,55.1726],[-159.6477,55.1711],[-159.6523,55.1837],[-159.6592,55.1865],[-159.6622,55.1901],[-159.6653,55.1908],[-159.6653,55.186],[-159.6687,55.1841]]],[[[-159.6925,55.7343],[-159.6925,55.7329],[-159.6851,55.7338],[-159.6826,55.7378],[-159.6925,55.7343]]],[[[-159.7554,55.0942],[-159.7131,55.0955],[-159.7084,55.1237],[-159.7276,55.1275],[-159.7554,55.0942]]],[[[-159.8223,54.8166],[-159.7731,54.792],[-159.7513,54.8163],[-159.7025,54.8155],[-159.7156,54.8253],[-159.6937,54.8344],[-159.7394,54.8422],[-159.8223,54.8166]]],[[[-159.8279,55.0734],[-159.7526,55.0679],[-159.7906,55.0928],[-159.8279,55.0734]]],[[[-159.8576,55.0441],[-159.8308,55.0108],[-159.812,55.0143],[-159.8424,55.057],[-159.8576,55.0441]]],[[[-159.9951,58.6136],[-159.9777,58.5917],[-159.9587,58.6006],[-159.9951,58.6136]]],[[[-160.0575,54.9514],[-160.0545,54.939],[-160.0463,54.9326],[-160.0348,54.934],[-160.0371,54.9425],[-160.0421,54.948],[-160.051,54.9521],[-160.0575,54.9514]]],[[[-160.0651,55.5009],[-160.0423,55.5058],[-160.0399,55.5085],[-160.0402,55.5186],[-160.048,55.5186],[-160.0618,55.5126],[-160.0623,55.5043],[-160.0651,55.5009]]],[[[-160.1127,55.3335],[-160.1042,55.3135],[-160.0699,55.3078],[-160.0271,55.324],[-160.0623,55.343],[-160.1127,55.3335]]],[[[-160.2032,54.9778],[-160.1992,54.9755],[-160.1898,54.9776],[-160.1861,54.976],[-160.1755,54.9778],[-160.1734,54.9795],[-160.1738,54.9811],[-160.1826,54.9841],[-160.1916,54.9844],[-160.1963,54.9791],[-160.2032,54.9778]]],[[[-160.2343,58.8493],[-160.183,58.8209],[-160.2123,58.8524],[-160.2343,58.8493]]],[[[-160.257,54.9036],[-160.2265,54.8645],[-160.1916,54.8784],[-160.2055,54.8896],[-160.1801,54.9034],[-160.1854,54.9316],[-160.1218,54.9478],[-160.1134,54.9841],[-159.9892,55.0466],[-160.0059,55.0735],[-159.93,55.0669],[-159.9746,55.1001],[-159.947,55.1015],[-159.9448,55.1279],[-159.8669,55.0948],[-159.8467,55.1093],[-159.8596,55.1301],[-159.8268,55.1279],[-159.812,55.1801],[-159.8611,55.175],[-159.876,55.1294],[-159.9124,55.1475],[-159.8789,55.207],[-159.9056,55.2269],[-159.8611,55.2267],[-159.841,55.2449],[-159.8646,55.2851],[-159.8901,55.2883],[-159.9082,55.2559],[-159.9444,55.2511],[-159.9097,55.2254],[-159.9311,55.2215],[-159.9283,55.2068],[-159.9652,55.2146],[-159.9527,55.1612],[-160.0055,55.1972],[-160.0605,55.2003],[-160.035,55.1655],[-159.9989,55.1536],[-160.0189,55.144],[-159.9988,55.1341],[-160.0129,55.1212],[-159.9696,55.1209],[-160.0125,55.1012],[-160.0543,55.1125],[-160.0563,55.1328],[-160.1069,55.1606],[-160.1224,55.1343],[-160.0571,55.0876],[-160.1878,55.1184],[-160.1898,55.1025],[-160.1256,55.0884],[-160.1112,55.0683],[-160.1672,55.073],[-160.1742,55.052],[-160.0935,55.0518],[-160.0808,55.0373],[-160.1142,55.0303],[-160.1047,55.0228],[-160.1895,54.9654],[-160.1736,54.9478],[-160.1856,54.9352],[-160.2537,54.933],[-160.257,54.9036]]],[[[-160.3186,58.6901],[-160.2703,58.6611],[-160.2763,58.6375],[-160.2458,58.6612],[-160.2779,58.6823],[-160.2746,58.7172],[-160.3003,58.7295],[-160.3186,58.6901]]],[[[-160.3218,55.3609],[-160.3199,55.3577],[-160.3149,55.3588],[-160.318,55.3616],[-160.3218,55.3609]]],[[[-160.3465,55.4256],[-160.3212,55.3937],[-160.2505,55.4147],[-160.148,55.3776],[-160.1561,55.4159],[-160.1354,55.4476],[-160.202,55.4391],[-160.2606,55.4637],[-160.3465,55.4256]]],[[[-160.4062,55.5477],[-160.4068,55.5466],[-160.3847,55.5445],[-160.3785,55.5403],[-160.3809,55.5367],[-160.3771,55.5348],[-160.3742,55.5353],[-160.3728,55.5403],[-160.3604,55.543],[-160.3647,55.5463],[-160.3777,55.549],[-160.3903,55.5501],[-160.3962,55.5489],[-160.4033,55.5502],[-160.4062,55.5477]]],[[[-160.4407,58.6889],[-160.4243,58.6795],[-160.3846,58.7044],[-160.4037,58.7495],[-160.4407,58.6889]]],[[[-160.5226,55.282],[-160.5205,55.2786],[-160.515,55.2782],[-160.5139,55.2798],[-160.5203,55.2829],[-160.5226,55.282]]],[[[-160.5272,55.3205],[-160.4723,55.2894],[-160.3891,55.2874],[-160.3796,55.2585],[-160.3377,55.2427],[-160.3078,55.3032],[-160.3173,55.3384],[-160.3515,55.3321],[-160.3256,55.3478],[-160.3327,55.3594],[-160.3658,55.3621],[-160.4271,55.338],[-160.4915,55.3585],[-160.4965,55.333],[-160.5272,55.3205]]],[[[-160.6232,55.3421],[-160.6203,55.3393],[-160.6165,55.3411],[-160.6177,55.3435],[-160.621,55.3438],[-160.6232,55.3421]]],[[[-160.8523,56.0229],[-160.8519,56.0209],[-160.8464,56.023],[-160.8364,56.024],[-160.825,56.0233],[-160.807,56.0191],[-160.7915,56.0181],[-160.7913,56.0202],[-160.8265,56.0269],[-160.8354,56.0272],[-160.8523,56.0229]]],[[[-160.8657,55.3213],[-160.8363,55.2988],[-160.8596,55.2741],[-160.8346,55.2521],[-160.8521,55.2063],[-160.8067,55.1661],[-160.8178,55.1243],[-160.7691,55.1578],[-160.7565,55.1948],[-160.69,55.1968],[-160.6679,55.1668],[-160.613,55.1478],[-160.5421,55.1597],[-160.5364,55.1313],[-160.4953,55.166],[-160.5424,55.1864],[-160.4571,55.1882],[-160.4891,55.1944],[-160.4944,55.2238],[-160.568,55.2329],[-160.5265,55.2461],[-160.5688,55.2755],[-160.5795,55.3056],[-160.5669,55.3312],[-160.5269,55.3423],[-160.5333,55.3842],[-160.5723,55.3892],[-160.6165,55.3513],[-160.5975,55.327],[-160.6215,55.3312],[-160.6664,55.302],[-160.699,55.3219],[-160.6679,55.3217],[-160.6486,55.3873],[-160.7297,55.4072],[-160.8007,55.3808],[-160.8408,55.325],[-160.8657,55.3213]]],[[[-160.9354,55.8972],[-160.801,55.9023],[-160.8182,55.9534],[-160.8565,55.9134],[-160.9354,55.8972]]],[[[-161.0236,56.007],[-160.8639,56.0187],[-160.9898,56.0229],[-161.0236,56.007]]],[[[-161.0601,66.2109],[-161.0551,66.2099],[-161.0517,66.2118],[-161.0601,66.2109]]],[[[-161.0823,66.2125],[-161.0814,66.2097],[-161.0755,66.2094],[-161.0676,66.2065],[-161.0658,66.2132],[-161.0786,66.2138],[-161.0823,66.2125]]],[[[-161.0836,58.5913],[-161.0752,58.5466],[-160.9637,58.5509],[-160.8839,58.5797],[-160.6835,58.8173],[-160.7658,58.7745],[-161.0598,58.7005],[-161.0836,58.5913]]],[[[-161.254,55.3514],[-161.2536,55.3488],[-161.2495,55.3505],[-161.2485,55.3532],[-161.2523,55.3537],[-161.254,55.3514]]],[[[-161.3195,64.1236],[-161.2946,64.1146],[-161.2954,64.1391],[-161.3195,64.1236]]],[[[-161.4435,55.2012],[-161.3442,55.1585],[-161.3275,55.1738],[-161.3475,55.2067],[-161.3299,55.2194],[-161.3994,55.2242],[-161.4435,55.2012]]],[[[-161.4999,63.473],[-161.4983,63.4705],[-161.4953,63.4709],[-161.4967,63.4739],[-161.4999,63.473]]],[[[-161.611,55.072],[-161.5457,55.0666],[-161.6072,55.1176],[-161.5918,55.0902],[-161.611,55.072]]],[[[-161.6646,55.5123],[-161.6605,55.5077],[-161.6447,55.5098],[-161.6428,55.5145],[-161.6477,55.5169],[-161.6515,55.5233],[-161.6535,55.5233],[-161.6596,55.5166],[-161.6623,55.5162],[-161.6646,55.5123]]],[[[-161.6707,58.5608],[-161.6723,58.5599],[-161.6688,58.5575],[-161.6615,58.5572],[-161.6707,58.5608]]],[[[-161.687,66.9513],[-161.6834,66.9498],[-161.6701,66.9579],[-161.6719,66.9649],[-161.6756,66.9666],[-161.6798,66.9651],[-161.6831,66.9593],[-161.6801,66.9558],[-161.687,66.9513]]],[[[-161.6955,55.2094],[-161.629,55.1942],[-161.5626,55.2047],[-161.5279,55.2508],[-161.6605,55.2435],[-161.6955,55.2094]]],[[[-161.7022,66.9917],[-161.6951,66.9827],[-161.6973,66.9804],[-161.6813,66.9806],[-161.6784,66.9828],[-161.6872,66.9896],[-161.7022,66.9917]]],[[[-161.7472,63.6075],[-161.7424,63.6046],[-161.7365,63.6049],[-161.7347,63.6109],[-161.744,63.6123],[-161.7472,63.6075]]],[[[-161.9019,55.1432],[-161.8161,55.099],[-161.7901,55.146],[-161.8125,55.1568],[-161.7808,55.1617],[-161.7544,55.1294],[-161.7989,55.082],[-161.7384,55.053],[-161.6333,55.1066],[-161.6411,55.1266],[-161.7284,55.1398],[-161.7252,55.1586],[-161.82,55.1821],[-161.8966,55.1645],[-161.9019,55.1432]]],[[[-161.9134,55.0201],[-161.8847,54.9828],[-161.8642,54.9929],[-161.9134,55.0201]]],[[[-161.9251,55.1106],[-161.8825,55.0854],[-161.8616,55.1011],[-161.9251,55.1106]]],[[[-161.9667,55.0783],[-161.9417,55.037],[-161.9284,55.0418],[-161.9667,55.0783]]],[[[-162.0129,63.4929],[-162.0139,63.4915],[-162.0101,63.4906],[-161.9967,63.4909],[-162.0058,63.4937],[-162.0129,63.4929]]],[[[-162.1374,58.665],[-162.1304,58.6641],[-162.1308,58.6681],[-162.1374,58.665]]],[[[-162.1788,54.8421],[-162.175,54.8381],[-162.1703,54.8384],[-162.1687,54.84],[-162.1737,54.8423],[-162.1788,54.8421]]],[[[-162.3805,54.6331],[-162.3603,54.6273],[-162.3602,54.6451],[-162.3805,54.6331]]],[[[-162.4359,54.9541],[-162.4349,54.9501],[-162.4275,54.9449],[-162.4217,54.9443],[-162.4189,54.9455],[-162.417,54.9509],[-162.4212,54.9546],[-162.4337,54.9557],[-162.4359,54.9541]]],[[[-162.4355,54.9292],[-162.4178,54.8755],[-162.3158,54.8284],[-162.2743,54.8427],[-162.2327,54.8885],[-162.2339,54.9559],[-162.3004,54.9863],[-162.4355,54.9292]]],[[[-162.4724,54.3463],[-162.4717,54.3439],[-162.467,54.3427],[-162.4541,54.3452],[-162.4579,54.3486],[-162.4655,54.3495],[-162.4698,54.3492],[-162.4724,54.3463]]],[[[-162.4822,54.4134],[-162.4311,54.3711],[-162.3614,54.3844],[-162.4042,54.3856],[-162.4002,54.4076],[-162.4251,54.4144],[-162.4822,54.4134]]],[[[-162.4967,54.3536],[-162.4957,54.351],[-162.4905,54.3491],[-162.4895,54.3542],[-162.4834,54.3581],[-162.4872,54.3595],[-162.4967,54.3536]]],[[[-162.5166,54.3733],[-162.5193,54.3704],[-162.5147,54.3673],[-162.5048,54.365],[-162.4998,54.3662],[-162.4945,54.364],[-162.4693,54.366],[-162.4594,54.364],[-162.4565,54.3607],[-162.4546,54.3621],[-162.4496,54.3622],[-162.4551,54.3655],[-162.4817,54.3745],[-162.4948,54.3761],[-162.5,54.3729],[-162.5083,54.3725],[-162.515,54.3747],[-162.5166,54.3733]]],[[[-162.719,63.5812],[-162.6843,63.5732],[-162.6851,63.5552],[-162.567,63.5335],[-162.3417,63.5515],[-162.3689,63.563],[-162.3423,63.5915],[-162.3832,63.6093],[-162.3712,63.6243],[-162.4338,63.6362],[-162.4705,63.6203],[-162.5698,63.6358],[-162.5961,63.6255],[-162.5933,63.6077],[-162.6243,63.6218],[-162.719,63.5812]]],[[[-162.7278,54.8031],[-162.7266,54.8007],[-162.7241,54.7997],[-162.7218,54.8006],[-162.7226,54.8023],[-162.7278,54.8031]]],[[[-162.7921,55.3248],[-162.7911,55.3227],[-162.7874,55.3247],[-162.7921,55.3248]]],[[[-162.8483,55.2923],[-162.8476,55.2891],[-162.8395,55.2847],[-162.8385,55.2868],[-162.8431,55.2895],[-162.8398,55.2916],[-162.8451,55.2929],[-162.8483,55.2923]]],[[[-162.8568,54.425],[-162.7745,54.3726],[-162.7317,54.4011],[-162.6086,54.3691],[-162.6533,54.39],[-162.6131,54.382],[-162.6067,54.3992],[-162.5468,54.377],[-162.5321,54.3849],[-162.5585,54.4098],[-162.5171,54.4076],[-162.6046,54.4419],[-162.5849,54.4512],[-162.6711,54.4466],[-162.6702,54.4611],[-162.8292,54.4947],[-162.8337,54.4784],[-162.8097,54.4649],[-162.8568,54.425]]],[[[-162.8736,55.349],[-162.8767,55.344],[-162.8247,55.3672],[-162.7976,55.3772],[-162.7505,55.3903],[-162.7287,55.4015],[-162.712,55.405],[-162.7006,55.4046],[-162.6921,55.4065],[-162.6778,55.4143],[-162.6916,55.4144],[-162.7085,55.4116],[-162.7372,55.4028],[-162.8116,55.3757],[-162.8736,55.349]]],[[[-162.8789,64.453],[-162.8772,64.4501],[-162.8744,64.4531],[-162.8777,64.454],[-162.8789,64.453]]],[[[-162.8954,54.902],[-162.8945,54.9006],[-162.8887,54.8998],[-162.8859,54.8938],[-162.8773,54.8933],[-162.875,54.8983],[-162.8842,54.9057],[-162.8873,54.9067],[-162.8909,54.9032],[-162.8954,54.902]]],[[[-162.925,55.2353],[-162.9251,55.2332],[-162.9207,55.2324],[-162.903,55.2334],[-162.9028,55.235],[-162.9144,55.2382],[-162.9246,55.2375],[-162.925,55.2353]]],[[[-162.931,55.2463],[-162.9259,55.2441],[-162.9219,55.247],[-162.9226,55.2486],[-162.931,55.2463]]],[[[-162.9816,55.2579],[-162.9842,55.2548],[-162.9808,55.2522],[-162.9694,55.2548],[-162.9699,55.261],[-162.9495,55.2781],[-162.9428,55.2788],[-162.9392,55.2812],[-162.9288,55.2931],[-162.925,55.3016],[-162.9157,55.3111],[-162.9121,55.3143],[-162.8984,55.3187],[-162.8984,55.32],[-162.9086,55.3203],[-162.9155,55.3173],[-162.9447,55.2886],[-162.9816,55.2579]]],[[[-163.1742,55.4166],[-163.1174,55.4025],[-163.134,55.435],[-163.1742,55.4166]]],[[[-163.8276,66.2995],[-163.8265,66.2973],[-163.8232,66.2976],[-163.8204,66.3031],[-163.8235,66.3054],[-163.8276,66.2995]]],[[[-164.0275,59.7098],[-163.9448,59.6759],[-163.9198,59.693],[-164.0275,59.7098]]],[[[-164.5859,63.062],[-164.5845,63.0605],[-164.5797,63.0613],[-164.582,63.0626],[-164.5859,63.062]]],[[[-164.6164,63.0451],[-164.5797,63.0341],[-164.553,63.0498],[-164.6164,63.0451]]],[[[-164.6382,63.0832],[-164.6054,63.0775],[-164.5839,63.0963],[-164.6046,63.1084],[-164.6382,63.0832]]],[[[-164.852,54.1839],[-164.8505,54.1819],[-164.8397,54.1787],[-164.8353,54.1819],[-164.824,54.1837],[-164.8177,54.1821],[-164.812,54.1868],[-164.8348,54.1898],[-164.8418,54.1861],[-164.852,54.1839]]],[[[-164.8804,62.8016],[-164.8784,62.7968],[-164.8722,62.7955],[-164.8508,62.8001],[-164.857,62.8046],[-164.8712,62.8099],[-164.8771,62.8084],[-164.8804,62.8016]]],[[[-164.883,54.199],[-164.7644,54.2098],[-164.7637,54.2232],[-164.7985,54.2298],[-164.883,54.199]]],[[[-164.9009,62.6776],[-164.8481,62.6751],[-164.8724,62.6889],[-164.9009,62.6776]]],[[[-164.9046,62.7061],[-164.9026,62.7043],[-164.8976,62.7046],[-164.9007,62.7101],[-164.9046,62.7061]]],[[[-164.9179,54.1497],[-164.9202,54.1447],[-164.9169,54.1391],[-164.9076,54.1364],[-164.9029,54.138],[-164.9024,54.1415],[-164.9083,54.1422],[-164.9095,54.1479],[-164.9179,54.1497]]],[[[-164.9433,62.6574],[-164.9389,62.6218],[-164.9114,62.6041],[-164.8163,62.6035],[-164.8475,62.6588],[-164.9238,62.6738],[-164.9433,62.6574]]],[[[-164.9444,54.5773],[-164.9306,54.5227],[-164.8978,54.4956],[-164.9114,54.4833],[-164.8824,54.474],[-164.8435,54.4201],[-164.6475,54.3896],[-164.4133,54.4343],[-164.3433,54.4715],[-164.3235,54.5103],[-164.3434,54.5219],[-164.3218,54.5443],[-164.1787,54.6032],[-163.8116,54.6365],[-163.5873,54.6126],[-163.5029,54.653],[-163.4187,54.6583],[-163.4086,54.6921],[-163.4251,54.7201],[-163.3681,54.75],[-163.3258,54.7459],[-163.3236,54.7219],[-163.2837,54.6956],[-163.2484,54.7106],[-163.2596,54.6954],[-163.2271,54.694],[-163.2232,54.6769],[-163.196,54.699],[-163.1174,54.6976],[-163.1557,54.6669],[-163.0452,54.6712],[-163.054,54.6913],[-163.0956,54.6893],[-163.1019,54.7298],[-163.1454,54.763],[-163.186,54.7766],[-163.223,54.7554],[-163.322,54.7505],[-163.3706,54.7855],[-163.3765,54.8247],[-163.4145,54.8602],[-163.3947,54.8947],[-163.4221,54.946],[-163.5416,55.0258],[-163.5292,55.0452],[-163.4523,55.0372],[-163.7733,55.0519],[-163.8956,55.0357],[-164.0466,54.965],[-164.1288,54.9694],[-164.3062,54.8971],[-164.4269,54.931],[-164.4949,54.9156],[-164.5521,54.8881],[-164.5792,54.8166],[-164.7044,54.6638],[-164.8512,54.6289],[-164.9444,54.5773]]],[[[-165.0279,60.8353],[-164.9991,60.8165],[-164.8886,60.8398],[-165.0051,60.8763],[-165.0279,60.8353]]],[[[-165.0301,62.6124],[-165.0045,62.5862],[-164.9447,62.5961],[-165.0061,62.6406],[-165.0301,62.6124]]],[[[-165.076,62.582],[-165.0166,62.5833],[-165.0436,62.5955],[-165.076,62.582]]],[[[-165.2195,54.1007],[-165.1565,54.0675],[-165.1337,54.0858],[-165.0388,54.0656],[-164.9556,54.0731],[-164.9181,54.112],[-164.9316,54.1364],[-165.0032,54.1376],[-164.9706,54.1188],[-165.1406,54.1305],[-165.1562,54.1116],[-165.2195,54.1007]]],[[[-165.4814,54.0739],[-165.3345,54.0696],[-165.2877,54.0383],[-165.282,54.0623],[-165.2333,54.0636],[-165.2696,54.0937],[-165.4814,54.0739]]],[[[-165.4914,54.1458],[-165.488,54.1439],[-165.4783,54.143],[-165.479,54.1465],[-165.4838,54.1476],[-165.4914,54.1458]]],[[[-165.5047,54.1306],[-165.509,54.1286],[-165.5018,54.1255],[-165.4935,54.126],[-165.4902,54.1287],[-165.4916,54.1305],[-165.5047,54.1306]]],[[[-165.575,54.0416],[-165.5558,54.0236],[-165.4807,54.0442],[-165.5156,54.0667],[-165.575,54.0416]]],[[[-165.686,54.245],[-165.6692,54.229],[-165.614,54.2448],[-165.5848,54.2341],[-165.6371,54.1949],[-165.5983,54.1642],[-165.6485,54.14],[-165.6076,54.1141],[-165.5496,54.1131],[-165.5368,54.129],[-165.5558,54.1442],[-165.4778,54.1572],[-165.4923,54.1689],[-165.4762,54.1814],[-165.4011,54.1744],[-165.3837,54.1955],[-165.4068,54.2127],[-165.5432,54.2172],[-165.532,54.2372],[-165.5586,54.2534],[-165.4793,54.2815],[-165.4876,54.297],[-165.5815,54.2802],[-165.6302,54.2985],[-165.6292,54.2811],[-165.673,54.2688],[-165.686,54.245]]],[[[-165.8728,59.867],[-165.8749,59.8665],[-165.8723,59.8638],[-165.8611,59.861],[-165.8557,59.8639],[-165.8585,59.8704],[-165.8628,59.8703],[-165.8683,59.866],[-165.8728,59.867]]],[[[-166.0595,53.8619],[-166.0588,53.8594],[-166.0485,53.8568],[-166.0386,53.8614],[-166.0423,53.8679],[-166.0534,53.8662],[-166.0595,53.8619]]],[[[-166.0872,53.9997],[-166.0918,53.9983],[-166.0744,53.991],[-166.063,53.9839],[-166.0585,53.9833],[-166.0454,53.9917],[-166.0459,53.9948],[-166.059,54.0006],[-166.0872,53.9997]]],[[[-166.1115,54.1227],[-166.0516,54.0766],[-166.0485,54.0445],[-165.9739,54.0716],[-165.9045,54.0617],[-165.9007,54.0382],[-165.8819,54.0343],[-165.8458,54.0808],[-165.7652,54.0663],[-165.6784,54.0915],[-165.657,54.1199],[-165.8206,54.1267],[-165.7262,54.1448],[-165.8042,54.1689],[-165.7975,54.1838],[-165.8317,54.1613],[-165.8595,54.1661],[-165.8802,54.1827],[-165.8707,54.2134],[-165.9249,54.2122],[-165.9361,54.2268],[-166.0825,54.1769],[-166.0758,54.1545],[-166.1115,54.1227]]],[[[-166.1472,61.7576],[-166.1142,61.7362],[-166.128,61.7719],[-166.1472,61.7576]]],[[[-166.1985,53.9865],[-166.1935,53.9597],[-166.1745,53.9566],[-166.0732,53.97],[-166.1633,53.9994],[-166.1985,53.9865]]],[[[-166.2286,64.4921],[-166.2122,64.4732],[-166.1921,64.4921],[-166.2286,64.4921]]],[[[-166.3104,53.7884],[-166.2909,53.7383],[-166.2075,53.7075],[-166.2216,53.7314],[-166.1591,53.7468],[-166.1957,53.7704],[-166.1183,53.7735],[-166.1317,53.7878],[-166.114,53.7938],[-166.1418,53.809],[-166.0847,53.8417],[-166.1236,53.8551],[-166.1772,53.842],[-166.1724,53.8279],[-166.2144,53.8303],[-166.2127,53.7905],[-166.2309,53.7775],[-166.2474,53.8137],[-166.278,53.7809],[-166.2975,53.7995],[-166.3104,53.7884]]],[[[-166.5772,53.9052],[-166.5752,53.8993],[-166.5707,53.8966],[-166.5697,53.9046],[-166.5653,53.911],[-166.5772,53.9052]]],[[[-166.8368,53.6772],[-166.8346,53.6746],[-166.8307,53.675],[-166.8313,53.6789],[-166.8341,53.6791],[-166.8368,53.6772]]],[[[-166.8488,53.6964],[-166.8466,53.6917],[-166.8317,53.6914],[-166.8421,53.6982],[-166.8488,53.6964]]],[[[-167.4594,60.2116],[-167.3574,60.1423],[-167.3271,60.0884],[-167.3333,60.0666],[-167.2486,60.0645],[-167.1173,59.9916],[-166.9039,59.9592],[-166.7603,59.8923],[-166.6648,59.8802],[-166.6167,59.8477],[-166.3781,59.844],[-166.2515,59.8014],[-166.1904,59.7502],[-166.0919,59.7594],[-166.0843,59.7761],[-166.1394,59.8271],[-165.9823,59.8716],[-165.8951,59.866],[-165.7556,59.9034],[-165.7066,59.8836],[-165.5845,59.9073],[-165.5659,59.9365],[-165.5911,59.9498],[-165.5474,59.9763],[-165.6351,59.9633],[-165.6253,59.9713],[-165.6553,59.9917],[-165.6339,60.0196],[-165.68,60.03],[-165.6807,60.0539],[-165.7097,60.0613],[-165.6598,60.0992],[-165.6734,60.107],[-165.6634,60.1235],[-165.6909,60.1352],[-165.675,60.1522],[-165.7247,60.1598],[-165.6821,60.2042],[-165.7279,60.2467],[-165.6748,60.268],[-165.6959,60.2802],[-165.6763,60.292],[-165.8831,60.3434],[-165.9188,60.3378],[-165.9259,60.3197],[-166.0926,60.3211],[-166.0681,60.3443],[-166.1238,60.3754],[-166.1278,60.4174],[-166.1595,60.4273],[-166.1472,60.4417],[-166.1736,60.3956],[-166.1422,60.4053],[-166.1498,60.3735],[-166.2411,60.3888],[-166.3799,60.3532],[-166.4876,60.3935],[-166.5806,60.3522],[-166.5676,60.3231],[-166.5922,60.3072],[-166.7138,60.3289],[-166.706,60.305],[-166.755,60.3086],[-166.8385,60.269],[-166.796,60.2371],[-166.8513,60.2033],[-166.9397,60.204],[-166.9455,60.2233],[-167.0414,60.2142],[-167.1034,60.2345],[-167.1522,60.2205],[-167.2258,60.2332],[-167.2455,60.2167],[-167.312,60.2324],[-167.4153,60.1991],[-167.4594,60.2116]]],[[[-167.8281,53.397],[-167.8238,53.3955],[-167.8198,53.3967],[-167.8197,53.3985],[-167.823,53.3992],[-167.8281,53.397]]],[[[-167.8522,53.3111],[-167.8045,53.2975],[-167.797,53.2779],[-167.6716,53.2604],[-167.6575,53.2265],[-167.6558,53.2477],[-167.6148,53.2485],[-167.6059,53.2853],[-167.4924,53.2574],[-167.4937,53.2799],[-167.4427,53.3052],[-167.4528,53.3207],[-167.3833,53.3443],[-167.3074,53.3343],[-167.2913,53.3724],[-167.1707,53.3977],[-167.138,53.4263],[-167.0599,53.428],[-167.051,53.4488],[-166.9842,53.4542],[-166.9984,53.4289],[-166.9807,53.4244],[-166.9557,53.4643],[-166.9223,53.4624],[-166.9287,53.4418],[-166.8989,53.4345],[-166.8871,53.4642],[-166.88,53.4284],[-166.8704,53.4602],[-166.8412,53.4701],[-166.8448,53.4529],[-166.8092,53.4269],[-166.8016,53.4721],[-166.7907,53.4516],[-166.7492,53.4409],[-166.7613,53.4567],[-166.7425,53.4815],[-166.7772,53.496],[-166.772,53.527],[-166.7996,53.5576],[-166.7723,53.5654],[-166.7386,53.5079],[-166.6921,53.5059],[-166.6637,53.4837],[-166.6479,53.5067],[-166.7202,53.5401],[-166.7115,53.5557],[-166.7001,53.5375],[-166.6364,53.5231],[-166.6638,53.5928],[-166.5766,53.5301],[-166.6006,53.5628],[-166.5739,53.5577],[-166.5634,53.6054],[-166.5076,53.5812],[-166.5553,53.6176],[-166.5319,53.6303],[-166.5448,53.6503],[-166.5091,53.631],[-166.5038,53.6538],[-166.4482,53.6354],[-166.4255,53.6594],[-166.4014,53.6525],[-166.4151,53.6743],[-166.3815,53.6708],[-166.3801,53.6866],[-166.3633,53.6664],[-166.275,53.6865],[-166.2858,53.6961],[-166.2632,53.704],[-166.2672,53.7229],[-166.3332,53.7316],[-166.3172,53.7571],[-166.3411,53.7867],[-166.3822,53.7612],[-166.378,53.7362],[-166.4048,53.7368],[-166.4127,53.7632],[-166.44,53.756],[-166.4709,53.7238],[-166.5167,53.7236],[-166.549,53.6828],[-166.5366,53.713],[-166.5829,53.7132],[-166.5483,53.7331],[-166.606,53.7387],[-166.4802,53.7738],[-166.5191,53.7902],[-166.4184,53.8045],[-166.4335,53.8273],[-166.3871,53.832],[-166.3499,53.8857],[-166.3205,53.8681],[-166.2435,53.8772],[-166.251,53.8992],[-166.2215,53.9027],[-166.2048,53.932],[-166.2314,53.9411],[-166.2616,53.9177],[-166.2492,53.9409],[-166.2758,53.9838],[-166.2927,53.9629],[-166.3734,53.9447],[-166.3805,53.9599],[-166.3551,53.9928],[-166.376,54.0094],[-166.4099,53.9846],[-166.411,53.9472],[-166.4416,53.9518],[-166.443,53.9029],[-166.5249,53.8732],[-166.5367,53.8974],[-166.5021,53.917],[-166.5304,53.9229],[-166.5646,53.8777],[-166.5468,53.8613],[-166.6079,53.827],[-166.5761,53.8786],[-166.6377,53.8774],[-166.6199,53.892],[-166.6466,53.9284],[-166.5886,53.9596],[-166.6257,54.0062],[-166.6685,54.0167],[-166.7259,53.9994],[-166.7461,54.0144],[-166.8409,53.9781],[-166.8852,53.989],[-167.0096,53.96],[-167.0832,53.9186],[-167.1185,53.8666],[-167.1557,53.8589],[-167.152,53.8292],[-167.0936,53.82],[-167.0806,53.8084],[-167.092,53.7911],[-167.0273,53.7571],[-166.9632,53.7775],[-166.8561,53.7447],[-166.8776,53.7376],[-166.6903,53.7165],[-166.7949,53.7154],[-166.738,53.7019],[-166.7603,53.691],[-166.8325,53.708],[-166.811,53.6737],[-166.8261,53.6689],[-166.7937,53.657],[-166.7891,53.6262],[-166.8274,53.6625],[-166.8574,53.6454],[-166.8596,53.6796],[-166.8957,53.7167],[-167.0353,53.7083],[-167.0716,53.6667],[-166.9964,53.6224],[-167.0514,53.6339],[-167.0383,53.5949],[-167.0952,53.6336],[-167.1638,53.6162],[-167.1284,53.5697],[-167.1367,53.5511],[-167.0522,53.5248],[-167.0699,53.5071],[-167.1881,53.5241],[-167.1553,53.4967],[-167.1837,53.4883],[-167.15,53.4712],[-167.1989,53.4812],[-167.201,53.4622],[-167.295,53.4833],[-167.3042,53.4659],[-167.2599,53.4534],[-167.2977,53.4516],[-167.2866,53.4315],[-167.343,53.4555],[-167.3278,53.4058],[-167.3928,53.4505],[-167.385,53.4161],[-167.398,53.413],[-167.4696,53.4469],[-167.4857,53.4192],[-167.5554,53.4149],[-167.5184,53.4102],[-167.4956,53.3821],[-167.5813,53.4078],[-167.5807,53.3937],[-167.6076,53.3942],[-167.5935,53.3711],[-167.62,53.3844],[-167.6393,53.3731],[-167.6443,53.3937],[-167.666,53.3772],[-167.6931,53.3884],[-167.816,53.3151],[-167.8522,53.3111]]],[[[-167.8621,53.2904],[-167.8591,53.2865],[-167.8546,53.2858],[-167.853,53.287],[-167.8532,53.2905],[-167.856,53.2919],[-167.8621,53.2904]]],[[[-168.0436,53.9361],[-168.0439,53.9324],[-168.0382,53.9284],[-168.0299,53.9257],[-168.0263,53.9268],[-168.0344,53.9363],[-168.0386,53.9375],[-168.0436,53.9361]]],[[[-168.0947,64.9684],[-168.0486,64.9604],[-168.0493,64.9807],[-168.0947,64.9684]]],[[[-168.1202,65.6479],[-168.0697,65.577],[-167.8467,65.5401],[-167.4651,65.4135],[-167.0463,65.3856],[-166.6889,65.3287],[-166.5186,65.3355],[-166.3606,65.2886],[-166.3472,65.2763],[-166.3812,65.2557],[-166.4761,65.224],[-166.4578,65.1883],[-166.4812,65.1652],[-166.6315,65.1254],[-166.5495,65.1379],[-166.5444,65.1194],[-166.7094,65.1079],[-166.9201,65.1466],[-166.9397,65.1803],[-166.9063,65.2279],[-166.848,65.2451],[-166.8426,65.2788],[-166.9035,65.2456],[-166.9516,65.1608],[-166.8587,65.0922],[-166.7013,65.0396],[-166.6842,65.0204],[-166.7028,64.9969],[-166.6893,64.9847],[-166.5204,64.9344],[-166.4203,64.8795],[-166.4036,64.8321],[-166.4265,64.8065],[-166.4753,64.796],[-166.4723,64.7246],[-166.3961,64.6423],[-166.1999,64.5789],[-165.4294,64.5],[-165.0084,64.4345],[-164.8031,64.4513],[-164.3073,64.5615],[-163.9946,64.5517],[-163.8637,64.5743],[-163.6491,64.568],[-163.2923,64.4867],[-163.2531,64.4695],[-163.2229,64.4255],[-163.1499,64.398],[-163.1073,64.4097],[-163.1021,64.4585],[-163.0272,64.4779],[-163.0446,64.4866],[-163.0303,64.5144],[-163.1495,64.5087],[-163.1811,64.5409],[-163.275,64.5469],[-163.3526,64.5884],[-163.2129,64.6417],[-163.1344,64.6484],[-163.1545,64.6262],[-163.1392,64.6112],[-163.0196,64.5696],[-163.0158,64.5523],[-163.0456,64.5405],[-162.9379,64.5428],[-162.837,64.4894],[-162.8727,64.4481],[-162.8327,64.4377],[-162.8021,64.4025],[-162.8099,64.3561],[-162.7877,64.3248],[-162.7374,64.3583],[-162.6314,64.3854],[-162.6417,64.4039],[-162.6022,64.4499],[-162.6156,64.4699],[-162.5435,64.5315],[-162.2333,64.6202],[-162.1852,64.6762],[-161.8891,64.7062],[-161.7583,64.753],[-161.8952,64.712],[-161.9272,64.7206],[-161.6693,64.7885],[-161.5427,64.7561],[-161.533,64.738],[-161.517,64.7536],[-161.4263,64.759],[-161.3667,64.7791],[-161.3561,64.8106],[-161.2102,64.885],[-161.1749,64.9281],[-161.1407,64.9306],[-161.1523,64.9133],[-161.0778,64.8682],[-160.9023,64.8223],[-160.7817,64.7155],[-160.8004,64.6121],[-160.9555,64.5447],[-161.09,64.5395],[-161.0113,64.5202],[-161.0123,64.5017],[-161.2189,64.4967],[-161.3845,64.533],[-161.4691,64.5066],[-161.4756,64.4431],[-161.5334,64.4143],[-161.5278,64.3784],[-161.4729,64.4181],[-161.3962,64.4265],[-161.2658,64.3979],[-160.9708,64.23],[-160.95,64.203],[-160.9392,64.057],[-160.768,63.8353],[-160.7645,63.7794],[-160.801,63.7363],[-160.95,63.6279],[-161.0172,63.6227],[-161.043,63.5761],[-161.1138,63.5531],[-161.1031,63.5346],[-161.135,63.5285],[-161.1398,63.5019],[-161.4386,63.4559],[-161.4687,63.4602],[-161.4648,63.4721],[-161.5811,63.4469],[-161.6769,63.4668],[-161.8105,63.4389],[-161.955,63.4504],[-161.9713,63.4326],[-162.0191,63.4491],[-162.0313,63.4338],[-162.1385,63.429],[-162.1559,63.4334],[-162.0918,63.4426],[-162.0821,63.4661],[-162.0448,63.4512],[-162.047,63.4759],[-162.0061,63.4843],[-162.085,63.4991],[-162.0753,63.5129],[-162.3138,63.5417],[-162.2726,63.485],[-162.3756,63.4402],[-162.436,63.3774],[-162.6626,63.2272],[-162.8286,63.2027],[-162.8493,63.1532],[-162.9672,63.1115],[-163.0423,63.062],[-163.231,63.0376],[-163.351,63.0282],[-163.3992,63.0725],[-163.4852,63.1108],[-163.5381,63.1047],[-163.5261,63.1322],[-163.5688,63.131],[-163.586,63.1487],[-163.6296,63.1208],[-163.6218,63.1431],[-163.7566,63.2152],[-163.8244,63.2107],[-164.0507,63.2617],[-164.3669,63.2313],[-164.5853,63.1247],[-164.5497,63.0941],[-164.5794,63.0706],[-164.519,63.0525],[-164.5343,63.0309],[-164.6832,63.0202],[-164.8113,62.9106],[-164.8601,62.8185],[-164.8193,62.7963],[-164.8701,62.7879],[-164.855,62.7473],[-164.8725,62.7337],[-164.821,62.6384],[-164.7703,62.5915],[-164.9747,62.5635],[-165.2013,62.4724],[-165.2862,62.4146],[-165.3229,62.3605],[-165.3591,62.3562],[-165.6679,62.1554],[-165.7453,62.0769],[-165.7551,61.9853],[-165.7209,61.9304],[-165.6234,61.8447],[-165.7347,61.8409],[-165.7881,61.8124],[-165.8042,61.8272],[-165.9224,61.829],[-166.1033,61.8119],[-166.0108,61.7201],[-165.7539,61.6752],[-166.151,61.6327],[-166.1643,61.6388],[-166.1459,61.7064],[-166.1876,61.5923],[-166.1494,61.5119],[-166.091,61.4925],[-166.0758,61.5021],[-166.108,61.5131],[-166.0834,61.5299],[-165.9439,61.5547],[-165.7815,61.5136],[-165.7533,61.4876],[-165.7663,61.4597],[-165.9201,61.4196],[-165.9233,61.3898],[-165.8471,61.3114],[-165.633,61.2792],[-165.5975,61.2899],[-165.5975,61.2628],[-165.6421,61.2284],[-165.6168,61.1964],[-165.6271,61.1672],[-165.5982,61.1094],[-165.5082,61.0855],[-165.3748,61.0819],[-165.3328,61.1699],[-165.3002,61.1811],[-165.2438,61.1516],[-165.1732,61.1432],[-165.1851,61.1191],[-165.1121,61.075],[-165.0201,61.0537],[-164.9935,61.0724],[-164.9524,61.0693],[-164.9486,61.0264],[-165.1232,61.0144],[-165.19,60.9842],[-165.1924,60.9667],[-165.1562,60.9288],[-165.0574,60.9094],[-164.9263,60.9483],[-164.9203,60.9296],[-164.9588,60.8968],[-164.8777,60.8552],[-164.8685,60.8332],[-164.9633,60.7933],[-165.0342,60.7867],[-165.0243,60.7541],[-164.9689,60.7258],[-165.0112,60.6907],[-165.0628,60.6878],[-165.0998,60.6542],[-165.2488,60.6109],[-165.2774,60.5764],[-165.3723,60.5796],[-165.4184,60.5554],[-165.378,60.5108],[-165.196,60.4967],[-165.0613,60.544],[-164.9713,60.5396],[-164.9657,60.5086],[-165.0152,60.4714],[-165.1406,60.4446],[-165.0171,60.3638],[-164.8863,60.3122],[-164.7465,60.2924],[-164.669,60.3072],[-164.6421,60.2467],[-164.4981,60.1911],[-164.4927,60.1654],[-164.3883,60.0773],[-164.1259,59.9926],[-164.1181,59.9696],[-164.2214,59.9443],[-164.1414,59.8452],[-163.9467,59.8055],[-163.7048,59.7948],[-163.3567,59.8166],[-163.0993,59.8575],[-162.8085,59.9339],[-162.7198,59.9917],[-162.5561,59.9783],[-162.4782,60.0301],[-162.5006,60.113],[-162.49,60.1457],[-162.4513,60.1744],[-162.3726,60.1691],[-162.2621,60.0636],[-162.2256,60.0607],[-162.1738,59.989],[-162.1057,59.9533],[-162.1111,59.9236],[-162.0849,59.8829],[-161.9684,59.7992],[-161.8816,59.7023],[-161.8689,59.6387],[-161.7012,59.4984],[-161.7417,59.4679],[-161.7858,59.4671],[-161.7853,59.4807],[-161.8193,59.4309],[-161.849,59.4325],[-161.8806,59.3958],[-161.9549,59.3789],[-161.956,59.3523],[-161.9929,59.3384],[-162.0564,59.271],[-161.9841,59.1501],[-161.8787,59.0681],[-161.8218,59.0506],[-161.8413,59.0291],[-161.7857,58.9642],[-161.7589,58.7933],[-161.8046,58.7371],[-161.8656,58.7132],[-161.8403,58.6882],[-161.8892,58.6545],[-161.9455,58.6495],[-161.9385,58.6749],[-161.9856,58.6815],[-162.1752,58.6499],[-162.0755,58.621],[-161.821,58.6287],[-161.7561,58.5775],[-161.7701,58.5513],[-161.687,58.5602],[-161.63,58.5992],[-161.56,58.6019],[-161.5034,58.6364],[-161.3051,58.6792],[-161.3727,58.6664],[-161.3742,58.7027],[-161.2997,58.7661],[-161.1828,58.7808],[-160.9658,58.8748],[-160.8691,58.8793],[-160.8238,58.8291],[-160.777,58.8884],[-160.6751,58.9441],[-160.3317,59.0734],[-160.3031,59.0625],[-160.336,59.0521],[-160.2828,59.0268],[-160.2541,58.9852],[-160.3289,58.9441],[-160.296,58.949],[-160.2884,58.9301],[-160.2583,58.9428],[-160.2453,58.8876],[-160.151,58.9192],[-160.1597,58.8622],[-160.0947,58.8573],[-160.0647,58.8829],[-159.998,58.8756],[-159.9812,58.8579],[-159.9915,58.8342],[-159.9099,58.7683],[-159.7965,58.8033],[-159.8121,58.8421],[-159.7985,58.8512],[-159.7635,58.8316],[-159.7512,58.8431],[-159.7698,58.8672],[-159.7332,58.8948],[-159.7427,58.9255],[-159.6161,58.9338],[-159.5848,58.8948],[-159.6511,58.8398],[-159.5337,58.8305],[-159.4499,58.7982],[-159.3422,58.7178],[-159.0644,58.4245],[-158.9,58.3931],[-158.8005,58.4084],[-158.6969,58.4922],[-158.7614,58.5157],[-158.774,58.58],[-158.8059,58.5863],[-158.8857,58.7217],[-158.8245,58.7272],[-158.7864,58.7528],[-158.7751,58.7726],[-158.7958,58.8098],[-158.7757,58.8778],[-158.7223,58.8728],[-158.6167,58.9125],[-158.5299,58.998],[-158.4817,58.9994],[-158.4845,58.9526],[-158.5057,58.8545],[-158.5549,58.843],[-158.5633,58.8046],[-158.3914,58.7587],[-158.3454,58.722],[-158.3191,58.6542],[-158.1723,58.6134],[-157.5633,58.7539],[-157.3294,58.8334],[-157.1059,58.8677],[-157.0435,58.9133],[-157.046,58.9423],[-157.0238,58.9633],[-156.9713,58.9831],[-156.9293,58.9738],[-156.9609,58.9655],[-156.9799,58.9014],[-157.0112,58.8833],[-157.0158,58.8675],[-156.9867,58.847],[-156.9968,58.8165],[-157.0626,58.7697],[-157.0518,58.7119],[-157.1712,58.6683],[-157.3784,58.5232],[-157.4519,58.5056],[-157.5346,58.3893],[-157.5362,58.2716],[-157.442,58.2073],[-157.3884,58.2053],[-157.4327,58.1656],[-157.5263,58.1625],[-157.5273,58.1909],[-157.5806,58.1233],[-157.6582,57.7988],[-157.7043,57.7154],[-157.7059,57.6242],[-157.6013,57.6096],[-157.5699,57.5209],[-157.5878,57.4938],[-157.6515,57.4979],[-157.6937,57.5532],[-157.6807,57.5635],[-157.7565,57.5539],[-157.93,57.474],[-158.0838,57.3572],[-158.2313,57.319],[-158.3796,57.2465],[-158.6795,56.9908],[-158.6944,56.89],[-158.6513,56.8443],[-158.6494,56.8028],[-158.8156,56.7887],[-158.9119,56.8137],[-158.95,56.8422],[-158.8388,56.89],[-158.891,56.8812],[-159.253,56.7244],[-159.8152,56.5477],[-160.0605,56.4172],[-160.1463,56.4002],[-160.3504,56.2835],[-160.4638,56.1041],[-160.5869,55.9797],[-160.5265,55.9806],[-160.5539,55.9346],[-160.5159,55.948],[-160.3231,55.861],[-160.2437,55.8522],[-160.2226,55.8321],[-160.3188,55.8175],[-160.2654,55.7772],[-160.2444,55.7805],[-160.2518,55.7678],[-160.3652,55.777],[-160.3987,55.8075],[-160.4619,55.7876],[-160.4758,55.813],[-160.4591,55.8381],[-160.4947,55.8642],[-160.6511,55.8576],[-160.7932,55.886],[-160.7512,55.8215],[-160.755,55.7777],[-160.6887,55.7674],[-160.699,55.7567],[-160.6516,55.7393],[-160.6805,55.7313],[-160.6646,55.7024],[-160.687,55.697],[-160.7077,55.7378],[-160.7774,55.7515],[-160.7775,55.729],[-160.7942,55.7263],[-160.9002,55.8094],[-160.9394,55.8116],[-160.9544,55.8488],[-160.9311,55.8845],[-160.966,55.8669],[-161.0238,55.897],[-160.9468,55.947],[-160.8922,55.9532],[-160.8546,55.9303],[-160.8682,55.9971],[-160.9449,55.9955],[-160.9608,55.973],[-161.0233,55.9651],[-161.0471,55.9439],[-161.1281,55.9689],[-161.1403,55.9531],[-161.227,55.9528],[-161.2852,55.9712],[-161.1925,56.0031],[-161.0825,56.0111],[-161.0956,56.0153],[-161.8024,55.8946],[-161.9345,55.8194],[-162.0577,55.7888],[-162.2571,55.6934],[-162.5913,55.4527],[-162.509,55.4589],[-162.5207,55.4205],[-162.5012,55.3897],[-162.5359,55.3585],[-162.5749,55.3479],[-162.6405,55.3683],[-162.6417,55.3926],[-162.6666,55.3587],[-162.7025,55.354],[-162.6859,55.3454],[-162.7353,55.3078],[-162.7981,55.311],[-162.8392,55.2652],[-162.8527,55.2805],[-162.8993,55.27],[-162.8896,55.2603],[-162.9098,55.2441],[-162.848,55.2369],[-162.8679,55.1802],[-162.9335,55.1768],[-162.9338,55.1622],[-163.0845,55.1763],[-163.0122,55.2168],[-163.0234,55.2286],[-162.987,55.2411],[-163.002,55.2476],[-163.1147,55.1772],[-163.2012,55.1613],[-163.4208,55.0675],[-163.4115,55.0485],[-163.3782,55.0528],[-163.3623,55.0643],[-163.4129,55.0565],[-163.2998,55.11],[-163.3167,55.082],[-163.2841,55.0518],[-163.2798,55.0133],[-163.2967,54.9743],[-163.2188,54.9337],[-163.3396,54.9527],[-163.3462,54.9262],[-163.3163,54.9078],[-163.3189,54.8801],[-163.3873,54.8575],[-163.3572,54.8108],[-163.2189,54.8414],[-163.1977,54.869],[-163.0266,54.9476],[-163.0713,54.9826],[-163.2162,55.0283],[-163.1847,55.0977],[-163.0791,55.1084],[-163.0074,55.0805],[-162.9446,55.024],[-162.9643,55.012],[-162.9548,54.985],[-162.8811,54.9337],[-162.7522,54.9394],[-162.7063,54.96],[-162.7179,54.9827],[-162.6814,54.9978],[-162.6208,54.9916],[-162.5535,54.9571],[-162.6023,55.0871],[-162.626,55.1016],[-162.6236,55.1215],[-162.5881,55.1413],[-162.6471,55.1964],[-162.6973,55.1958],[-162.7245,55.2172],[-162.6965,55.2653],[-162.6612,55.2769],[-162.683,55.2823],[-162.6398,55.3047],[-162.5611,55.2978],[-162.5844,55.291],[-162.5735,55.2792],[-162.6349,55.2739],[-162.5136,55.2506],[-162.4822,55.1597],[-162.348,55.1066],[-162.402,55.0984],[-162.4629,55.1247],[-162.521,55.1154],[-162.4953,55.0671],[-162.413,55.0316],[-162.3381,55.0377],[-162.32,55.0598],[-162.2778,55.0217],[-162.2205,55.0266],[-162.1896,55.0624],[-162.2275,55.1069],[-162.1707,55.155],[-162.1113,55.1482],[-162.1051,55.1269],[-162.1377,55.1128],[-162.0558,55.0718],[-161.9641,55.1041],[-161.941,55.1243],[-161.9656,55.1619],[-162.0162,55.1706],[-161.9973,55.188],[-162.0393,55.227],[-161.9777,55.2357],[-161.9034,55.2049],[-161.8783,55.2237],[-161.8608,55.2709],[-161.6885,55.4042],[-161.7006,55.5183],[-161.5876,55.6198],[-161.4548,55.6336],[-161.3588,55.6106],[-161.3744,55.572],[-161.4923,55.4868],[-161.4734,55.4842],[-161.4723,55.4624],[-161.4831,55.4156],[-161.5156,55.3884],[-161.5039,55.3609],[-161.3479,55.3839],[-161.314,55.3729],[-161.3325,55.3588],[-161.2421,55.3562],[-160.9974,55.4403],[-160.9465,55.5076],[-160.9079,55.5248],[-160.8271,55.5133],[-160.8378,55.4721],[-160.7979,55.4564],[-160.6697,55.4609],[-160.65,55.4833],[-160.6622,55.5192],[-160.76,55.5271],[-160.7711,55.5433],[-160.7169,55.5583],[-160.6486,55.5493],[-160.5953,55.6087],[-160.5739,55.6075],[-160.5986,55.5776],[-160.5375,55.4747],[-160.5034,55.4764],[-160.4605,55.5073],[-160.4479,55.5654],[-160.4319,55.566],[-160.4453,55.5744],[-160.3554,55.6079],[-160.433,55.64],[-160.4216,55.6611],[-160.2795,55.6387],[-160.2425,55.6431],[-160.2585,55.6538],[-160.2392,55.6665],[-160.1344,55.6622],[-160.1338,55.7242],[-160.1529,55.7387],[-160.1119,55.7058],[-160.0555,55.6964],[-160.093,55.7222],[-160.0183,55.7194],[-160.0211,55.7473],[-160.0499,55.7604],[-160.0322,55.7872],[-160.0012,55.7971],[-159.9694,55.7742],[-159.9597,55.82],[-159.8732,55.7838],[-159.8464,55.8023],[-159.8592,55.8443],[-159.8111,55.8566],[-159.7256,55.8505],[-159.6063,55.8105],[-159.6791,55.7398],[-159.6285,55.6998],[-159.7076,55.6589],[-159.6167,55.6457],[-159.6392,55.6269],[-159.6294,55.6087],[-159.6788,55.6192],[-159.7472,55.602],[-159.6969,55.6022],[-159.734,55.569],[-159.6617,55.5842],[-159.5958,55.5648],[-159.6218,55.5923],[-159.5814,55.642],[-159.5215,55.6675],[-159.5396,55.6694],[-159.5335,55.6976],[-159.5553,55.7107],[-159.4944,55.7658],[-159.5124,55.8466],[-159.5315,55.8486],[-159.5179,55.8711],[-159.5474,55.8659],[-159.5303,55.8875],[-159.4541,55.8962],[-159.4727,55.8306],[-159.4197,55.7868],[-159.3981,55.7977],[-159.4012,55.8567],[-159.355,55.8768],[-159.3203,55.875],[-159.3145,55.8571],[-159.2755,55.8908],[-159.1741,55.8886],[-159.0809,55.9246],[-159.0082,55.8901],[-159.012,55.9198],[-158.9688,55.9344],[-158.9131,55.9154],[-158.8437,56.0154],[-158.7963,55.9853],[-158.7715,56.0193],[-158.7327,56.0152],[-158.7143,55.9784],[-158.7507,55.961],[-158.7014,55.9676],[-158.6679,55.9507],[-158.6538,55.9632],[-158.6935,55.9823],[-158.6396,55.9845],[-158.64,56.0197],[-158.7171,56.0337],[-158.7255,56.0494],[-158.6651,56.0551],[-158.6676,56.0773],[-158.6484,56.0886],[-158.6968,56.1063],[-158.6668,56.1263],[-158.672,56.1406],[-158.7241,56.1558],[-158.6494,56.1478],[-158.6401,56.139],[-158.6646,56.1192],[-158.6365,56.1132],[-158.5513,56.1699],[-158.6219,56.202],[-158.4552,56.1901],[-158.5214,56.1881],[-158.495,56.1838],[-158.5183,56.1786],[-158.4874,56.1598],[-158.5373,56.1574],[-158.5577,56.1341],[-158.5423,56.114],[-158.5954,56.1097],[-158.5936,56.0821],[-158.5484,56.0807],[-158.5924,56.0693],[-158.5984,56.0488],[-158.5869,56.037],[-158.4912,56.0695],[-158.549,56.044],[-158.5541,56.0215],[-158.5077,55.9789],[-158.5039,56.0379],[-158.4314,55.9928],[-158.4106,56.0452],[-158.4582,56.055],[-158.4523,56.0269],[-158.4936,56.0488],[-158.4603,56.0687],[-158.5012,56.0942],[-158.4918,56.1133],[-158.4496,56.1184],[-158.4265,56.0696],[-158.4003,56.0619],[-158.3944,56.0901],[-158.4427,56.1382],[-158.4071,56.1257],[-158.3854,56.1879],[-158.3755,56.1334],[-158.3488,56.1244],[-158.3483,56.1542],[-158.1863,56.1921],[-158.1786,56.2125],[-158.1508,56.2138],[-158.1572,56.2282],[-158.1145,56.2393],[-158.1749,56.2362],[-158.3107,56.1791],[-158.3385,56.1805],[-158.298,56.2121],[-158.3639,56.2188],[-158.3991,56.2038],[-158.3785,56.2272],[-158.4044,56.242],[-158.3107,56.2364],[-158.1958,56.286],[-158.3313,56.3248],[-158.4018,56.295],[-158.3974,56.3289],[-158.4291,56.3262],[-158.4328,56.3435],[-158.4954,56.3343],[-158.5054,56.3778],[-158.4053,56.4537],[-158.3263,56.4831],[-158.2455,56.4604],[-158.1301,56.4609],[-158.1143,56.4897],[-158.1543,56.5074],[-158.1354,56.5221],[-157.8631,56.4729],[-157.816,56.5143],[-157.8337,56.5382],[-157.8206,56.5578],[-157.84,56.5666],[-157.9112,56.5748],[-158.1255,56.5285],[-158.1331,56.542],[-158.0274,56.6026],[-157.9711,56.603],[-157.9186,56.6431],[-157.8411,56.6438],[-157.7637,56.6792],[-157.7368,56.6756],[-157.6778,56.6082],[-157.4669,56.6228],[-157.4501,56.6412],[-157.4761,56.6697],[-157.544,56.6754],[-157.5618,56.706],[-157.5098,56.7648],[-157.4016,56.7629],[-157.4211,56.8017],[-157.4509,56.8022],[-157.4712,56.8335],[-157.4275,56.8607],[-157.3778,56.8599],[-157.2008,56.7644],[-157.1436,56.7853],[-157.1481,56.829],[-157.0856,56.8193],[-157.0271,56.8913],[-156.9316,56.9159],[-156.9437,56.9259],[-156.9236,56.9625],[-156.8863,56.964],[-156.8402,56.901],[-156.8064,56.905],[-156.7879,56.966],[-156.7472,56.9984],[-156.7745,57.0337],[-156.7157,57.0378],[-156.6714,56.9961],[-156.558,56.977],[-156.5534,57.0081],[-156.6109,57.049],[-156.5149,57.0482],[-156.4408,57.0825],[-156.4489,57.1013],[-156.4279,57.1026],[-156.4694,57.1121],[-156.4657,57.1249],[-156.4102,57.1219],[-156.4069,57.1394],[-156.3682,57.143],[-156.3178,57.1873],[-156.3814,57.1991],[-156.4038,57.2231],[-156.3853,57.2447],[-156.3376,57.2499],[-156.3151,57.2937],[-156.3434,57.3031],[-156.3285,57.3176],[-156.5343,57.2825],[-156.5482,57.3059],[-156.5336,57.3285],[-156.488,57.331],[-156.4953,57.3167],[-156.3279,57.4229],[-156.2133,57.438],[-156.1958,57.4801],[-156.1303,57.4681],[-156.1076,57.4392],[-156.0234,57.4339],[-156.0133,57.4508],[-156.0456,57.498],[-156.0453,57.5177],[-156.0262,57.5215],[-156.0451,57.5616],[-156.0332,57.5683],[-155.9338,57.5338],[-155.8266,57.5767],[-155.7972,57.5447],[-155.7315,57.5443],[-155.7248,57.5789],[-155.7414,57.6014],[-155.7219,57.6153],[-155.777,57.6382],[-155.7329,57.6319],[-155.5876,57.6642],[-155.5835,57.6886],[-155.6346,57.7048],[-155.6187,57.7699],[-155.5993,57.7838],[-155.5455,57.7881],[-155.5019,57.7547],[-155.4142,57.7434],[-155.394,57.7047],[-155.3014,57.7248],[-155.2863,57.7567],[-155.3609,57.791],[-155.2881,57.8017],[-155.3262,57.7967],[-155.3391,57.8243],[-155.216,57.8372],[-155.2483,57.8675],[-155.1926,57.8475],[-155.0836,57.8732],[-155.0618,57.9043],[-155.1167,57.946],[-155.0429,57.9538],[-155.0277,58.0031],[-155.0171,57.9897],[-154.8794,58.0255],[-154.7716,58.0019],[-154.7271,58.0164],[-154.7219,58.0505],[-154.6729,58.0648],[-154.6433,58.0579],[-154.6411,58.0316],[-154.5665,58.0237],[-154.537,58.064],[-154.5582,58.0858],[-154.4474,58.0911],[-154.4685,58.1445],[-154.4586,58.1589],[-154.4844,58.1915],[-154.4367,58.1724],[-154.4363,58.1473],[-154.3658,58.1039],[-154.3816,58.0964],[-154.3154,58.0828],[-154.3374,58.1571],[-154.2736,58.1291],[-154.213,58.1347],[-154.2973,58.1918],[-154.2652,58.1775],[-154.1785,58.1885],[-154.1644,58.1972],[-154.1791,58.2113],[-154.1476,58.2093],[-154.1461,58.2308],[-154.2039,58.2533],[-154.0986,58.2784],[-154.1857,58.3218],[-154.2112,58.3111],[-154.1923,58.3062],[-154.2018,58.295],[-154.2894,58.292],[-154.2562,58.2726],[-154.2724,58.2637],[-154.328,58.2615],[-154.3497,58.2863],[-154.2297,58.3304],[-154.1613,58.3356],[-154.1987,58.3546],[-154.0947,58.3434],[-154.0972,58.3591],[-154.0004,58.3753],[-153.9734,58.3921],[-154.0505,58.4131],[-154.0761,58.4729],[-154.0515,58.4904],[-153.9238,58.501],[-153.9118,58.5526],[-153.8752,58.5701],[-153.9046,58.5828],[-153.8972,58.6062],[-153.6776,58.6116],[-153.5927,58.6338],[-153.5562,58.6858],[-153.4325,58.716],[-153.3868,58.7597],[-153.351,58.8436],[-153.2515,58.8502],[-153.2644,58.8659],[-153.3094,58.8536],[-153.3411,58.8665],[-153.2862,58.8747],[-153.3219,58.8836],[-153.3262,58.9223],[-153.3755,58.9316],[-153.405,58.9731],[-153.4864,58.9995],[-153.5277,58.9835],[-153.6091,59.0063],[-153.7101,59.0854],[-153.7307,59.0859],[-153.7125,59.0771],[-153.7249,59.0682],[-153.7876,59.0787],[-153.8537,59.0543],[-154.0636,59.0727],[-154.1609,59.0207],[-154.1925,59.0465],[-154.1812,59.069],[-154.2008,59.062],[-154.1665,59.0919],[-154.1972,59.0908],[-154.1686,59.1016],[-154.1745,59.121],[-154.25,59.1146],[-154.2657,59.1404],[-154.2138,59.1515],[-154.243,59.1572],[-154.227,59.1691],[-154.1721,59.1751],[-154.1816,59.1907],[-154.1268,59.1973],[-154.1186,59.2105],[-154.1445,59.2261],[-154.111,59.3027],[-153.9446,59.3615],[-153.9889,59.372],[-153.9913,59.3557],[-154.0964,59.3441],[-154.1408,59.371],[-154.1004,59.3664],[-154.0454,59.3896],[-154.0163,59.3748],[-153.9799,59.3989],[-153.9488,59.3843],[-153.9028,59.4176],[-153.7276,59.4353],[-153.7414,59.4491],[-153.7035,59.4665],[-153.7748,59.5248],[-153.7674,59.5391],[-153.5931,59.5511],[-153.5558,59.5966],[-153.6209,59.6308],[-153.679,59.6217],[-153.7041,59.6365],[-153.63,59.6431],[-153.63,59.6847],[-153.5997,59.6971],[-153.6117,59.6745],[-153.5612,59.6234],[-153.4773,59.6438],[-153.4445,59.6983],[-153.4532,59.7729],[-153.3365,59.7214],[-153.3814,59.7151],[-153.3719,59.6958],[-153.389,59.6644],[-153.4264,59.6423],[-153.3161,59.6258],[-153.302,59.6372],[-153.3196,59.664],[-153.2914,59.6707],[-153.2492,59.633],[-153.2202,59.6354],[-153.1351,59.6799],[-153.049,59.6956],[-152.9914,59.8105],[-153.0215,59.8345],[-153.0897,59.8336],[-153.1463,59.8075],[-153.2353,59.8275],[-153.1974,59.8579],[-153.0089,59.8862],[-152.8169,59.8765],[-152.7086,59.9127],[-152.6773,59.9688],[-152.6001,60.0169],[-152.573,60.0785],[-152.6864,60.1377],[-152.6784,60.1661],[-152.8211,60.2053],[-152.885,60.2423],[-152.7395,60.2234],[-152.7209,60.2423],[-152.6704,60.2443],[-152.6269,60.2194],[-152.5576,60.2223],[-152.5011,60.2689],[-152.408,60.2921],[-152.372,60.3514],[-152.2365,60.3946],[-152.3225,60.4292],[-152.3326,60.4704],[-152.3091,60.5072],[-152.2039,60.5649],[-152.1,60.5944],[-152.0463,60.6611],[-151.848,60.7357],[-151.9082,60.7626],[-151.9052,60.78],[-151.8129,60.7312],[-151.7105,60.7127],[-151.706,60.7324],[-151.8003,60.8548],[-151.7139,60.9165],[-151.4935,61.0111],[-151.3496,61.0103],[-151.2936,61.0357],[-151.1647,61.0468],[-151.0257,61.1754],[-150.9421,61.2093],[-150.7075,61.2542],[-150.656,61.2936],[-150.6112,61.2769],[-150.5517,61.2947],[-150.4688,61.2446],[-150.2049,61.2595],[-149.9859,61.2375],[-149.9173,61.2675],[-149.9164,61.3315],[-149.8822,61.3828],[-149.8117,61.3984],[-149.7574,61.4468],[-149.6557,61.4834],[-149.5382,61.4972],[-149.4217,61.4545],[-149.5374,61.4078],[-149.7101,61.3791],[-149.7202,61.3342],[-149.8118,61.3152],[-149.9024,61.2214],[-150.0196,61.2037],[-150.0746,61.1563],[-149.8517,61.0872],[-149.7358,61.0164],[-149.6083,60.9845],[-149.5029,60.9853],[-149.3555,60.9253],[-149.1875,60.9436],[-149.0779,60.9039],[-149.0085,60.8548],[-149.0049,60.8317],[-149.1151,60.8776],[-149.4308,60.902],[-149.5659,60.9354],[-149.6459,60.9238],[-149.7672,60.9682],[-149.8722,60.9604],[-149.9487,60.8986],[-149.989,60.8937],[-150.0083,60.8619],[-150.0225,60.8841],[-150.1942,60.9013],[-150.3772,61.0391],[-150.6873,60.9554],[-151.036,60.7931],[-151.2459,60.7764],[-151.2797,60.7477],[-151.4093,60.7206],[-151.3367,60.5876],[-151.2639,60.5468],[-151.2963,60.3923],[-151.3773,60.3655],[-151.3885,60.2691],[-151.4217,60.2129],[-151.7029,60.0323],[-151.7514,59.923],[-151.7996,59.8819],[-151.8715,59.7703],[-151.8232,59.7184],[-151.6799,59.6597],[-151.4978,59.6318],[-151.4151,59.5993],[-151.4914,59.6334],[-151.0897,59.7865],[-150.9273,59.7934],[-151.0172,59.7469],[-151.051,59.7478],[-151.045,59.7243],[-151.0695,59.7287],[-151.1137,59.6979],[-151.1111,59.6681],[-151.2007,59.6447],[-151.1643,59.587],[-151.2748,59.597],[-151.2694,59.5715],[-151.3203,59.5778],[-151.3859,59.5432],[-151.4403,59.5422],[-151.4729,59.4957],[-151.4336,59.461],[-151.5035,59.4835],[-151.5594,59.4681],[-151.5708,59.4862],[-151.6516,59.4849],[-151.721,59.452],[-151.7179,59.4226],[-151.6852,59.3949],[-151.7425,59.4277],[-151.7424,59.4536],[-151.8879,59.4248],[-151.908,59.3953],[-151.8005,59.3576],[-151.7638,59.3248],[-151.8354,59.3537],[-151.9202,59.3605],[-151.9914,59.3127],[-151.9788,59.2538],[-151.8886,59.251],[-151.8769,59.2382],[-151.9182,59.2288],[-151.8246,59.2031],[-151.7023,59.2226],[-151.7209,59.2064],[-151.7586,59.2157],[-151.7648,59.1773],[-151.7442,59.1574],[-151.5923,59.1622],[-151.5725,59.174],[-151.632,59.1883],[-151.5663,59.2071],[-151.4673,59.202],[-151.4666,59.2147],[-151.5561,59.229],[-151.444,59.2344],[-151.4485,59.2484],[-151.4194,59.258],[-151.3035,59.2096],[-151.2876,59.2185],[-151.3016,59.2416],[-151.2499,59.2022],[-151.2175,59.2226],[-151.1841,59.2036],[-151.1235,59.2115],[-151.0969,59.2243],[-151.1021,59.2549],[-151.313,59.3103],[-151.1268,59.2905],[-151.0916,59.2692],[-151.0303,59.3249],[-151.0446,59.3003],[-151.0325,59.2758],[-150.9747,59.2783],[-151.0014,59.2657],[-150.9762,59.2573],[-151.0219,59.2492],[-151.0051,59.2253],[-151.0212,59.2202],[-150.9648,59.1967],[-150.9985,59.2171],[-150.9919,59.2313],[-150.9381,59.234],[-150.8828,59.267],[-150.9093,59.301],[-150.9516,59.3079],[-150.8744,59.3173],[-150.8438,59.3575],[-150.7705,59.3752],[-150.738,59.424],[-150.7009,59.433],[-150.6526,59.4157],[-150.5812,59.4452],[-150.6587,59.4702],[-150.5809,59.4682],[-150.5801,59.4922],[-150.6644,59.5415],[-150.6053,59.5374],[-150.5614,59.5944],[-150.5212,59.6064],[-150.4915,59.5798],[-150.5709,59.5304],[-150.5197,59.5203],[-150.5624,59.5112],[-150.5328,59.496],[-150.4776,59.5106],[-150.5233,59.4751],[-150.4788,59.4585],[-150.4112,59.5579],[-150.3194,59.6249],[-150.2235,59.7449],[-150.2254,59.705],[-150.2849,59.6407],[-150.2636,59.6288],[-150.3177,59.5921],[-150.2898,59.5799],[-150.3686,59.5194],[-150.3315,59.5019],[-150.3788,59.4988],[-150.3409,59.4802],[-150.4034,59.4624],[-150.3513,59.4616],[-150.3447,59.4384],[-150.3693,59.4507],[-150.4026,59.4457],[-150.3928,59.4322],[-150.4189,59.4381],[-150.3987,59.4229],[-150.4242,59.4242],[-150.4256,59.4086],[-150.4045,59.407],[-150.4338,59.3967],[-150.3928,59.3847],[-150.376,59.4072],[-150.3926,59.4301],[-150.358,59.4359],[-150.3696,59.4228],[-150.349,59.4153],[-150.3311,59.4416],[-150.2954,59.4167],[-150.3079,59.4416],[-150.2851,59.4599],[-150.3293,59.4503],[-150.3137,59.4843],[-150.2879,59.4777],[-150.2964,59.4967],[-150.2567,59.4846],[-150.2343,59.4994],[-150.2655,59.5335],[-150.2347,59.5262],[-150.2125,59.5427],[-150.2174,59.519],[-150.1772,59.5344],[-150.2128,59.5784],[-150.1797,59.5845],[-150.1858,59.5704],[-150.1618,59.5602],[-150.0834,59.578],[-150.1649,59.6194],[-150.0998,59.6113],[-150.087,59.6505],[-150.1341,59.6938],[-150.0576,59.6619],[-150.0344,59.6125],[-149.9966,59.6397],[-150.011,59.6622],[-149.951,59.6545],[-149.9212,59.6911],[-149.9256,59.7298],[-149.9769,59.7197],[-149.958,59.7364],[-149.968,59.7511],[-150.0413,59.7773],[-150.0779,59.7621],[-150.0602,59.8078],[-150.0795,59.8443],[-150.0416,59.8181],[-150.0511,59.7914],[-150.016,59.8016],[-149.9707,59.7704],[-149.9086,59.7697],[-149.8867,59.7403],[-149.8457,59.7394],[-149.8401,59.7148],[-149.8128,59.7187],[-149.8298,59.7015],[-149.7663,59.7053],[-149.8257,59.684],[-149.7948,59.6871],[-149.8105,59.6781],[-149.7815,59.6791],[-149.7947,59.6575],[-149.7662,59.6642],[-149.7813,59.6503],[-149.7399,59.6386],[-149.7642,59.6893],[-149.7225,59.6964],[-149.7495,59.6943],[-149.7303,59.7197],[-149.7698,59.7453],[-149.7563,59.7648],[-149.7817,59.7612],[-149.7674,59.7742],[-149.7891,59.7847],[-149.7603,59.7932],[-149.8722,59.8535],[-149.8011,59.8514],[-149.7487,59.8235],[-149.753,59.8641],[-149.7158,59.8851],[-149.7429,59.9437],[-149.6922,59.9521],[-149.6386,59.8981],[-149.6688,59.8694],[-149.6165,59.8787],[-149.6299,59.8562],[-149.669,59.8476],[-149.6371,59.8274],[-149.671,59.826],[-149.6449,59.817],[-149.6697,59.8125],[-149.6453,59.8077],[-149.6585,59.7932],[-149.608,59.7993],[-149.6554,59.7779],[-149.6382,59.7627],[-149.6019,59.7865],[-149.6109,59.7645],[-149.5734,59.7569],[-149.618,59.7569],[-149.6086,59.745],[-149.641,59.7379],[-149.6146,59.7269],[-149.5813,59.7465],[-149.5856,59.7196],[-149.5429,59.7276],[-149.5522,59.7146],[-149.5251,59.7051],[-149.5313,59.7237],[-149.5117,59.736],[-149.546,59.73],[-149.5387,59.7445],[-149.5657,59.7511],[-149.5353,59.7578],[-149.5544,59.7736],[-149.5346,59.7777],[-149.5898,59.7669],[-149.596,59.8074],[-149.6262,59.8182],[-149.5933,59.8542],[-149.5727,59.8523],[-149.5843,59.8749],[-149.5551,59.8785],[-149.5636,59.9052],[-149.5076,59.9312],[-149.4642,59.9186],[-149.4305,59.979],[-149.3865,59.9838],[-149.445,60.0339],[-149.4453,60.0968],[-149.4243,60.1228],[-149.3618,60.1153],[-149.3353,60.0071],[-149.2885,60.0127],[-149.3238,59.9879],[-149.3235,59.9727],[-149.2853,59.9656],[-149.3006,59.9614],[-149.3037,59.9237],[-149.2862,59.8672],[-149.2348,59.9094],[-149.2735,59.9142],[-149.2172,59.9418],[-149.2481,59.9481],[-149.2074,59.979],[-149.2282,59.9803],[-149.2024,59.9887],[-149.2085,60.0065],[-149.1807,60.0032],[-149.1663,60.0288],[-149.0708,60.0554],[-149.0375,60.0405],[-149.0932,60.0035],[-149.0849,59.9906],[-149.1251,59.9806],[-149.1248,59.9648],[-149.082,59.9543],[-149.0416,59.9681],[-149.0182,59.9489],[-148.9184,59.9712],[-148.8596,59.9244],[-148.7576,59.9587],[-148.6348,59.9157],[-148.5552,59.9554],[-148.5461,60.0321],[-148.5116,60.0021],[-148.4742,60.0037],[-148.4939,59.9815],[-148.4446,59.9426],[-148.4017,59.9778],[-148.3978,60.0096],[-148.4478,60.0276],[-148.4013,60.0307],[-148.3979,60.0588],[-148.3657,60.0865],[-148.3867,60.1089],[-148.3448,60.1391],[-148.3597,60.1527],[-148.3343,60.176],[-148.3322,60.1614],[-148.2801,60.1656],[-148.3039,60.118],[-148.2925,60.0887],[-148.1831,60.0705],[-148.306,60.0526],[-148.1918,60.0353],[-148.3161,60.0281],[-148.2303,60.0125],[-148.1505,60.0353],[-148.0853,60.1083],[-148.1004,60.1173],[-148.0617,60.149],[-148.0428,60.1969],[-148.0824,60.1917],[-148.0889,60.1397],[-148.1178,60.1311],[-148.1321,60.1845],[-148.0868,60.2142],[-148.1413,60.2396],[-148.17,60.1735],[-148.2148,60.1464],[-148.1877,60.2137],[-148.2261,60.2252],[-148.2951,60.2086],[-148.2473,60.2278],[-148.2571,60.2371],[-148.1831,60.2475],[-148.215,60.2606],[-148.2758,60.2493],[-148.3506,60.1954],[-148.3686,60.2062],[-148.455,60.1784],[-148.3395,60.2354],[-148.4074,60.2732],[-148.3452,60.2865],[-148.3402,60.2456],[-148.3159,60.245],[-148.3271,60.2616],[-148.2093,60.3003],[-148.2195,60.3453],[-148.1712,60.3344],[-148.1277,60.3526],[-148.1532,60.3907],[-148.0982,60.3716],[-147.9593,60.4182],[-147.9362,60.4375],[-147.9556,60.4628],[-147.9992,60.4427],[-147.9871,60.4604],[-148.0097,60.4617],[-147.9601,60.5014],[-148.0129,60.517],[-148.004,60.5384],[-148.035,60.546],[-148.0931,60.5207],[-148.0787,60.5458],[-148.0363,60.5604],[-148.0706,60.5618],[-148.0866,60.5974],[-148.1473,60.5824],[-148.1695,60.5417],[-148.1572,60.4983],[-148.1837,60.5057],[-148.1911,60.5603],[-148.2523,60.5077],[-148.2309,60.4693],[-148.2427,60.4454],[-148.2823,60.4312],[-148.2662,60.4878],[-148.3588,60.4749],[-148.3267,60.4984],[-148.3971,60.492],[-148.3675,60.5118],[-148.4384,60.5161],[-148.4289,60.5316],[-148.4477,60.5455],[-148.5698,60.505],[-148.6682,60.4465],[-148.7061,60.4433],[-148.7159,60.4596],[-148.4986,60.5697],[-148.4294,60.5774],[-148.4408,60.5634],[-148.4085,60.5458],[-148.3239,60.5251],[-148.2968,60.5676],[-148.1385,60.6221],[-148.1547,60.6356],[-148.0898,60.6612],[-148.1112,60.7071],[-148.1034,60.7371],[-148.1557,60.759],[-148.2695,60.7574],[-148.3499,60.6905],[-148.3518,60.6559],[-148.3894,60.6511],[-148.4301,60.615],[-148.4225,60.6382],[-148.4494,60.6518],[-148.3814,60.6824],[-148.4018,60.7141],[-148.363,60.7391],[-148.3765,60.7576],[-148.3621,60.7663],[-148.396,60.7793],[-148.4496,60.7525],[-148.524,60.7642],[-148.6871,60.6466],[-148.6799,60.6681],[-148.7111,60.664],[-148.6516,60.6836],[-148.6213,60.7208],[-148.6823,60.6835],[-148.6699,60.7192],[-148.5877,60.7663],[-148.4672,60.7821],[-148.4524,60.7998],[-148.495,60.8067],[-148.5668,60.7833],[-148.5597,60.8072],[-148.6659,60.7778],[-148.7184,60.7861],[-148.5136,60.8358],[-148.427,60.829],[-148.3881,60.8036],[-148.3353,60.8086],[-148.4016,60.8455],[-148.3733,60.8588],[-148.3063,60.835],[-148.2901,60.8631],[-148.3101,60.8667],[-148.2654,60.9144],[-148.3184,60.9535],[-148.2454,60.9361],[-148.2393,60.9587],[-148.1924,60.9692],[-148.1649,61.0702],[-148.2869,61.0469],[-148.3743,60.9858],[-148.432,60.9715],[-148.4413,60.9837],[-148.3576,61.0351],[-148.409,61.0511],[-148.2936,61.0669],[-148.2911,61.0819],[-148.1955,61.0845],[-148.1787,61.1151],[-148.1411,61.1262],[-148.1532,61.0998],[-148.1211,61.044],[-148.0901,61.0051],[-148.0675,61.0041],[-148.0011,61.0541],[-147.9928,61.0957],[-147.7306,61.2738],[-147.6971,61.2634],[-147.7634,61.2059],[-147.6206,61.2289],[-147.7635,61.1855],[-147.9491,61.0717],[-147.9089,61.067],[-147.9467,61.0156],[-148.104,60.9118],[-148.0962,60.8917],[-148.147,60.8283],[-148.1444,60.7971],[-148.0339,60.7821],[-147.9907,60.792],[-147.9776,60.8232],[-147.9647,60.8026],[-147.9179,60.8105],[-147.9134,60.8252],[-147.9476,60.8521],[-147.93,60.89],[-147.8782,60.8253],[-147.8526,60.8214],[-147.8136,60.849],[-147.8005,60.8457],[-147.8283,60.8137],[-147.7773,60.8089],[-147.7542,60.8277],[-147.7325,60.8157],[-147.7502,60.8521],[-147.8134,60.8682],[-147.7657,60.9024],[-147.8094,60.9165],[-147.761,60.9129],[-147.7334,60.9398],[-147.7165,60.9334],[-147.7334,60.9033],[-147.7195,60.8971],[-147.7388,60.8894],[-147.6984,60.8771],[-147.6603,60.8923],[-147.6824,60.8711],[-147.6636,60.8533],[-147.6731,60.8421],[-147.6004,60.8501],[-147.5906,60.883],[-147.6412,60.8938],[-147.5994,60.8942],[-147.6139,60.918],[-147.5947,60.9546],[-147.6732,60.9588],[-147.6252,60.9644],[-147.5956,61.0009],[-147.584,61.0196],[-147.6027,61.0295],[-147.5518,61.0926],[-147.5713,61.1301],[-147.5483,61.1497],[-147.5155,61.1422],[-147.5438,61.1357],[-147.5116,61.0789],[-147.4807,61.0697],[-147.5424,61.0508],[-147.523,61.0357],[-147.5448,61.0165],[-147.521,61.0121],[-147.5504,60.9794],[-147.5315,60.9317],[-147.552,60.9009],[-147.4928,60.9076],[-147.5092,60.9258],[-147.4776,60.9844],[-147.4085,61.0114],[-147.4562,60.9908],[-147.4721,60.9568],[-147.4518,60.9406],[-147.3925,60.967],[-147.4562,60.9218],[-147.4028,60.9223],[-147.4533,60.8949],[-147.3887,60.8991],[-147.3696,60.884],[-147.3832,60.8714],[-147.3032,60.9062],[-147.3322,60.93],[-147.2594,60.9174],[-147.2556,60.9479],[-147.2824,60.9746],[-147.2528,60.9765],[-147.2221,61.0082],[-147.2162,60.9478],[-147.1803,60.9311],[-147.1386,60.9411],[-147.1487,60.9761],[-147.0849,61.026],[-147.1098,61.0366],[-147.092,61.0493],[-147.1059,61.0772],[-147.1325,61.0892],[-147.0953,61.1127],[-147.1279,61.1329],[-147.0869,61.1553],[-146.9973,61.1451],[-147.062,61.1186],[-146.9903,61.0363],[-146.9935,61.0129],[-147.0724,60.9626],[-147.0256,60.9721],[-146.9985,61.0057],[-146.9728,60.9939],[-146.9878,60.9802],[-146.9715,60.9704],[-147.0574,60.943],[-146.9784,60.93],[-146.8672,60.9703],[-146.7853,61.041],[-146.8015,61.0418],[-146.796,61.0641],[-146.7672,61.0437],[-146.6961,61.056],[-146.6472,61.1078],[-146.5918,61.1312],[-146.6068,61.142],[-146.5712,61.1364],[-146.5844,61.1155],[-146.423,61.1358],[-146.2968,61.127],[-146.2613,61.1074],[-146.2665,61.085],[-146.6111,61.0853],[-146.657,61.0678],[-146.6543,61.0492],[-146.574,61.0372],[-146.6138,61.037],[-146.5613,61.0198],[-146.6671,61.0351],[-146.7201,60.9667],[-146.6814,60.9468],[-146.6217,60.9516],[-146.595,60.9367],[-146.6017,60.9218],[-146.6588,60.9417],[-146.7023,60.9309],[-146.7415,60.9603],[-146.7634,60.9484],[-146.735,60.9304],[-146.7374,60.9091],[-146.6971,60.8911],[-146.7042,60.8731],[-146.662,60.8619],[-146.6358,60.887],[-146.615,60.8673],[-146.6399,60.8188],[-146.5758,60.8546],[-146.5539,60.8393],[-146.5802,60.8219],[-146.5468,60.8141],[-146.5585,60.8082],[-146.4473,60.8125],[-146.392,60.8421],[-146.4154,60.8143],[-146.3539,60.8176],[-146.2896,60.8378],[-146.2413,60.881],[-146.2228,60.8728],[-146.2495,60.8594],[-146.1963,60.8762],[-146.092,60.8365],[-146.2456,60.8419],[-146.2514,60.8183],[-146.1936,60.8185],[-146.4444,60.7678],[-146.5519,60.7702],[-146.5002,60.7426],[-146.5217,60.734],[-146.5359,60.7486],[-146.5755,60.7299],[-146.5762,60.7527],[-146.5971,60.7605],[-146.6269,60.7488],[-146.6264,60.7187],[-146.701,60.7434],[-146.6554,60.7068],[-146.6651,60.6935],[-146.5288,60.6899],[-146.4945,60.6694],[-146.3809,60.7018],[-146.3844,60.7146],[-146.3299,60.7379],[-146.3224,60.7654],[-146.2743,60.7769],[-146.3059,60.7598],[-146.3166,60.7219],[-146.2556,60.7135],[-146.1868,60.757],[-146.2032,60.7355],[-146.1236,60.7346],[-146.0501,60.7893],[-146.0615,60.7572],[-146.0229,60.7458],[-146.0733,60.7486],[-146.0877,60.7352],[-146.0574,60.7369],[-146.2687,60.6412],[-146.2543,60.6223],[-146.1486,60.6321],[-145.9296,60.7012],[-145.9116,60.6966],[-145.9786,60.6688],[-145.9631,60.6607],[-146.0035,60.6423],[-146.007,60.6158],[-145.9375,60.6252],[-145.8836,60.672],[-145.8984,60.6742],[-145.8446,60.6902],[-145.9026,60.6521],[-145.8748,60.6492],[-145.899,60.6275],[-145.8127,60.6411],[-145.9028,60.6136],[-145.6277,60.666],[-145.6234,60.6509],[-145.7735,60.5499],[-145.7628,60.5374],[-145.9635,60.4669],[-145.8776,60.4452],[-145.7558,60.4646],[-145.5954,60.447],[-145.4944,60.4175],[-145.5088,60.3979],[-145.4968,60.3901],[-145.2194,60.3015],[-145.1251,60.2967],[-145.1006,60.3557],[-145.0532,60.4004],[-144.9207,60.4256],[-144.8874,60.4561],[-144.8072,60.4619],[-144.9667,60.3063],[-144.9512,60.2847],[-144.8813,60.2906],[-144.7318,60.264],[-144.9293,60.2283],[-144.477,60.1653],[-144.2339,60.181],[-144.3123,60.1635],[-144.2781,60.1354],[-144.1103,60.0989],[-144.0416,60.0435],[-144.2169,60.0402],[-144.2553,60.0238],[-144.0105,60.0172],[-143.8812,59.9866],[-143.6228,60.0391],[-142.6984,60.0933],[-141.9919,60.0188],[-141.7363,59.9619],[-141.5954,59.9619],[-141.3682,60.024],[-141.4076,60.0615],[-141.4623,60.0745],[-141.4476,60.0866],[-141.4773,60.1118],[-141.5282,60.1273],[-141.5493,60.1703],[-141.4385,60.1325],[-141.3801,60.1589],[-141.3668,60.1472],[-141.3756,60.1107],[-141.3439,60.0838],[-141.1847,60.1252],[-141.1593,60.1556],[-141.1685,60.1752],[-141.1414,60.1517],[-141.1557,60.1212],[-141.2213,60.1062],[-141.2907,60.0583],[-141.3285,60.0582],[-141.2593,59.9984],[-141.29,59.9726],[-141.2883,59.9328],[-141.382,59.9288],[-141.4423,59.8878],[-141.4604,59.9038],[-141.44,59.9144],[-141.4862,59.9174],[-141.4232,59.8773],[-140.875,59.7388],[-140.3148,59.6927],[-139.7803,59.8265],[-139.7623,59.8834],[-139.7082,59.9249],[-139.6125,59.9489],[-139.6051,59.9996],[-139.5754,60.0116],[-139.5609,60.0437],[-139.5359,60.0432],[-139.4895,59.9921],[-139.5334,59.9367],[-139.6272,59.9024],[-139.6357,59.8737],[-139.5821,59.7746],[-139.482,59.6955],[-139.5868,59.6466],[-139.6057,59.6142],[-139.5826,59.6073],[-139.6554,59.5751],[-139.6379,59.5689],[-139.6765,59.5717],[-139.6744,59.6134],[-139.7129,59.6182],[-139.7224,59.6015],[-139.7021,59.5837],[-139.7152,59.5636],[-139.7534,59.5569],[-139.732,59.5465],[-139.8415,59.5588],[-139.857,59.5347],[-139.3213,59.3468],[-138.8866,59.2369],[-138.6103,59.123],[-138.2071,59.0256],[-137.9432,58.8806],[-137.9237,58.8415],[-137.9383,58.7907],[-137.6876,58.665],[-137.667,58.6145],[-137.1614,58.4243],[-137.0933,58.3814],[-137.0146,58.4099],[-136.9161,58.3953],[-136.9299,58.3792],[-136.8916,58.3821],[-136.906,58.342],[-136.8711,58.3473],[-136.8716,58.3645],[-136.8427,58.3595],[-136.8518,58.3197],[-136.8762,58.3114],[-136.8233,58.3065],[-136.8013,58.3217],[-136.8172,58.3344],[-136.8074,58.3489],[-136.7709,58.3279],[-136.7931,58.3139],[-136.7913,58.2917],[-136.6859,58.2966],[-136.6833,58.2818],[-136.7322,58.2616],[-136.6798,58.2096],[-136.5951,58.2167],[-136.5671,58.2448],[-136.5722,58.2811],[-136.6363,58.3295],[-136.6272,58.3411],[-136.5803,58.3471],[-136.5618,58.3182],[-136.4786,58.2818],[-136.5079,58.3062],[-136.369,58.3031],[-136.3597,58.3407],[-136.3818,58.3658],[-136.3682,58.3699],[-136.277,58.3658],[-136.3051,58.3287],[-136.2739,58.3153],[-136.1067,58.3438],[-136.033,58.378],[-136.0859,58.4466],[-136.0704,58.467],[-136.1009,58.4849],[-136.0987,58.5128],[-136.1379,58.5307],[-136.1554,58.5641],[-136.2151,58.5851],[-136.2231,58.6035],[-136.1863,58.594],[-136.2799,58.657],[-136.3215,58.6718],[-136.3264,58.64],[-136.3093,58.6237],[-136.3432,58.6523],[-136.3938,58.6187],[-136.4568,58.6125],[-136.469,58.5873],[-136.5319,58.6],[-136.349,58.687],[-136.3901,58.7186],[-136.5322,58.7652],[-136.436,58.7604],[-136.4731,58.7836],[-136.5021,58.7765],[-136.4885,58.7967],[-136.5579,58.831],[-136.6613,58.8434],[-136.7438,58.8772],[-136.8208,58.8707],[-136.9232,58.9007],[-137.0159,58.9039],[-137.1008,58.8337],[-137.1243,58.8419],[-137.0347,58.9192],[-136.9311,58.918],[-136.9166,58.9344],[-137.0069,59.0171],[-137.0452,59.0218],[-137.0675,59.0455],[-137.0587,59.0592],[-137.028,59.0593],[-136.8759,58.9631],[-136.6704,58.8932],[-136.629,58.8895],[-136.6228,58.9035],[-136.7112,59.0019],[-136.6587,58.9765],[-136.5904,58.9076],[-136.5586,58.9599],[-136.5306,58.9479],[-136.489,58.8383],[-136.4281,58.8179],[-136.401,58.8296],[-136.3908,58.8104],[-136.2349,58.7508],[-136.1515,58.754],[-136.1522,58.7968],[-136.1051,58.8638],[-136.1372,58.9034],[-136.1082,58.9145],[-136.1619,58.974],[-136.1118,58.9762],[-136.126,58.9596],[-136.0533,58.9183],[-136.0602,58.8548],[-136.0131,58.8553],[-136.0795,58.8295],[-136.0864,58.8106],[-135.9918,58.7328],[-136.0189,58.7231],[-135.9888,58.6907],[-135.9554,58.6988],[-135.9107,58.6171],[-135.8444,58.5991],[-135.9052,58.5746],[-135.9376,58.5951],[-135.9687,58.5796],[-135.9958,58.5923],[-135.9547,58.5205],[-135.9309,58.5169],[-135.9363,58.4988],[-135.9999,58.4818],[-135.9966,58.4692],[-135.9397,58.4498],[-135.8727,58.463],[-135.8988,58.4496],[-135.9226,58.383],[-135.6745,58.3977],[-135.6188,58.4256],[-135.4753,58.3758],[-135.4582,58.408],[-135.5157,58.4767],[-135.4788,58.4503],[-135.5133,58.4951],[-135.4976,58.5033],[-135.4527,58.4557],[-135.3973,58.3249],[-135.3144,58.2458],[-135.0543,58.1906],[-135.1077,58.265],[-135.0905,58.2761],[-135.0967,58.2969],[-135.0535,58.2905],[-135.0541,58.3482],[-135.1359,58.4847],[-135.1238,58.5006],[-135.2141,58.6191],[-135.1634,58.6146],[-135.1447,58.5772],[-135.1416,58.6209],[-135.1943,58.6929],[-135.2264,58.7179],[-135.2469,58.7099],[-135.232,58.7324],[-135.2414,58.7822],[-135.3189,58.8518],[-135.3391,58.8897],[-135.3244,58.9153],[-135.3757,58.9258],[-135.4011,58.9733],[-135.4011,59.0108],[-135.3757,59.0262],[-135.399,59.0378],[-135.3797,59.0978],[-135.4408,59.1137],[-135.4703,59.1744],[-135.5471,59.2317],[-135.6341,59.2636],[-135.5632,59.26],[-135.4558,59.2194],[-135.385,59.1735],[-135.401,59.1736],[-135.3766,59.1554],[-135.3695,59.1126],[-135.3004,59.0852],[-135.3467,59.145],[-135.3295,59.1527],[-135.3641,59.2114],[-135.4377,59.2282],[-135.4244,59.2446],[-135.4445,59.2777],[-135.5444,59.3101],[-135.5326,59.3246],[-135.4011,59.2874],[-135.3624,59.4816],[-135.3215,59.4475],[-135.3577,59.3728],[-135.3732,59.2682],[-135.3282,59.2288],[-135.3334,59.2048],[-135.2837,59.1989],[-135.2062,59.0768],[-135.1749,58.9363],[-135.1406,58.8741],[-135.1535,58.8541],[-135.0258,58.7314],[-135.0284,58.7888],[-135.003,58.7775],[-134.9921,58.828],[-134.9607,58.8301],[-134.9892,58.8083],[-134.9357,58.7813],[-134.9298,58.7332],[-134.9477,58.715],[-134.9205,58.6805],[-134.9905,58.6763],[-134.9417,58.6121],[-134.8312,58.533],[-134.8412,58.514],[-134.7873,58.4948],[-134.759,58.424],[-134.7698,58.4116],[-134.749,58.3954],[-134.7776,58.3932],[-134.7255,58.3715],[-134.6459,58.3852],[-134.6692,58.3314],[-134.6083,58.341],[-134.6036,58.3257],[-134.6861,58.3066],[-134.6704,58.2794],[-134.5896,58.2302],[-134.5069,58.2165],[-134.4603,58.2296],[-134.2794,58.191],[-134.1475,58.2007],[-134.1313,58.2324],[-134.1016,58.2366],[-134.1456,58.2711],[-134.1437,58.3039],[-134.0579,58.3332],[-134.0405,58.402],[-134.0134,58.404],[-133.9925,58.352],[-134.0039,58.3417],[-133.9668,58.3178],[-134.0812,58.2797],[-134.0543,58.2312],[-134.0854,58.2136],[-134.0643,58.135],[-134.0826,58.1255],[-134.0526,58.0618],[-133.8877,57.9735],[-133.7855,58.0099],[-133.8105,58.0454],[-133.7693,58.0569],[-133.7601,58.0288],[-133.7016,57.9842],[-133.6916,57.9468],[-133.7258,57.9491],[-133.7605,57.9957],[-133.853,57.9472],[-133.7192,57.8],[-133.6315,57.7909],[-133.6246,57.8375],[-133.6517,57.8801],[-133.6036,57.8605],[-133.6051,57.9096],[-133.5832,57.927],[-133.5792,57.8309],[-133.5547,57.7993],[-133.5559,57.7782],[-133.5968,57.7728],[-133.5849,57.7615],[-133.5255,57.7618],[-133.3284,57.6631],[-133.2567,57.6505],[-133.0594,57.5252],[-133.0563,57.5083],[-133.0713,57.5104],[-133.2227,57.6022],[-133.5295,57.6878],[-133.578,57.7374],[-133.5858,57.7123],[-133.6522,57.7162],[-133.6745,57.6281],[-133.6187,57.5782],[-133.5618,57.562],[-133.4623,57.5769],[-133.5168,57.5439],[-133.5274,57.4922],[-133.5057,57.4492],[-133.4221,57.4124],[-133.4718,57.3872],[-133.4663,57.3631],[-133.3567,57.3327],[-133.1903,57.3253],[-133.1896,57.3113],[-133.2712,57.2887],[-133.426,57.286],[-133.5226,57.3057],[-133.4889,57.2918],[-133.5341,57.2607],[-133.4974,57.222],[-133.5247,57.1953],[-133.5744,57.1848],[-133.3154,57.1062],[-133.2729,57.1155],[-133.2616,57.1355],[-133.1989,57.1379],[-133.2086,57.1168],[-133.1868,57.0898],[-133.0791,57.0829],[-133.0092,57.0541],[-132.9993,57.012],[-132.9859,57.0535],[-132.8723,57.0308],[-132.8721,57.0752],[-132.8248,57.1075],[-132.8131,57.0764],[-132.8364,57.0614],[-132.7906,57.007],[-132.788,56.9756],[-132.816,56.9736],[-132.8469,57.0241],[-132.8602,57.0012],[-132.9534,56.9848],[-132.8849,56.9213],[-132.8158,56.8912],[-132.7891,56.8433],[-132.5305,56.7542],[-132.541,56.7359],[-132.5667,56.7386],[-132.5341,56.6972],[-132.5434,56.6752],[-132.5921,56.6767],[-132.5553,56.6543],[-132.5657,56.6286],[-132.4804,56.6031],[-132.3195,56.6377],[-132.3665,56.5949],[-132.362,56.5315],[-132.2097,56.4591],[-132.1705,56.3684],[-132.238,56.3976],[-132.2534,56.4495],[-132.3889,56.4898],[-132.3814,56.4449],[-132.3356,56.3966],[-132.3643,56.374],[-132.3407,56.3418],[-132.3654,56.283],[-132.3292,56.236],[-132.2358,56.1975],[-132.3185,56.1921],[-132.3976,56.2381],[-132.3783,56.3088],[-132.4194,56.3479],[-132.5294,56.3386],[-132.5994,56.2404],[-132.6934,56.2393],[-132.7169,56.2169],[-132.6894,56.2059],[-132.7089,56.1944],[-132.6894,56.1687],[-132.7278,56.1703],[-132.7225,56.1438],[-132.6421,56.0325],[-132.5969,56.0156],[-132.6166,56.0497],[-132.5923,56.078],[-132.5416,56.0529],[-132.5386,56.0703],[-132.4666,56.076],[-132.486,56.0255],[-132.4734,56.0164],[-132.4018,56.0158],[-132.3799,56.0343],[-132.404,56.0041],[-132.4659,55.9962],[-132.4375,55.9888],[-132.4638,55.9751],[-132.3639,55.9281],[-132.3992,55.9035],[-132.3779,55.8551],[-132.3334,55.8673],[-132.3125,55.8416],[-132.3084,55.8651],[-132.3419,55.8858],[-132.2904,55.9013],[-132.3076,55.9206],[-132.2763,55.9362],[-132.2397,55.9225],[-132.2081,55.961],[-132.1814,55.9288],[-132.1916,55.9189],[-132.126,55.9449],[-132.1656,55.9845],[-132.156,56.008],[-132.1738,56.0319],[-132.2014,56.0442],[-132.168,56.0456],[-132.2266,56.0801],[-132.1491,56.0728],[-132.1451,56.0984],[-132.1268,56.0782],[-132.0992,56.1033],[-132.1884,56.1688],[-132.1202,56.1651],[-132.0738,56.116],[-132.0617,56.1463],[-132.027,56.1331],[-132.0011,56.1933],[-131.9209,56.2035],[-131.9299,56.2355],[-131.6483,56.1999],[-131.6546,56.184],[-131.8711,56.2033],[-131.895,56.1811],[-131.9732,56.1731],[-131.9817,56.0621],[-131.9586,55.9729],[-132.0668,55.944],[-132.0709,55.9239],[-132.0391,55.8877],[-132.0965,55.8506],[-132.0288,55.7977],[-132.186,55.8033],[-132.1884,55.7459],[-132.2126,55.7346],[-132.2873,55.7617],[-132.2247,55.7018],[-132.1857,55.5878],[-131.969,55.4969],[-131.9539,55.503],[-131.9581,55.5311],[-131.9367,55.5352],[-131.9513,55.5806],[-131.9321,55.5835],[-132.0355,55.6782],[-131.9488,55.6178],[-131.8857,55.6007],[-131.892,55.6207],[-131.817,55.6715],[-131.8725,55.7381],[-131.8252,55.7181],[-131.7621,55.8137],[-131.9174,55.8639],[-131.8415,55.8722],[-131.8264,55.8902],[-131.7583,55.8782],[-131.6168,55.9397],[-131.6099,55.922],[-131.5651,55.923],[-131.5993,55.9],[-131.5665,55.8788],[-131.5621,55.8522],[-131.4872,55.8463],[-131.7114,55.8362],[-131.7009,55.7883],[-131.6143,55.7843],[-131.5518,55.7916],[-131.5464,55.806],[-131.4901,55.7863],[-131.6204,55.7632],[-131.6712,55.7712],[-131.7328,55.732],[-131.6974,55.6907],[-131.7233,55.6346],[-131.6303,55.5996],[-131.6996,55.5692],[-131.6849,55.5621],[-131.7183,55.5179],[-131.8341,55.4567],[-131.7199,55.3683],[-131.8514,55.4256],[-131.8343,55.3777],[-131.8808,55.3794],[-131.8549,55.3535],[-131.8691,55.3093],[-131.8315,55.1936],[-131.7813,55.1402],[-131.7631,55.1277],[-131.723,55.1402],[-131.7472,55.1605],[-131.7103,55.1937],[-131.748,55.2197],[-131.7588,55.2519],[-131.6894,55.2239],[-131.6884,55.2509],[-131.6705,55.2572],[-131.6921,55.3059],[-131.649,55.2895],[-131.6428,55.2654],[-131.6136,55.2871],[-131.6988,55.3549],[-131.5407,55.2927],[-131.5141,55.3311],[-131.3884,55.3543],[-131.3852,55.3419],[-131.4834,55.3],[-131.4609,55.2773],[-131.3511,55.2596],[-131.2991,55.2767],[-131.255,55.3208],[-131.2933,55.381],[-131.236,55.3823],[-131.2346,55.4082],[-131.1988,55.3915],[-131.1893,55.3609],[-131.2402,55.2872],[-131.3243,55.241],[-131.2042,55.1899],[-131.1549,55.1987],[-131.0636,55.2601],[-131.0531,55.3284],[-131.0223,55.3446],[-131.0339,55.4036],[-131.0087,55.4048],[-130.991,55.3785],[-130.9706,55.3914],[-130.9944,55.4724],[-130.9735,55.5221],[-130.9831,55.5659],[-130.9422,55.5546],[-130.9292,55.5775],[-130.9595,55.5886],[-130.9399,55.6192],[-130.971,55.6803],[-130.959,55.6909],[-131.0525,55.7728],[-131.0473,55.7987],[-131.0739,55.8309],[-131.2537,55.971],[-131.3558,55.956],[-131.3086,55.9914],[-131.2127,56.0105],[-131.1181,56.0581],[-131.0933,56.0433],[-131.2145,55.9802],[-131.0777,55.8854],[-131.0036,55.8059],[-130.9457,55.811],[-130.9693,55.7817],[-130.8966,55.7128],[-130.8763,55.5604],[-130.8094,55.5486],[-130.8701,55.5444],[-130.8725,55.4884],[-130.9234,55.4376],[-130.8988,55.3945],[-130.8916,55.4114],[-130.8828,55.4017],[-130.8776,55.3307],[-130.8551,55.2938],[-130.944,55.2953],[-130.9863,55.2452],[-131.0926,55.1927],[-131.0727,55.1236],[-130.9942,55.0851],[-130.8983,55.1041],[-130.8162,55.1449],[-130.7734,55.0927],[-130.7413,55.1014],[-130.7336,55.1311],[-130.7062,55.124],[-130.72,55.0939],[-130.7942,55.0731],[-130.827,55.1163],[-130.8511,55.1194],[-131.0126,55.0467],[-131.0106,54.9915],[-130.9463,54.9476],[-130.9755,54.9214],[-130.9377,54.8495],[-130.9346,54.8007],[-130.8427,54.7621],[-130.7913,54.7871],[-130.7804,54.8258],[-130.7378,54.8074],[-130.7516,54.7725],[-130.7384,54.7486],[-130.6877,54.7184],[-130.6865,54.7316],[-130.6434,54.7284],[-130.6281,54.7393],[-130.6591,54.7631],[-130.4594,54.8485],[-130.2733,54.974],[-130.1876,55.0628],[-130.1029,55.1926],[-129.9742,55.2819],[-130.0211,55.3379],[-130.0412,55.4517],[-130.0899,55.498],[-130.1279,55.581],[-130.1117,55.6829],[-130.1481,55.715],[-130.1524,55.7663],[-130.0039,55.9073],[-130.0177,55.9119],[-130.0035,56.0081],[-130.1038,56.1228],[-130.2462,56.0964],[-130.426,56.1416],[-130.4679,56.2431],[-130.6233,56.2669],[-130.782,56.3668],[-131.0874,56.406],[-131.472,56.5527],[-131.5811,56.6122],[-131.8353,56.5992],[-131.8607,56.703],[-131.9011,56.7537],[-131.8729,56.806],[-132.1236,56.8737],[-132.0452,57.0451],[-132.369,57.0915],[-132.2479,57.2113],[-132.363,57.342],[-132.5537,57.4965],[-132.8693,57.8429],[-133.0764,57.9998],[-133.1723,58.1537],[-133.3455,58.2763],[-133.4615,58.3877],[-133.3773,58.4306],[-133.7071,58.6123],[-133.8405,58.7294],[-134.2581,58.861],[-134.3365,58.9234],[-134.3138,58.9622],[-134.4072,58.9792],[-134.3819,59.0388],[-134.4834,59.1316],[-134.5656,59.1311],[-134.6791,59.1923],[-134.7007,59.249],[-134.9599,59.2809],[-135.0305,59.3464],[-134.9898,59.3871],[-135.101,59.4275],[-135.0276,59.4747],[-135.0289,59.5637],[-135.2199,59.6628],[-135.2337,59.6961],[-135.4792,59.798],[-135.9527,59.6622],[-136.1929,59.64],[-136.354,59.5998],[-136.2399,59.5594],[-136.2385,59.5243],[-136.305,59.4645],[-136.3625,59.4504],[-136.4772,59.4658],[-136.4693,59.2841],[-136.4958,59.2751],[-136.4884,59.2593],[-136.5815,59.1649],[-136.8267,59.1584],[-137.2648,59.0024],[-137.4474,58.9095],[-137.5264,58.9068],[-137.5,58.9854],[-137.6074,59.2438],[-138.6262,59.7686],[-138.6687,59.8097],[-138.7074,59.9063],[-139.0537,59.9948],[-139.1989,60.0883],[-139.0721,60.3194],[-139.0748,60.3525],[-139.693,60.3352],[-139.9811,60.182],[-140.4582,60.3081],[-140.5204,60.2198],[-141.002,60.3064],[-141.0006,69.6463],[-141.2932,69.6878],[-141.3238,69.6828],[-141.2065,69.6728],[-141.2497,69.6302],[-141.3777,69.6346],[-141.4769,69.7029],[-141.3547,69.6812],[-141.6268,69.7656],[-141.9587,69.8234],[-142.3324,69.919],[-142.4027,69.9109],[-142.3563,69.9256],[-142.5041,69.9517],[-142.4976,69.9682],[-142.4485,69.9562],[-142.629,70.0124],[-143.2631,70.1533],[-143.4252,70.1249],[-143.588,70.1464],[-143.7648,70.1268],[-143.8016,70.1079],[-143.9072,70.1202],[-144.2854,70.0407],[-144.4555,70.0352],[-144.6183,69.9691],[-144.8879,69.9858],[-144.9016,69.9843],[-144.8361,69.9782],[-144.9602,69.958],[-145.0198,69.9806],[-145.2252,70.0034],[-145.1906,70.0276],[-145.2973,70.0122],[-145.4261,70.0322],[-145.8545,70.1623],[-145.8733,70.1479],[-145.8589,70.132],[-146.0003,70.1321],[-146.256,70.1742],[-146.5175,70.1892],[-146.8524,70.1812],[-147.0612,70.146],[-147.1731,70.1528],[-147.2188,70.1779],[-147.2278,70.1644],[-147.2626,70.2024],[-147.3042,70.1773],[-147.5355,70.2043],[-147.6799,70.1994],[-147.8562,70.2378],[-147.8083,70.2439],[-147.7835,70.2869],[-147.8975,70.2817],[-147.8829,70.3213],[-147.8605,70.3232],[-147.9591,70.3573],[-147.8858,70.3212],[-147.8858,70.3031],[-147.9427,70.2914],[-147.9378,70.3033],[-148.0161,70.3077],[-148.1098,70.3417],[-148.2015,70.2941],[-148.228,70.3029],[-148.2308,70.3237],[-148.2,70.3484],[-148.3545,70.3027],[-148.4832,70.3085],[-148.461,70.3389],[-148.5288,70.3788],[-148.5135,70.3867],[-148.5281,70.4133],[-148.52,70.3875],[-148.5473,70.3751],[-148.5896,70.4002],[-148.7873,70.4022],[-148.8824,70.4311],[-148.9595,70.4239],[-149.1616,70.4877],[-149.3263,70.5027],[-149.4207,70.4909],[-149.462,70.5165],[-149.5653,70.4965],[-149.7161,70.505],[-149.7786,70.4867],[-149.864,70.511],[-150.1095,70.4293],[-150.1899,70.435],[-150.3609,70.4092],[-150.4144,70.4597],[-150.519,70.4831],[-150.6616,70.4776],[-150.6984,70.4478],[-150.9507,70.4596],[-151.1464,70.3776],[-151.1999,70.3733],[-151.5721,70.4393],[-151.8762,70.4308],[-151.9523,70.4584],[-151.7293,70.4964],[-151.7992,70.5042],[-151.7039,70.5507],[-151.9834,70.5647],[-152.0535,70.5452],[-152.4323,70.5547],[-152.5153,70.5387],[-152.5623,70.5627],[-152.515,70.5816],[-152.4186,70.5678],[-152.2133,70.5827],[-152.0688,70.5646],[-152.0562,70.5801],[-152.3161,70.6078],[-152.3488,70.5966],[-152.4645,70.6358],[-152.4794,70.6905],[-152.4287,70.6883],[-152.3819,70.7148],[-152.4212,70.7294],[-152.3674,70.7269],[-152.2887,70.7878],[-152.1917,70.8033],[-152.2281,70.8265],[-152.5884,70.8818],[-152.781,70.8814],[-152.8401,70.8473],[-152.9252,70.8902],[-153.2159,70.9205],[-153.4694,70.885],[-153.9437,70.8764],[-154.0001,70.8182],[-154.1819,70.7683],[-154.2571,70.782],[-154.2207,70.7936],[-154.255,70.8162],[-154.3444,70.8332],[-154.5635,70.8216],[-154.6027,70.8569],[-154.6141,70.9025],[-154.607,70.9725],[-154.5777,70.9867],[-154.5606,70.9741],[-154.5772,70.9987],[-154.7582,71.0701],[-155.0722,71.1529],[-155.0962,71.1442],[-155.0779,71.1332],[-155.1122,71.1267],[-155.0685,71.1085],[-155.0746,71.0703],[-155.1194,71.0734],[-155.1453,71.105],[-155.1277,71.1096],[-155.2646,71.0661],[-155.1608,71.0162],[-155.1749,70.98],[-155.2096,70.9797],[-155.2579,71.0156],[-155.363,70.9968],[-155.4528,70.9487],[-155.5119,70.9429],[-155.4843,70.8949],[-155.4894,70.8563],[-155.5755,70.8441],[-155.6123,70.8607],[-155.608,70.8241],[-155.6648,70.844],[-155.8769,70.8292],[-155.9346,70.8363],[-155.9238,70.8574],[-155.9564,70.8964],[-156.0065,70.8967],[-155.972,70.9096],[-156.0138,70.9595],[-155.8237,70.9596],[-155.7905,70.9829],[-155.7277,70.9832],[-155.7029,71.0187],[-155.5442,71.0608],[-155.5115,71.0875],[-155.5698,71.1365],[-155.5675,71.1625],[-155.7444,71.1927],[-155.8876,71.186],[-155.9324,71.2118],[-155.9586,71.1849],[-156.0851,71.1694],[-156.0292,71.2015],[-156.094,71.2238],[-156.0794,71.2389],[-156.3687,71.2618],[-156.4412,71.2905],[-156.5332,71.2958],[-156.5621,71.3158],[-156.5687,71.3526],[-156.8097,71.2869],[-157.2446,71.0519],[-157.421,70.9768],[-157.8818,70.8534],[-158.2142,70.8175],[-158.5633,70.8402],[-158.3622,70.8179],[-158.3994,70.7991],[-158.6678,70.7856],[-159.0689,70.8161],[-159.0497,70.7968],[-158.9509,70.7864],[-158.9921,70.7647],[-159.0455,70.7758],[-159.1981,70.7601],[-159.2584,70.7748],[-159.2997,70.7581],[-159.3457,70.7812],[-159.3448,70.8047],[-159.115,70.8174],[-159.165,70.8364],[-159.1675,70.8591],[-159.3156,70.8504],[-158.7662,70.9041],[-159.1718,70.8751],[-159.649,70.7951],[-160.3244,70.5199],[-160.8018,70.3764],[-161.2935,70.2946],[-161.8793,70.3293],[-162.0463,70.2807],[-162.3425,70.1902],[-162.8262,69.9027],[-163.0097,69.8127],[-163.1466,69.63],[-163.1478,69.4188],[-163.2074,69.338],[-163.5363,69.1397],[-163.6941,69.0711],[-163.9313,68.9949],[-164.3084,68.9255],[-165.5668,68.851],[-166.2166,68.8815],[-166.2286,68.8727],[-166.1904,68.7827],[-166.1967,68.6949],[-166.234,68.6513],[-166.2179,68.6405],[-166.2371,68.5966],[-166.2282,68.5739],[-166.3034,68.5167],[-166.3025,68.4722],[-166.3276,68.4443],[-166.8413,68.3381],[-166.5874,68.3339],[-166.2371,68.2731],[-166.0765,68.2178],[-165.9654,68.1359],[-165.3361,68.0241],[-164.5348,67.7244],[-164.1437,67.6172],[-164.0334,67.5575],[-163.8644,67.406],[-163.7589,67.2485],[-163.739,67.1755],[-163.748,67.1293],[-163.6899,67.106],[-163.0259,67.033],[-162.843,66.9912],[-162.8165,66.9979],[-162.9269,67.0148],[-162.9393,67.0334],[-162.7492,67.0469],[-162.753,67.0223],[-162.7756,67.0184],[-162.7551,67.0152],[-162.7361,67.0481],[-162.7114,67.0503],[-162.7261,67.0308],[-162.6227,66.9922],[-162.5017,66.9772],[-162.2325,66.9933],[-162.1249,67.0222],[-161.8391,67.0495],[-161.7868,67.0417],[-161.7167,66.996],[-161.698,67.0119],[-161.7103,67.0219],[-161.6917,67.0247],[-161.588,66.9837],[-161.5132,66.9831],[-161.4817,66.9575],[-161.4862,66.9408],[-161.6427,66.9558],[-161.7075,66.9396],[-161.7174,66.9151],[-161.7871,66.889],[-161.7808,66.853],[-161.864,66.8027],[-161.8461,66.7616],[-161.8851,66.7181],[-161.6859,66.6186],[-161.536,66.5814],[-161.5481,66.5528],[-161.4836,66.5256],[-161.2935,66.522],[-161.2805,66.506],[-161.3264,66.4784],[-161.5789,66.4396],[-161.9071,66.5438],[-162.0705,66.6481],[-162.0785,66.6961],[-162.0292,66.7327],[-162.011,66.7801],[-162.1173,66.7985],[-162.3341,66.9482],[-162.4159,66.9185],[-162.4699,66.9505],[-162.5089,66.9081],[-162.6011,66.8985],[-162.621,66.854],[-162.5132,66.7769],[-162.5002,66.734],[-162.216,66.7026],[-162.1244,66.6513],[-162.093,66.6058],[-161.8914,66.5217],[-161.8687,66.4876],[-161.8705,66.4463],[-161.9429,66.3222],[-161.9037,66.3108],[-161.9073,66.2657],[-161.8219,66.2712],[-161.8754,66.2882],[-161.8588,66.3167],[-161.9156,66.3216],[-161.8994,66.3563],[-161.6944,66.3972],[-161.5166,66.3965],[-161.113,66.3284],[-160.9902,66.2343],[-161.0183,66.1864],[-161.0991,66.1843],[-161.0601,66.2291],[-161.2254,66.2097],[-161.3164,66.2207],[-161.3496,66.2549],[-161.3306,66.2592],[-161.4974,66.2602],[-161.5537,66.2422],[-161.6896,66.1106],[-161.7754,66.0552],[-161.8223,66.0456],[-161.7924,66.0323],[-161.8296,65.9988],[-161.7777,65.9813],[-161.8175,65.9681],[-161.9004,65.9712],[-161.8682,66.0013],[-161.9331,66.032],[-161.838,66.0226],[-162.1348,66.0787],[-162.3722,66.0277],[-162.4526,66.0597],[-162.6269,66.037],[-162.7388,66.0812],[-162.7462,66.1011],[-162.8662,66.0816],[-162.9542,66.0952],[-163.1474,66.0586],[-163.3378,66.0882],[-163.4999,66.0863],[-163.6356,66.0574],[-163.7771,66.0833],[-163.8492,66.1267],[-163.9049,66.1958],[-163.9738,66.1713],[-163.9617,66.1964],[-164.0079,66.179],[-164.0331,66.1932],[-163.9964,66.2014],[-164.0412,66.2037],[-163.9284,66.2173],[-163.8363,66.2614],[-163.8345,66.3037],[-163.8793,66.3218],[-163.8552,66.3641],[-163.8706,66.3881],[-163.851,66.415],[-163.762,66.4549],[-163.7273,66.5001],[-163.7532,66.5523],[-163.9082,66.5563],[-163.9276,66.574],[-163.604,66.5581],[-163.8597,66.593],[-164.401,66.5814],[-165.1517,66.4691],[-165.9254,66.2975],[-166.1677,66.2164],[-166.5976,66.1175],[-167.5275,65.818],[-167.9843,65.7243],[-168.0876,65.6885],[-168.1202,65.6479]]],[[[-168.4072,52.9959],[-168.4075,52.9939],[-168.4009,52.9939],[-168.3976,52.9958],[-168.399,52.9986],[-168.4028,52.9992],[-168.4072,52.9959]]],[[[-168.4507,53.0495],[-168.4497,53.0443],[-168.4479,53.0426],[-168.4432,53.042],[-168.4392,53.0464],[-168.4399,53.0493],[-168.4448,53.0505],[-168.4507,53.0495]]],[[[-168.4865,52.9804],[-168.4444,52.9789],[-168.47,52.9921],[-168.4865,52.9804]]],[[[-168.9535,65.7581],[-168.895,65.7437],[-168.8995,65.7689],[-168.9535,65.7581]]],[[[-169.1159,52.8221],[-169.0516,52.8312],[-169.0269,52.8616],[-168.9893,52.8569],[-168.8185,52.924],[-168.7574,52.9066],[-168.7849,52.9492],[-168.7286,52.943],[-168.7046,52.966],[-168.6804,52.9452],[-168.6858,52.9684],[-168.5881,53.0277],[-168.5231,53.0277],[-168.5143,53.0463],[-168.4985,53.0349],[-168.4589,53.0544],[-168.4176,53.1075],[-168.3631,53.1308],[-168.3767,53.1649],[-168.3403,53.1552],[-168.3429,53.1841],[-168.3089,53.1956],[-168.3313,53.2062],[-168.2952,53.2289],[-168.1146,53.2749],[-167.841,53.3862],[-167.8591,53.4393],[-167.7899,53.4881],[-167.7852,53.5105],[-167.94,53.5275],[-167.9792,53.5626],[-168.084,53.5648],[-168.2267,53.5308],[-168.287,53.4913],[-168.3445,53.4794],[-168.4073,53.4223],[-168.3856,53.3824],[-168.4362,53.3321],[-168.3423,53.2952],[-168.3461,53.2607],[-168.4381,53.2543],[-168.4835,53.2749],[-168.5363,53.2505],[-168.6144,53.2731],[-168.6434,53.2398],[-168.7968,53.1597],[-168.8051,53.1072],[-168.7651,53.0757],[-168.8005,53.029],[-168.8725,53.0048],[-168.8611,52.9404],[-168.9595,52.9367],[-168.9673,52.8796],[-169.0674,52.8658],[-169.0509,52.855],[-169.0667,52.8366],[-169.1159,52.8221]]],[[[-169.2594,52.7632],[-169.2031,52.7702],[-169.154,52.8027],[-169.2594,52.7632]]],[[[-169.7631,52.9822],[-169.7447,52.9523],[-169.7174,52.9479],[-169.6612,53.001],[-169.6682,53.0241],[-169.74,53.0287],[-169.7631,52.9822]]],[[[-169.7869,56.6142],[-169.7505,56.5876],[-169.6822,56.5795],[-169.6545,56.5434],[-169.5763,56.5318],[-169.4655,56.5953],[-169.7869,56.6142]]],[[[-169.7993,53.0571],[-169.7481,53.0463],[-169.7403,53.0612],[-169.767,53.0822],[-169.7993,53.0571]]],[[[-170.011,52.8316],[-169.9606,52.7873],[-169.923,52.7889],[-169.8577,52.8274],[-169.774,52.8093],[-169.7193,52.7718],[-169.7003,52.7787],[-169.7117,52.8027],[-169.6749,52.8184],[-169.6901,52.8316],[-169.6685,52.8639],[-169.779,52.8924],[-169.8658,52.8779],[-169.876,52.8514],[-169.9879,52.8573],[-170.011,52.8316]]],[[[-170.1215,52.8996],[-170.0504,52.8578],[-170.0005,52.8759],[-169.9946,52.9118],[-170.0877,52.9227],[-170.1215,52.8996]]],[[[-170.1838,52.7244],[-170.0778,52.7208],[-170.0521,52.7691],[-170.1695,52.7857],[-170.1838,52.7244]]],[[[-170.4215,57.1618],[-170.3513,57.1439],[-170.3015,57.1532],[-170.2788,57.1169],[-170.2895,57.1075],[-170.2549,57.1406],[-170.1744,57.1609],[-170.0981,57.2495],[-170.2241,57.2118],[-170.3907,57.2066],[-170.4167,57.1918],[-170.4215,57.1618]]],[[[-170.8424,52.5616],[-170.7896,52.5434],[-170.7064,52.5974],[-170.6085,52.6017],[-170.5641,52.6414],[-170.56,52.6679],[-170.6641,52.7006],[-170.6815,52.682],[-170.7262,52.6822],[-170.7535,52.649],[-170.8198,52.6352],[-170.8424,52.5616]]],[[[-171.1777,52.5624],[-171.115,52.5595],[-171.1395,52.5864],[-171.1777,52.5624]]],[[[-171.3149,52.4826],[-171.3059,52.45],[-171.2362,52.4483],[-171.1956,52.4943],[-171.255,52.5303],[-171.2937,52.5155],[-171.3149,52.4826]]],[[[-171.8469,63.4868],[-171.822,63.4625],[-171.8234,63.4369],[-171.735,63.365],[-171.4624,63.3088],[-171.3224,63.3331],[-171.2806,63.3586],[-171.2815,63.3819],[-171.0733,63.4241],[-170.8679,63.4146],[-170.5713,63.3614],[-170.355,63.2802],[-170.2856,63.22],[-170.2925,63.1875],[-170.0786,63.1779],[-169.8694,63.1025],[-169.7449,62.985],[-169.763,62.9615],[-169.6432,62.9377],[-169.6158,62.9671],[-169.531,62.9786],[-169.5804,63.0288],[-169.5469,63.0682],[-169.4526,63.0965],[-169.3789,63.1493],[-169.1089,63.1787],[-168.8603,63.1469],[-168.7269,63.2274],[-168.7196,63.2688],[-168.6877,63.2951],[-169.0067,63.3447],[-169.4875,63.361],[-169.5472,63.3726],[-169.5695,63.4008],[-169.6494,63.4295],[-169.8623,63.4427],[-170.0071,63.4762],[-170.061,63.5007],[-170.0403,63.5213],[-170.0701,63.5456],[-170.056,63.5519],[-170.0941,63.6123],[-170.177,63.6251],[-170.2894,63.6875],[-170.4879,63.6963],[-170.5452,63.6662],[-170.6426,63.6685],[-170.8912,63.5752],[-170.948,63.5716],[-171.3735,63.6298],[-171.6128,63.6819],[-171.6494,63.709],[-171.6397,63.7693],[-171.6744,63.787],[-171.7402,63.7834],[-171.7229,63.7348],[-171.7552,63.6869],[-171.7398,63.655],[-171.7956,63.6281],[-171.7966,63.5961],[-171.8291,63.5796],[-171.8272,63.5214],[-171.8469,63.4868]]],[[[-172.6322,52.2711],[-172.6068,52.2524],[-172.5351,52.2469],[-172.2952,52.3265],[-172.3255,52.3658],[-172.4515,52.39],[-172.5772,52.3507],[-172.6322,52.2711]]],[[[-172.9657,52.0716],[-172.9657,52.0692],[-172.9593,52.0676],[-172.9555,52.0689],[-172.9609,52.0734],[-172.9657,52.0716]]],[[[-173.0638,60.5026],[-172.9388,60.4792],[-172.7292,60.3614],[-172.5984,60.3168],[-172.399,60.3361],[-172.3208,60.3262],[-172.294,60.2954],[-172.2189,60.3117],[-172.3807,60.385],[-172.5585,60.3871],[-172.7765,60.4519],[-172.8996,60.5196],[-172.9314,60.562],[-172.9129,60.6051],[-172.9512,60.6062],[-173.0408,60.5619],[-173.0567,60.5453],[-173.0453,60.5075],[-173.0638,60.5026]]],[[[-173.1213,60.6614],[-173.0443,60.6256],[-173.0743,60.7047],[-173.1213,60.6614]]],[[[-174.0538,52.1306],[-174.0158,52.1011],[-173.9796,52.1055],[-173.9311,52.0532],[-173.8361,52.0408],[-173.6894,52.07],[-173.684,52.0507],[-173.5635,52.0526],[-173.573,52.041],[-173.5509,52.0256],[-173.4955,52.0214],[-173.4776,52.0453],[-173.3987,52.0282],[-173.3339,52.0548],[-173.1613,52.0588],[-172.9526,52.0962],[-173.1221,52.109],[-173.1589,52.0863],[-173.1687,52.1099],[-173.2328,52.0949],[-173.2735,52.1093],[-173.3403,52.0889],[-173.38,52.1165],[-173.4092,52.1013],[-173.4772,52.1182],[-173.5085,52.102],[-173.5442,52.1206],[-173.5152,52.1426],[-173.5299,52.1594],[-173.5611,52.1413],[-173.6029,52.1547],[-173.7717,52.1317],[-173.8028,52.1064],[-173.7966,52.0901],[-173.8358,52.1058],[-173.8297,52.1284],[-173.8993,52.1117],[-173.8784,52.1497],[-173.9449,52.127],[-174.0538,52.1306]]],[[[-174.4973,52.0129],[-174.4896,52.0114],[-174.4764,52.0157],[-174.4794,52.0192],[-174.4805,52.0267],[-174.49,52.0307],[-174.4938,52.0311],[-174.4934,52.0257],[-174.4973,52.0129]]],[[[-174.6551,52.1684],[-174.6535,52.1659],[-174.6447,52.1681],[-174.6313,52.1684],[-174.6256,52.1804],[-174.6371,52.1792],[-174.6551,52.1684]]],[[[-175.1415,52.2267],[-175.1378,52.2214],[-175.1377,52.2152],[-175.1241,52.2184],[-175.1255,52.2238],[-175.1312,52.226],[-175.1415,52.2267]]],[[[-175.342,52.0236],[-175.3237,52.0073],[-175.2762,52.0187],[-175.0929,52.0004],[-175.015,52.0097],[-175.0176,52.0338],[-174.9795,52.0189],[-174.9677,52.0381],[-174.8909,52.0496],[-174.7135,52.0089],[-174.6903,52.0221],[-174.7055,52.0386],[-174.6479,52.0244],[-174.6046,52.0488],[-174.5467,52.0381],[-174.5378,52.05],[-174.5692,52.0717],[-174.4892,52.0434],[-174.5307,52.089],[-174.461,52.0715],[-174.4228,52.0471],[-174.44,52.0328],[-174.4151,52.0284],[-174.3897,52.0633],[-174.3985,52.0771],[-174.3788,52.0806],[-174.397,52.092],[-174.33,52.1217],[-174.245,52.0936],[-174.1332,52.1281],[-174.0995,52.0991],[-174.0844,52.1086],[-174.0846,52.1349],[-174.2071,52.2182],[-174.1768,52.2347],[-174.06,52.2253],[-174.0367,52.2686],[-173.9951,52.2895],[-173.989,52.3189],[-174.0159,52.3464],[-174.0038,52.3579],[-174.1487,52.4202],[-174.2824,52.4039],[-174.2745,52.3819],[-174.3322,52.3738],[-174.3212,52.3397],[-174.3454,52.3183],[-174.4599,52.3182],[-174.3701,52.2795],[-174.2391,52.2758],[-174.2307,52.2468],[-174.2763,52.2294],[-174.283,52.2072],[-174.2956,52.225],[-174.3407,52.1973],[-174.3801,52.2173],[-174.4607,52.2176],[-174.4109,52.1702],[-174.558,52.1793],[-174.5599,52.1551],[-174.5081,52.1445],[-174.6035,52.14],[-174.5988,52.1229],[-174.6145,52.12],[-174.5845,52.1007],[-174.7112,52.1047],[-174.7352,52.1209],[-174.7718,52.0823],[-174.85,52.0976],[-174.8362,52.1071],[-174.883,52.1009],[-174.8914,52.0813],[-174.9059,52.1171],[-174.9786,52.064],[-175.0316,52.0791],[-175.0939,52.0363],[-175.1326,52.0309],[-175.11,52.0461],[-175.1424,52.0595],[-175.2168,52.0332],[-175.2612,52.0459],[-175.2999,52.0198],[-175.342,52.0236]]],[[[-175.4977,51.9782],[-175.4983,51.9751],[-175.4874,51.9744],[-175.4658,51.9781],[-175.4471,51.9766],[-175.4321,51.9777],[-175.4311,51.9817],[-175.4372,51.986],[-175.4424,51.9857],[-175.4517,51.9903],[-175.4657,51.9821],[-175.4948,51.9809],[-175.4977,51.9782]]],[[[-175.5297,52.1785],[-175.5137,52.1609],[-175.4912,52.1736],[-175.5297,52.1785]]],[[[-175.7451,51.9521],[-175.7228,51.9318],[-175.7039,51.9535],[-175.5784,51.9638],[-175.7325,51.975],[-175.7451,51.9521]]],[[[-175.8766,51.9438],[-175.7913,51.9149],[-175.7594,51.9241],[-175.7829,51.9273],[-175.7982,51.9593],[-175.8766,51.9438]]],[[[-175.9605,51.9846],[-175.8834,51.9639],[-175.8782,51.9824],[-175.807,51.9876],[-175.9605,51.9846]]],[[[-176.0188,51.9615],[-176.0029,51.9452],[-175.9911,51.9556],[-176.0188,51.9615]]],[[[-176.0552,51.9339],[-176.0259,51.9334],[-176.03,51.9545],[-176.0552,51.9339]]],[[[-176.1138,51.9359],[-176.1114,51.9292],[-176.0993,51.9298],[-176.0955,51.9322],[-176.0927,51.9411],[-176.1138,51.9359]]],[[[-176.1163,51.888],[-175.9635,51.8462],[-175.9506,51.8847],[-176.0162,51.884],[-175.9975,51.9127],[-176.1163,51.888]]],[[[-176.1346,51.9586],[-176.1357,51.9577],[-176.1324,51.956],[-176.134,51.9531],[-176.1321,51.9489],[-176.1274,51.9481],[-176.1174,51.9484],[-176.1155,51.95],[-176.1102,51.9498],[-176.1046,51.9518],[-176.0928,51.9486],[-176.0878,51.9518],[-176.0887,51.9581],[-176.0949,51.964],[-176.1182,51.9572],[-176.1269,51.9597],[-176.1346,51.9586]]],[[[-176.1671,51.9504],[-176.1687,51.948],[-176.1441,51.9456],[-176.1435,51.947],[-176.1532,51.955],[-176.1644,51.9568],[-176.1671,51.9504]]],[[[-176.2125,52.0616],[-176.1788,52.0184],[-176.188,51.9996],[-176.1,51.9971],[-176.0666,51.9671],[-176.023,51.9824],[-176.0602,51.9995],[-176.0503,52.0183],[-175.9721,52.038],[-176.0095,52.0471],[-176.0024,52.0688],[-176.056,52.1095],[-176.1495,52.1176],[-176.2125,52.0616]]],[[[-176.235,51.829],[-176.1695,51.8024],[-176.1865,51.7885],[-176.1582,51.7689],[-176.1354,51.8014],[-176.095,51.7916],[-176.1199,51.8295],[-176.0263,51.826],[-176.0237,51.8046],[-175.9961,51.804],[-176.0285,51.844],[-176.071,51.8538],[-176.1389,51.8353],[-176.134,51.8557],[-176.1852,51.8831],[-176.2185,51.8757],[-176.2048,51.8403],[-176.235,51.829]]],[[[-176.992,51.6292],[-176.9795,51.6009],[-176.9357,51.5928],[-176.8352,51.7211],[-176.8237,51.6955],[-176.8365,51.681],[-176.8131,51.6474],[-176.8318,51.6375],[-176.8084,51.6093],[-176.7588,51.6382],[-176.7236,51.6245],[-176.7228,51.6824],[-176.598,51.6899],[-176.6564,51.6552],[-176.6317,51.6572],[-176.5563,51.7066],[-176.5208,51.7028],[-176.5323,51.7178],[-176.5079,51.7167],[-176.5152,51.7292],[-176.4824,51.747],[-176.4773,51.7278],[-176.4255,51.7398],[-176.4196,51.76],[-176.4414,51.7731],[-176.421,51.7938],[-176.3923,51.7746],[-176.3971,51.733],[-176.3481,51.7261],[-176.3139,51.7542],[-176.292,51.74],[-176.2963,51.7691],[-176.2653,51.7799],[-176.2818,51.789],[-176.2667,51.818],[-176.3536,51.8265],[-176.2904,51.8372],[-176.2918,51.8732],[-176.3998,51.8679],[-176.4491,51.8273],[-176.4744,51.853],[-176.5159,51.8273],[-176.5478,51.8443],[-176.5915,51.8353],[-176.5886,51.8581],[-176.6519,51.8508],[-176.6273,51.8648],[-176.6169,51.9027],[-176.5491,51.9171],[-176.5648,51.9981],[-176.6162,51.9937],[-176.6282,51.9623],[-176.6565,51.9523],[-176.7712,51.9651],[-176.8094,51.9263],[-176.7629,51.8823],[-176.7659,51.8583],[-176.8028,51.8368],[-176.777,51.8195],[-176.8477,51.8061],[-176.9069,51.8292],[-176.8891,51.8092],[-176.9215,51.7873],[-176.842,51.7494],[-176.8878,51.7512],[-176.8645,51.7214],[-176.9694,51.6774],[-176.9844,51.6563],[-176.9732,51.6355],[-176.992,51.6292]]],[[[-177.4668,51.904],[-177.4525,51.8897],[-177.4202,51.9021],[-177.4421,51.9211],[-177.4668,51.904]]],[[[-177.7053,51.7072],[-177.6514,51.6536],[-177.6168,51.704],[-177.5058,51.6985],[-177.3983,51.7336],[-177.3645,51.733],[-177.323,51.7114],[-177.3249,51.692],[-177.2776,51.6786],[-177.2443,51.6893],[-177.2448,51.7111],[-177.1465,51.7058],[-177.1152,51.77],[-177.1327,51.8309],[-177.0677,51.8593],[-177.0747,51.8841],[-177.0476,51.9003],[-177.1007,51.9354],[-177.1813,51.9432],[-177.1998,51.9248],[-177.2057,51.8206],[-177.2311,51.8013],[-177.5045,51.7451],[-177.537,51.7215],[-177.6403,51.7413],[-177.7053,51.7072]]],[[[-178.227,51.8777],[-178.2096,51.8541],[-178.0989,51.8183],[-178.0584,51.7803],[-178.0226,51.7912],[-177.9591,51.7724],[-177.9596,51.7212],[-178.1107,51.7091],[-178.1205,51.6767],[-178.0563,51.6555],[-178.0392,51.6701],[-178.0095,51.6285],[-177.9648,51.6474],[-177.9349,51.5966],[-177.9006,51.5987],[-177.928,51.6471],[-177.9035,51.69],[-177.8662,51.6771],[-177.8096,51.7026],[-177.8403,51.7318],[-177.7785,51.7702],[-177.8182,51.7893],[-177.6511,51.8168],[-177.6145,51.853],[-177.7349,51.8258],[-177.7862,51.8438],[-177.8568,51.8266],[-177.8715,51.8497],[-177.9223,51.8545],[-177.9041,51.8786],[-177.9637,51.9179],[-178.1704,51.9132],[-178.227,51.8777]]],[[[-178.3105,51.4808],[-178.3058,51.4764],[-178.2979,51.4754],[-178.2961,51.4735],[-178.2883,51.472],[-178.273,51.4791],[-178.2819,51.4838],[-178.3105,51.4808]]],[[[-178.6866,51.6026],[-178.6764,51.5875],[-178.5937,51.5819],[-178.5659,51.6018],[-178.6507,51.615],[-178.6866,51.6026]]],[[[-178.8616,51.5758],[-178.8202,51.5405],[-178.7337,51.5432],[-178.8616,51.5758]]],[[[-178.8706,51.7854],[-178.8094,51.7457],[-178.7571,51.7521],[-178.7337,51.7819],[-178.7631,51.8213],[-178.8175,51.8378],[-178.8595,51.8192],[-178.8706,51.7854]]],[[[-179.0025,51.3853],[-178.973,51.365],[-178.9899,51.3055],[-178.9558,51.3479],[-178.9072,51.3391],[-178.9273,51.3837],[-178.9652,51.4007],[-179.0025,51.3853]]],[[[-179.0245,51.3547],[-179.0202,51.3507],[-179.0124,51.3538],[-179.013,51.3557],[-179.0174,51.3561],[-179.0203,51.3583],[-179.0245,51.3547]]],[[[-179.0588,51.5866],[-179.059,51.5725],[-179.0319,51.57],[-179.0588,51.5866]]],[[[-179.1482,51.2701],[-179.1303,51.2142],[-179.0569,51.2489],[-179.0952,51.3004],[-179.1482,51.2701]]]]},"properties":{"iso3":"USA","shapeId":"66186276B62688952876525","regionId":"USA.2_1","name":"Alaska"}},{"type":"Feature","geometry":{"type":"Polygon","coordinates":[[[-117.0262,41.9999],[-119.9992,41.9949],[-120.001,38.9996],[-118.9225,38.2499],[-117.5001,37.2204],[-116.2509,36.277],[-114.6335,35.0019],[-114.6369,35.0284],[-114.6029,35.0686],[-114.6468,35.1019],[-114.5785,35.1288],[-114.5692,35.1835],[-114.6043,35.3536],[-114.6792,35.5],[-114.6569,35.5344],[-114.6757,35.58],[-114.6534,35.6108],[-114.6894,35.6514],[-114.6806,35.6855],[-114.7054,35.7083],[-114.6957,35.756],[-114.7121,35.8062],[-114.6953,35.8323],[-114.7065,35.849],[-114.6616,35.8711],[-114.7085,35.9123],[-114.7406,35.9757],[-114.7428,36.01],[-114.7221,36.029],[-114.7421,36.0398],[-114.7532,36.0895],[-114.5711,36.1511],[-114.5081,36.1497],[-114.4989,36.1266],[-114.3721,36.1431],[-114.307,36.0825],[-114.3136,36.0591],[-114.2527,36.0202],[-114.1528,36.0237],[-114.1122,36.095],[-114.1222,36.109],[-114.044,36.1934],[-114.0415,41.9939],[-117.0262,41.9999]]]},"properties":{"iso3":"USA","shapeId":"66186276B98615608994420","regionId":"USA.29_1","name":"Nevada"}},{"type":"Feature","geometry":{"type":"Polygon","coordinates":[[[-89.1327,36.9822],[-89.179,37.0209],[-89.1757,37.0621],[-89.0762,37.1751],[-88.9833,37.2287],[-88.8057,37.1886],[-88.7321,37.144],[-88.6114,37.1128],[-88.5661,37.0752],[-88.459,37.0738],[-88.4244,37.1524],[-88.5159,37.284],[-88.4702,37.3963],[-88.4088,37.4252],[-88.3655,37.4017],[-88.2817,37.4526],[-88.0678,37.4859],[-88.0633,37.5158],[-88.1334,37.5742],[-88.1602,37.6576],[-88.1224,37.7097],[-88.0596,37.7426],[-88.028,37.7992],[-88.09,37.8168],[-88.0259,37.8327],[-88.065,37.8532],[-88.0978,37.904],[-88.0134,37.8949],[-88.0225,37.9148],[-88.0696,37.9269],[-88.0354,37.9255],[-88.0368,37.9568],[-88.0129,37.9666],[-88.0258,38.0073],[-88.0076,38.0292],[-88.0421,38.0464],[-87.9672,38.0671],[-87.9605,38.0991],[-88.0047,38.084],[-88.0131,38.1035],[-87.9753,38.1101],[-87.9658,38.1326],[-87.9455,38.1266],[-87.9114,38.1617],[-87.9229,38.1733],[-87.9343,38.1565],[-87.9758,38.1978],[-87.9876,38.2574],[-87.9602,38.2371],[-87.9336,38.2959],[-87.9095,38.2961],[-87.9111,38.268],[-87.8705,38.3122],[-87.8597,38.2767],[-87.839,38.2823],[-87.8234,38.346],[-87.7453,38.409],[-87.7304,38.4479],[-87.7554,38.464],[-87.6501,38.5046],[-87.6701,38.5452],[-87.6376,38.5927],[-87.612,38.5893],[-87.6274,38.6054],[-87.6201,38.6395],[-87.5973,38.6653],[-87.5312,38.684],[-87.4965,38.7393],[-87.4982,38.7683],[-87.5146,38.7718],[-87.4959,38.7854],[-87.5273,38.8181],[-87.5259,38.8488],[-87.5534,38.8624],[-87.5349,38.8789],[-87.5441,38.8951],[-87.5167,38.9041],[-87.5277,38.9185],[-87.5122,38.9544],[-87.5765,38.9867],[-87.5604,38.9924],[-87.5787,38.9995],[-87.5726,39.0573],[-87.616,39.0826],[-87.6149,39.1027],[-87.6528,39.1068],[-87.6351,39.1223],[-87.6588,39.136],[-87.5746,39.2184],[-87.5713,39.2514],[-87.605,39.2602],[-87.5973,39.297],[-87.6205,39.3071],[-87.5849,39.3373],[-87.5317,39.3481],[-87.5311,41.7481],[-87.5729,41.7794],[-87.6095,41.8452],[-87.6165,41.8824],[-87.6024,41.8963],[-87.6241,41.9042],[-87.6815,42.0784],[-87.7362,42.1208],[-87.8286,42.2699],[-87.8021,42.4926],[-90.6428,42.5085],[-90.6467,42.4719],[-90.4773,42.3838],[-90.419,42.3285],[-90.4309,42.2782],[-90.3911,42.2255],[-90.2161,42.1567],[-90.1629,42.1167],[-90.1645,42.0421],[-90.1401,42.0033],[-90.1641,41.9562],[-90.1536,41.9066],[-90.181,41.8094],[-90.3107,41.7422],[-90.3435,41.647],[-90.3432,41.5878],[-90.4128,41.5653],[-90.4614,41.5235],[-90.5562,41.5242],[-90.6558,41.4621],[-90.8466,41.4551],[-90.93,41.4214],[-90.9798,41.4343],[-91.0459,41.4141],[-91.0748,41.3056],[-91.1137,41.2414],[-91.0415,41.1661],[-90.995,41.1606],[-90.9466,41.0966],[-90.9522,40.9541],[-90.9654,40.9216],[-91.093,40.8211],[-91.1239,40.6692],[-91.187,40.6373],[-91.3397,40.6135],[-91.4064,40.5518],[-91.3642,40.5001],[-91.3818,40.4426],[-91.3726,40.4012],[-91.4448,40.3632],[-91.4927,40.2782],[-91.513,40.1811],[-91.4949,40.0365],[-91.4194,39.9277],[-91.4479,39.878],[-91.4329,39.8406],[-91.3635,39.7928],[-91.3678,39.729],[-91.1819,39.6027],[-91.1536,39.5483],[-91.1003,39.5387],[-91.0383,39.4484],[-90.9408,39.404],[-90.73,39.2559],[-90.6811,39.1006],[-90.7116,39.0468],[-90.6634,38.928],[-90.6251,38.8887],[-90.5459,38.874],[-90.4721,38.9588],[-90.4401,38.9674],[-90.2503,38.9194],[-90.1133,38.8493],[-90.1231,38.7981],[-90.2099,38.7261],[-90.1811,38.6596],[-90.1845,38.6116],[-90.2603,38.5284],[-90.2852,38.4435],[-90.3708,38.3336],[-90.3539,38.2139],[-90.2187,38.0944],[-90.1308,38.0623],[-90.1105,38.0266],[-90.0594,38.0156],[-89.9971,37.9632],[-89.9251,37.96],[-89.9749,37.9267],[-89.9506,37.8815],[-89.9018,37.8698],[-89.8427,37.9052],[-89.7993,37.8815],[-89.7864,37.8517],[-89.7399,37.8469],[-89.6696,37.7999],[-89.6634,37.7501],[-89.6173,37.7497],[-89.5833,37.7133],[-89.5167,37.6928],[-89.5177,37.6412],[-89.4759,37.593],[-89.5198,37.5828],[-89.5171,37.5373],[-89.4211,37.3877],[-89.4328,37.3471],[-89.489,37.3334],[-89.517,37.2819],[-89.4899,37.2513],[-89.4588,37.2487],[-89.4619,37.1995],[-89.3787,37.0946],[-89.3783,37.0396],[-89.2786,36.9887],[-89.26,37.0233],[-89.3048,37.0476],[-89.3083,37.0684],[-89.2549,37.072],[-89.2008,37.0162],[-89.1855,36.9735],[-89.1327,36.9822]]]},"properties":{"iso3":"USA","shapeId":"66186276B11383391196245","regionId":"USA.14_1","name":"Illinois"}},{"type":"Feature","geometry":{"type":"Polygon","coordinates":[[[-72.4585,42.7269],[-72.4911,42.7725],[-72.5161,42.766],[-72.5562,42.867],[-72.5244,42.9156],[-72.5322,42.955],[-72.4738,42.9721],[-72.4438,43.0063],[-72.4674,43.0527],[-72.4362,43.0817],[-72.433,43.1197],[-72.4571,43.1485],[-72.4387,43.2529],[-72.3955,43.313],[-72.4104,43.3317],[-72.3901,43.3569],[-72.416,43.3765],[-72.3817,43.4801],[-72.3986,43.5134],[-72.3794,43.5741],[-72.3285,43.6008],[-72.2997,43.7066],[-72.2048,43.7713],[-72.1833,43.8082],[-72.1848,43.8634],[-72.0904,43.9654],[-72.1143,43.9675],[-72.117,43.9945],[-72.0525,44.0767],[-72.0302,44.0797],[-72.0441,44.0876],[-72.0305,44.1002],[-72.0548,44.1101],[-72.0337,44.1315],[-72.0662,44.1898],[-72.0479,44.2385],[-72.0678,44.271],[-72.0331,44.3204],[-71.8144,44.3546],[-71.7939,44.3993],[-71.6994,44.4161],[-71.6459,44.4752],[-71.5776,44.5027],[-71.5943,44.5217],[-71.5731,44.538],[-71.5961,44.5609],[-71.5345,44.5883],[-71.5615,44.6008],[-71.5472,44.6304],[-71.5866,44.6595],[-71.6319,44.7525],[-71.5732,44.7919],[-71.5495,44.8626],[-71.4949,44.9043],[-71.5363,44.9942],[-71.4646,45.0136],[-73.0597,45.0159],[-73.3431,45.0108],[-73.3546,44.9874],[-73.339,44.9177],[-73.3814,44.845],[-73.3332,44.7888],[-73.3656,44.7418],[-73.3613,44.6945],[-73.3902,44.6184],[-73.3067,44.5003],[-73.2936,44.4406],[-73.3349,44.3644],[-73.3129,44.2654],[-73.3906,44.1909],[-73.4377,44.045],[-73.4077,44.0213],[-73.4086,43.9329],[-73.3741,43.8756],[-73.3925,43.8208],[-73.3506,43.7719],[-73.4265,43.6426],[-73.4312,43.5883],[-73.3958,43.5681],[-73.3719,43.6245],[-73.3062,43.628],[-73.2946,43.579],[-73.2586,43.565],[-73.2416,43.535],[-73.2909,42.8019],[-73.2764,42.746],[-72.4585,42.7269]]]},"properties":{"iso3":"USA","shapeId":"66186276B17406925856308","regionId":"USA.46_1","name":"Vermont"}},{"type":"Feature","geometry":{"type":"Polygon","coordinates":[[[-111.0524,44.4784],[-111.0546,45.001],[-104.0397,44.9981],[-104.0487,48.9999],[-116.0491,49.0009],[-116.0491,47.9768],[-115.9188,47.8537],[-115.8523,47.8279],[-115.832,47.756],[-115.7973,47.7571],[-115.774,47.7179],[-115.7228,47.6947],[-115.7365,47.6547],[-115.6945,47.6238],[-115.6886,47.5943],[-115.7557,47.5483],[-115.6987,47.5317],[-115.7114,47.5168],[-115.6863,47.4849],[-115.63,47.4796],[-115.6401,47.4597],[-115.7171,47.4526],[-115.7593,47.4239],[-115.7214,47.4257],[-115.6429,47.3774],[-115.5777,47.3674],[-115.5285,47.2993],[-115.4837,47.2821],[-115.3202,47.2567],[-115.2916,47.21],[-115.3005,47.1881],[-115.2624,47.1817],[-115.2453,47.1518],[-115.1444,47.102],[-115.1311,47.069],[-115.0717,47.0259],[-115.0484,46.9698],[-115.0013,46.9719],[-114.9253,46.9188],[-114.9481,46.8596],[-114.8952,46.8016],[-114.8658,46.8145],[-114.8296,46.783],[-114.7849,46.78],[-114.7656,46.7456],[-114.7886,46.7137],[-114.7673,46.6972],[-114.7139,46.7151],[-114.6986,46.7405],[-114.6646,46.7391],[-114.6215,46.7079],[-114.6423,46.6736],[-114.6053,46.6358],[-114.5413,46.6497],[-114.4671,46.6318],[-114.4244,46.6607],[-114.3585,46.6707],[-114.3211,46.6475],[-114.3437,46.5905],[-114.3298,46.5772],[-114.3428,46.5183],[-114.4026,46.5002],[-114.3686,46.438],[-114.4222,46.3873],[-114.4105,46.3651],[-114.4255,46.2879],[-114.4707,46.266],[-114.4486,46.233],[-114.4441,46.1693],[-114.515,46.1674],[-114.5271,46.1462],[-114.5205,46.1249],[-114.4605,46.0978],[-114.4695,46.0618],[-114.5074,46.0319],[-114.4805,46.0304],[-114.48,45.9929],[-114.4118,45.9779],[-114.4025,45.958],[-114.4314,45.936],[-114.3873,45.8878],[-114.4107,45.8518],[-114.4384,45.8626],[-114.5093,45.8455],[-114.5665,45.7733],[-114.4954,45.7031],[-114.515,45.685],[-114.4991,45.6787],[-114.5091,45.6568],[-114.564,45.6376],[-114.5385,45.6058],[-114.565,45.5578],[-114.4578,45.5617],[-114.464,45.5454],[-114.4247,45.5099],[-114.3296,45.46],[-114.2705,45.4844],[-114.2484,45.5454],[-114.1922,45.5371],[-114.0866,45.5912],[-114.067,45.628],[-114.0188,45.6485],[-114.0155,45.6959],[-113.9353,45.6943],[-113.8952,45.6434],[-113.9037,45.6216],[-113.8074,45.6028],[-113.7971,45.5821],[-113.8345,45.5211],[-113.7666,45.5209],[-113.76,45.4807],[-113.7836,45.452],[-113.7602,45.4274],[-113.7761,45.4085],[-113.7344,45.3924],[-113.7381,45.3284],[-113.6808,45.2793],[-113.6925,45.2634],[-113.5919,45.1842],[-113.5907,45.1559],[-113.5654,45.1487],[-113.5698,45.1243],[-113.5103,45.1155],[-113.5225,45.0917],[-113.4521,45.0592],[-113.4444,44.9588],[-113.4984,44.9417],[-113.4551,44.8654],[-113.4216,44.8376],[-113.3771,44.8348],[-113.3418,44.785],[-113.2476,44.8229],[-113.1318,44.773],[-113.1343,44.7523],[-113.0678,44.6788],[-113.0498,44.6291],[-113.0876,44.5995],[-113.0378,44.5651],[-113.0442,44.5434],[-113.008,44.5272],[-113.0265,44.4946],[-113.0051,44.4537],[-112.9396,44.4125],[-112.8892,44.4052],[-112.8551,44.36],[-112.8132,44.3767],[-112.8111,44.3989],[-112.8394,44.4251],[-112.7799,44.4846],[-112.7191,44.5044],[-112.5417,44.4838],[-112.5002,44.463],[-112.4721,44.4791],[-112.3874,44.4476],[-112.3585,44.4857],[-112.3542,44.5356],[-112.3192,44.5391],[-112.2861,44.5686],[-112.1068,44.5208],[-111.8688,44.5658],[-111.8215,44.5089],[-111.7018,44.56],[-111.6127,44.5488],[-111.5865,44.5627],[-111.4683,44.539],[-111.4693,44.5576],[-111.5074,44.5621],[-111.5227,44.5903],[-111.5025,44.6268],[-111.5162,44.6441],[-111.4919,44.6431],[-111.4723,44.6669],[-111.4888,44.7056],[-111.4143,44.7107],[-111.3851,44.7549],[-111.3552,44.7272],[-111.3231,44.7286],[-111.2668,44.6675],[-111.2785,44.6513],[-111.2202,44.623],[-111.2403,44.6137],[-111.2275,44.5772],[-111.181,44.5692],[-111.1314,44.5324],[-111.1274,44.4976],[-111.0524,44.4784]]]},"properties":{"iso3":"USA","shapeId":"66186276B80192890672447","regionId":"USA.27_1","name":"Montana"}},{"type":"Feature","geometry":{"type":"Polygon","coordinates":[[[-95.7657,40.5852],[-94.2948,40.5713],[-91.7291,40.6136],[-91.6864,40.5809],[-91.6887,40.5574],[-91.6201,40.5408],[-91.6214,40.5101],[-91.5748,40.4657],[-91.5251,40.4579],[-91.5246,40.4108],[-91.4885,40.4043],[-91.4639,40.3757],[-91.397,40.3831],[-91.3726,40.4012],[-91.3818,40.4426],[-91.3642,40.5001],[-91.4041,40.5391],[-91.4015,40.5595],[-91.3397,40.6135],[-91.187,40.6373],[-91.1239,40.6692],[-91.093,40.8211],[-90.9654,40.9216],[-90.9522,40.9541],[-90.9466,41.0966],[-90.995,41.1606],[-91.0415,41.1661],[-91.1137,41.2414],[-91.0748,41.3056],[-91.0459,41.4141],[-90.9798,41.4343],[-90.93,41.4214],[-90.8466,41.4551],[-90.6558,41.4621],[-90.5952,41.511],[-90.4614,41.5235],[-90.4128,41.5653],[-90.3432,41.5878],[-90.3435,41.647],[-90.3107,41.7422],[-90.181,41.8094],[-90.1536,41.9066],[-90.1641,41.9562],[-90.1401,42.0033],[-90.1645,42.0421],[-90.1629,42.1167],[-90.2161,42.1567],[-90.3911,42.2255],[-90.4309,42.2782],[-90.4162,42.3213],[-90.4439,42.3552],[-90.654,42.4785],[-90.6367,42.5187],[-90.7092,42.6361],[-90.9492,42.6856],[-91.0647,42.7509],[-91.1006,42.8831],[-91.1456,42.908],[-91.1795,43.0674],[-91.1753,43.1347],[-91.0579,43.2554],[-91.1072,43.3137],[-91.2066,43.3525],[-91.2004,43.4127],[-91.2334,43.4552],[-91.2177,43.5006],[-96.5989,43.5005],[-96.581,43.4814],[-96.6029,43.4509],[-96.5943,43.4342],[-96.5216,43.3856],[-96.5304,43.3],[-96.5885,43.2963],[-96.5852,43.2689],[-96.5532,43.2591],[-96.5712,43.239],[-96.5604,43.2242],[-96.4756,43.2211],[-96.4665,43.1503],[-96.4366,43.1208],[-96.4629,43.0914],[-96.4609,43.064],[-96.5184,43.0421],[-96.4917,43.0097],[-96.5208,42.9804],[-96.5003,42.9594],[-96.5417,42.9226],[-96.5264,42.8919],[-96.5497,42.8703],[-96.5513,42.8366],[-96.5816,42.8375],[-96.5953,42.793],[-96.6322,42.7709],[-96.6195,42.7548],[-96.6397,42.7371],[-96.6306,42.7059],[-96.5163,42.6304],[-96.5299,42.6104],[-96.5095,42.6127],[-96.4858,42.575],[-96.4986,42.5581],[-96.477,42.5561],[-96.493,42.5173],[-96.4754,42.4896],[-96.386,42.4745],[-96.3807,42.4464],[-96.4136,42.4079],[-96.4182,42.3547],[-96.3289,42.2547],[-96.3237,42.2299],[-96.3599,42.2106],[-96.3478,42.1668],[-96.2689,42.1136],[-96.2714,42.045],[-96.2257,42.0352],[-96.2365,41.9964],[-96.1946,42.0087],[-96.1863,41.9774],[-96.1295,41.9717],[-96.1368,41.9208],[-96.1618,41.9018],[-96.1103,41.8489],[-96.1076,41.8207],[-96.0649,41.7962],[-96.1064,41.7379],[-96.0731,41.705],[-96.1214,41.6885],[-96.0954,41.6527],[-96.1158,41.6058],[-96.0819,41.5804],[-96.0966,41.5454],[-96.0407,41.5071],[-96.0267,41.5404],[-96.0051,41.5433],[-95.9926,41.5142],[-96.0192,41.4893],[-96.0118,41.4762],[-95.9203,41.4516],[-95.9288,41.3701],[-95.9567,41.3455],[-95.8831,41.3167],[-95.8715,41.2958],[-95.9025,41.2734],[-95.9043,41.2996],[-95.9275,41.2984],[-95.9109,41.2318],[-95.9275,41.2022],[-95.9146,41.1851],[-95.8413,41.175],[-95.8835,41.1549],[-95.8626,41.0884],[-95.8824,41.0604],[-95.8597,41.0357],[-95.8673,41.0016],[-95.8291,40.9757],[-95.8398,40.9328],[-95.8095,40.8912],[-95.8486,40.8611],[-95.8352,40.7792],[-95.8889,40.7319],[-95.8428,40.6775],[-95.7763,40.6475],[-95.7486,40.6034],[-95.7657,40.5852]]]},"properties":{"iso3":"USA","shapeId":"66186276B63937528568220","regionId":"USA.16_1","name":"Iowa"}},{"type":"Feature","geometry":{"type":"MultiPolygon","coordinates":[[[[-79.508,33.0201],[-79.5031,33.0176],[-79.501,33.0182],[-79.5024,33.0206],[-79.508,33.0201]]],[[[-79.5536,32.9904],[-79.5522,32.9888],[-79.5452,32.9907],[-79.5487,32.993],[-79.5536,32.9904]]],[[[-80.1901,32.5468],[-80.1869,32.5405],[-80.1834,32.54],[-80.1734,32.5434],[-80.1715,32.5469],[-80.1847,32.5534],[-80.1841,32.5496],[-80.1901,32.5468]]],[[[-83.1086,35.0007],[-83.114,34.9509],[-83.127,34.9538],[-83.1128,34.9347],[-83.1557,34.9309],[-83.2056,34.8801],[-83.2431,34.8774],[-83.2682,34.8214],[-83.3067,34.8149],[-83.3208,34.7584],[-83.3532,34.7287],[-83.3426,34.683],[-83.2318,34.6113],[-83.1592,34.6035],[-83.1589,34.5792],[-83.0347,34.4835],[-83.0029,34.4721],[-82.9016,34.4868],[-82.8588,34.4552],[-82.835,34.3661],[-82.7941,34.3398],[-82.7467,34.2664],[-82.7175,34.1505],[-82.6416,34.0922],[-82.644,34.0722],[-82.5946,34.0287],[-82.5568,33.9454],[-82.5245,33.9434],[-82.4551,33.8817],[-82.3245,33.82],[-82.2475,33.7526],[-82.1862,33.6209],[-82.0463,33.5638],[-81.9859,33.4865],[-81.9263,33.4629],[-81.9134,33.4374],[-81.9311,33.424],[-81.9096,33.4126],[-81.9449,33.408],[-81.9248,33.3741],[-81.9463,33.3706],[-81.9397,33.3449],[-81.9088,33.3473],[-81.9137,33.32],[-81.902,33.3359],[-81.8818,33.3037],[-81.8473,33.3068],[-81.8632,33.2889],[-81.8279,33.2637],[-81.8478,33.2657],[-81.8521,33.2476],[-81.8052,33.2115],[-81.7689,33.2175],[-81.7569,33.1979],[-81.7735,33.1805],[-81.7438,33.1415],[-81.6127,33.094],[-81.4923,33.0093],[-81.5114,32.9667],[-81.5024,32.9354],[-81.4641,32.8978],[-81.4794,32.8811],[-81.4529,32.873],[-81.4568,32.8488],[-81.4265,32.8408],[-81.418,32.8182],[-81.4309,32.7834],[-81.4144,32.7789],[-81.4319,32.7689],[-81.4049,32.7462],[-81.4275,32.7019],[-81.393,32.6515],[-81.4187,32.6294],[-81.367,32.5771],[-81.2813,32.5565],[-81.2797,32.5368],[-81.1868,32.4641],[-81.2051,32.4238],[-81.1605,32.3418],[-81.1286,32.337],[-81.1196,32.2876],[-81.1566,32.2439],[-81.1152,32.1941],[-81.1111,32.1727],[-81.1296,32.1656],[-81.1122,32.1508],[-81.1172,32.1176],[-81.0502,32.0853],[-81.0023,32.1001],[-80.9178,32.0376],[-80.8855,32.0346],[-80.9054,32.0519],[-80.8424,32.1178],[-80.8125,32.1098],[-80.7468,32.1418],[-80.6692,32.2168],[-80.7178,32.267],[-80.7424,32.2638],[-80.7654,32.286],[-80.7336,32.3195],[-80.6448,32.2915],[-80.633,32.2569],[-80.453,32.3225],[-80.4223,32.4015],[-80.4615,32.4129],[-80.4794,32.4458],[-80.4721,32.497],[-80.4309,32.5009],[-80.4135,32.4707],[-80.3604,32.4998],[-80.3324,32.4781],[-80.1214,32.5905],[-80.0008,32.6059],[-79.9743,32.641],[-79.8856,32.6849],[-79.8709,32.7424],[-79.9285,32.7542],[-79.9232,32.7818],[-79.878,32.7857],[-79.8488,32.7536],[-79.7264,32.806],[-79.6981,32.8513],[-79.5781,32.9104],[-79.5741,32.9325],[-79.6062,32.926],[-79.6176,32.9527],[-79.5711,33.0138],[-79.5252,33.0373],[-79.4833,33.0098],[-79.3623,33.0091],[-79.3282,33.0904],[-79.1915,33.1733],[-79.1704,33.3279],[-79.1354,33.4039],[-79.0846,33.4837],[-78.9381,33.6398],[-78.7141,33.8001],[-78.542,33.8519],[-79.6753,34.8048],[-80.7975,34.8198],[-80.782,34.9358],[-80.935,35.1074],[-81.0415,35.0447],[-81.058,35.0732],[-81.0328,35.1081],[-81.051,35.1317],[-81.0429,35.1493],[-82.2749,35.2001],[-82.3713,35.1815],[-82.3929,35.2154],[-82.4396,35.1659],[-82.4601,35.1781],[-82.6624,35.1181],[-82.6814,35.1279],[-82.6977,35.0957],[-82.7577,35.068],[-82.7774,35.0641],[-82.7879,35.085],[-83.1086,35.0007]]]]},"properties":{"iso3":"USA","shapeId":"66186276B79689460185872","regionId":"USA.41_1","name":"South Carolina"}},{"type":"Feature","geometry":{"type":"MultiPolygon","coordinates":[[[[-70.617,42.9772],[-70.6154,42.9772],[-70.614,42.9734],[-70.6106,42.9764],[-70.6146,42.9786],[-70.617,42.9772]]],[[[-70.6268,42.9695],[-70.6261,42.9677],[-70.6227,42.9672],[-70.6268,42.9695]]],[[[-70.6279,42.9763],[-70.6278,42.9754],[-70.6243,42.9767],[-70.6269,42.9782],[-70.6279,42.9763]]],[[[-70.8173,42.8723],[-70.794,42.9399],[-70.7038,43.0598],[-70.7065,43.0753],[-70.7564,43.08],[-70.8268,43.1271],[-70.8096,43.2254],[-70.906,43.2917],[-70.9327,43.3368],[-70.9672,43.3438],[-70.986,43.38],[-70.9868,43.4143],[-70.9612,43.4383],[-70.9742,43.4774],[-70.9508,43.551],[-70.9727,43.5703],[-71.0839,45.3055],[-71.1479,45.2393],[-71.2311,45.2497],[-71.2844,45.3024],[-71.3607,45.2698],[-71.3849,45.2334],[-71.4423,45.2386],[-71.3978,45.2036],[-71.4372,45.1423],[-71.4288,45.1239],[-71.5045,45.0524],[-71.4911,45.0418],[-71.5011,45.0134],[-71.4646,45.0136],[-71.5411,44.9849],[-71.4949,44.9043],[-71.5495,44.8626],[-71.5732,44.7919],[-71.6319,44.7525],[-71.5866,44.6595],[-71.5472,44.6304],[-71.5615,44.6008],[-71.5345,44.5883],[-71.5961,44.5609],[-71.5731,44.538],[-71.5943,44.5217],[-71.5776,44.5027],[-71.6459,44.4752],[-71.6994,44.4161],[-71.7939,44.3993],[-71.8144,44.3546],[-72.0291,44.3224],[-72.0678,44.271],[-72.0479,44.2385],[-72.0662,44.1898],[-72.0337,44.1315],[-72.0548,44.1101],[-72.0305,44.1002],[-72.0441,44.0876],[-72.0302,44.0797],[-72.0525,44.0767],[-72.117,43.9945],[-72.1143,43.9675],[-72.0904,43.9654],[-72.1848,43.8634],[-72.1833,43.8082],[-72.2048,43.7713],[-72.2997,43.7066],[-72.3285,43.6008],[-72.3794,43.5741],[-72.3986,43.5134],[-72.3817,43.4801],[-72.416,43.3765],[-72.3901,43.3569],[-72.4104,43.3317],[-72.3955,43.313],[-72.4387,43.2529],[-72.4571,43.1485],[-72.433,43.1197],[-72.4362,43.0817],[-72.4674,43.0527],[-72.4438,43.0063],[-72.4738,42.9721],[-72.5322,42.955],[-72.5244,42.9156],[-72.5572,42.853],[-72.5089,42.7799],[-72.5161,42.766],[-72.4911,42.7725],[-72.4585,42.7269],[-71.2942,42.697],[-71.2455,42.7426],[-71.1818,42.7376],[-71.1861,42.7907],[-71.1656,42.8087],[-71.1325,42.8214],[-71.0642,42.8063],[-71.0312,42.8591],[-70.9149,42.8866],[-70.8486,42.8609],[-70.8173,42.8723]]]]},"properties":{"iso3":"USA","shapeId":"66186276B86627915353587","regionId":"USA.30_1","name":"New Hampshire"}},{"type":"Feature","geometry":{"type":"Polygon","coordinates":[[[-109.0452,36.9991],[-114.0506,37.0004],[-114.044,36.1934],[-114.1222,36.109],[-114.1122,36.095],[-114.1476,36.0252],[-114.2527,36.0202],[-114.3136,36.0591],[-114.307,36.0825],[-114.3721,36.1431],[-114.4092,36.147],[-114.4437,36.1256],[-114.4636,36.1397],[-114.5047,36.1272],[-114.5143,36.1508],[-114.6167,36.1301],[-114.6317,36.1423],[-114.7548,36.0847],[-114.7221,36.029],[-114.7428,36.01],[-114.7406,35.9757],[-114.7085,35.9123],[-114.6616,35.8711],[-114.7065,35.849],[-114.6953,35.8323],[-114.7121,35.8062],[-114.6957,35.756],[-114.7054,35.7083],[-114.6806,35.6855],[-114.6894,35.6514],[-114.6534,35.6108],[-114.6757,35.58],[-114.6569,35.5344],[-114.6792,35.5],[-114.6043,35.3536],[-114.5692,35.1835],[-114.5785,35.1288],[-114.6468,35.1019],[-114.6029,35.0686],[-114.6369,35.0284],[-114.6344,34.8729],[-114.5869,34.8357],[-114.5527,34.7669],[-114.4705,34.7114],[-114.4242,34.6105],[-114.4365,34.5954],[-114.3808,34.5297],[-114.3867,34.4579],[-114.3354,34.45],[-114.2261,34.3659],[-114.1769,34.3493],[-114.1383,34.3032],[-114.1312,34.2627],[-114.1618,34.257],[-114.2297,34.1869],[-114.4159,34.1076],[-114.4342,34.0874],[-114.4383,34.0226],[-114.5355,33.9347],[-114.5079,33.9038],[-114.5259,33.901],[-114.503,33.868],[-114.5285,33.8549],[-114.5281,33.815],[-114.4942,33.7079],[-114.5315,33.6751],[-114.5141,33.6602],[-114.5332,33.6517],[-114.5221,33.6113],[-114.5406,33.5914],[-114.5246,33.5522],[-114.5916,33.4994],[-114.6433,33.4167],[-114.7253,33.4051],[-114.698,33.3524],[-114.7312,33.3024],[-114.6721,33.2585],[-114.6896,33.2464],[-114.6754,33.1855],[-114.7065,33.0882],[-114.6623,33.0327],[-114.646,33.0489],[-114.6188,33.0272],[-114.5114,33.0235],[-114.4929,32.9718],[-114.4677,32.9669],[-114.4809,32.9353],[-114.4629,32.9079],[-114.469,32.8452],[-114.5289,32.7963],[-114.5392,32.7498],[-114.6184,32.7282],[-114.7019,32.7456],[-114.7644,32.6427],[-114.8094,32.6171],[-114.8136,32.5613],[-114.7916,32.557],[-114.8136,32.4943],[-111.0748,31.3322],[-109.0501,31.3325],[-109.0452,36.9991]]]},"properties":{"iso3":"USA","shapeId":"66186276B89395128410123","regionId":"USA.3_1","name":"Arizona"}},{"type":"Feature","geometry":{"type":"Polygon","coordinates":[[[-77.039,38.7917],[-76.9094,38.8928],[-77.041,38.9951],[-77.1198,38.9344],[-77.0406,38.8712],[-77.039,38.7917]]]},"properties":{"iso3":"USA","shapeId":"66186276B94082813086253","regionId":"USA.9_1","name":"District of Columbia"}},{"type":"Feature","geometry":{"type":"MultiPolygon","coordinates":[[[[-168.1458,-14.5479],[-168.1449,-14.5487],[-168.1433,-14.5474],[-168.1449,-14.5454],[-168.1458,-14.5479]]],[[[-168.1523,-14.5361],[-168.1509,-14.5377],[-168.1506,-14.5361],[-168.1523,-14.5361]]],[[[-169.5191,-14.2209],[-169.4906,-14.2718],[-169.4616,-14.2488],[-169.423,-14.255],[-169.4273,-14.2116],[-169.5191,-14.2209]]],[[[-169.632,-14.1688],[-169.6127,-14.1933],[-169.6103,-14.1566],[-169.632,-14.1688]]],[[[-169.6822,-14.1616],[-169.6699,-14.1856],[-169.6329,-14.1683],[-169.6822,-14.1616]]],[[[-169.6873,-14.1643],[-169.6844,-14.1723],[-169.6831,-14.1675],[-169.6844,-14.1654],[-169.6873,-14.1643]]],[[[-170.561,-14.2838],[-170.5617,-14.2857],[-170.5587,-14.288],[-170.5545,-14.2874],[-170.5506,-14.2892],[-170.5459,-14.2857],[-170.5458,-14.2832],[-170.549,-14.2796],[-170.5535,-14.2783],[-170.5585,-14.2797],[-170.561,-14.2838]]],[[[-170.847,-14.3208],[-170.795,-14.3315],[-170.7598,-14.3737],[-170.6997,-14.327],[-170.7166,-14.3172],[-170.6778,-14.2983],[-170.6995,-14.2711],[-170.6652,-14.2709],[-170.6633,-14.291],[-170.6147,-14.2681],[-170.6023,-14.2841],[-170.5645,-14.2698],[-170.5615,-14.2461],[-170.6524,-14.259],[-170.6751,-14.2504],[-170.6716,-14.2296],[-170.7235,-14.2886],[-170.7984,-14.2894],[-170.847,-14.3208]]],[[[-171.0899,-11.0526],[-171.0872,-11.0597],[-171.0809,-11.0646],[-171.0769,-11.0638],[-171.0677,-11.0571],[-171.0658,-11.0539],[-171.0688,-11.0487],[-171.0737,-11.0469],[-171.087,-11.0493],[-171.0899,-11.0526]]]]},"properties":{"iso3":"USA","shapeId":"66186276B68035916752114","regionId":null,"name":"American Samoa"}},{"type":"Feature","geometry":{"type":"MultiPolygon","coordinates":[[[[-64.628,17.7893],[-64.6279,17.7867],[-64.6221,17.7838],[-64.6113,17.7871],[-64.6229,17.7899],[-64.628,17.7893]]],[[[-64.7642,17.6849],[-64.7627,17.6826],[-64.7593,17.6837],[-64.7613,17.6861],[-64.7642,17.6849]]],[[[-64.7984,18.3313],[-64.7815,18.3105],[-64.747,18.3239],[-64.7031,18.2982],[-64.716,18.346],[-64.6941,18.3535],[-64.6732,18.33],[-64.6607,18.3432],[-64.7489,18.3729],[-64.7466,18.3557],[-64.7864,18.3531],[-64.7984,18.3313]]],[[[-64.8071,18.3683],[-64.8069,18.3669],[-64.8051,18.367],[-64.7976,18.3694],[-64.7991,18.3705],[-64.8071,18.3683]]],[[[-64.8134,18.3617],[-64.8086,18.3585],[-64.8063,18.3606],[-64.8014,18.3603],[-64.7977,18.364],[-64.8013,18.3656],[-64.8134,18.3617]]],[[[-64.8297,18.3001],[-64.8285,18.2976],[-64.8216,18.2971],[-64.8211,18.298],[-64.8238,18.3038],[-64.8297,18.3001]]],[[[-64.8355,18.3058],[-64.8342,18.3039],[-64.8286,18.3052],[-64.8264,18.31],[-64.823,18.3112],[-64.823,18.3135],[-64.8249,18.3138],[-64.8267,18.3166],[-64.8317,18.3153],[-64.8329,18.314],[-64.8309,18.3098],[-64.8355,18.3058]]],[[[-64.8396,18.3577],[-64.8363,18.3565],[-64.8295,18.358],[-64.8174,18.3577],[-64.8151,18.3599],[-64.8255,18.361],[-64.8396,18.3577]]],[[[-64.876,18.3606],[-64.8638,18.3574],[-64.8536,18.357],[-64.8509,18.3548],[-64.8476,18.3563],[-64.8488,18.3603],[-64.8532,18.3625],[-64.8566,18.36],[-64.865,18.3608],[-64.87,18.3632],[-64.876,18.3606]]],[[[-64.8982,18.2776],[-64.896,18.2741],[-64.8913,18.275],[-64.8869,18.2738],[-64.8855,18.2762],[-64.8937,18.2798],[-64.8982,18.2776]]],[[[-64.9036,17.6804],[-64.7657,17.6889],[-64.7711,17.709],[-64.7456,17.6924],[-64.5649,17.7555],[-64.6558,17.7637],[-64.6995,17.7453],[-64.7486,17.7836],[-64.8375,17.7615],[-64.8732,17.7708],[-64.894,17.7474],[-64.8841,17.7062],[-64.9036,17.6804]]],[[[-64.9103,18.4115],[-64.909,18.4078],[-64.9068,18.4065],[-64.9051,18.4059],[-64.9028,18.4079],[-64.9029,18.4104],[-64.9056,18.4123],[-64.9103,18.4115]]],[[[-64.9176,18.4045],[-64.9165,18.402],[-64.9125,18.4003],[-64.9132,18.3949],[-64.9076,18.3874],[-64.9052,18.3879],[-64.9034,18.3918],[-64.8992,18.3926],[-64.9053,18.4027],[-64.9127,18.4056],[-64.9176,18.4045]]],[[[-64.9393,18.3338],[-64.9332,18.3225],[-64.9321,18.3228],[-64.9301,18.3258],[-64.9307,18.3281],[-64.9361,18.3359],[-64.9393,18.3338]]],[[[-64.9613,18.3139],[-64.9595,18.3118],[-64.9599,18.3073],[-64.9573,18.3059],[-64.9545,18.3067],[-64.9527,18.309],[-64.9514,18.3192],[-64.9482,18.3207],[-64.9458,18.319],[-64.9444,18.3206],[-64.9419,18.317],[-64.9406,18.3172],[-64.9418,18.3271],[-64.9442,18.3296],[-64.9465,18.3298],[-64.9526,18.3231],[-64.9584,18.3203],[-64.9578,18.3163],[-64.9613,18.3139]]],[[[-64.9748,18.3951],[-64.9708,18.3915],[-64.9674,18.3929],[-64.9726,18.4002],[-64.975,18.4013],[-64.9735,18.3963],[-64.9748,18.3951]]],[[[-64.9761,18.3857],[-64.9732,18.381],[-64.9669,18.3763],[-64.9656,18.3767],[-64.9678,18.3842],[-64.9732,18.3867],[-64.9761,18.3857]]],[[[-65.0025,18.3052],[-65.0019,18.3034],[-64.9979,18.3054],[-65.0003,18.3074],[-65.0025,18.3052]]],[[[-65.0421,18.3533],[-64.9883,18.3501],[-64.9636,18.3244],[-64.9265,18.3399],[-64.9231,18.3197],[-64.8784,18.3026],[-64.8318,18.3241],[-64.9406,18.3833],[-64.9273,18.3588],[-64.9514,18.3763],[-65.0421,18.3533]]],[[[-65.0568,18.3635],[-65.0525,18.3593],[-65.0463,18.3568],[-65.0449,18.3563],[-65.0432,18.3588],[-65.0512,18.3639],[-65.0568,18.3635]]],[[[-65.0643,18.38],[-65.0612,18.3781],[-65.0592,18.381],[-65.062,18.3814],[-65.0643,18.38]]],[[[-65.0854,18.3367],[-65.0847,18.3351],[-65.08,18.337],[-65.0782,18.3361],[-65.0747,18.3389],[-65.0738,18.3422],[-65.0749,18.3468],[-65.0827,18.3414],[-65.0854,18.3367]]]]},"properties":{"iso3":"USA","shapeId":"66186276B43103824256708","regionId":null,"name":"United States Virgin Islands"}},{"type":"Feature","geometry":{"type":"Polygon","coordinates":[[[-75.4151,39.8019],[-75.5594,39.6298],[-75.5535,39.602],[-75.5115,39.5772],[-75.5429,39.4705],[-75.4652,39.4389],[-75.4278,39.3878],[-75.3644,39.3416],[-75.3337,39.3453],[-75.2974,39.2968],[-75.2517,39.3003],[-75.2416,39.2741],[-75.1704,39.2347],[-75.1674,39.2033],[-75.1369,39.1821],[-75.1074,39.2184],[-75.0298,39.2255],[-75.0289,39.1946],[-74.8999,39.1733],[-74.8925,39.1132],[-74.972,38.9404],[-74.8645,38.9404],[-74.7927,38.992],[-74.6135,39.2447],[-74.5526,39.3002],[-74.4127,39.3608],[-74.3286,39.4397],[-74.3119,39.4799],[-74.3238,39.5078],[-74.295,39.5018],[-74.2405,39.5549],[-74.094,39.758],[-74.0638,39.9789],[-73.9774,40.2994],[-73.981,40.4431],[-74.0051,40.483],[-74.0208,40.4752],[-73.9917,40.4429],[-74.0008,40.4116],[-74.1337,40.4568],[-74.1807,40.458],[-74.2059,40.4393],[-74.2619,40.4647],[-74.2727,40.4884],[-74.2523,40.5527],[-74.2145,40.565],[-74.186,40.6461],[-74.0933,40.6489],[-74.0245,40.7094],[-74.0138,40.7566],[-73.929,40.8896],[-73.894,40.9972],[-74.6949,41.3574],[-74.795,41.3204],[-74.8572,41.249],[-74.8821,41.1808],[-74.9917,41.0923],[-74.9684,41.0878],[-75.1306,40.9911],[-75.1338,40.971],[-75.051,40.8657],[-75.0958,40.8471],[-75.0839,40.8245],[-75.1085,40.7911],[-75.1716,40.7778],[-75.1965,40.7516],[-75.1821,40.7315],[-75.2039,40.6915],[-75.1768,40.6757],[-75.2018,40.6172],[-75.1832,40.5674],[-75.1173,40.5732],[-75.0686,40.5422],[-75.0588,40.4181],[-74.9681,40.3991],[-74.9397,40.338],[-74.8682,40.2952],[-74.8423,40.2505],[-74.7717,40.2153],[-74.7222,40.1499],[-74.7821,40.1208],[-74.8225,40.1269],[-74.8621,40.0833],[-74.9326,40.0688],[-75.1269,39.9611],[-75.1437,39.885],[-75.3418,39.8461],[-75.4151,39.8019]]]},"properties":{"iso3":"USA","shapeId":"66186276B73434888205604","regionId":"USA.31_1","name":"New Jersey"}},{"type":"Feature","geometry":{"type":"MultiPolygon","coordinates":[[[[-75.9939,37.9535],[-75.9863,38.022],[-76.0131,38.0398],[-76.041,38.032],[-76.0465,37.9536],[-75.9939,37.9535]]],[[[-76.0542,38.0943],[-76.0127,38.0721],[-76.0147,38.1316],[-76.048,38.1087],[-76.0335,38.091],[-76.0542,38.0943]]],[[[-76.0654,38.1298],[-76.0645,38.1255],[-76.0611,38.1269],[-76.0654,38.1298]]],[[[-76.0888,38.1631],[-76.0637,38.1709],[-76.0323,38.1483],[-76.0403,38.1657],[-76.0224,38.1738],[-76.0638,38.2051],[-76.0588,38.191],[-76.0872,38.192],[-76.0888,38.1631]]],[[[-76.0897,38.1468],[-76.0902,38.1448],[-76.0856,38.1386],[-76.0844,38.1454],[-76.0855,38.1468],[-76.0897,38.1468]]],[[[-76.0903,38.1197],[-76.0898,38.1151],[-76.0859,38.1167],[-76.0845,38.1227],[-76.0865,38.1244],[-76.0903,38.1197]]],[[[-76.0921,39.5352],[-76.0903,39.5338],[-76.0882,39.536],[-76.0901,39.5366],[-76.0921,39.5352]]],[[[-76.2492,38.9089],[-76.2489,38.9057],[-76.2458,38.9051],[-76.2432,38.9067],[-76.2431,38.9121],[-76.2466,38.9138],[-76.2491,38.9134],[-76.2476,38.911],[-76.2492,38.9089]]],[[[-76.2644,38.342],[-76.2656,38.3409],[-76.2577,38.3316],[-76.2577,38.3249],[-76.2545,38.3249],[-76.2518,38.3275],[-76.258,38.3352],[-76.259,38.3393],[-76.2546,38.3407],[-76.2594,38.3412],[-76.263,38.3439],[-76.2644,38.342]]],[[[-76.2723,39.2746],[-76.265,39.2795],[-76.2662,39.282],[-76.2643,39.2839],[-76.2619,39.2842],[-76.258,39.2878],[-76.2604,39.2925],[-76.2664,39.2905],[-76.2723,39.2746]]],[[[-76.3859,39.2493],[-76.3715,39.238],[-76.3438,39.2573],[-76.3859,39.2493]]],[[[-76.3907,38.7663],[-76.3836,38.7455],[-76.3633,38.7466],[-76.3752,38.7826],[-76.3907,38.7663]]],[[[-76.3959,39.2335],[-76.3955,39.2317],[-76.3929,39.2315],[-76.3895,39.2355],[-76.3959,39.2335]]],[[[-76.7473,38.2156],[-76.7475,38.2122],[-76.745,38.2072],[-76.7423,38.2091],[-76.7473,38.2156]]],[[[-76.7964,38.2382],[-76.7965,38.2365],[-76.7931,38.2352],[-76.7898,38.2384],[-76.7941,38.2392],[-76.7964,38.2382]]],[[[-76.8122,38.2523],[-76.8089,38.2509],[-76.8109,38.2529],[-76.8122,38.2523]]],[[[-75.2423,38.0272],[-75.0855,38.3243],[-75.0489,38.4513],[-75.6937,38.4601],[-75.7886,39.7222],[-79.4767,39.7211],[-79.4877,39.2799],[-79.4869,39.206],[-79.4732,39.2021],[-79.346,39.294],[-79.2902,39.2993],[-79.2539,39.3372],[-79.2563,39.3572],[-79.2143,39.3635],[-79.1786,39.3966],[-79.1621,39.3883],[-79.1602,39.4164],[-79.1438,39.4052],[-79.1106,39.4327],[-79.1032,39.476],[-79.0471,39.4834],[-78.9568,39.4403],[-78.9577,39.4639],[-78.8933,39.5238],[-78.8747,39.5226],[-78.8386,39.5673],[-78.8168,39.5617],[-78.826,39.5888],[-78.7959,39.6069],[-78.7953,39.6368],[-78.7658,39.6485],[-78.7775,39.6217],[-78.7336,39.6155],[-78.7769,39.604],[-78.7675,39.5875],[-78.734,39.5866],[-78.725,39.564],[-78.6756,39.5404],[-78.5916,39.5369],[-78.5659,39.5195],[-78.4712,39.5161],[-78.4486,39.54],[-78.4602,39.5512],[-78.4176,39.5472],[-78.4572,39.5874],[-78.3953,39.5842],[-78.4303,39.6233],[-78.3747,39.6086],[-78.3825,39.6282],[-78.3558,39.6263],[-78.3552,39.6406],[-78.2651,39.6193],[-78.2236,39.6611],[-78.2316,39.6744],[-78.1766,39.696],[-78.0823,39.6712],[-78.01,39.6029],[-77.9576,39.6086],[-77.9462,39.5848],[-77.9419,39.6188],[-77.8885,39.5974],[-77.8851,39.6158],[-77.838,39.6061],[-77.8363,39.5664],[-77.8889,39.556],[-77.8637,39.515],[-77.8254,39.5292],[-77.8457,39.4986],[-77.766,39.4957],[-77.7967,39.4805],[-77.7778,39.4619],[-77.7985,39.4607],[-77.7856,39.4454],[-77.8033,39.4371],[-77.7531,39.4233],[-77.74,39.4017],[-77.7611,39.3398],[-77.7274,39.3217],[-77.5666,39.3061],[-77.5406,39.265],[-77.4602,39.2284],[-77.5273,39.1462],[-77.4626,39.0763],[-77.2931,39.0465],[-77.246,39.0249],[-77.2446,38.9825],[-77.1482,38.965],[-77.1198,38.9344],[-77.041,38.9951],[-76.9094,38.8928],[-77.039,38.7917],[-77.0462,38.7144],[-77.0796,38.7128],[-77.1325,38.6738],[-77.1302,38.635],[-77.1105,38.6268],[-77.1832,38.6004],[-77.2377,38.5519],[-77.2742,38.4818],[-77.2502,38.3828],[-77.2073,38.3599],[-77.0164,38.4456],[-76.9783,38.3423],[-76.9303,38.3231],[-76.9239,38.2897],[-76.8421,38.2545],[-76.8337,38.2733],[-76.8693,38.3387],[-76.8561,38.3586],[-76.8271,38.3474],[-76.8416,38.3368],[-76.7786,38.2285],[-76.7523,38.2221],[-76.7321,38.246],[-76.5943,38.2158],[-76.553,38.1872],[-76.5299,38.1341],[-76.5021,38.1389],[-76.4733,38.103],[-76.4697,38.1534],[-76.4389,38.1608],[-76.4212,38.106],[-76.3923,38.1029],[-76.3222,38.0379],[-76.3413,38.1193],[-76.3201,38.1383],[-76.3993,38.2593],[-76.375,38.2994],[-76.4001,38.3095],[-76.4419,38.2916],[-76.4763,38.3136],[-76.4682,38.3289],[-76.4214,38.3189],[-76.3815,38.3853],[-76.506,38.5046],[-76.5262,38.7243],[-76.5494,38.7314],[-76.56,38.7626],[-76.4899,38.8387],[-76.4966,38.8531],[-76.5376,38.8486],[-76.4894,38.8874],[-76.5091,38.9199],[-76.4895,38.9274],[-76.4603,38.9072],[-76.4503,38.9411],[-76.4802,38.9777],[-76.4546,38.9745],[-76.4313,39.0015],[-76.4227,38.9866],[-76.3945,39.0127],[-76.4389,39.0528],[-76.4219,39.077],[-76.431,39.1321],[-76.4783,39.1671],[-76.5009,39.1554],[-76.5865,39.2613],[-76.5172,39.2416],[-76.4957,39.2019],[-76.4469,39.2183],[-76.4425,39.1954],[-76.3981,39.237],[-76.4225,39.2325],[-76.4366,39.2534],[-76.4019,39.2484],[-76.3828,39.2776],[-76.4088,39.3118],[-76.3833,39.2983],[-76.3682,39.3218],[-76.34,39.3045],[-76.3292,39.315],[-76.3518,39.3265],[-76.3306,39.3354],[-76.3571,39.3941],[-76.3071,39.3855],[-76.3237,39.3572],[-76.2957,39.35],[-76.2966,39.302],[-76.2817,39.2997],[-76.2566,39.3389],[-76.2869,39.369],[-76.2415,39.4613],[-76.2246,39.4257],[-76.2534,39.3667],[-76.227,39.3499],[-76.1003,39.4432],[-76.0605,39.4483],[-76.072,39.4751],[-76.1281,39.4867],[-76.0961,39.5369],[-76.0369,39.5529],[-76.0067,39.5389],[-75.9489,39.5932],[-76.0123,39.4531],[-75.9666,39.4628],[-76.041,39.3942],[-75.9861,39.3795],[-76.023,39.3619],[-76.1105,39.3723],[-76.1407,39.3277],[-76.1704,39.3321],[-76.1867,39.3145],[-76.1689,39.2903],[-76.2193,39.262],[-76.2746,39.1655],[-76.2761,39.1462],[-76.2449,39.1307],[-76.2318,39.0185],[-76.2015,39.0135],[-76.2034,39.0856],[-76.1452,39.0928],[-76.1842,39.0463],[-76.164,38.9995],[-76.2024,38.9731],[-76.2566,38.9754],[-76.3118,39.0353],[-76.3617,38.9392],[-76.3762,38.8505],[-76.3682,38.8361],[-76.331,38.8643],[-76.334,38.9181],[-76.3051,38.9243],[-76.2933,38.9032],[-76.2959,38.9287],[-76.2707,38.9421],[-76.2497,38.9209],[-76.2534,38.9649],[-76.2348,38.9425],[-76.21,38.9463],[-76.2003,38.803],[-76.1565,38.7689],[-76.1752,38.7544],[-76.2164,38.7867],[-76.2115,38.8055],[-76.2651,38.8454],[-76.255,38.8623],[-76.3346,38.7729],[-76.3442,38.6788],[-76.3232,38.6797],[-76.334,38.7031],[-76.3134,38.7491],[-76.2714,38.7091],[-76.2548,38.7492],[-76.2246,38.7604],[-76.2055,38.7392],[-76.2382,38.7369],[-76.2387,38.7129],[-76.2128,38.6819],[-76.1977,38.6711],[-76.1772,38.693],[-76.1472,38.6368],[-76.1108,38.6127],[-76.0831,38.6235],[-76.0265,38.5668],[-76.0883,38.5927],[-76.1143,38.583],[-76.1413,38.606],[-76.1613,38.5951],[-76.1702,38.6287],[-76.2124,38.6067],[-76.2354,38.627],[-76.2699,38.61],[-76.2846,38.6264],[-76.2662,38.5861],[-76.305,38.5725],[-76.2813,38.5611],[-76.2741,38.5312],[-76.2202,38.5319],[-76.2654,38.4975],[-76.3283,38.498],[-76.3316,38.4736],[-76.2828,38.4158],[-76.2781,38.3824],[-76.2329,38.3452],[-76.2264,38.31],[-76.1406,38.2318],[-76.1266,38.243],[-76.181,38.2706],[-76.1605,38.291],[-76.1988,38.2899],[-76.2203,38.3102],[-76.231,38.3933],[-76.2138,38.3869],[-76.2187,38.3651],[-76.1824,38.3596],[-76.1595,38.3274],[-76.1827,38.3368],[-76.1972,38.3169],[-76.132,38.3078],[-76.1492,38.2719],[-76.1235,38.2811],[-76.1307,38.3013],[-76.1058,38.3016],[-76.1159,38.2915],[-76.077,38.2692],[-76.1076,38.2625],[-76.032,38.2167],[-76.0585,38.2502],[-76.0406,38.2503],[-76.027,38.2814],[-76.0628,38.3046],[-76.0172,38.3329],[-76.0114,38.3768],[-75.9573,38.3476],[-75.9653,38.3225],[-76.0174,38.3091],[-75.9619,38.2514],[-75.9703,38.2338],[-75.9407,38.2469],[-75.9549,38.264],[-75.9122,38.3432],[-75.8636,38.3595],[-75.8654,38.3812],[-75.8493,38.365],[-75.9203,38.2644],[-75.8914,38.2276],[-75.8767,38.2548],[-75.8013,38.2537],[-75.8613,38.2327],[-75.8203,38.2308],[-75.8264,38.2169],[-75.9424,38.1871],[-75.9596,38.1371],[-75.9418,38.1119],[-75.9206,38.1314],[-75.9257,38.151],[-75.8686,38.1344],[-75.8329,38.1517],[-75.7885,38.1458],[-75.8383,38.1262],[-75.8788,38.0761],[-75.871,38.0592],[-75.8242,38.0722],[-75.8129,38.0589],[-75.7882,38.0861],[-75.7737,38.0771],[-75.8435,38.0275],[-75.8708,38.035],[-75.8984,37.9748],[-75.8619,37.9734],[-75.8657,37.9515],[-75.8899,37.9537],[-75.885,37.9117],[-75.821,37.9389],[-75.8187,37.9673],[-75.8093,37.9552],[-75.7465,37.9698],[-75.7468,37.9877],[-75.7365,37.9632],[-75.7161,37.989],[-75.6569,37.9533],[-75.6243,37.9942],[-75.2423,38.0272]]]]},"properties":{"iso3":"USA","shapeId":"66186276B21291522594454","regionId":"USA.21_1","name":"Maryland"}},{"type":"Feature","geometry":{"type":"MultiPolygon","coordinates":[[[[-67.3558,44.6423],[-67.3539,44.6411],[-67.3522,44.6448],[-67.3544,44.6446],[-67.3558,44.6423]]],[[[-67.3596,44.5797],[-67.3578,44.5756],[-67.3553,44.5762],[-67.3506,44.5842],[-67.3523,44.5852],[-67.3556,44.5837],[-67.3596,44.5797]]],[[[-67.3615,44.6489],[-67.3632,44.6473],[-67.3598,44.6455],[-67.3567,44.6468],[-67.3551,44.6495],[-67.3567,44.6539],[-67.361,44.6521],[-67.3598,44.6502],[-67.3615,44.6489]]],[[[-67.3679,44.57],[-67.3672,44.5674],[-67.3614,44.5731],[-67.3625,44.5739],[-67.3679,44.57]]],[[[-67.3693,44.6692],[-67.3667,44.6644],[-67.3608,44.6649],[-67.356,44.6636],[-67.3558,44.6658],[-67.3503,44.6693],[-67.3641,44.6676],[-67.3693,44.6692]]],[[[-67.3741,44.5932],[-67.3667,44.5997],[-67.3686,44.6019],[-67.3727,44.5986],[-67.3741,44.5932]]],[[[-67.3931,44.5985],[-67.3929,44.5966],[-67.3903,44.5957],[-67.3893,44.5986],[-67.3836,44.6017],[-67.3856,44.6039],[-67.3884,44.6032],[-67.3931,44.5985]]],[[[-67.3961,44.5745],[-67.3959,44.5725],[-67.3922,44.5744],[-67.3943,44.5765],[-67.3961,44.5745]]],[[[-67.3967,44.5885],[-67.3961,44.5832],[-67.3926,44.5849],[-67.3934,44.5897],[-67.3967,44.5885]]],[[[-67.4076,44.5728],[-67.408,44.569],[-67.4062,44.568],[-67.4036,44.5751],[-67.4076,44.5728]]],[[[-67.4295,44.5974],[-67.4278,44.5953],[-67.4269,44.5988],[-67.4295,44.5974]]],[[[-67.4439,44.5554],[-67.4352,44.5556],[-67.4316,44.5573],[-67.4334,44.5589],[-67.4439,44.5554]]],[[[-67.4649,44.571],[-67.4606,44.5697],[-67.4537,44.5724],[-67.4577,44.5755],[-67.4649,44.571]]],[[[-67.4745,44.5683],[-67.4742,44.5667],[-67.4713,44.5665],[-67.4696,44.568],[-67.4714,44.5691],[-67.4745,44.5683]]],[[[-67.4833,44.561],[-67.4816,44.5601],[-67.4784,44.5651],[-67.481,44.5651],[-67.4833,44.561]]],[[[-67.4913,44.6037],[-67.4915,44.6017],[-67.4865,44.6002],[-67.4903,44.6044],[-67.4913,44.6037]]],[[[-67.5074,44.6228],[-67.5084,44.6211],[-67.5039,44.6171],[-67.4977,44.6215],[-67.5074,44.6228]]],[[[-67.5369,44.5321],[-67.5338,44.5292],[-67.5292,44.532],[-67.5369,44.5321]]],[[[-67.5416,44.5893],[-67.5105,44.5531],[-67.4891,44.5597],[-67.52,44.5797],[-67.4815,44.5804],[-67.5142,44.5977],[-67.5416,44.5893]]],[[[-67.5638,44.5106],[-67.539,44.4721],[-67.5106,44.4964],[-67.5347,44.5196],[-67.5638,44.5106]]],[[[-67.6027,44.4442],[-67.6,44.4418],[-67.5956,44.4441],[-67.6027,44.4442]]],[[[-67.6119,44.4527],[-67.6142,44.4489],[-67.6116,44.4436],[-67.6087,44.4436],[-67.6056,44.4459],[-67.6094,44.4479],[-67.6092,44.4509],[-67.6119,44.4527]]],[[[-67.6213,44.5078],[-67.5892,44.4473],[-67.5666,44.4558],[-67.5906,44.4942],[-67.5773,44.5217],[-67.6027,44.509],[-67.5992,44.5226],[-67.618,44.5216],[-67.6213,44.5078]]],[[[-67.6229,44.4645],[-67.6229,44.4624],[-67.6184,44.4602],[-67.6158,44.4614],[-67.6165,44.4634],[-67.6229,44.4645]]],[[[-67.6348,44.4907],[-67.6358,44.4879],[-67.6315,44.4877],[-67.6296,44.4987],[-67.6329,44.4992],[-67.6348,44.4907]]],[[[-67.6477,44.5145],[-67.6489,44.5111],[-67.6451,44.5046],[-67.6417,44.5046],[-67.6341,44.5111],[-67.6282,44.5114],[-67.6256,44.5133],[-67.6282,44.515],[-67.641,44.5138],[-67.6448,44.5175],[-67.6477,44.5145]]],[[[-67.6629,44.5146],[-67.6631,44.5126],[-67.661,44.5116],[-67.6586,44.5131],[-67.6593,44.516],[-67.6629,44.5146]]],[[[-67.6693,44.5244],[-67.6676,44.5217],[-67.6652,44.5217],[-67.6633,44.5273],[-67.6586,44.5308],[-67.6617,44.5324],[-67.665,44.5315],[-67.6693,44.5244]]],[[[-67.6738,44.4905],[-67.6719,44.4878],[-67.6669,44.49],[-67.6629,44.4944],[-67.6643,44.4951],[-67.6738,44.4905]]],[[[-67.6767,44.4704],[-67.6738,44.4656],[-67.6726,44.4733],[-67.6767,44.4704]]],[[[-67.6769,44.463],[-67.6695,44.4606],[-67.6686,44.4627],[-67.6769,44.463]]],[[[-67.6776,44.4827],[-67.6804,44.4804],[-67.6762,44.4758],[-67.6732,44.4759],[-67.6706,44.4812],[-67.6639,44.4848],[-67.6662,44.4857],[-67.6738,44.4817],[-67.6776,44.4827]]],[[[-67.6988,44.4878],[-67.6986,44.4851],[-67.6927,44.4837],[-67.693,44.4864],[-67.6988,44.4878]]],[[[-67.7086,44.4607],[-67.7068,44.4569],[-67.7044,44.4606],[-67.7086,44.4607]]],[[[-67.7408,44.4701],[-67.7408,44.4664],[-67.7377,44.463],[-67.7332,44.4652],[-67.7323,44.4674],[-67.7342,44.4693],[-67.7408,44.4701]]],[[[-67.7467,44.4653],[-67.7475,44.4638],[-67.7451,44.4623],[-67.743,44.4652],[-67.7467,44.4653]]],[[[-67.7593,44.4984],[-67.7598,44.4963],[-67.7572,44.4949],[-67.7558,44.4961],[-67.7515,44.4949],[-67.753,44.5051],[-67.7563,44.5029],[-67.7567,44.4978],[-67.7593,44.4984]]],[[[-67.7665,44.531],[-67.7658,44.5295],[-67.7622,44.5293],[-67.7589,44.5313],[-67.7596,44.533],[-67.7665,44.531]]],[[[-67.766,44.5376],[-67.7674,44.5344],[-67.7639,44.5344],[-67.7613,44.5374],[-67.7634,44.5384],[-67.766,44.5376]]],[[[-67.7922,44.4808],[-67.796,44.4762],[-67.7915,44.4767],[-67.789,44.4724],[-67.7841,44.4728],[-67.7798,44.4771],[-67.7922,44.4808]]],[[[-67.8059,44.5173],[-67.8024,44.513],[-67.804,44.5191],[-67.8059,44.5173]]],[[[-67.8195,44.5107],[-67.8166,44.5074],[-67.8174,44.503],[-67.8145,44.4966],[-67.8076,44.4912],[-67.8062,44.4859],[-67.8002,44.4821],[-67.7967,44.4829],[-67.7912,44.4939],[-67.8026,44.4978],[-67.8047,44.5081],[-67.8105,44.5127],[-67.8162,44.5132],[-67.8195,44.5107]]],[[[-67.8244,44.445],[-67.8255,44.4429],[-67.8238,44.4413],[-67.8214,44.4423],[-67.8217,44.4471],[-67.8244,44.445]]],[[[-67.8359,44.5366],[-67.8328,44.52],[-67.8297,44.5164],[-67.8242,44.5176],[-67.8233,44.5191],[-67.8261,44.5227],[-67.825,44.5269],[-67.8288,44.5361],[-67.8257,44.5408],[-67.8328,44.54],[-67.8359,44.5366]]],[[[-67.8349,44.4854],[-67.8359,44.4818],[-67.8321,44.4796],[-67.8293,44.4827],[-67.8273,44.4813],[-67.8226,44.4847],[-67.8226,44.4873],[-67.8261,44.4907],[-67.8283,44.4856],[-67.8349,44.4854]]],[[[-67.8395,44.5444],[-67.839,44.5423],[-67.8316,44.5451],[-67.8259,44.5451],[-67.8259,44.5495],[-67.8342,44.5479],[-67.8361,44.5522],[-67.838,44.5513],[-67.8373,44.5461],[-67.8395,44.5444]]],[[[-67.8421,44.4623],[-67.8387,44.4518],[-67.8407,44.4474],[-67.8328,44.4523],[-67.8306,44.4567],[-67.8379,44.4647],[-67.8421,44.4623]]],[[[-67.8556,44.4498],[-67.854,44.4481],[-67.8492,44.4476],[-67.8461,44.4476],[-67.8452,44.4498],[-67.8499,44.453],[-67.8556,44.4498]]],[[[-67.8749,44.3746],[-67.8654,44.3659],[-67.8635,44.3678],[-67.8673,44.3724],[-67.8713,44.3749],[-67.8749,44.3746]]],[[[-67.8756,44.4457],[-67.8551,44.4187],[-67.863,44.4545],[-67.8756,44.4457]]],[[[-68.0352,44.3327],[-68.0344,44.3278],[-68.0315,44.3251],[-68.0291,44.336],[-68.0321,44.3367],[-68.0352,44.3327]]],[[[-68.1038,44.3644],[-68.1033,44.3583],[-68.0947,44.3515],[-68.0938,44.3562],[-68.0971,44.362],[-68.1004,44.3654],[-68.1038,44.3644]]],[[[-68.1382,44.4174],[-68.1323,44.4148],[-68.128,44.4067],[-68.1211,44.4065],[-68.1178,44.4096],[-68.1206,44.4145],[-68.1261,44.4186],[-68.1382,44.4174]]],[[[-68.142,44.4359],[-68.143,44.4289],[-68.1401,44.4255],[-68.1339,44.4274],[-68.129,44.4384],[-68.1251,44.4421],[-68.1249,44.4454],[-68.1299,44.4493],[-68.1347,44.4501],[-68.1394,44.4442],[-68.142,44.4359]]],[[[-68.1492,44.387],[-68.1339,44.3793],[-68.1294,44.4048],[-68.1492,44.387]]],[[[-68.1603,44.4671],[-68.1622,44.4652],[-68.157,44.4632],[-68.1518,44.4583],[-68.1456,44.4574],[-68.1541,44.465],[-68.1603,44.4671]]],[[[-68.1663,44.4067],[-68.1693,44.403],[-68.1658,44.4004],[-68.1591,44.4058],[-68.1546,44.4135],[-68.1594,44.4121],[-68.1663,44.4067]]],[[[-68.1817,44.4042],[-68.1765,44.4026],[-68.1758,44.4056],[-68.1784,44.4073],[-68.1817,44.4042]]],[[[-68.1841,44.3881],[-68.182,44.3853],[-68.1779,44.3865],[-68.1787,44.3884],[-68.1841,44.3881]]],[[[-68.19,44.4686],[-68.1917,44.4674],[-68.1663,44.463],[-68.166,44.4645],[-68.1739,44.4673],[-68.19,44.4686]]],[[[-68.1967,44.4002],[-68.1917,44.3989],[-68.1909,44.4012],[-68.1948,44.4016],[-68.1967,44.4002]]],[[[-68.2036,44.2428],[-68.2032,44.2393],[-68.199,44.2367],[-68.1931,44.239],[-68.1936,44.2441],[-68.1977,44.2464],[-68.2026,44.2455],[-68.2036,44.2428]]],[[[-68.2041,44.4951],[-68.2064,44.493],[-68.2012,44.4907],[-68.1998,44.4917],[-68.201,44.494],[-68.2041,44.4951]]],[[[-68.2129,44.4766],[-68.2131,44.4749],[-68.2098,44.4739],[-68.2038,44.4751],[-68.2045,44.4774],[-68.2083,44.4759],[-68.2129,44.4766]]],[[[-68.214,44.3989],[-68.211,44.3968],[-68.2022,44.3974],[-68.2026,44.4004],[-68.214,44.3989]]],[[[-68.2402,44.2647],[-68.2405,44.2514],[-68.2105,44.2569],[-68.2402,44.2647]]],[[[-68.2489,44.1758],[-68.2455,44.1702],[-68.2392,44.1746],[-68.242,44.1767],[-68.2489,44.1758]]],[[[-68.253,44.1551],[-68.2498,44.144],[-68.2464,44.1412],[-68.2436,44.1428],[-68.2467,44.1517],[-68.2423,44.1574],[-68.2461,44.1584],[-68.253,44.1551]]],[[[-68.2701,44.2758],[-68.2697,44.2729],[-68.2632,44.2703],[-68.2487,44.2702],[-68.2457,44.2742],[-68.2483,44.277],[-68.2552,44.2754],[-68.2701,44.2758]]],[[[-68.2694,44.2856],[-68.2706,44.2833],[-68.2685,44.2821],[-68.2661,44.2828],[-68.2656,44.285],[-68.2694,44.2856]]],[[[-68.2747,44.2587],[-68.2744,44.2371],[-68.239,44.24],[-68.2747,44.2587]]],[[[-68.3041,44.2838],[-68.3029,44.277],[-68.2956,44.2775],[-68.291,44.2759],[-68.2934,44.2787],[-68.3041,44.2838]]],[[[-68.3424,44.1937],[-68.3143,44.1976],[-68.3334,44.2087],[-68.3424,44.1937]]],[[[-68.3452,44.4364],[-68.3457,44.4342],[-68.3417,44.4286],[-68.3345,44.4326],[-68.3372,44.4357],[-68.3452,44.4364]]],[[[-68.354,44.1802],[-68.3534,44.1747],[-68.3488,44.1674],[-68.3474,44.1695],[-68.3398,44.1703],[-68.3348,44.1768],[-68.3359,44.1818],[-68.3388,44.1847],[-68.3483,44.1864],[-68.354,44.1802]]],[[[-68.3719,44.1453],[-68.3719,44.1379],[-68.3685,44.1391],[-68.3697,44.1454],[-68.3719,44.1453]]],[[[-68.3766,44.1138],[-68.3683,44.0973],[-68.3298,44.1105],[-68.35,44.1287],[-68.3766,44.1138]]],[[[-68.376,44.1874],[-68.3788,44.1845],[-68.3704,44.1802],[-68.3624,44.1843],[-68.3498,44.1954],[-68.3542,44.1995],[-68.3603,44.1988],[-68.3696,44.1942],[-68.376,44.1874]]],[[[-68.3821,44.1441],[-68.3834,44.1418],[-68.3809,44.1391],[-68.3771,44.1448],[-68.3821,44.1441]]],[[[-68.3942,44.4097],[-68.3906,44.4033],[-68.3842,44.4063],[-68.3892,44.4133],[-68.3942,44.4097]]],[[[-68.4072,44.1111],[-68.4085,44.1085],[-68.4037,44.1077],[-68.4013,44.1113],[-68.4072,44.1111]]],[[[-68.4356,44.2935],[-68.4366,44.292],[-68.4321,44.2859],[-68.4301,44.2882],[-68.4315,44.2911],[-68.4356,44.2935]]],[[[-68.4562,44.3118],[-68.4536,44.3057],[-68.4558,44.2998],[-68.4544,44.2983],[-68.4489,44.2976],[-68.4474,44.3021],[-68.4496,44.309],[-68.4482,44.312],[-68.4503,44.3137],[-68.455,44.3133],[-68.4562,44.3118]]],[[[-68.4569,44.3443],[-68.4318,44.3243],[-68.4208,44.3752],[-68.4569,44.3443]]],[[[-68.4612,44.2601],[-68.4584,44.2542],[-68.4534,44.2562],[-68.455,44.2589],[-68.4612,44.2601]]],[[[-68.4698,44.2152],[-68.4698,44.2131],[-68.465,44.2099],[-68.4679,44.2162],[-68.4698,44.2152]]],[[[-68.4701,44.2017],[-68.4681,44.1996],[-68.4592,44.1977],[-68.4542,44.1995],[-68.4538,44.2017],[-68.4584,44.2055],[-68.4648,44.207],[-68.4657,44.2037],[-68.4701,44.2017]]],[[[-68.4778,44.102],[-68.4776,44.1004],[-68.473,44.0982],[-68.4698,44.1014],[-68.4727,44.103],[-68.4778,44.102]]],[[[-68.4826,44.2278],[-68.4836,44.2245],[-68.4795,44.2198],[-68.4733,44.2194],[-68.4688,44.2225],[-68.4676,44.2247],[-68.47,44.2288],[-68.476,44.2312],[-68.4826,44.2278]]],[[[-68.4907,44.2027],[-68.4903,44.1999],[-68.4783,44.1981],[-68.4724,44.2031],[-68.4712,44.2073],[-68.4767,44.215],[-68.4814,44.2169],[-68.4861,44.2134],[-68.4907,44.2027]]],[[[-68.4933,44.2826],[-68.4866,44.2691],[-68.4688,44.2635],[-68.4674,44.2676],[-68.4693,44.2705],[-68.4821,44.2794],[-68.4907,44.2833],[-68.4933,44.2826]]],[[[-68.5038,44.1456],[-68.5039,44.1429],[-68.5009,44.1416],[-68.4978,44.1431],[-68.5038,44.1456]]],[[[-68.5012,44.154],[-68.484,44.1426],[-68.4558,44.1603],[-68.4385,44.1162],[-68.3833,44.1559],[-68.4244,44.1908],[-68.4218,44.1749],[-68.4482,44.1729],[-68.4515,44.1917],[-68.5012,44.154]]],[[[-68.5187,44.1132],[-68.5036,44.0966],[-68.4909,44.1234],[-68.5187,44.1132]]],[[[-68.5304,44.3336],[-68.4788,44.3196],[-68.5014,44.3823],[-68.5186,44.381],[-68.5304,44.3336]]],[[[-68.553,44.2276],[-68.5513,44.2244],[-68.5449,44.2203],[-68.535,44.224],[-68.5297,44.2225],[-68.5283,44.2252],[-68.5499,44.2284],[-68.553,44.2276]]],[[[-68.5593,44.045],[-68.5592,44.0406],[-68.556,44.0395],[-68.5539,44.0465],[-68.555,44.0492],[-68.5593,44.045]]],[[[-68.5725,44.2169],[-68.5646,44.2119],[-68.5596,44.2131],[-68.5679,44.2177],[-68.5725,44.2169]]],[[[-68.5791,44.0976],[-68.5765,44.0952],[-68.5727,44.0971],[-68.5713,44.1],[-68.5731,44.1017],[-68.5757,44.1015],[-68.5791,44.0976]]],[[[-68.5886,44.1469],[-68.5851,44.1425],[-68.5789,44.146],[-68.5787,44.1482],[-68.5825,44.1496],[-68.5886,44.1469]]],[[[-68.5893,44.2313],[-68.5917,44.23],[-68.5872,44.2264],[-68.5782,44.2267],[-68.576,44.2293],[-68.5815,44.2324],[-68.5893,44.2313]]],[[[-68.5922,44.0675],[-68.5931,44.0634],[-68.5906,44.0587],[-68.5841,44.0716],[-68.5881,44.0723],[-68.5922,44.0675]]],[[[-68.5986,44.146],[-68.595,44.1423],[-68.5934,44.1452],[-68.5986,44.146]]],[[[-68.6055,44.1788],[-68.6069,44.1761],[-68.5986,44.1746],[-68.5968,44.1756],[-68.5967,44.1776],[-68.6055,44.1788]]],[[[-68.6103,44.1431],[-68.6114,44.142],[-68.6086,44.1372],[-68.6055,44.1355],[-68.6015,44.1387],[-68.6024,44.1421],[-68.6103,44.1431]]],[[[-68.6212,44.1506],[-68.6214,44.1472],[-68.6176,44.1454],[-68.6122,44.146],[-68.6096,44.1482],[-68.612,44.1496],[-68.6133,44.1576],[-68.6174,44.1564],[-68.6212,44.1506]]],[[[-68.6217,44.1425],[-68.6236,44.1406],[-68.6171,44.1367],[-68.6176,44.1423],[-68.6217,44.1425]]],[[[-68.6274,44.1252],[-68.6297,44.1232],[-68.6231,44.1194],[-68.619,44.1196],[-68.615,44.1205],[-68.6081,44.1286],[-68.6119,44.1281],[-68.6188,44.1304],[-68.6207,44.1264],[-68.6274,44.1252]]],[[[-68.6345,44.1377],[-68.6345,44.1362],[-68.6269,44.1338],[-68.6269,44.1353],[-68.6345,44.1377]]],[[[-68.635,44.1513],[-68.6338,44.145],[-68.6288,44.1478],[-68.6238,44.1479],[-68.6267,44.1515],[-68.6309,44.1529],[-68.635,44.1513]]],[[[-68.64,44.1281],[-68.6398,44.1236],[-68.6333,44.1254],[-68.6297,44.1288],[-68.6338,44.13],[-68.64,44.1281]]],[[[-68.6476,44.1339],[-68.6471,44.1305],[-68.6445,44.131],[-68.6412,44.1355],[-68.6447,44.136],[-68.6476,44.1339]]],[[[-68.6497,44.1488],[-68.648,44.1478],[-68.644,44.1486],[-68.6407,44.1527],[-68.6478,44.152],[-68.6497,44.1488]]],[[[-68.6554,44.1459],[-68.6526,44.1411],[-68.649,44.143],[-68.6485,44.1455],[-68.6554,44.1459]]],[[[-68.6579,44.1289],[-68.6576,44.1271],[-68.6516,44.1264],[-68.6504,44.1281],[-68.6514,44.1297],[-68.6579,44.1289]]],[[[-68.6588,44.1102],[-68.6588,44.1073],[-68.6514,44.1058],[-68.6513,44.1014],[-68.6372,44.0994],[-68.6375,44.1043],[-68.6424,44.1061],[-68.6412,44.1086],[-68.6542,44.1111],[-68.6588,44.1102]]],[[[-68.6711,44.0759],[-68.6507,44.0651],[-68.6608,44.0479],[-68.6409,44.0506],[-68.657,44.0038],[-68.6278,44.0216],[-68.6017,44.0125],[-68.6086,44.0943],[-68.6711,44.0759]]],[[[-68.7316,44.2227],[-68.7129,44.1965],[-68.7206,44.1668],[-68.6662,44.135],[-68.668,44.1523],[-68.6145,44.1809],[-68.6205,44.2002],[-68.6024,44.2104],[-68.5886,44.1978],[-68.601,44.192],[-68.5641,44.1917],[-68.6248,44.2588],[-68.6706,44.2799],[-68.6951,44.2356],[-68.7316,44.2227]]],[[[-68.7436,44.3014],[-68.6827,44.2732],[-68.682,44.288],[-68.7436,44.3014]]],[[[-68.7499,44.3013],[-68.7478,44.2987],[-68.7473,44.3007],[-68.7499,44.3013]]],[[[-68.7512,43.8854],[-68.7506,43.8829],[-68.748,43.884],[-68.7418,43.883],[-68.7407,43.886],[-68.7331,43.8882],[-68.7317,43.8935],[-68.7344,43.8926],[-68.7355,43.8895],[-68.7437,43.8856],[-68.7512,43.8854]]],[[[-68.7575,44.2706],[-68.7576,44.2688],[-68.7524,44.265],[-68.754,44.2626],[-68.7403,44.2624],[-68.7343,44.2599],[-68.7305,44.2627],[-68.736,44.2637],[-68.735,44.2657],[-68.7393,44.269],[-68.7458,44.2669],[-68.7575,44.2706]]],[[[-68.7647,44.2456],[-68.7647,44.2415],[-68.762,44.2415],[-68.7607,44.2399],[-68.7498,44.2429],[-68.753,44.2462],[-68.76,44.2477],[-68.7624,44.248],[-68.7647,44.2456]]],[[[-68.7873,44.2114],[-68.78,44.201],[-68.7684,44.2184],[-68.7873,44.2114]]],[[[-68.7899,44.14],[-68.7922,44.1368],[-68.7828,44.1408],[-68.7804,44.1431],[-68.7811,44.1449],[-68.7864,44.1441],[-68.7899,44.14]]],[[[-68.7981,44.2853],[-68.794,44.2827],[-68.7952,44.2805],[-68.7852,44.2841],[-68.7937,44.287],[-68.7981,44.2853]]],[[[-68.7994,44.2359],[-68.7998,44.2314],[-68.7964,44.2282],[-68.7971,44.2238],[-68.7937,44.2259],[-68.7855,44.2248],[-68.7812,44.2263],[-68.788,44.2348],[-68.7921,44.2367],[-68.7994,44.2359]]],[[[-68.8035,44.1415],[-68.8025,44.1374],[-68.8013,44.1402],[-68.7945,44.1425],[-68.7914,44.147],[-68.8009,44.1441],[-68.8035,44.1415]]],[[[-68.8109,44.2952],[-68.8135,44.2947],[-68.8004,44.2887],[-68.8044,44.2936],[-68.8109,44.2952]]],[[[-68.8256,44.2925],[-68.8244,44.2901],[-68.8192,44.2904],[-68.8175,44.2933],[-68.8256,44.2925]]],[[[-68.8265,44.1364],[-68.8213,44.134],[-68.819,44.1344],[-68.8175,44.137],[-68.811,44.1384],[-68.808,44.1373],[-68.8059,44.1385],[-68.8073,44.1405],[-68.8056,44.1429],[-68.8078,44.1441],[-68.8142,44.1407],[-68.8239,44.1396],[-68.8265,44.1364]]],[[[-68.8265,43.8477],[-68.8241,43.8467],[-68.8163,43.855],[-68.8097,43.8569],[-68.8112,43.8602],[-68.8158,43.8616],[-68.8265,43.8477]]],[[[-68.8294,44.261],[-68.8239,44.2571],[-68.8163,44.2584],[-68.8244,44.2622],[-68.8275,44.2625],[-68.8294,44.261]]],[[[-68.8304,44.2169],[-68.8223,44.2182],[-68.8249,44.2261],[-68.826,44.2202],[-68.8304,44.2169]]],[[[-68.8314,44.2338],[-68.8311,44.2311],[-68.8281,44.2291],[-68.8213,44.229],[-68.8187,44.2264],[-68.82,44.2354],[-68.8156,44.2378],[-68.8184,44.2404],[-68.8182,44.2433],[-68.8276,44.2404],[-68.8275,44.2358],[-68.8314,44.2338]]],[[[-68.8513,44.2331],[-68.8523,44.2287],[-68.8482,44.2293],[-68.8469,44.2311],[-68.8507,44.2367],[-68.8513,44.2331]]],[[[-68.863,44.259],[-68.8621,44.2552],[-68.8601,44.2559],[-68.8589,44.2606],[-68.863,44.259]]],[[[-68.8931,44.0366],[-68.8938,44.0331],[-68.8914,44.0299],[-68.8891,44.0304],[-68.8903,44.0326],[-68.8843,44.0308],[-68.8891,44.0394],[-68.8924,44.0392],[-68.8931,44.0366]]],[[[-68.8991,43.8219],[-68.8914,43.8203],[-68.8867,43.8222],[-68.8836,43.8323],[-68.8781,43.834],[-68.8762,43.8366],[-68.8776,43.8384],[-68.8843,43.8383],[-68.8869,43.8358],[-68.8911,43.8355],[-68.8937,43.8331],[-68.8948,43.8263],[-68.8991,43.8219]]],[[[-68.9059,43.8539],[-68.9077,43.8494],[-68.8962,43.8485],[-68.8959,43.851],[-68.8914,43.8509],[-68.8922,43.8542],[-68.8895,43.8556],[-68.8864,43.8545],[-68.8819,43.8599],[-68.8788,43.8583],[-68.8817,43.8686],[-68.8901,43.8755],[-68.9024,43.8692],[-68.9007,43.8659],[-68.9016,43.8579],[-68.9059,43.8539]]],[[[-68.9083,44.0613],[-68.8952,44.0493],[-68.8943,44.0649],[-68.9083,44.0613]]],[[[-68.9118,44.0964],[-68.8957,44.0683],[-68.8955,44.0869],[-68.8798,44.0751],[-68.8628,44.025],[-68.8066,44.0353],[-68.7745,44.0644],[-68.8061,44.1168],[-68.8372,44.1166],[-68.8396,44.132],[-68.866,44.1007],[-68.8636,44.1193],[-68.899,44.1234],[-68.9118,44.0964]]],[[[-68.9161,44.0475],[-68.918,44.0458],[-68.9121,44.0415],[-68.9063,44.0449],[-68.9104,44.0531],[-68.9135,44.0538],[-68.9161,44.0475]]],[[[-68.9423,44.2844],[-68.9273,44.29],[-68.9216,44.2723],[-68.9302,44.231],[-68.8864,44.3044],[-68.8973,44.3266],[-68.8604,44.3649],[-68.8801,44.3931],[-68.9116,44.365],[-68.918,44.3245],[-68.9026,44.3245],[-68.9423,44.2844]]],[[[-68.9443,44.1127],[-68.8881,44.1449],[-68.8753,44.1424],[-68.9035,44.1274],[-68.8021,44.1506],[-68.8247,44.1861],[-68.8461,44.1844],[-68.9159,44.149],[-68.9443,44.1127]]],[[[-68.9519,44.2196],[-68.9508,44.2171],[-68.9482,44.2199],[-68.944,44.2207],[-68.9397,44.2265],[-68.9378,44.234],[-68.9325,44.2416],[-68.9318,44.2486],[-68.9404,44.2449],[-68.9385,44.2384],[-68.9519,44.2196]]],[[[-68.9647,44.1947],[-68.9651,44.1919],[-68.9615,44.1895],[-68.9587,44.1921],[-68.9601,44.1943],[-68.9579,44.1965],[-68.9589,44.1981],[-68.9524,44.2057],[-68.9535,44.2083],[-68.9568,44.2076],[-68.9582,44.2026],[-68.9644,44.2008],[-68.9647,44.1947]]],[[[-68.9656,44.2554],[-68.9459,44.2483],[-68.9333,44.2728],[-68.9656,44.2554]]],[[[-68.9835,44.1751],[-68.9841,44.1721],[-68.9824,44.1714],[-68.9801,44.1726],[-68.9796,44.1755],[-68.9813,44.1769],[-68.9835,44.1751]]],[[[-69.0145,43.9087],[-69.0129,43.901],[-69.0112,43.8998],[-69.0048,43.9013],[-69.0078,43.9073],[-69.0145,43.9087]]],[[[-69.0376,43.9162],[-69.0355,43.9114],[-69.0298,43.9154],[-69.0317,43.9169],[-69.0376,43.9162]]],[[[-69.0462,44.0762],[-69.0457,44.0733],[-69.0362,44.0744],[-69.032,44.0793],[-69.0381,44.0858],[-69.0438,44.0821],[-69.0462,44.0762]]],[[[-69.0511,44.067],[-69.0516,44.063],[-69.0481,44.0604],[-69.0462,44.0619],[-69.0471,44.066],[-69.0428,44.0682],[-69.05,44.0689],[-69.0511,44.067]]],[[[-69.0599,44.0016],[-69.0621,44.0],[-69.0547,43.9929],[-69.0426,44.0071],[-69.049,44.0111],[-69.0545,44.0081],[-69.0595,44.0072],[-69.0599,44.0016]]],[[[-69.0725,44.0122],[-69.0716,44.0048],[-69.0561,44.0122],[-69.0589,44.0149],[-69.0626,44.0149],[-69.0725,44.0122]]],[[[-69.0733,44.0409],[-69.0754,44.039],[-69.0723,44.0366],[-69.0668,44.0406],[-69.0714,44.0429],[-69.0733,44.0409]]],[[[-69.0831,43.9815],[-69.0785,43.973],[-69.0725,43.9787],[-69.0728,43.9812],[-69.0775,43.9841],[-69.0831,43.9815]]],[[[-69.0961,43.984],[-69.0963,43.9793],[-69.0931,43.9792],[-69.0844,43.9843],[-69.078,43.9862],[-69.0696,43.9859],[-69.0654,43.9944],[-69.0666,43.997],[-69.0809,43.9889],[-69.0961,43.984]]],[[[-69.1325,43.8713],[-69.1304,43.8685],[-69.1276,43.8702],[-69.1222,43.8686],[-69.1206,43.8717],[-69.1255,43.8736],[-69.1253,43.8778],[-69.1215,43.8835],[-69.1189,43.8983],[-69.1248,43.8974],[-69.1279,43.895],[-69.1308,43.8794],[-69.1296,43.8768],[-69.1325,43.8713]]],[[[-69.2258,43.9188],[-69.2275,43.9162],[-69.2202,43.9149],[-69.2129,43.9214],[-69.2178,43.9256],[-69.2225,43.9255],[-69.2258,43.9188]]],[[[-69.2966,43.8713],[-69.2982,43.865],[-69.2954,43.8626],[-69.2825,43.8646],[-69.2835,43.8737],[-69.2914,43.8716],[-69.2927,43.8752],[-69.2956,43.876],[-69.2966,43.8713]]],[[[-69.3003,43.9371],[-69.2993,43.9329],[-69.293,43.9333],[-69.2889,43.9311],[-69.2859,43.9314],[-69.292,43.9356],[-69.293,43.9424],[-69.3003,43.9371]]],[[[-69.3147,43.9173],[-69.3155,43.9136],[-69.3099,43.9063],[-69.3072,43.9087],[-69.3074,43.9181],[-69.3118,43.9191],[-69.3147,43.9173]]],[[[-69.3229,43.9017],[-69.3191,43.8967],[-69.3141,43.8953],[-69.3137,43.8912],[-69.3103,43.89],[-69.308,43.891],[-69.3087,43.8951],[-69.3141,43.9023],[-69.3177,43.9039],[-69.3229,43.9017]]],[[[-69.3235,43.8606],[-69.321,43.8567],[-69.316,43.8569],[-69.3108,43.8595],[-69.3059,43.8774],[-69.3103,43.8784],[-69.3122,43.8816],[-69.3152,43.8828],[-69.3186,43.8797],[-69.3172,43.8756],[-69.3191,43.8669],[-69.3235,43.8606]]],[[[-69.3236,43.759],[-69.3226,43.7559],[-69.3143,43.7567],[-69.3008,43.7686],[-69.3004,43.7722],[-69.303,43.7746],[-69.3068,43.7751],[-69.3136,43.7728],[-69.3211,43.7658],[-69.3236,43.759]]],[[[-69.3517,43.9272],[-69.3519,43.9226],[-69.3465,43.9225],[-69.3436,43.9255],[-69.3406,43.9339],[-69.3431,43.9349],[-69.3517,43.9272]]],[[[-69.3847,43.9092],[-69.3835,43.8957],[-69.3709,43.9128],[-69.3847,43.9092]]],[[[-69.3957,43.9606],[-69.3969,43.958],[-69.3933,43.9564],[-69.3873,43.9672],[-69.3948,43.9649],[-69.3957,43.9606]]],[[[-69.428,43.9222],[-69.4289,43.9166],[-69.4273,43.9123],[-69.4226,43.917],[-69.422,43.9231],[-69.4268,43.9244],[-69.428,43.9222]]],[[[-69.4419,43.9163],[-69.4201,43.9359],[-69.433,43.9522],[-69.4419,43.9163]]],[[[-69.5889,43.7748],[-69.5882,43.7705],[-69.5846,43.7722],[-69.5815,43.7719],[-69.5829,43.7791],[-69.5862,43.7799],[-69.5889,43.7748]]],[[[-69.6022,43.7947],[-69.603,43.7903],[-69.5996,43.7907],[-69.5939,43.8041],[-69.5996,43.8033],[-69.6022,43.7947]]],[[[-69.6188,43.7575],[-69.6174,43.753],[-69.614,43.7511],[-69.6116,43.7545],[-69.612,43.7589],[-69.6093,43.7621],[-69.6096,43.7712],[-69.6041,43.7782],[-69.6053,43.7803],[-69.6108,43.7789],[-69.6188,43.7575]]],[[[-69.6357,43.8094],[-69.6341,43.8035],[-69.6287,43.8042],[-69.6248,43.8073],[-69.6287,43.8144],[-69.6306,43.8146],[-69.6357,43.8094]]],[[[-69.7603,43.7104],[-69.76,43.7056],[-69.7572,43.7034],[-69.7541,43.7071],[-69.7543,43.7101],[-69.759,43.7131],[-69.7603,43.7104]]],[[[-69.9415,43.7301],[-69.9416,43.7269],[-69.939,43.7238],[-69.9312,43.7241],[-69.9373,43.7308],[-69.9415,43.7301]]],[[[-69.9941,43.8374],[-69.9975,43.8329],[-69.9903,43.8319],[-69.9877,43.835],[-69.9889,43.8371],[-69.9858,43.8415],[-69.9865,43.8436],[-69.9903,43.8425],[-69.9941,43.8374]]],[[[-70.0179,43.817],[-70.0189,43.8146],[-70.0141,43.8142],[-70.0148,43.8112],[-70.0132,43.8103],[-70.0041,43.8149],[-69.997,43.8223],[-69.9968,43.8247],[-69.9984,43.8242],[-70.0001,43.8257],[-69.9998,43.8295],[-70.0143,43.8232],[-70.0179,43.817]]],[[[-70.0376,43.7149],[-70.0362,43.7126],[-70.0312,43.7147],[-70.021,43.7247],[-70.0288,43.7264],[-70.0376,43.7149]]],[[[-70.0488,43.793],[-70.0424,43.7825],[-70.027,43.8091],[-70.0488,43.793]]],[[[-70.049,43.7228],[-70.0467,43.7202],[-70.04,43.7288],[-70.0429,43.7283],[-70.049,43.7228]]],[[[-70.0612,43.7463],[-70.0613,43.7421],[-70.0462,43.7573],[-70.0448,43.7648],[-70.05,43.7611],[-70.0512,43.7568],[-70.0612,43.7463]]],[[[-70.0609,43.7624],[-70.0626,43.7597],[-70.0533,43.7652],[-70.055,43.7707],[-70.0574,43.7707],[-70.0602,43.7672],[-70.0609,43.7624]]],[[[-70.074,43.7851],[-70.0745,43.7799],[-70.0719,43.7803],[-70.0693,43.7839],[-70.0631,43.7877],[-70.0635,43.789],[-70.0716,43.7875],[-70.074,43.7851]]],[[[-70.0788,43.7968],[-70.0783,43.7954],[-70.07,43.7968],[-70.0666,43.7995],[-70.0666,43.8043],[-70.0709,43.8033],[-70.0788,43.7968]]],[[[-70.0816,43.7126],[-70.0793,43.707],[-70.0713,43.7138],[-70.0721,43.719],[-70.0816,43.7126]]],[[[-70.0897,43.715],[-70.0883,43.713],[-70.0842,43.7142],[-70.0797,43.7209],[-70.0837,43.7205],[-70.0897,43.715]]],[[[-70.0961,43.7241],[-70.0959,43.7216],[-70.0854,43.7308],[-70.0864,43.7324],[-70.0904,43.7314],[-70.0961,43.7241]]],[[[-70.1012,43.6755],[-70.096,43.6723],[-70.0885,43.6815],[-70.0873,43.691],[-70.0929,43.6878],[-70.1012,43.6755]]],[[[-70.1146,43.7806],[-70.1056,43.7822],[-70.1066,43.7786],[-70.102,43.7768],[-70.0897,43.7852],[-70.096,43.7884],[-70.1023,43.7839],[-70.1055,43.7856],[-70.1146,43.7806]]],[[[-70.1182,43.6864],[-70.0937,43.6918],[-70.0921,43.7095],[-70.1182,43.6864]]],[[[-70.1225,43.7044],[-70.1237,43.7015],[-70.1223,43.7001],[-70.112,43.7075],[-70.1118,43.7101],[-70.1158,43.7097],[-70.1225,43.7044]]],[[[-70.1565,43.7105],[-70.1242,43.7089],[-70.0947,43.7599],[-70.1565,43.7105]]],[[[-70.1603,43.7497],[-70.1154,43.7647],[-70.1455,43.7758],[-70.1603,43.7497]]],[[[-70.1736,43.6837],[-70.1734,43.6803],[-70.1691,43.6788],[-70.1703,43.6754],[-70.1682,43.6751],[-70.1634,43.6786],[-70.1517,43.6817],[-70.1539,43.6862],[-70.1455,43.6903],[-70.1391,43.6992],[-70.1337,43.7023],[-70.1406,43.7076],[-70.1461,43.7016],[-70.1713,43.6876],[-70.1736,43.6837]]],[[[-70.1876,43.7394],[-70.1886,43.7368],[-70.1845,43.7368],[-70.1798,43.7393],[-70.1767,43.7454],[-70.1843,43.7425],[-70.1876,43.7394]]],[[[-70.1966,43.7152],[-70.1971,43.7113],[-70.1895,43.7166],[-70.186,43.721],[-70.1867,43.7233],[-70.1905,43.7222],[-70.1966,43.7152]]],[[[-70.2012,43.652],[-70.1796,43.6554],[-70.1831,43.6752],[-70.2012,43.652]]],[[[-70.2097,43.6415],[-70.2101,43.6405],[-70.2057,43.6389],[-70.2059,43.6336],[-70.1974,43.6388],[-70.1907,43.6456],[-70.1926,43.647],[-70.1975,43.6446],[-70.2002,43.6461],[-70.2023,43.6452],[-70.2034,43.6472],[-70.2097,43.6415]]],[[[-70.2139,43.6662],[-70.2131,43.663],[-70.2108,43.6617],[-70.2002,43.6705],[-70.1931,43.6734],[-70.1824,43.6918],[-70.1821,43.6949],[-70.2019,43.6855],[-70.205,43.6819],[-70.2062,43.6717],[-70.2139,43.6662]]],[[[-70.238,43.5473],[-70.2455,43.5396],[-70.2347,43.5373],[-70.2278,43.5383],[-70.2263,43.5422],[-70.2293,43.5439],[-70.2244,43.5472],[-70.238,43.5473]]],[[[-70.6172,42.992],[-70.6185,42.9857],[-70.6078,42.9778],[-70.6013,42.9811],[-70.6124,42.9918],[-70.6147,42.9929],[-70.6172,42.992]]],[[[-70.7038,43.0598],[-70.666,43.0762],[-70.619,43.1636],[-70.5904,43.1652],[-70.6088,43.1756],[-70.5758,43.2219],[-70.5939,43.2493],[-70.5539,43.3219],[-70.4163,43.3611],[-70.4277,43.3893],[-70.3328,43.4464],[-70.3273,43.4585],[-70.3674,43.4523],[-70.3829,43.4697],[-70.3612,43.5292],[-70.3074,43.529],[-70.2725,43.5626],[-70.1969,43.5652],[-70.2171,43.5967],[-70.2075,43.6235],[-70.253,43.675],[-70.2261,43.6887],[-70.232,43.7048],[-70.2147,43.6973],[-70.1943,43.7686],[-70.1754,43.7771],[-70.176,43.7608],[-70.0799,43.8268],[-70.0647,43.8273],[-70.0707,43.8084],[-70.0192,43.8587],[-69.9877,43.8629],[-70.0262,43.8226],[-69.9506,43.8633],[-70.045,43.7367],[-69.9946,43.7435],[-70.0013,43.7104],[-69.9556,43.7719],[-69.8734,43.7784],[-69.8708,43.7267],[-69.8487,43.7422],[-69.8551,43.7048],[-69.8368,43.6997],[-69.8335,43.7178],[-69.7541,43.7439],[-69.7216,43.782],[-69.6771,43.927],[-69.6904,43.8254],[-69.6556,43.781],[-69.6388,43.8479],[-69.6211,43.8268],[-69.5947,43.8589],[-69.6063,43.8234],[-69.5929,43.8114],[-69.5727,43.844],[-69.5517,43.8346],[-69.5439,43.8816],[-69.5193,43.8712],[-69.5149,43.8313],[-69.5033,43.8377],[-69.4377,43.9758],[-69.4282,43.9573],[-69.4061,43.9859],[-69.3942,43.9694],[-69.3624,43.9939],[-69.3667,43.9648],[-69.3505,43.9835],[-69.3301,43.9718],[-69.3752,43.9246],[-69.3277,43.9458],[-69.3253,43.971],[-69.3043,43.9621],[-69.3175,43.9405],[-69.284,43.9586],[-69.2675,43.9437],[-69.2739,43.9142],[-69.2121,43.9311],[-69.1626,43.999],[-69.1235,43.979],[-69.1419,43.9865],[-69.1322,44.0033],[-69.1099,43.9983],[-69.1281,44.0173],[-69.0771,44.0423],[-69.0434,44.0922],[-69.1034,44.078],[-69.1008,44.1169],[-69.0763,44.1249],[-69.093,44.1353],[-69.0742,44.1836],[-69.0545,44.1716],[-69.0592,44.2079],[-69.0037,44.2946],[-68.9634,44.3083],[-68.9499,44.34],[-68.9984,44.4256],[-68.9437,44.4284],[-68.9216,44.4566],[-68.8752,44.4299],[-68.8111,44.4661],[-68.8351,44.4814],[-68.8078,44.4984],[-68.8059,44.5243],[-68.7778,44.485],[-68.7833,44.4471],[-68.7975,44.451],[-68.8218,44.4089],[-68.8097,44.374],[-68.8272,44.3122],[-68.7393,44.3332],[-68.5228,44.2281],[-68.5551,44.2613],[-68.5527,44.2749],[-68.519,44.2652],[-68.5309,44.3004],[-68.5501,44.2919],[-68.5662,44.313],[-68.5454,44.355],[-68.5652,44.3991],[-68.4997,44.4142],[-68.4798,44.4542],[-68.4833,44.3882],[-68.4622,44.3794],[-68.4731,44.4868],[-68.4372,44.4827],[-68.4253,44.4983],[-68.4308,44.397],[-68.3926,44.4181],[-68.3928,44.4354],[-68.3543,44.4006],[-68.398,44.3762],[-68.4309,44.2986],[-68.4045,44.2539],[-68.3338,44.2213],[-68.2899,44.2509],[-68.3172,44.2943],[-68.2243,44.2902],[-68.1889,44.3073],[-68.1745,44.3452],[-68.1969,44.3864],[-68.25,44.4148],[-68.2474,44.4333],[-68.3189,44.4443],[-68.3379,44.4219],[-68.3673,44.4311],[-68.355,44.4581],[-68.2806,44.4516],[-68.268,44.4613],[-68.2941,44.4717],[-68.268,44.4715],[-68.2644,44.4873],[-68.2238,44.4656],[-68.2114,44.5201],[-68.1805,44.4751],[-68.1946,44.4719],[-68.1544,44.4788],[-68.1618,44.5012],[-68.1213,44.479],[-68.1123,44.4016],[-68.093,44.371],[-68.0933,44.3902],[-68.0776,44.3885],[-68.0761,44.3479],[-68.0493,44.3307],[-68.0142,44.3859],[-68.0232,44.4082],[-68.0075,44.4131],[-67.9837,44.3844],[-67.9588,44.3989],[-67.9816,44.4491],[-68.0146,44.454],[-68.0275,44.4825],[-67.9928,44.4608],[-67.9704,44.4708],[-67.9374,44.4099],[-67.9169,44.4613],[-67.8996,44.3941],[-67.8772,44.4549],[-67.8915,44.481],[-67.8687,44.465],[-67.8516,44.4849],[-67.8656,44.5261],[-67.8421,44.544],[-67.8478,44.563],[-67.7824,44.515],[-67.774,44.5474],[-67.7548,44.5469],[-67.7434,44.4974],[-67.7131,44.4936],[-67.6881,44.5373],[-67.5647,44.5321],[-67.5751,44.5607],[-67.5434,44.6266],[-67.5326,44.6144],[-67.5058,44.6368],[-67.491,44.6073],[-67.4584,44.5967],[-67.4326,44.6069],[-67.449,44.6355],[-67.4273,44.6411],[-67.4055,44.5942],[-67.3914,44.6254],[-67.3683,44.6247],[-67.3684,44.6558],[-67.3891,44.6727],[-67.3758,44.6773],[-67.405,44.6817],[-67.3948,44.695],[-67.2992,44.7057],[-67.3068,44.6629],[-67.3221,44.6739],[-67.3262,44.6567],[-67.2984,44.6544],[-67.2873,44.624],[-67.2464,44.6264],[-67.2728,44.6641],[-67.2408,44.6658],[-67.2343,44.6372],[-67.1894,44.6455],[-67.1044,44.7169],[-67.1041,44.7399],[-67.0734,44.742],[-67.0689,44.769],[-67.0197,44.7696],[-66.9506,44.8145],[-66.9824,44.8115],[-66.9965,44.8447],[-66.98,44.856],[-66.9845,44.9126],[-67.0335,44.9399],[-67.0821,45.0296],[-67.1062,45.0331],[-67.1177,45.0567],[-67.0908,45.0687],[-67.1579,45.161],[-67.2273,45.1637],[-67.2836,45.192],[-67.2962,45.148],[-67.3456,45.1264],[-67.4046,45.1599],[-67.4003,45.1774],[-67.4893,45.2813],[-67.4187,45.3773],[-67.4726,45.4233],[-67.5038,45.4885],[-67.4629,45.5087],[-67.4165,45.5022],[-67.435,45.5288],[-67.4297,45.5838],[-67.4554,45.6047],[-67.4994,45.587],[-67.6389,45.6251],[-67.6458,45.6136],[-67.7095,45.6814],[-67.7346,45.689],[-67.7181,45.668],[-67.7303,45.6632],[-67.8179,45.6937],[-67.8031,45.6961],[-67.8098,45.7293],[-67.7819,45.7312],[-67.8063,45.7554],[-67.8066,45.7947],[-67.7551,45.8237],[-67.8039,45.8829],[-67.7504,45.9179],[-67.7811,45.943],[-67.7905,47.0679],[-67.8813,47.1039],[-67.9523,47.1962],[-68.1371,47.2961],[-68.1551,47.3254],[-68.2346,47.355],[-68.3616,47.3556],[-68.3843,47.327],[-68.3787,47.2876],[-68.5786,47.2876],[-68.6124,47.2448],[-68.7179,47.2409],[-68.9001,47.1777],[-69.0503,47.2559],[-69.0545,47.378],[-69.031,47.4091],[-69.0427,47.4267],[-69.2244,47.4597],[-69.9971,46.6952],[-70.057,46.4152],[-70.1915,46.35],[-70.2057,46.2999],[-70.2313,46.2912],[-70.2927,46.1916],[-70.2367,46.1449],[-70.2524,46.1006],[-70.3011,46.0833],[-70.309,46.0625],[-70.2783,46.057],[-70.3176,46.0195],[-70.2846,45.9954],[-70.3169,45.9635],[-70.2762,45.9669],[-70.2402,45.9437],[-70.2633,45.9238],[-70.2591,45.8908],[-70.4177,45.7946],[-70.3836,45.7349],[-70.4004,45.7198],[-70.5584,45.6667],[-70.6877,45.5694],[-70.6772,45.5522],[-70.7228,45.5128],[-70.6812,45.4522],[-70.6275,45.4216],[-70.6347,45.3836],[-70.7123,45.3906],[-70.754,45.4278],[-70.798,45.4267],[-70.826,45.3984],[-70.8027,45.3666],[-70.8198,45.3401],[-70.8086,45.3116],[-70.8355,45.2938],[-70.8493,45.2564],[-70.8375,45.235],[-70.857,45.2292],[-70.8969,45.242],[-70.9217,45.2795],[-70.9179,45.3119],[-70.9524,45.3391],[-71.0108,45.3473],[-71.0091,45.319],[-71.0839,45.3055],[-70.9727,43.5703],[-70.9508,43.551],[-70.9742,43.4774],[-70.9612,43.4383],[-70.9868,43.4143],[-70.986,43.38],[-70.9672,43.3438],[-70.9327,43.3368],[-70.906,43.2917],[-70.8096,43.2254],[-70.8268,43.1271],[-70.7564,43.08],[-70.7065,43.0753],[-70.7038,43.0598]]],[[[-67.3226,44.6116],[-67.308,44.5972],[-67.261,44.6087],[-67.3014,44.6236],[-67.3226,44.6116]]],[[[-67.3313,44.6528],[-67.3344,44.6485],[-67.3301,44.6477],[-67.3272,44.6513],[-67.3287,44.6533],[-67.3313,44.6528]]],[[[-67.338,44.6798],[-67.3363,44.6776],[-67.3339,44.6779],[-67.3297,44.6806],[-67.3301,44.6839],[-67.338,44.6798]]]]},"properties":{"iso3":"USA","shapeId":"66186276B78821008370123","regionId":"USA.20_1","name":"Maine"}},{"type":"Feature","geometry":{"type":"MultiPolygon","coordinates":[[[[-156.0608,19.7306],[-156.029,19.6501],[-155.9913,19.6362],[-155.9782,19.6082],[-155.9504,19.4867],[-155.9198,19.4753],[-155.8867,19.3456],[-155.9182,19.1344],[-155.9068,19.0799],[-155.8796,19.0335],[-155.7236,18.9664],[-155.684,18.9342],[-155.6828,18.9104],[-155.5992,18.9684],[-155.5539,19.0455],[-155.5549,19.0778],[-155.51,19.129],[-155.3568,19.2071],[-155.2933,19.2639],[-155.1571,19.2653],[-154.9719,19.3499],[-154.8352,19.4617],[-154.8068,19.516],[-154.9026,19.5684],[-154.9796,19.6379],[-154.9781,19.689],[-155.0035,19.7363],[-155.0871,19.728],[-155.0808,19.8478],[-155.2045,19.9694],[-155.4378,20.0927],[-155.5561,20.1292],[-155.5891,20.1192],[-155.7572,20.2388],[-155.8382,20.2686],[-155.8883,20.2521],[-155.9049,20.1972],[-155.8842,20.1068],[-155.8231,20.0276],[-155.8324,19.9739],[-155.8907,19.9286],[-155.9221,19.8572],[-155.973,19.848],[-156.0461,19.7833],[-156.0608,19.7306]]],[[[-156.6974,20.9164],[-156.6893,20.882],[-156.6229,20.809],[-156.5377,20.7746],[-156.4997,20.7965],[-156.4641,20.7817],[-156.4419,20.6601],[-156.4537,20.637],[-156.4369,20.5997],[-156.4014,20.5793],[-156.2996,20.5831],[-156.1913,20.6285],[-156.139,20.6181],[-156.0466,20.6526],[-155.9834,20.7218],[-155.979,20.7646],[-156.0005,20.7915],[-156.1149,20.8266],[-156.1304,20.8595],[-156.1668,20.8656],[-156.2403,20.9359],[-156.3218,20.9471],[-156.4797,20.8981],[-156.5254,20.9873],[-156.6033,21.0312],[-156.6655,21.0071],[-156.6974,20.9164]]],[[[-156.7,20.5279],[-156.6663,20.5009],[-156.6461,20.5159],[-156.5452,20.512],[-156.5318,20.5283],[-156.5541,20.5369],[-156.539,20.5762],[-156.5684,20.6031],[-156.6775,20.555],[-156.7,20.5279]]],[[[-157.0603,20.9019],[-157.0497,20.8702],[-156.9918,20.8266],[-156.9915,20.7799],[-156.9634,20.7319],[-156.8904,20.735],[-156.8369,20.7603],[-156.8062,20.8066],[-156.8288,20.8559],[-156.9004,20.9149],[-157.0015,20.9277],[-157.0603,20.9019]]],[[[-157.3065,21.1082],[-157.2497,21.0848],[-157.0669,21.1005],[-156.8745,21.0455],[-156.775,21.0822],[-156.7091,21.1587],[-156.7702,21.1762],[-156.9014,21.162],[-156.9439,21.173],[-156.9706,21.2155],[-156.9982,21.1792],[-157.2541,21.2241],[-157.2514,21.1778],[-157.3065,21.1082]]],[[[-157.6598,21.3286],[-157.6596,21.327],[-157.6541,21.326],[-157.6539,21.3283],[-157.6566,21.3317],[-157.6598,21.3286]]],[[[-157.7909,21.4347],[-157.7904,21.4316],[-157.788,21.4312],[-157.7872,21.4358],[-157.7909,21.4347]]],[[[-158.2776,21.577],[-158.2298,21.5343],[-158.2312,21.4827],[-158.1411,21.3764],[-158.1083,21.2976],[-157.9702,21.3283],[-157.9472,21.3038],[-157.8867,21.3066],[-157.8062,21.255],[-157.7194,21.2844],[-157.6987,21.2607],[-157.651,21.2988],[-157.7386,21.4043],[-157.7225,21.4592],[-157.7722,21.4577],[-157.7781,21.4118],[-157.841,21.4595],[-157.8526,21.5],[-157.8368,21.5319],[-157.8757,21.5598],[-157.9194,21.6263],[-157.9142,21.6497],[-157.9674,21.7104],[-158.0278,21.6897],[-158.1228,21.5835],[-158.2776,21.577]]],[[[-159.788,22.0301],[-159.7594,21.9795],[-159.6687,21.9536],[-159.6033,21.8923],[-159.5944,21.9042],[-159.4449,21.8686],[-159.3299,21.9602],[-159.3355,22.046],[-159.2966,22.1051],[-159.2933,22.1443],[-159.34,22.2085],[-159.4025,22.2326],[-159.429,22.2176],[-159.488,22.2295],[-159.5108,22.2036],[-159.5811,22.2235],[-159.7221,22.1503],[-159.7453,22.0975],[-159.7838,22.0649],[-159.788,22.0301]]],[[[-160.102,22.0185],[-160.1019,22.0157],[-160.0961,22.0148],[-160.0905,22.0183],[-160.0878,22.0239],[-160.0911,22.0267],[-160.0936,22.0215],[-160.097,22.0215],[-160.1003,22.0243],[-160.1002,22.029],[-160.1018,22.027],[-160.102,22.0185]]],[[[-160.2475,21.8304],[-160.2334,21.7925],[-160.2036,21.7792],[-160.159,21.8653],[-160.0749,21.8948],[-160.083,21.9279],[-160.053,21.9923],[-160.092,22.0055],[-160.1118,21.9936],[-160.1255,21.9537],[-160.2254,21.89],[-160.2475,21.8304]]],[[[-160.545,21.6534],[-160.542,21.6497],[-160.537,21.6496],[-160.5409,21.6536],[-160.5405,21.6563],[-160.5378,21.6591],[-160.5402,21.6602],[-160.545,21.6534]]],[[[-161.9295,23.0626],[-161.9281,23.0571],[-161.9258,23.0543],[-161.9156,23.0584],[-161.9164,23.0609],[-161.9225,23.0607],[-161.9295,23.0626]]],[[[-166.1751,23.7353],[-166.1723,23.7255],[-166.1697,23.7261],[-166.1731,23.7363],[-166.1751,23.7353]]],[[[-166.2149,23.7869],[-166.2119,23.782],[-166.2092,23.7817],[-166.2086,23.7839],[-166.2121,23.7873],[-166.2149,23.7869]]],[[[-166.2247,23.8648],[-166.2259,23.8616],[-166.2204,23.8551],[-166.2169,23.8553],[-166.2191,23.8614],[-166.2247,23.8648]]],[[[-166.2501,23.8719],[-166.2514,23.8699],[-166.2469,23.8682],[-166.2453,23.8709],[-166.2501,23.8719]]],[[[-166.292,23.8672],[-166.2909,23.865],[-166.2816,23.8678],[-166.2826,23.8705],[-166.292,23.8672]]],[[[-168.0021,25.0],[-168.001,24.9974],[-167.9985,24.9971],[-167.9958,24.9982],[-167.9956,25.0019],[-167.9977,25.0044],[-168.0007,25.0031],[-168.0021,25.0]]],[[[-171.7452,25.7709],[-171.7331,25.7573],[-171.7256,25.7793],[-171.7452,25.7709]]],[[[-173.973,26.0799],[-173.9761,26.0786],[-173.97,26.0646],[-173.9642,26.0623],[-173.963,26.0651],[-173.9647,26.0765],[-173.9668,26.079],[-173.973,26.0799]]],[[[-175.7413,27.9241],[-175.7411,27.9215],[-175.7395,27.921],[-175.7342,27.9247],[-175.7328,27.9279],[-175.7363,27.9295],[-175.7413,27.9241]]],[[[-175.7435,27.9125],[-175.7445,27.9085],[-175.7407,27.9074],[-175.7371,27.9135],[-175.7414,27.9149],[-175.7435,27.9125]]],[[[-175.8166,27.7825],[-175.8181,27.7798],[-175.812,27.7775],[-175.8076,27.7787],[-175.8074,27.7812],[-175.8166,27.7825]]],[[[-175.8645,27.7863],[-175.8639,27.7827],[-175.857,27.7836],[-175.8578,27.7867],[-175.8645,27.7863]]],[[[-175.9051,27.7668],[-175.9067,27.7651],[-175.905,27.7627],[-175.8957,27.762],[-175.8952,27.7651],[-175.9051,27.7668]]],[[[-175.9362,27.76],[-175.9439,27.7569],[-175.9359,27.7479],[-175.9303,27.7499],[-175.9362,27.76]]],[[[-178.333,28.3945],[-178.3347,28.3894],[-178.3045,28.3854],[-178.2881,28.3924],[-178.2889,28.4021],[-178.298,28.3916],[-178.3079,28.3901],[-178.333,28.3945]]]]},"properties":{"iso3":"USA","shapeId":"66186276B99594608635082","regionId":"USA.12_1","name":"Hawaii"}},{"type":"Feature","geometry":{"type":"MultiPolygon","coordinates":[[[[-75.5655,39.5149],[-75.5674,39.5086],[-75.5603,39.516],[-75.5617,39.5205],[-75.5655,39.5149]]],[[[-75.5594,39.6298],[-75.5633,39.6299],[-75.5708,39.6268],[-75.5718,39.6236],[-75.5619,39.6052],[-75.5559,39.6058],[-75.5594,39.6298]]],[[[-75.5804,39.5995],[-75.5754,39.5881],[-75.5686,39.5852],[-75.5646,39.5893],[-75.5804,39.5995]]],[[[-75.7886,39.7222],[-75.6937,38.4601],[-75.0489,38.4513],[-75.092,38.8039],[-75.1133,38.783],[-75.159,38.7902],[-75.3041,38.9132],[-75.3184,38.9882],[-75.402,39.0669],[-75.4047,39.2578],[-75.5923,39.4676],[-75.563,39.5622],[-75.6119,39.5974],[-75.6132,39.621],[-75.5622,39.6567],[-75.4685,39.7865],[-75.4234,39.8066],[-75.5184,39.8363],[-75.6347,39.8302],[-75.717,39.792],[-75.7886,39.7222]]]]},"properties":{"iso3":"USA","shapeId":"66186276B31549545599635","regionId":"USA.8_1","name":"Delaware"}},{"type":"Feature","geometry":{"type":"MultiPolygon","coordinates":[[[[144.6454,13.2363],[144.6444,13.2342],[144.6467,13.2342],[144.6588,13.2399],[144.6589,13.2411],[144.6579,13.2428],[144.6454,13.2363]]],[[[144.6359,13.3583],[144.6366,13.3561],[144.6409,13.3588],[144.6398,13.3598],[144.6359,13.3583]]],[[[144.6181,13.4478],[144.6631,13.4011],[144.6354,13.3414],[144.6619,13.2714],[144.727,13.247],[144.7721,13.3025],[144.7839,13.4216],[144.9267,13.5221],[144.9567,13.5982],[144.9078,13.6053],[144.8585,13.654],[144.8049,13.5155],[144.7723,13.5046],[144.7694,13.4811],[144.6383,13.4648],[144.6181,13.4478]]]]},"properties":{"iso3":"USA","shapeId":"66186276B63361112364184","regionId":null,"name":"Guam"}},{"type":"Feature","geometry":{"type":"MultiPolygon","coordinates":[[[[146.051,16.0067],[146.0509,16.0058],[146.0528,16.006],[146.0547,16.008],[146.0558,16.0125],[146.0584,16.013],[146.0629,16.0207],[146.0648,16.0249],[146.063,16.0277],[146.0618,16.0276],[146.0557,16.0178],[146.051,16.0067]]],[[[145.8317,17.3133],[145.8447,17.2966],[145.853,17.3097],[145.8317,17.3133]]],[[[145.8146,17.602],[145.8268,17.5797],[145.8505,17.5918],[145.8376,17.6203],[145.8146,17.602]]],[[[145.7667,16.7053],[145.7875,16.6922],[145.7816,16.7178],[145.7667,16.7053]]],[[[145.711,15.2426],[145.7111,15.2405],[145.7128,15.2396],[145.7138,15.2411],[145.711,15.2426]]],[[[145.7085,18.0488],[145.7318,18.0519],[145.7674,18.103],[145.7981,18.1014],[145.802,18.1624],[145.7585,18.1596],[145.758,18.1033],[145.7224,18.0821],[145.7085,18.0488]]],[[[145.6896,15.1203],[145.7505,15.0934],[145.7414,15.1409],[145.7617,15.1634],[145.7898,15.1505],[145.7785,15.21],[145.8282,15.2615],[145.8186,15.2867],[145.7164,15.2192],[145.6896,15.1203]]],[[[145.636,18.7789],[145.6627,18.727],[145.6906,18.7404],[145.699,18.7802],[145.6775,18.8077],[145.6529,18.8108],[145.636,18.7789]]],[[[145.6321,16.3656],[145.6483,16.3311],[145.7032,16.3331],[145.7241,16.3525],[145.7035,16.3697],[145.6321,16.3656]]],[[[145.5819,15.0176],[145.6412,14.9235],[145.6659,14.9484],[145.6738,15.0065],[145.6486,15.0339],[145.6452,15.1012],[145.5819,15.0176]]],[[[145.5372,14.8456],[145.5394,14.8418],[145.5432,14.8405],[145.556,14.8439],[145.5628,14.8439],[145.5774,14.8549],[145.579,14.8607],[145.5781,14.8637],[145.5729,14.8665],[145.5696,14.8643],[145.5669,14.8644],[145.564,14.8616],[145.5451,14.8553],[145.5406,14.8528],[145.5372,14.8456]]],[[[145.3875,19.6913],[145.3995,19.6754],[145.4169,19.6904],[145.4016,19.7072],[145.3875,19.6913]]],[[[145.228,20.0128],[145.2286,20.0112],[145.2384,20.0184],[145.2386,20.0224],[145.2354,20.0251],[145.2334,20.0308],[145.2321,20.0301],[145.2307,20.0187],[145.228,20.0128]]],[[[145.2144,20.032],[145.2239,20.0298],[145.2296,20.0308],[145.2297,20.0319],[145.2204,20.0357],[145.2144,20.032]]],[[[145.2077,20.0197],[145.2164,20.0102],[145.2122,20.0312],[145.2077,20.0197]]],[[[145.1212,14.1206],[145.1442,14.1396],[145.1699,14.1106],[145.2125,14.1153],[145.2411,14.1514],[145.2833,14.1607],[145.29,14.19],[145.2413,14.2002],[145.1597,14.1681],[145.1212,14.1206]]],[[[144.8869,20.5442],[144.8863,20.5399],[144.8875,20.5382],[144.8943,20.5365],[144.9001,20.5401],[144.9029,20.5457],[144.9018,20.5492],[144.8976,20.5492],[144.8935,20.5538],[144.8874,20.5501],[144.8869,20.5442]]]]},"properties":{"iso3":"USA","shapeId":"66186276B16791499040259","regionId":null,"name":"Commonwealth of the Northern Mariana Islands"}},{"type":"Feature","geometry":{"type":"MultiPolygon","coordinates":[[[[-71.288,41.6456],[-71.2853,41.6369],[-71.277,41.638],[-71.2721,41.6371],[-71.2763,41.6405],[-71.2782,41.6473],[-71.2865,41.6476],[-71.288,41.6456]]],[[[-71.3015,41.5857],[-71.3008,41.5806],[-71.2972,41.5798],[-71.2986,41.5849],[-71.3015,41.5857]]],[[[-71.3288,41.4923],[-71.3278,41.483],[-71.3254,41.4876],[-71.327,41.4931],[-71.3288,41.4923]]],[[[-71.3431,41.4973],[-71.3431,41.4949],[-71.3387,41.4949],[-71.3413,41.5005],[-71.3431,41.4973]]],[[[-71.3459,41.537],[-71.3459,41.5296],[-71.3426,41.529],[-71.3431,41.5358],[-71.345,41.5379],[-71.3459,41.537]]],[[[-71.3538,41.6475],[-71.3256,41.6241],[-71.3359,41.5859],[-71.3167,41.5831],[-71.3081,41.6262],[-71.3437,41.6399],[-71.3448,41.667],[-71.3538,41.6475]]],[[[-71.1956,41.6751],[-71.2118,41.6391],[-71.2203,41.6556],[-71.2752,41.6195],[-71.3121,41.5221],[-71.3308,41.5184],[-71.3165,41.4776],[-71.3615,41.4648],[-71.356,41.4493],[-71.3044,41.4545],[-71.2857,41.4885],[-71.2407,41.4749],[-71.228,41.5283],[-71.2407,41.6192],[-71.2162,41.6255],[-71.2037,41.5961],[-71.2206,41.5593],[-71.194,41.4564],[-71.1206,41.4975],[-71.1329,41.6601],[-71.1956,41.6751]]],[[[-71.367,41.6607],[-71.3625,41.6512],[-71.36,41.6499],[-71.3564,41.6521],[-71.3534,41.6579],[-71.3547,41.6598],[-71.3607,41.6611],[-71.367,41.6607]]],[[[-71.3722,41.5999],[-71.3734,41.5974],[-71.3694,41.5982],[-71.3648,41.6014],[-71.3634,41.6067],[-71.3673,41.606],[-71.3722,41.5999]]],[[[-71.4006,41.4609],[-71.3996,41.4486],[-71.3816,41.4681],[-71.3862,41.4877],[-71.3543,41.4789],[-71.3702,41.574],[-71.4006,41.4609]]],[[[-71.4043,41.5044],[-71.403,41.503],[-71.4041,41.4963],[-71.402,41.5001],[-71.4,41.4998],[-71.3963,41.5037],[-71.3974,41.5062],[-71.3996,41.5066],[-71.4043,41.5044]]],[[[-71.6131,41.1603],[-71.6,41.1469],[-71.5471,41.1537],[-71.5663,41.1843],[-71.5625,41.2242],[-71.5777,41.2312],[-71.6131,41.1603]]],[[[-71.7992,42.0081],[-71.7977,41.4167],[-71.8426,41.4099],[-71.8294,41.3424],[-71.8628,41.3098],[-71.5516,41.3744],[-71.4809,41.3603],[-71.4558,41.433],[-71.4184,41.4727],[-71.4155,41.5299],[-71.4464,41.5832],[-71.4038,41.5893],[-71.4169,41.6049],[-71.4024,41.6156],[-71.4086,41.6632],[-71.4445,41.6644],[-71.4493,41.6874],[-71.3906,41.6841],[-71.3779,41.6667],[-71.3573,41.7166],[-71.3811,41.7273],[-71.3906,41.7837],[-71.3651,41.7775],[-71.3395,41.7248],[-71.2912,41.7027],[-71.3014,41.65],[-71.2855,41.6824],[-71.2596,41.6426],[-71.2354,41.6721],[-71.2458,41.6972],[-71.2248,41.7105],[-71.3407,41.7983],[-71.3387,41.8984],[-71.3817,41.8932],[-71.3814,42.0188],[-71.7992,42.0081]]]]},"properties":{"iso3":"USA","shapeId":"66186276B98073251815399","regionId":"USA.40_1","name":"Rhode Island"}},{"type":"Feature","geometry":{"type":"MultiPolygon","coordinates":[[[[-81.968,37.538],[-82.0428,37.5484],[-82.0467,37.5282],[-82.075,37.5558],[-82.1333,37.5528],[-82.1447,37.5683],[-82.1273,37.5867],[-82.1814,37.6218],[-82.1753,37.648],[-82.2134,37.6252],[-82.2404,37.6616],[-82.304,37.6758],[-82.2966,37.7024],[-82.334,37.7432],[-82.3124,37.7648],[-82.334,37.7651],[-82.3237,37.775],[-82.3866,37.8182],[-82.4017,37.8101],[-82.4199,37.8849],[-82.4629,37.9148],[-82.4744,37.9],[-82.4803,37.9258],[-82.5022,37.9331],[-82.4643,37.9834],[-82.5192,38.0011],[-82.5513,38.0708],[-82.6204,38.1215],[-82.6447,38.1655],[-82.6113,38.1716],[-82.5984,38.2174],[-82.6123,38.2361],[-82.5747,38.2639],[-82.6041,38.4598],[-82.7249,38.5576],[-82.7898,38.56],[-82.8443,38.5909],[-82.8795,38.7515],[-83.0307,38.7257],[-83.0531,38.6958],[-83.1124,38.6717],[-83.1428,38.6251],[-83.2456,38.6279],[-83.2942,38.5966],[-83.3564,38.654],[-83.521,38.7031],[-83.6269,38.6794],[-83.6497,38.6328],[-83.6795,38.63],[-83.7694,38.6552],[-83.7871,38.6995],[-83.8367,38.7179],[-83.8732,38.7624],[-83.9621,38.7874],[-84.0715,38.7705],[-84.2129,38.8057],[-84.2345,38.8932],[-84.2882,38.9558],[-84.3047,39.0065],[-84.346,39.037],[-84.4257,39.0531],[-84.4553,39.1204],[-84.6201,39.0735],[-84.7545,39.1467],[-84.8969,39.0575],[-84.8306,38.9749],[-84.877,38.909],[-84.7852,38.8804],[-84.83,38.8306],[-84.8129,38.7861],[-84.9919,38.7785],[-85.1731,38.688],[-85.2133,38.6955],[-85.2685,38.7402],[-85.4363,38.7285],[-85.4565,38.6851],[-85.4158,38.5636],[-85.4224,38.5329],[-85.4989,38.4682],[-85.6045,38.4408],[-85.6836,38.2955],[-85.7451,38.2672],[-85.781,38.2885],[-85.8292,38.2765],[-85.8444,38.2311],[-85.9039,38.1741],[-85.9257,38.0218],[-86.0295,37.9926],[-86.0382,37.9596],[-86.1042,38.0126],[-86.1766,38.0102],[-86.2672,38.0568],[-86.2729,38.1408],[-86.3577,38.1988],[-86.3774,38.1714],[-86.3239,38.1384],[-86.3798,38.1293],[-86.4019,38.1043],[-86.4295,38.1253],[-86.4633,38.1193],[-86.4301,38.0786],[-86.4522,38.0505],[-86.5218,38.0383],[-86.5252,37.9682],[-86.5066,37.9307],[-86.5886,37.9212],[-86.5981,37.8674],[-86.6383,37.8427],[-86.6616,37.8497],[-86.6471,37.9086],[-86.7315,37.8943],[-86.7955,37.9895],[-86.8201,37.9994],[-86.918,37.9372],[-87.0342,37.9063],[-87.0659,37.8076],[-87.1043,37.7834],[-87.1296,37.7866],[-87.1623,37.8402],[-87.2203,37.8491],[-87.4133,37.9447],[-87.5115,37.9064],[-87.5962,37.9749],[-87.6284,37.9276],[-87.5839,37.8725],[-87.6154,37.832],[-87.6459,37.8259],[-87.6807,37.8406],[-87.6635,37.8866],[-87.6757,37.9019],[-87.8306,37.8765],[-87.8725,37.921],[-87.9048,37.9249],[-87.9408,37.8833],[-87.9068,37.8076],[-87.9526,37.7717],[-88.028,37.7992],[-88.0596,37.7426],[-88.1224,37.7097],[-88.1582,37.6645],[-88.14,37.5865],[-88.0722,37.5288],[-88.0678,37.4859],[-88.2817,37.4526],[-88.3655,37.4017],[-88.4131,37.4245],[-88.4766,37.3869],[-88.5159,37.284],[-88.4244,37.1524],[-88.459,37.0738],[-88.5661,37.0752],[-88.6259,37.1195],[-88.7321,37.144],[-88.8057,37.1886],[-88.9318,37.2276],[-89.001,37.2244],[-89.0865,37.1656],[-89.1814,37.0463],[-89.1665,37.0033],[-89.099,36.9614],[-89.138,36.8474],[-89.1789,36.8314],[-89.1711,36.7981],[-89.1235,36.7853],[-89.1192,36.7598],[-89.1796,36.7561],[-89.2011,36.7258],[-89.1591,36.6664],[-89.2365,36.5668],[-89.2717,36.5714],[-89.3267,36.6322],[-89.3656,36.6251],[-89.4173,36.499],[-88.0532,36.4971],[-88.0325,36.5407],[-88.0705,36.6781],[-87.8496,36.6637],[-87.8532,36.6333],[-86.5899,36.6525],[-86.5641,36.6335],[-86.5078,36.6525],[-85.6778,36.6182],[-85.1954,36.6255],[-83.6907,36.5826],[-83.6483,36.6227],[-83.5296,36.6662],[-83.4237,36.6674],[-83.3114,36.7103],[-83.1364,36.7431],[-83.1332,36.7846],[-83.0726,36.8546],[-83.0092,36.8473],[-82.8786,36.8896],[-82.858,36.9295],[-82.8675,36.9775],[-82.7225,37.0451],[-82.7221,37.1202],[-82.4989,37.2271],[-82.351,37.2671],[-81.968,37.538]]],[[[-89.5392,36.4979],[-89.4854,36.4975],[-89.4659,36.53],[-89.4791,36.5682],[-89.5276,36.5812],[-89.5668,36.5642],[-89.5392,36.4979]]]]},"properties":{"iso3":"USA","shapeId":"66186276B22971435435932","regionId":"USA.18_1","name":"Kentucky"}},{"type":"Feature","geometry":{"type":"MultiPolygon","coordinates":[[[[-82.7357,41.6034],[-82.6887,41.5859],[-82.6733,41.6242],[-82.7357,41.6034]]],[[[-82.7423,41.4965],[-82.7409,41.4892],[-82.7371,41.4894],[-82.7309,41.4939],[-82.7273,41.5026],[-82.7333,41.5028],[-82.7352,41.5001],[-82.7399,41.4988],[-82.7423,41.4965]]],[[[-82.788,41.6781],[-82.7867,41.6768],[-82.7839,41.6786],[-82.788,41.6781]]],[[[-82.8264,41.6848],[-82.8086,41.6707],[-82.7799,41.6957],[-82.8264,41.6848]]],[[[-82.8304,41.6918],[-82.8296,41.6908],[-82.8225,41.6918],[-82.8261,41.6935],[-82.8304,41.6918]]],[[[-82.8356,41.7108],[-82.8351,41.709],[-82.8291,41.7097],[-82.8161,41.7067],[-82.8089,41.7083],[-82.8119,41.7173],[-82.8105,41.7205],[-82.8135,41.7235],[-82.8204,41.7246],[-82.8257,41.7228],[-82.828,41.7181],[-82.8327,41.7157],[-82.8356,41.7108]]],[[[-82.8439,41.6465],[-82.8347,41.6293],[-82.7931,41.6647],[-82.8439,41.6465]]],[[[-82.8566,41.682],[-82.8503,41.6775],[-82.8446,41.6785],[-82.8566,41.682]]],[[[-82.8679,41.6459],[-82.8683,41.6445],[-82.8621,41.6451],[-82.8633,41.6467],[-82.8679,41.6459]]],[[[-83.1106,41.7378],[-83.1058,41.7365],[-83.1021,41.7386],[-83.1013,41.742],[-83.105,41.7427],[-83.1106,41.7378]]],[[[-80.519,40.6388],[-80.5194,41.9775],[-81.2841,41.7635],[-81.7388,41.4886],[-81.8774,41.4835],[-82.012,41.5156],[-82.187,41.4744],[-82.2685,41.4309],[-82.3639,41.4281],[-82.4812,41.3814],[-82.6598,41.4347],[-82.6777,41.4446],[-82.6646,41.4554],[-82.7307,41.462],[-82.7547,41.444],[-82.8117,41.4753],[-82.9232,41.4192],[-82.9771,41.4542],[-83.0096,41.4288],[-83.0249,41.4488],[-83.0035,41.4487],[-83.0382,41.4631],[-82.9931,41.4595],[-82.959,41.4875],[-82.8241,41.4903],[-82.7464,41.512],[-82.7208,41.5089],[-82.7142,41.4857],[-82.7109,41.5367],[-82.7855,41.5407],[-82.8341,41.5876],[-82.8595,41.5764],[-82.8515,41.5613],[-82.8752,41.5297],[-82.9344,41.5144],[-83.0281,41.5557],[-83.086,41.6067],[-83.2227,41.6385],[-83.3356,41.706],[-83.357,41.6867],[-83.4302,41.6908],[-83.428,41.7121],[-83.4725,41.693],[-83.4538,41.7327],[-84.806,41.6961],[-84.8202,39.1055],[-84.7442,39.1475],[-84.6849,39.1005],[-84.6079,39.0732],[-84.4553,39.1204],[-84.4257,39.0531],[-84.346,39.037],[-84.3047,39.0065],[-84.2882,38.9558],[-84.2345,38.8932],[-84.2129,38.8057],[-84.0715,38.7705],[-83.9621,38.7874],[-83.8732,38.7624],[-83.8367,38.7179],[-83.7871,38.6995],[-83.7694,38.6552],[-83.6795,38.63],[-83.6497,38.6328],[-83.6269,38.6794],[-83.521,38.7031],[-83.3564,38.654],[-83.2942,38.5966],[-83.2456,38.6279],[-83.1428,38.6251],[-83.1124,38.6717],[-83.0531,38.6958],[-83.0307,38.7257],[-82.8892,38.7561],[-82.8713,38.7394],[-82.8776,38.6902],[-82.8443,38.5909],[-82.8001,38.5632],[-82.6966,38.5421],[-82.6105,38.4715],[-82.5876,38.4127],[-82.5402,38.4037],[-82.3303,38.4445],[-82.2913,38.579],[-82.2621,38.5982],[-82.1773,38.6038],[-82.1825,38.7088],[-82.2216,38.7872],[-82.1449,38.8405],[-82.1432,38.8981],[-82.036,39.0255],[-82.0023,39.0279],[-81.9794,38.9932],[-81.9332,38.9877],[-81.8985,38.9296],[-81.928,38.8935],[-81.8985,38.8746],[-81.856,38.8927],[-81.8274,38.9459],[-81.7627,38.9241],[-81.7818,38.9649],[-81.7643,39.0153],[-81.8139,39.0793],[-81.7473,39.0954],[-81.7558,39.181],[-81.6924,39.2265],[-81.6836,39.2709],[-81.5703,39.2677],[-81.5576,39.3388],[-81.4561,39.4093],[-81.4127,39.3946],[-81.376,39.3417],[-81.2707,39.3859],[-81.2173,39.3876],[-81.1859,39.4307],[-81.1325,39.4463],[-80.9704,39.5901],[-80.8804,39.6207],[-80.8637,39.6917],[-80.8298,39.7118],[-80.8691,39.7664],[-80.8261,39.7986],[-80.8261,39.8442],[-80.7908,39.8673],[-80.806,39.9171],[-80.7564,39.9139],[-80.7645,39.9503],[-80.7401,39.9708],[-80.7386,40.0757],[-80.7091,40.1015],[-80.7046,40.1548],[-80.6521,40.245],[-80.6193,40.2652],[-80.5999,40.3177],[-80.6097,40.375],[-80.6336,40.3905],[-80.6122,40.4027],[-80.5955,40.4753],[-80.668,40.5825],[-80.6272,40.6199],[-80.5767,40.6142],[-80.519,40.6388]]]]},"properties":{"iso3":"USA","shapeId":"66186276B76680759932915","regionId":"USA.36_1","name":"Ohio"}},{"type":"Feature","geometry":{"type":"MultiPolygon","coordinates":[[[[-86.9562,45.3555],[-86.8971,45.2961],[-86.9032,45.3331],[-86.8665,45.3357],[-86.8636,45.3649],[-86.8054,45.4073],[-86.8101,45.4226],[-86.9235,45.3973],[-86.9374,45.421],[-86.9562,45.3555]]],[[[-86.9579,45.3151],[-86.9605,45.3111],[-86.9572,45.3048],[-86.9442,45.3006],[-86.9432,45.3046],[-86.9476,45.3123],[-86.9579,45.3151]]],[[[-87.2119,45.1814],[-87.2139,45.1787],[-87.2117,45.1763],[-87.2079,45.1762],[-87.2067,45.1805],[-87.2119,45.1814]]],[[[-87.2705,45.166],[-87.268,45.1567],[-87.2633,45.1567],[-87.2628,45.1612],[-87.2659,45.1653],[-87.264,45.1723],[-87.2559,45.1762],[-87.2578,45.1798],[-87.2678,45.174],[-87.2705,45.166]]],[[[-87.3776,45.1839],[-87.3273,45.1574],[-87.3342,45.2117],[-87.3776,45.1839]]],[[[-87.5062,45.0596],[-87.4902,45.055],[-87.4964,45.0611],[-87.5062,45.0596]]],[[[-90.4655,47.0026],[-90.4088,47.0173],[-90.3954,47.0772],[-90.4491,47.066],[-90.4655,47.0026]]],[[[-90.5171,46.876],[-90.4744,46.875],[-90.4477,46.8962],[-90.5171,46.876]]],[[[-90.5755,47.0339],[-90.5587,46.9962],[-90.5449,47.0174],[-90.5755,47.0339]]],[[[-90.5909,47.0652],[-90.5894,47.059],[-90.5847,47.0626],[-90.583,47.0691],[-90.5865,47.0757],[-90.5896,47.0724],[-90.5909,47.0652]]],[[[-90.625,47.004],[-90.6272,47.0026],[-90.622,46.9933],[-90.6175,46.9894],[-90.6097,46.9912],[-90.6067,46.9944],[-90.6032,46.9954],[-90.6026,47.0025],[-90.606,47.0071],[-90.6182,47.008],[-90.625,47.004]]],[[[-90.6525,47.034],[-90.6518,47.03],[-90.6464,47.0257],[-90.6418,47.0251],[-90.6397,47.0263],[-90.6381,47.0283],[-90.6398,47.0322],[-90.6365,47.0364],[-90.6371,47.0382],[-90.6436,47.0412],[-90.6488,47.0356],[-90.6525,47.034]]],[[[-90.6543,46.9223],[-90.6391,46.9065],[-90.5689,46.9232],[-90.5445,46.9086],[-90.5444,46.9315],[-90.5071,46.9578],[-90.5765,46.9585],[-90.6543,46.9223]]],[[[-90.6785,46.9564],[-90.6716,46.949],[-90.6612,46.9532],[-90.6533,46.9576],[-90.6485,46.9632],[-90.6408,46.9657],[-90.6341,46.971],[-90.6341,46.9796],[-90.637,46.9811],[-90.643,46.981],[-90.6549,46.9769],[-90.6584,46.9726],[-90.6687,46.967],[-90.6727,46.9601],[-90.6785,46.9564]]],[[[-90.693,47.0311],[-90.6793,47.0186],[-90.6468,47.0545],[-90.693,47.0311]]],[[[-90.7027,46.887],[-90.7026,46.884],[-90.6968,46.8798],[-90.6897,46.879],[-90.6732,46.8833],[-90.6674,46.8914],[-90.6711,46.8945],[-90.6779,46.8959],[-90.7027,46.887]]],[[[-90.7118,46.9876],[-90.6692,47.0001],[-90.6966,47.0085],[-90.7118,46.9876]]],[[[-90.7309,47.08],[-90.73,47.0656],[-90.7267,47.0621],[-90.722,47.0632],[-90.7208,47.0733],[-90.724,47.078],[-90.7287,47.0806],[-90.7309,47.08]]],[[[-90.7633,46.8333],[-90.7205,46.8657],[-90.736,46.8728],[-90.7633,46.8333]]],[[[-90.7653,46.947],[-90.7367,46.9135],[-90.689,46.9175],[-90.7157,46.9584],[-90.7653,46.947]]],[[[-90.7769,47.0243],[-90.768,47.0023],[-90.74,47.0092],[-90.7589,47.0347],[-90.7769,47.0243]]],[[[-90.7916,46.785],[-90.7879,46.7528],[-90.7637,46.7549],[-90.7165,46.7854],[-90.6572,46.7888],[-90.6739,46.8197],[-90.57,46.8497],[-90.6221,46.8729],[-90.733,46.8002],[-90.7916,46.785]]],[[[-90.805,46.9733],[-90.8059,46.9705],[-90.8016,46.9689],[-90.7897,46.97],[-90.791,46.9725],[-90.789,46.9758],[-90.7845,46.9782],[-90.7888,46.9809],[-90.7972,46.98],[-90.7983,46.9757],[-90.805,46.9733]]],[[[-90.8786,46.9913],[-90.8763,46.985],[-90.8703,46.9834],[-90.8597,46.9764],[-90.8564,46.9764],[-90.851,46.9831],[-90.8513,46.9854],[-90.8565,46.9867],[-90.8634,46.9853],[-90.8712,46.9869],[-90.8759,46.9921],[-90.8786,46.9913]]],[[[-90.9821,46.9859],[-90.9619,46.9615],[-90.932,46.9631],[-90.9238,46.9879],[-90.9375,47.0031],[-90.9821,46.9859]]],[[[-91.0378,46.9446],[-91.0364,46.9409],[-91.0343,46.9443],[-91.0357,46.9462],[-91.0378,46.9446]]],[[[-90.4181,46.5661],[-90.5581,46.5864],[-90.8011,46.7316],[-90.7122,46.6659],[-90.7481,46.6698],[-90.7609,46.6604],[-90.7377,46.6553],[-90.7702,46.6361],[-90.9056,46.5835],[-90.9451,46.589],[-90.9113,46.6631],[-90.8538,46.6935],[-90.885,46.7563],[-90.8138,46.8084],[-90.7712,46.8825],[-90.751,46.888],[-90.7921,46.9338],[-90.8249,46.9326],[-90.8317,46.9539],[-90.8639,46.9627],[-90.9218,46.9313],[-90.9684,46.9439],[-91.053,46.8813],[-91.0909,46.8827],[-91.1055,46.8576],[-91.1402,46.8732],[-91.1676,46.8448],[-91.1903,46.8484],[-91.2044,46.8588],[-91.1866,46.8857],[-91.2567,46.8369],[-91.3688,46.7938],[-91.5907,46.7543],[-91.7901,46.6947],[-91.9619,46.6825],[-92.1166,46.7486],[-92.1463,46.7159],[-92.2047,46.704],[-92.1761,46.6863],[-92.2071,46.6519],[-92.2706,46.6507],[-92.2913,46.6682],[-92.294,46.0744],[-92.3329,46.0627],[-92.3518,46.0157],[-92.4286,46.0242],[-92.4694,45.9738],[-92.5271,45.9833],[-92.5519,45.9517],[-92.6388,45.9342],[-92.7077,45.8949],[-92.7652,45.8302],[-92.7578,45.8066],[-92.7846,45.7642],[-92.8692,45.7176],[-92.8838,45.5755],[-92.7702,45.5669],[-92.7261,45.5411],[-92.7267,45.5145],[-92.6466,45.4416],[-92.6504,45.3985],[-92.7027,45.3585],[-92.71,45.3213],[-92.7619,45.287],[-92.7517,45.2187],[-92.7668,45.1855],[-92.7396,45.1156],[-92.8031,45.061],[-92.7621,45.0243],[-92.7695,44.9722],[-92.7507,44.9373],[-92.7746,44.8981],[-92.7653,44.8372],[-92.808,44.7515],[-92.6321,44.649],[-92.6215,44.615],[-92.5694,44.6035],[-92.5481,44.5678],[-92.3361,44.554],[-92.291,44.4855],[-92.2325,44.4454],[-91.9703,44.3658],[-91.9186,44.3227],[-91.9246,44.2918],[-91.8964,44.2747],[-91.8752,44.2006],[-91.7216,44.1303],[-91.7075,44.1039],[-91.5921,44.0314],[-91.4405,44.0015],[-91.3666,43.9375],[-91.2441,43.7747],[-91.2733,43.6666],[-91.2688,43.6154],[-91.2319,43.5818],[-91.2432,43.5403],[-91.2183,43.5144],[-91.2334,43.4552],[-91.1977,43.3953],[-91.215,43.368],[-91.1072,43.3137],[-91.0579,43.2554],[-91.1783,43.125],[-91.1456,42.908],[-91.1006,42.8831],[-91.0537,42.7382],[-90.9492,42.6856],[-90.7092,42.6361],[-90.6456,42.5441],[-90.6428,42.5085],[-87.8021,42.4926],[-87.8171,42.6355],[-87.7579,42.7821],[-87.8245,42.8348],[-87.8465,42.8842],[-87.845,42.9611],[-87.8975,43.0201],[-87.8638,43.0706],[-87.9005,43.1259],[-87.8811,43.1706],[-87.9118,43.2504],[-87.8725,43.3802],[-87.7917,43.4923],[-87.7901,43.5631],[-87.7027,43.6876],[-87.6959,43.7654],[-87.7264,43.8105],[-87.7362,43.8804],[-87.6466,44.1047],[-87.5632,44.1442],[-87.5129,44.1928],[-87.5084,44.2297],[-87.5454,44.3214],[-87.4681,44.5519],[-87.3538,44.7019],[-87.3185,44.7885],[-87.2674,44.8469],[-87.2046,44.8756],[-87.216,44.9066],[-87.1717,44.9315],[-87.1894,44.9686],[-87.1394,45.0126],[-87.1232,45.066],[-87.0789,45.0577],[-87.0927,45.0927],[-87.048,45.0878],[-87.0511,45.1162],[-87.0813,45.1418],[-87.0289,45.1464],[-87.0452,45.1584],[-87.0352,45.2296],[-86.9814,45.2178],[-86.9725,45.2841],[-87.0674,45.2958],[-87.0775,45.2527],[-87.1087,45.257],[-87.12,45.1911],[-87.1672,45.1836],[-87.1726,45.1514],[-87.237,45.1695],[-87.2841,45.0465],[-87.3214,45.0382],[-87.405,44.9118],[-87.3836,44.8851],[-87.3856,44.8311],[-87.4331,44.8927],[-87.4856,44.8546],[-87.5188,44.872],[-87.5042,44.8563],[-87.534,44.8573],[-87.5567,44.8249],[-87.5503,44.8513],[-87.5783,44.8534],[-87.7209,44.7246],[-87.7198,44.6933],[-87.7658,44.642],[-87.864,44.6155],[-87.9438,44.5297],[-88.0087,44.5417],[-88.0435,44.5698],[-88.0149,44.5855],[-88.0135,44.6145],[-87.9805,44.5864],[-88.0098,44.6371],[-87.9954,44.6733],[-87.977,44.6533],[-87.9835,44.7202],[-87.9011,44.8274],[-87.8328,44.8809],[-87.839,44.9317],[-87.7669,44.9653],[-87.6303,44.9769],[-87.6104,45.0756],[-87.5753,45.0705],[-87.592,45.0943],[-87.66,45.1075],[-87.6839,45.1441],[-87.7365,45.1734],[-87.7417,45.1982],[-87.7105,45.2593],[-87.6481,45.3394],[-87.6574,45.3688],[-87.694,45.3899],[-87.7541,45.3495],[-87.8501,45.3404],[-87.8702,45.3664],[-87.8881,45.3547],[-87.8493,45.4039],[-87.8617,45.4345],[-87.813,45.4642],[-87.7928,45.5],[-87.8034,45.5383],[-87.8336,45.5625],[-87.7924,45.5631],[-87.7747,45.602],[-87.8241,45.6471],[-87.8232,45.6627],[-87.7816,45.6733],[-87.8102,45.7102],[-87.8758,45.7539],[-87.9635,45.7582],[-87.9897,45.772],[-87.9915,45.7954],[-88.0506,45.781],[-88.1033,45.7914],[-88.1351,45.8217],[-88.0699,45.8727],[-88.1018,45.8835],[-88.1029,45.9219],[-88.192,45.9527],[-88.327,45.9551],[-88.3802,45.9917],[-88.4169,45.9753],[-88.4587,45.9994],[-88.4925,45.9922],[-88.5146,46.0199],[-88.589,46.0051],[-88.6014,46.0176],[-88.6164,45.9877],[-88.6708,45.9886],[-88.6791,46.0135],[-88.74,46.0273],[-88.7802,46.0154],[-88.7962,46.0337],[-88.816,46.0206],[-89.0916,46.1385],[-90.1205,46.3369],[-90.1188,46.3592],[-90.2166,46.5018],[-90.273,46.5051],[-90.2771,46.5245],[-90.317,46.5173],[-90.3109,46.5394],[-90.3319,46.5533],[-90.3933,46.5326],[-90.4181,46.5661]]]]},"properties":{"iso3":"USA","shapeId":"66186276B91272823970344","regionId":"USA.50_1","name":"Wisconsin"}},{"type":"Feature","geometry":{"type":"MultiPolygon","coordinates":[[[[-123.5989,46.2515],[-123.5985,46.2502],[-123.5953,46.2515],[-123.59,46.2512],[-123.5838,46.249],[-123.573,46.2498],[-123.5914,46.2524],[-123.5989,46.2515]]],[[[-123.6662,46.245],[-123.665,46.2427],[-123.6507,46.2441],[-123.643,46.2463],[-123.6415,46.2489],[-123.6448,46.2495],[-123.663,46.2445],[-123.6646,46.2457],[-123.6662,46.245]]],[[[-123.9946,46.263],[-123.9783,46.2612],[-123.9647,46.264],[-123.9677,46.2656],[-123.9698,46.2633],[-123.9852,46.2629],[-123.9871,46.2646],[-123.9907,46.2647],[-123.9946,46.263]]],[[[-124.0352,46.2851],[-124.0362,46.2815],[-124.0283,46.274],[-124.0186,46.272],[-124.0112,46.2658],[-124.007,46.2643],[-124.0029,46.2659],[-124.0062,46.2686],[-124.0089,46.2672],[-124.0138,46.2733],[-124.0238,46.292],[-124.0262,46.2919],[-124.0272,46.2845],[-124.0312,46.2833],[-124.0352,46.2851]]],[[[-124.3239,42.0667],[-124.3238,42.0644],[-124.3221,42.0642],[-124.3218,42.0673],[-124.3239,42.0667]]],[[[-124.4273,42.3145],[-124.4269,42.3129],[-124.4251,42.3128],[-124.4254,42.3153],[-124.4273,42.3145]]],[[[-124.4771,42.6672],[-124.4759,42.6655],[-124.4749,42.668],[-124.4771,42.6672]]],[[[-116.916,45.9954],[-118.9871,45.9999],[-119.1261,45.9329],[-119.2572,45.9399],[-119.4878,45.9063],[-119.6006,45.9196],[-119.6699,45.8569],[-119.9658,45.8244],[-120.1705,45.762],[-120.2108,45.726],[-120.404,45.6993],[-120.4824,45.6945],[-120.5595,45.7384],[-120.635,45.7459],[-120.8956,45.643],[-121.0644,45.6526],[-121.1679,45.6061],[-121.1966,45.6167],[-121.2158,45.6712],[-121.3378,45.705],[-121.4236,45.694],[-121.5331,45.7265],[-121.7074,45.6948],[-121.8113,45.7068],[-121.8672,45.6933],[-121.9831,45.6228],[-122.2949,45.5435],[-122.3803,45.5759],[-122.4387,45.5636],[-122.6439,45.6097],[-122.7638,45.6571],[-122.7615,45.7592],[-122.7956,45.81],[-122.785,45.8677],[-122.814,45.961],[-122.9041,46.0837],[-123.1159,46.1853],[-123.1664,46.189],[-123.2802,46.1448],[-123.3714,46.1464],[-123.431,46.1816],[-123.4276,46.2294],[-123.4476,46.2498],[-123.5013,46.271],[-123.6195,46.2153],[-123.6668,46.2182],[-123.6934,46.1898],[-123.7576,46.213],[-123.8642,46.1895],[-123.8384,46.1711],[-123.8548,46.1573],[-123.9898,46.2092],[-123.9889,46.2272],[-124.0126,46.2369],[-123.9475,46.1161],[-123.9293,46.042],[-123.9375,45.9773],[-123.9937,45.9464],[-123.9628,45.87],[-123.9826,45.7618],[-123.946,45.7333],[-123.9397,45.689],[-123.9495,45.5454],[-123.9787,45.4869],[-123.9657,45.3862],[-123.9734,45.3548],[-124.0078,45.3368],[-123.9729,45.3369],[-123.9629,45.2802],[-123.9754,45.1455],[-124.0159,45.0648],[-124.0252,44.9282],[-124.0741,44.7981],[-124.0579,44.7352],[-124.0793,44.6772],[-124.0583,44.6589],[-124.1503,43.9109],[-124.232,43.5624],[-124.315,43.3884],[-124.4028,43.3059],[-124.3825,43.2702],[-124.4379,43.114],[-124.4469,43.0318],[-124.5002,42.9175],[-124.5663,42.8364],[-124.5361,42.8142],[-124.5137,42.733],[-124.4739,42.7327],[-124.4508,42.6758],[-124.4168,42.6616],[-124.4012,42.6272],[-124.4083,42.5948],[-124.39,42.5748],[-124.4351,42.4419],[-124.4331,42.324],[-124.4118,42.3074],[-124.4142,42.2522],[-124.361,42.1808],[-124.354,42.1035],[-124.2116,41.9985],[-117.0262,41.9999],[-117.0329,43.83],[-117.009,43.8423],[-117.0211,43.859],[-116.983,43.8677],[-116.9819,43.9125],[-116.9588,43.9233],[-116.9723,43.9584],[-116.9592,43.9664],[-116.9762,43.9747],[-116.9356,43.9869],[-116.9374,44.0294],[-116.9732,44.0494],[-116.9774,44.0854],[-116.9337,44.1],[-116.8941,44.1602],[-116.9254,44.1915],[-116.9717,44.1973],[-116.9759,44.2428],[-117.0319,44.2486],[-117.053,44.2291],[-117.1042,44.2799],[-117.1434,44.2583],[-117.1982,44.2738],[-117.2227,44.2976],[-117.1898,44.3366],[-117.2427,44.3966],[-117.2151,44.4272],[-117.2251,44.4824],[-117.1493,44.5362],[-117.0623,44.7271],[-116.9347,44.7839],[-116.8982,44.8543],[-116.8524,44.8876],[-116.8322,44.9314],[-116.8508,44.9581],[-116.8263,44.9825],[-116.857,44.9752],[-116.848,45.0226],[-116.7296,45.1421],[-116.7036,45.2398],[-116.6745,45.2764],[-116.6738,45.3215],[-116.5882,45.4429],[-116.5548,45.4629],[-116.5576,45.5032],[-116.5286,45.5511],[-116.4636,45.6028],[-116.5354,45.6917],[-116.5467,45.751],[-116.593,45.7785],[-116.6654,45.782],[-116.7118,45.8263],[-116.7827,45.8254],[-116.916,45.9954]]]]},"properties":{"iso3":"USA","shapeId":"66186276B97229519707655","regionId":"USA.38_1","name":"Oregon"}},{"type":"Feature","geometry":{"type":"Polygon","coordinates":[[[-96.5637,45.9352],[-96.5779,46.0269],[-96.5545,46.084],[-96.5799,46.1772],[-96.5927,46.1752],[-96.5987,46.2416],[-96.5839,46.2502],[-96.6004,46.2619],[-96.5998,46.3304],[-96.6454,46.3509],[-96.7219,46.4401],[-96.7142,46.471],[-96.7381,46.4778],[-96.7544,46.5567],[-96.7419,46.5642],[-96.7784,46.6271],[-96.7979,46.6291],[-96.7793,46.7274],[-96.7895,46.766],[-96.7757,46.7661],[-96.7967,46.7775],[-96.8026,46.8115],[-96.7803,46.8258],[-96.7939,46.8331],[-96.7754,46.8389],[-96.7814,46.8794],[-96.7533,46.9246],[-96.7918,46.9285],[-96.795,46.9654],[-96.8219,46.9694],[-96.8214,47.0037],[-96.8396,47.0067],[-96.8127,47.0383],[-96.8304,47.0608],[-96.8168,47.1091],[-96.8376,47.122],[-96.82,47.1309],[-96.8411,47.1514],[-96.8227,47.1562],[-96.8216,47.1843],[-96.8447,47.1929],[-96.8272,47.2017],[-96.8456,47.2211],[-96.8289,47.2343],[-96.8473,47.2628],[-96.8307,47.3054],[-96.847,47.3158],[-96.8288,47.3281],[-96.846,47.3284],[-96.8306,47.3387],[-96.8582,47.3676],[-96.8378,47.3708],[-96.8546,47.3738],[-96.8375,47.3893],[-96.8423,47.4119],[-96.8717,47.4194],[-96.8528,47.4323],[-96.8651,47.4916],[-96.8423,47.5086],[-96.871,47.5279],[-96.8454,47.5396],[-96.8618,47.5595],[-96.8475,47.5662],[-96.8684,47.5658],[-96.8517,47.5685],[-96.8511,47.5979],[-96.8886,47.6385],[-96.8851,47.6738],[-96.9309,47.7154],[-96.9186,47.7239],[-96.9352,47.7675],[-96.991,47.8077],[-96.9742,47.823],[-97.0232,47.874],[-97.0178,47.9198],[-97.0546,47.9463],[-97.0723,48.0481],[-97.1045,48.0724],[-97.1223,48.1386],[-97.1467,48.1432],[-97.121,48.1591],[-97.1475,48.1724],[-97.139,48.2171],[-97.1178,48.2098],[-97.1518,48.2189],[-97.1208,48.2258],[-97.1444,48.2332],[-97.123,48.2617],[-97.1451,48.2678],[-97.1166,48.2797],[-97.1381,48.2909],[-97.1122,48.2965],[-97.138,48.3101],[-97.1156,48.3239],[-97.1417,48.3257],[-97.1259,48.3406],[-97.1563,48.3662],[-97.1334,48.382],[-97.1633,48.392],[-97.1315,48.4066],[-97.1549,48.4175],[-97.1225,48.4183],[-97.1458,48.4303],[-97.1266,48.4431],[-97.1506,48.4412],[-97.1293,48.4541],[-97.1461,48.4741],[-97.1281,48.4736],[-97.1627,48.4778],[-97.1322,48.4884],[-97.15,48.512],[-97.1269,48.5198],[-97.1541,48.5219],[-97.141,48.5342],[-97.166,48.5492],[-97.1384,48.5544],[-97.1753,48.5625],[-97.1492,48.57],[-97.1606,48.5809],[-97.1345,48.6079],[-97.1498,48.6127],[-97.1204,48.618],[-97.1308,48.6321],[-97.1094,48.6326],[-97.0903,48.6845],[-97.153,48.7529],[-97.1473,48.7811],[-97.1812,48.7979],[-97.1588,48.8109],[-97.1903,48.8157],[-97.1778,48.8753],[-97.1996,48.8814],[-97.1898,48.8945],[-97.2341,48.9476],[-97.2287,49.0006],[-104.0487,48.9999],[-104.0455,45.9453],[-96.5637,45.9352]]]},"properties":{"iso3":"USA","shapeId":"66186276B22881275445497","regionId":"USA.35_1","name":"North Dakota"}},{"type":"Feature","geometry":{"type":"Polygon","coordinates":[[[-90.3093,34.9957],[-90.292,35.0418],[-90.2001,35.0328],[-90.1601,35.1288],[-90.1006,35.1167],[-90.0654,35.1377],[-90.1174,35.1879],[-90.0768,35.2088],[-90.0788,35.2278],[-90.1688,35.2791],[-90.1589,35.3006],[-90.1091,35.305],[-90.1103,35.3428],[-90.075,35.3842],[-90.1305,35.4138],[-90.1462,35.3995],[-90.1355,35.3767],[-90.1793,35.3852],[-90.169,35.4219],[-90.0987,35.4786],[-90.0671,35.4648],[-90.0693,35.4083],[-90.0416,35.3966],[-90.0566,35.4038],[-90.0188,35.4648],[-90.0503,35.5153],[-90.0286,35.5553],[-89.9894,35.56],[-89.948,35.5201],[-89.909,35.5206],[-89.9093,35.548],[-89.9414,35.5566],[-89.9568,35.5905],[-89.8566,35.6345],[-89.8512,35.6574],[-89.8648,35.6704],[-89.8989,35.6509],[-89.931,35.6601],[-89.9558,35.6906],[-89.9563,35.7334],[-89.91,35.7594],[-89.8773,35.7414],[-89.8212,35.7567],[-89.7818,35.8051],[-89.7061,35.8183],[-89.7044,35.8357],[-89.7725,35.8651],[-89.7412,35.9068],[-89.6696,35.8833],[-89.6444,35.8948],[-89.7331,36.0006],[-90.3779,35.9957],[-90.3192,36.09],[-90.2356,36.1395],[-90.2204,36.1848],[-90.1264,36.2294],[-90.1149,36.2656],[-90.0837,36.2723],[-90.064,36.303],[-90.082,36.3221],[-90.0645,36.3821],[-90.1385,36.414],[-90.1525,36.498],[-94.6179,36.4994],[-94.4307,35.3925],[-94.4859,33.6379],[-94.4486,33.6428],[-94.472,33.6027],[-94.4122,33.5687],[-94.3829,33.5833],[-94.4016,33.5594],[-94.3817,33.544],[-94.356,33.5432],[-94.344,33.5678],[-94.3096,33.5517],[-94.2891,33.5821],[-94.2909,33.5589],[-94.2756,33.558],[-94.2428,33.5897],[-94.2502,33.5568],[-94.1964,33.5551],[-94.1944,33.5737],[-94.2172,33.5807],[-94.1839,33.5947],[-94.1422,33.5814],[-94.1515,33.5684],[-94.1351,33.571],[-94.1287,33.551],[-94.0826,33.5755],[-94.0561,33.5673],[-94.0722,33.5539],[-94.0435,33.5523],[-94.043,33.0192],[-91.1661,33.0041],[-91.1212,33.0592],[-91.2002,33.1069],[-91.2018,33.1251],[-91.1837,33.1417],[-91.0899,33.1397],[-91.0917,33.2208],[-91.0436,33.2746],[-91.0785,33.2833],[-91.1061,33.2418],[-91.1416,33.2995],[-91.1422,33.349],[-91.0753,33.406],[-91.0576,33.4453],[-91.0865,33.4516],[-91.1072,33.3991],[-91.154,33.3789],[-91.2087,33.4087],[-91.1319,33.4301],[-91.1251,33.4728],[-91.1674,33.4983],[-91.1773,33.4436],[-91.2352,33.439],[-91.1829,33.5024],[-91.2314,33.5606],[-91.1522,33.5827],[-91.1305,33.606],[-91.2279,33.6831],[-91.1609,33.7071],[-91.094,33.6584],[-91.0346,33.673],[-91.0599,33.7148],[-91.1177,33.7053],[-91.1466,33.7325],[-91.1322,33.7834],[-91.0233,33.763],[-90.9885,33.7845],[-91.0469,33.8154],[-91.073,33.8575],[-91.0103,33.9294],[-91.0841,33.9562],[-91.0879,33.9753],[-91.0189,34.0032],[-91.0001,33.9664],[-90.9676,33.9633],[-90.988,34.019],[-90.8924,34.0269],[-90.8705,34.0805],[-90.9463,34.1094],[-90.9543,34.1385],[-90.91,34.1655],[-90.8472,34.1369],[-90.8109,34.1559],[-90.8166,34.183],[-90.9161,34.1969],[-90.9352,34.2191],[-90.929,34.2445],[-90.8478,34.2065],[-90.8283,34.2737],[-90.7652,34.2805],[-90.7431,34.3023],[-90.7658,34.3621],[-90.6763,34.3711],[-90.6931,34.3226],[-90.6693,34.313],[-90.6585,34.3757],[-90.5712,34.4203],[-90.5889,34.4911],[-90.5407,34.5481],[-90.5872,34.6157],[-90.5884,34.671],[-90.5499,34.6955],[-90.5381,34.6732],[-90.5541,34.6409],[-90.5245,34.6285],[-90.4626,34.6876],[-90.539,34.6988],[-90.5657,34.7211],[-90.5354,34.7501],[-90.5476,34.7846],[-90.5147,34.8018],[-90.501,34.7712],[-90.5249,34.7501],[-90.5202,34.7319],[-90.455,34.7356],[-90.4746,34.7932],[-90.4569,34.8234],[-90.485,34.8693],[-90.4662,34.891],[-90.4366,34.8827],[-90.4224,34.8337],[-90.3404,34.8604],[-90.3074,34.8462],[-90.3135,34.8717],[-90.2501,34.9073],[-90.2445,34.9376],[-90.3093,34.9957]]]},"properties":{"iso3":"USA","shapeId":"66186276B86295910312663","regionId":"USA.4_1","name":"Arkansas"}},{"type":"Feature","geometry":{"type":"Polygon","coordinates":[[[-86.8248,41.7602],[-87.066,41.6619],[-87.2616,41.6205],[-87.4208,41.641],[-87.434,41.6557],[-87.4085,41.6706],[-87.4158,41.6882],[-87.4707,41.6728],[-87.5242,41.7083],[-87.5317,39.3481],[-87.5849,39.3373],[-87.6205,39.3071],[-87.5973,39.297],[-87.605,39.2602],[-87.5713,39.2514],[-87.5746,39.2184],[-87.6588,39.136],[-87.6351,39.1223],[-87.6528,39.1068],[-87.6149,39.1027],[-87.616,39.0826],[-87.5726,39.0573],[-87.5787,38.9995],[-87.5604,38.9924],[-87.5765,38.9867],[-87.5122,38.9544],[-87.5277,38.9185],[-87.5167,38.9041],[-87.5441,38.8951],[-87.5349,38.8789],[-87.5534,38.8624],[-87.5259,38.8488],[-87.4961,38.7421],[-87.5312,38.684],[-87.5973,38.6653],[-87.6201,38.6395],[-87.6274,38.6054],[-87.612,38.5893],[-87.6376,38.5927],[-87.6701,38.5452],[-87.6501,38.5046],[-87.7554,38.464],[-87.7304,38.4479],[-87.7453,38.409],[-87.8234,38.346],[-87.839,38.2823],[-87.8597,38.2767],[-87.8705,38.3122],[-87.9111,38.268],[-87.9095,38.2961],[-87.9336,38.2959],[-87.9602,38.2371],[-87.9876,38.2574],[-87.9758,38.1978],[-87.9343,38.1565],[-87.9229,38.1733],[-87.9114,38.1617],[-87.9455,38.1266],[-87.9658,38.1326],[-87.9753,38.1101],[-88.0131,38.1035],[-88.0047,38.084],[-87.9605,38.0991],[-87.9672,38.0671],[-88.0421,38.0464],[-88.0076,38.0292],[-88.0258,38.0073],[-88.0129,37.9666],[-88.0368,37.9568],[-88.0354,37.9255],[-88.0696,37.9269],[-88.0225,37.9148],[-88.0134,37.8949],[-88.0978,37.904],[-88.065,37.8532],[-88.0259,37.8327],[-88.0857,37.8294],[-88.0677,37.8006],[-88.0376,37.8099],[-87.9445,37.7753],[-87.9038,37.8178],[-87.9408,37.8833],[-87.8981,37.9275],[-87.8306,37.8765],[-87.6757,37.9019],[-87.6635,37.8866],[-87.6755,37.8317],[-87.6154,37.832],[-87.5837,37.8781],[-87.6284,37.9276],[-87.59,37.9755],[-87.5621,37.9333],[-87.5115,37.9064],[-87.4478,37.9424],[-87.3854,37.9377],[-87.2203,37.8491],[-87.1623,37.8402],[-87.1296,37.7866],[-87.1043,37.7834],[-87.0659,37.8076],[-87.0342,37.9063],[-86.918,37.9372],[-86.8201,37.9994],[-86.7955,37.9895],[-86.7315,37.8943],[-86.6471,37.9086],[-86.6616,37.8497],[-86.6383,37.8427],[-86.5981,37.8674],[-86.5886,37.9212],[-86.5066,37.9307],[-86.5252,37.9682],[-86.5218,38.0383],[-86.4522,38.0505],[-86.4301,38.0786],[-86.4633,38.1193],[-86.4295,38.1253],[-86.4019,38.1043],[-86.3798,38.1293],[-86.3239,38.1384],[-86.3774,38.1714],[-86.3577,38.1988],[-86.2729,38.1408],[-86.2672,38.0568],[-86.1766,38.0102],[-86.0863,38.0049],[-86.0423,37.9582],[-86.0295,37.9926],[-85.9257,38.0218],[-85.9039,38.1741],[-85.8444,38.2311],[-85.8292,38.2765],[-85.781,38.2885],[-85.7451,38.2672],[-85.6836,38.2955],[-85.6045,38.4408],[-85.4989,38.4682],[-85.4224,38.5329],[-85.4158,38.5636],[-85.4565,38.6851],[-85.4363,38.7285],[-85.2685,38.7402],[-85.2133,38.6955],[-85.1731,38.688],[-84.9919,38.7785],[-84.8129,38.7861],[-84.83,38.8306],[-84.7858,38.8695],[-84.8003,38.8911],[-84.877,38.909],[-84.8306,38.9749],[-84.8969,39.0575],[-84.8202,39.1055],[-84.8059,41.7602],[-86.8248,41.7602]]]},"properties":{"iso3":"USA","shapeId":"66186276B82803899326534","regionId":"USA.15_1","name":"Indiana"}},{"type":"Feature","geometry":{"type":"MultiPolygon","coordinates":[[[[-89.5921,47.9667],[-89.5864,47.9588],[-89.5712,47.964],[-89.5535,47.9733],[-89.5593,47.9794],[-89.5696,47.9786],[-89.5749,47.9807],[-89.5826,47.979],[-89.5803,47.9778],[-89.5837,47.9725],[-89.5921,47.9667]]],[[[-89.6647,47.9534],[-89.6603,47.9507],[-89.6548,47.9526],[-89.6616,47.955],[-89.6647,47.9534]]],[[[-91.5538,47.0897],[-91.5516,47.0874],[-91.5517,47.0906],[-91.5538,47.0897]]],[[[-96.4533,43.5004],[-91.2177,43.5006],[-91.2432,43.5403],[-91.2319,43.5818],[-91.2688,43.6154],[-91.2685,43.7098],[-91.2441,43.7747],[-91.2841,43.8471],[-91.4325,43.9968],[-91.5921,44.0314],[-91.7075,44.1039],[-91.7216,44.1303],[-91.8752,44.2006],[-91.8964,44.2747],[-91.9246,44.2918],[-91.9186,44.3227],[-91.9703,44.3658],[-92.2325,44.4454],[-92.291,44.4855],[-92.3361,44.554],[-92.5481,44.5678],[-92.5694,44.6035],[-92.6215,44.615],[-92.6321,44.649],[-92.808,44.7515],[-92.7653,44.8372],[-92.7746,44.8981],[-92.7507,44.9373],[-92.7695,44.9722],[-92.7621,45.0243],[-92.8031,45.061],[-92.7396,45.1156],[-92.7668,45.1855],[-92.7517,45.2187],[-92.7619,45.287],[-92.71,45.3213],[-92.7027,45.3585],[-92.6504,45.3985],[-92.6466,45.4416],[-92.7267,45.5145],[-92.7261,45.5411],[-92.7702,45.5669],[-92.8838,45.5755],[-92.8692,45.7176],[-92.7846,45.7642],[-92.7578,45.8066],[-92.7652,45.8302],[-92.7077,45.8949],[-92.6388,45.9342],[-92.5519,45.9517],[-92.5271,45.9833],[-92.4694,45.9738],[-92.4286,46.0242],[-92.3518,46.0157],[-92.3329,46.0627],[-92.294,46.0744],[-92.2913,46.6682],[-92.2706,46.6507],[-92.2071,46.6519],[-92.1761,46.6863],[-92.2047,46.704],[-92.1463,46.7159],[-92.1166,46.7486],[-92.0153,46.7065],[-92.0769,46.759],[-92.0853,46.7958],[-91.78,46.9434],[-91.7047,47.0053],[-91.6367,47.0274],[-91.5738,47.0899],[-91.465,47.1319],[-91.0457,47.4565],[-90.777,47.6062],[-90.5371,47.7031],[-90.0801,47.8025],[-89.7935,47.8914],[-89.6807,47.9447],[-89.6761,47.9654],[-89.6396,47.9536],[-89.6496,47.9793],[-89.6238,47.9947],[-89.5897,47.9806],[-89.4917,48.0052],[-89.581,47.9959],[-89.6104,48.0178],[-89.6511,48.0036],[-89.7759,48.0225],[-89.8974,47.9876],[-89.9931,48.0284],[-90.0236,48.0847],[-90.1362,48.1121],[-90.3745,48.091],[-90.4677,48.1088],[-90.5568,48.096],[-90.5593,48.1217],[-90.5799,48.1239],[-90.7516,48.091],[-90.798,48.1369],[-90.7779,48.1638],[-90.8363,48.177],[-90.8392,48.2395],[-90.8855,48.2458],[-91.0827,48.1808],[-91.2664,48.0787],[-91.4296,48.0486],[-91.4503,48.0688],[-91.4887,48.0681],[-91.5673,48.0437],[-91.5593,48.1083],[-91.6402,48.0969],[-91.6829,48.1221],[-91.712,48.1147],[-91.6982,48.1417],[-91.7053,48.1708],[-91.7246,48.1707],[-91.7149,48.1991],[-91.8644,48.207],[-91.8935,48.2377],[-91.9578,48.233],[-91.9544,48.2517],[-91.9769,48.2446],[-92.0066,48.2654],[-92.0001,48.3214],[-92.0466,48.3347],[-92.0552,48.3592],[-92.2623,48.3549],[-92.3063,48.3165],[-92.2697,48.2482],[-92.3692,48.2203],[-92.47,48.3518],[-92.4563,48.4142],[-92.5073,48.4479],[-92.656,48.4367],[-92.7126,48.463],[-92.6988,48.4949],[-92.6272,48.5034],[-92.6349,48.5429],[-92.7281,48.5393],[-92.9498,48.6083],[-92.9549,48.6315],[-93.1781,48.6233],[-93.2549,48.6428],[-93.4643,48.5918],[-93.4675,48.5457],[-93.6567,48.5157],[-93.7945,48.516],[-93.8183,48.5301],[-93.8068,48.5776],[-93.8408,48.6286],[-94.2243,48.6495],[-94.2907,48.7078],[-94.4162,48.711],[-94.4523,48.6925],[-94.5386,48.7026],[-94.6454,48.7441],[-94.6944,48.7822],[-94.7043,48.8243],[-94.6857,48.8401],[-94.6844,48.884],[-94.7981,49.1979],[-94.8256,49.2944],[-94.8162,49.321],[-94.9575,49.3702],[-95.0584,49.3532],[-95.1533,49.3844],[-95.1537,48.9989],[-97.2287,49.0006],[-97.2341,48.9476],[-97.1898,48.8945],[-97.1996,48.8814],[-97.1778,48.8753],[-97.1903,48.8157],[-97.1588,48.8109],[-97.1812,48.7979],[-97.1473,48.7811],[-97.153,48.7529],[-97.0903,48.6845],[-97.1094,48.6326],[-97.1308,48.6321],[-97.1204,48.618],[-97.1498,48.6127],[-97.1345,48.6079],[-97.1606,48.5809],[-97.1492,48.57],[-97.1753,48.5625],[-97.1384,48.5544],[-97.166,48.5492],[-97.141,48.5342],[-97.1541,48.5219],[-97.1269,48.5198],[-97.15,48.512],[-97.1322,48.4884],[-97.1627,48.4778],[-97.1281,48.4736],[-97.1461,48.4741],[-97.1293,48.4541],[-97.1506,48.4412],[-97.1266,48.4431],[-97.1458,48.4303],[-97.1225,48.4183],[-97.1549,48.4175],[-97.1315,48.4066],[-97.1633,48.392],[-97.1334,48.382],[-97.1563,48.3662],[-97.1259,48.3406],[-97.1417,48.3257],[-97.1156,48.3239],[-97.138,48.3101],[-97.1122,48.2965],[-97.1381,48.2909],[-97.1166,48.2797],[-97.1451,48.2678],[-97.123,48.2617],[-97.1444,48.2332],[-97.1208,48.2258],[-97.1518,48.2189],[-97.1178,48.2098],[-97.139,48.2171],[-97.1475,48.1724],[-97.121,48.1591],[-97.1467,48.1432],[-97.1223,48.1386],[-97.1045,48.0724],[-97.0723,48.0481],[-97.0546,47.9463],[-97.0178,47.9198],[-97.0232,47.874],[-96.9742,47.823],[-96.991,47.8077],[-96.9352,47.7675],[-96.9186,47.7239],[-96.9309,47.7154],[-96.8851,47.6738],[-96.8886,47.6385],[-96.8511,47.5979],[-96.8517,47.5685],[-96.8684,47.5658],[-96.8475,47.5662],[-96.8618,47.5595],[-96.8454,47.5396],[-96.871,47.5279],[-96.8423,47.5086],[-96.8651,47.4916],[-96.8528,47.4323],[-96.8717,47.4194],[-96.8423,47.4119],[-96.8375,47.3893],[-96.8546,47.3738],[-96.8378,47.3708],[-96.8582,47.3676],[-96.8306,47.3387],[-96.846,47.3284],[-96.8288,47.3281],[-96.847,47.3158],[-96.8307,47.3054],[-96.8473,47.2628],[-96.8289,47.2343],[-96.8456,47.2211],[-96.8272,47.2017],[-96.8447,47.1929],[-96.8216,47.1843],[-96.8227,47.1562],[-96.8411,47.1514],[-96.82,47.1309],[-96.8376,47.122],[-96.8168,47.1091],[-96.8304,47.0608],[-96.8127,47.0383],[-96.8396,47.0067],[-96.8214,47.0037],[-96.8219,46.9694],[-96.795,46.9654],[-96.7918,46.9285],[-96.7533,46.9246],[-96.7814,46.8794],[-96.7754,46.8389],[-96.7939,46.8331],[-96.7803,46.8258],[-96.8026,46.8115],[-96.7967,46.7775],[-96.7757,46.7661],[-96.7895,46.766],[-96.7793,46.7274],[-96.7979,46.6291],[-96.7784,46.6271],[-96.7419,46.5642],[-96.7544,46.5567],[-96.7381,46.4778],[-96.7142,46.471],[-96.7219,46.4401],[-96.6454,46.3509],[-96.5998,46.3304],[-96.6004,46.2619],[-96.5839,46.2502],[-96.5987,46.2416],[-96.5927,46.1752],[-96.5799,46.1772],[-96.5545,46.084],[-96.5779,46.0269],[-96.5613,45.9457],[-96.5831,45.82],[-96.6626,45.7387],[-96.8358,45.6497],[-96.8578,45.606],[-96.7653,45.5214],[-96.6925,45.4173],[-96.5218,45.3757],[-96.4891,45.3571],[-96.4531,45.2981],[-96.4533,43.5004]]]]},"properties":{"iso3":"USA","shapeId":"66186276B10610315112087","regionId":"USA.24_1","name":"Minnesota"}},{"type":"Feature","geometry":{"type":"MultiPolygon","coordinates":[[[[-72.7614,41.2423],[-72.7603,41.2412],[-72.7571,41.2443],[-72.7411,41.2527],[-72.7403,41.2565],[-72.7547,41.2559],[-72.7589,41.2539],[-72.7614,41.2423]]],[[[-72.7643,41.2592],[-72.7631,41.258],[-72.7612,41.259],[-72.7623,41.2604],[-72.7643,41.2592]]],[[[-73.2172,41.1439],[-73.2167,41.142],[-73.215,41.1445],[-73.2172,41.1439]]],[[[-73.3642,41.089],[-73.3698,41.0888],[-73.3601,41.082],[-73.3551,41.0835],[-73.3538,41.0875],[-73.3603,41.0857],[-73.3642,41.089]]],[[[-73.3942,41.0674],[-73.3952,41.0644],[-73.3862,41.0584],[-73.39,41.0643],[-73.3813,41.0707],[-73.3819,41.0722],[-73.3882,41.0733],[-73.3923,41.0708],[-73.3942,41.0674]]],[[[-73.4169,41.0539],[-73.4222,41.0476],[-73.4095,41.053],[-73.4061,41.0524],[-73.4015,41.0537],[-73.3998,41.0624],[-73.4048,41.0621],[-73.4169,41.0539]]],[[[-73.6134,40.9889],[-73.6125,40.9875],[-73.6076,40.9904],[-73.6097,40.9908],[-73.6134,40.9889]]],[[[-73.6306,40.9807],[-73.6219,40.9825],[-73.6227,40.9846],[-73.6266,40.9831],[-73.6295,40.9837],[-73.6306,40.9807]]],[[[-73.6458,40.996],[-73.6408,40.9892],[-73.6391,40.9896],[-73.6395,40.9913],[-73.6375,40.9922],[-73.6384,40.9941],[-73.6443,40.9983],[-73.6458,40.996]]],[[[-73.4873,42.0496],[-73.551,41.2954],[-73.4827,41.2128],[-73.7278,41.1007],[-73.6553,41.0123],[-73.6573,40.9852],[-73.604,41.0151],[-73.5701,41.0016],[-73.5353,41.0319],[-73.5289,41.0164],[-73.523,41.0373],[-73.4333,41.0558],[-73.3683,41.1072],[-73.2868,41.1279],[-73.2624,41.1182],[-73.1778,41.1667],[-73.103,41.1514],[-73.108,41.1688],[-73.082,41.193],[-73.0146,41.2047],[-72.9313,41.2623],[-72.9377,41.282],[-72.9131,41.2967],[-72.8938,41.2599],[-72.9041,41.2476],[-72.8814,41.2426],[-72.7575,41.2669],[-72.7064,41.2599],[-72.7106,41.2445],[-72.6657,41.2701],[-72.5833,41.2717],[-72.5439,41.2487],[-72.4519,41.2789],[-72.3676,41.2635],[-72.3426,41.2689],[-72.3505,41.3118],[-72.3178,41.2778],[-72.2412,41.3002],[-72.2051,41.2852],[-72.1841,41.324],[-72.1644,41.3037],[-72.1118,41.2991],[-72.0741,41.319],[-72.0051,41.3067],[-71.9457,41.3378],[-71.8605,41.3203],[-71.8294,41.3424],[-71.8426,41.4099],[-71.7977,41.4167],[-71.8007,42.0236],[-72.7558,42.0362],[-72.7667,42.003],[-72.8167,41.9976],[-72.8135,42.0365],[-73.4873,42.0496]]]]},"properties":{"iso3":"USA","shapeId":"66186276B83663796884405","regionId":"USA.7_1","name":"Connecticut"}}]}